BARUSDT||False||||||4
BARUSDT||True||||||1
BARUSDT|00100|False|0 - -0,25|0 - -0,25|0,0 - 0,25|0,0 - 0,25|0,0 - 0,25|6
BARUSDT|00010|False|0 - -0,25|0 - -0,25|0 - -0,25|0,0 - 0,25|0,0 - 0,25|5
BARUSDT|00001|False|0 - -0,25|0 - -0,25|0 - -0,25|0 - -0,25|0,0 - 0,25|15
BARUSDT|00000|False|0,0 - 0,25|0 - -0,25|0 - -0,25|0 - -0,25|0 - -0,25|19
BARUSDT|00000|False|0 - -0,25|0,0 - 0,25|0 - -0,25|0 - -0,25|0 - -0,25|23
BARUSDT|00000|False|0 - -0,25|0 - -0,25|0,0 - 0,25|0 - -0,25|0 - -0,25|20
BARUSDT|00000|False|0,0 - 0,25|0 - -0,25|0 - -0,25|0,0 - 0,25|0 - -0,25|9
BARUSDT|00000|True|0 - -0,25|0,0 - 0,25|0 - -0,25|0 - -0,25|0,0 - 0,25|3
BARUSDT|10000|False|0,0 - 0,25|0 - -0,25|0,0 - 0,25|0 - -0,25|0 - -0,25|7
BARUSDT|01000|False|0 - -0,25|0,0 - 0,25|0 - -0,25|0,0 - 0,25|0 - -0,25|8
BARUSDT|00100|False|0 - -0,25|0 - -0,25|0,0 - 0,25|0 - -0,25|0,0 - 0,25|9
BARUSDT|00010|False|0 - -0,25|0 - -0,25|0 - -0,25|0,0 - 0,25|0 - -0,25|18
BARUSDT|00001|True|0,0 - 0,25|0 - -0,25|0 - -0,25|0 - -0,25|0,0 - 0,25|2
BARUSDT|10000|True|0,0 - 0,25|0,0 - 0,25|0 - -0,25|0 - -0,25|0 - -0,25|2
BARUSDT|11000|False|0,0 - 0,25|0,0 - 0,25|0,0 - 0,25|0 - -0,25|0 - -0,25|3
BARUSDT|01100|False|0 - -0,25|0,0 - 0,25|0,0 - 0,25|0,0 - 0,25|0 - -0,25|4
BARUSDT|00110|False|0 - -0,25|0 - -0,25|0,0 - 0,25|0,0 - 0,25|0,0 - 0,25|4
BARUSDT|00011|False|0 - -0,25|0 - -0,25|0 - -0,25|0,0 - 0,25|0,0 - 0,25|8
BARUSDT|00001|True|0 - -0,25|0 - -0,25|0 - -0,25|0 - -0,25|0,0 - 0,25|7
BARUSDT|10000|False|0,0 - 0,25|0 - -0,25|0 - -0,25|0 - -0,25|0 - -0,25|12
BARUSDT|01000|True|0,0 - 0,25|0,0 - 0,25|0 - -0,25|0 - -0,25|0 - -0,25|4
BARUSDT|10100|False|0,0 - 0,25|0,0 - 0,25|0,0 - 0,25|0 - -0,25|0 - -0,25|3
BARUSDT|01010|True|0,0 - 0,25|0,0 - 0,25|0,0 - 0,25|0,0 - 0,25|0 - -0,25|1
BARUSDT|10101|False|0,0 - 0,25|0,0 - 0,25|0,0 - 0,25|0,0 - 0,25|0,0 - 0,25|1
BARUSDT|01010|False|0,0 - 0,25|0,0 - 0,25|0,0 - 0,25|0,0 - 0,25|0,0 - 0,25|1
BARUSDT|00101|False|0,0 - 0,25|0,0 - 0,25|0,0 - 0,25|0,0 - 0,25|0,0 - 0,25|1
BARUSDT|00010|False|0,0 - 0,25|0,0 - 0,25|0,0 - 0,25|0,0 - 0,25|0,0 - 0,25|2
BARUSDT|00001|False|0,0 - 0,25|0,0 - 0,25|0,0 - 0,25|0,0 - 0,25|0,0 - 0,25|4
BARUSDT|00000|True|0,0 - 0,25|0,0 - 0,25|0,0 - 0,25|0,0 - 0,25|0,0 - 0,25|2
BARUSDT|10000|False|0,0 - 0,25|0,0 - 0,25|0,0 - 0,25|0,0 - 0,25|0,0 - 0,25|1
BARUSDT|01000|True|0 - -0,25|0,0 - 0,25|0,0 - 0,25|0,0 - 0,25|0,0 - 0,25|2
BARUSDT|10100|False|0,0 - 0,25|0 - -0,25|0,0 - 0,25|0,0 - 0,25|0,0 - 0,25|2
BARUSDT|01010|False|0 - -0,25|0,0 - 0,25|0 - -0,25|0,0 - 0,25|0,0 - 0,25|2
BARUSDT|00101|False|0 - -0,25|0 - -0,25|0,0 - 0,25|0 - -0,25|0,0 - 0,25|4
BARUSDT|00000|False|0 - -0,25|0 - -0,25|0 - -0,25|0 - -0,25|0 - -0,25|53
BARUSDT|00000|True|0 - -0,25|0 - -0,25|0 - -0,25|0 - -0,25|0 - -0,25|10
BARUSDT|10100|True|0,0 - 0,25|0,0 - 0,25|0,0 - 0,25|0 - -0,25|0 - -0,25|3
BARUSDT|11010|False|0,0 - 0,25|0,0 - 0,25|0,0 - 0,25|0,0 - 0,25|0 - -0,25|3
BARUSDT|01101|True|0,0 - 0,25|0,0 - 0,25|0,0 - 0,25|0,0 - 0,25|0,0 - 0,25|1
BARUSDT|10110|False|0,0 - 0,25|0,0 - 0,25|0,0 - 0,25|0,0 - 0,25|0,0 - 0,25|1
BARUSDT|01011|False|0 - -0,25|0,0 - 0,25|0,0 - 0,25|0,0 - 0,25|0,0 - 0,25|4
BARUSDT|00101|True|0,0 - 0,25|0 - -0,25|0,0 - 0,25|0,0 - 0,25|0,0 - 0,25|1
BARUSDT|10010|False|0,0 - 0,25|0,0 - 0,25|0 - -0,25|0,0 - 0,25|0,0 - 0,25|1
BARUSDT|01001|True|0 - -0,25|0,0 - 0,25|0,0 - 0,25|0 - -0,25|0,0 - 0,25|1
BARUSDT|10100|True|0,0 - 0,25|0 - -0,25|0,0 - 0,25|0,0 - 0,25|0 - -0,25|1
BARUSDT|11010|False|0,0 - 0,25|0,0 - 0,25|0 - -0,25|0,0 - 0,25|0,0 - 0,25|3
BARUSDT|01101|False|0 - -0,25|0,0 - 0,25|0,0 - 0,25|0 - -0,25|0,0 - 0,25|1
BARUSDT|00110|True|0 - -0,25|0 - -0,25|0,0 - 0,25|0,0 - 0,25|0 - -0,25|3
BARUSDT|10011|False|0,0 - 0,25|0 - -0,25|0 - -0,25|0,0 - 0,25|0,0 - 0,25|3
BARUSDT|01001|False|0 - -0,25|0,0 - 0,25|0 - -0,25|0 - -0,25|0,0 - 0,25|7
BARUSDT|00100|False|0,0 - 0,25|0 - -0,25|0,0 - 0,25|0 - -0,25|0 - -0,25|7
BARUSDT|00010|False|0 - -0,25|0,0 - 0,25|0 - -0,25|0,0 - 0,25|0 - -0,25|8
BARUSDT|00001|True|0 - -0,25|0 - -0,25|0,0 - 0,25|0 - -0,25|0,0 - 0,25|2
BARUSDT|10000|False|0,0 - 0,25|0 - -0,25|0 - -0,25|0,0 - 0,25|0 - -0,25|6
BARUSDT|01000|False|0 - -0,25|0,0 - 0,25|0 - -0,25|0 - -0,25|0,0 - 0,25|7
BARUSDT|00100|True|0 - -0,25|0 - -0,25|0,0 - 0,25|0 - -0,25|0 - -0,25|7
BARUSDT|10010|True|0,0 - 0,25|0 - -0,25|0 - -0,25|0,0 - 0,25|0 - -0,25|2
BARUSDT|11001|False|0,0 - 0,25|0,0 - 0,25|0 - -0,25|0 - -0,25|0,0 - 0,25|5
BARUSDT|01100|False|0 - -0,25|0,0 - 0,25|0,0 - 0,25|0 - -0,25|0 - -0,25|5
BARUSDT|00110|False|0 - -0,25|0 - -0,25|0,0 - 0,25|0,0 - 0,25|0 - -0,25|3
BARUSDT|00011|False|0,0 - 0,25|0 - -0,25|0 - -0,25|0,0 - 0,25|0,0 - 0,25|1
BARUSDT|00001|False|0 - -0,25|0,0 - 0,25|0 - -0,25|0 - -0,25|0,0 - 0,25|3
BARUSDT|00000|False|0 - -0,25|0,0 - 0,25|0 - -0,25|0 - -0,25|0,0 - 0,25|7
BARUSDT|00000|False|0 - -0,25|0 - -0,25|0 - -0,25|0,0 - 0,25|0 - -0,25|16
BARUSDT|00000|False|0 - -0,25|0 - -0,25|0 - -0,25|0 - -0,25|0,0 - 0,25|13
BARUSDT|10000|True|0,0 - 0,25|0 - -0,25|0 - -0,25|0 - -0,25|0 - -0,25|6
BARUSDT|11000|False|0,0 - 0,25|0,0 - 0,25|0 - -0,25|0 - -0,25|0 - -0,25|6
BARUSDT|01100|False|0,0 - 0,25|0,0 - 0,25|0,0 - 0,25|0 - -0,25|0 - -0,25|2
BARUSDT|00110|False|0 - -0,25|0,0 - 0,25|0,0 - 0,25|0,0 - 0,25|0 - -0,25|3
BARUSDT|00011|True|0,0 - 0,25|0 - -0,25|0,0 - 0,25|0,0 - 0,25|0,0 - 0,25|1
BARUSDT|10001|True|0,0 - 0,25|0,0 - 0,25|0 - -0,25|0,0 - 0,25|0,0 - 0,25|1
BARUSDT|11000|False|0,0 - 0,25|0,0 - 0,25|0,0 - 0,25|0 - -0,25|0,0 - 0,25|2
BARUSDT|01100|False|0,0 - 0,25|0,0 - 0,25|0,0 - 0,25|0,0 - 0,25|0 - -0,25|2
BARUSDT|00110|False|0,0 - 0,25|0,0 - 0,25|0,0 - 0,25|0,0 - 0,25|0,0 - 0,25|1
BARUSDT|00011|False|0 - -0,25|0,0 - 0,25|0,0 - 0,25|0,0 - 0,25|0,0 - 0,25|1
BARUSDT|00001|False|0 - -0,25|0 - -0,25|0,0 - 0,25|0,0 - 0,25|0,0 - 0,25|3
BARUSDT|00000|False|0 - -0,25|0 - -0,25|0 - -0,25|0,0 - 0,25|0,0 - 0,25|3
BARUSDT|00000|True|0 - -0,25|0 - -0,25|0 - -0,25|0 - -0,25|0,0 - 0,25|4
BARUSDT|01000|False|0 - -0,25|0,0 - 0,25|0 - -0,25|0 - -0,25|0 - -0,25|13
BARUSDT|00100|False|0 - -0,25|0 - -0,25|0,0 - 0,25|0 - -0,25|0 - -0,25|13
BARUSDT|00010|True|0 - -0,25|0 - -0,25|0 - -0,25|0,0 - 0,25|0 - -0,25|5
BARUSDT|10001|False|0,0 - 0,25|0 - -0,25|0 - -0,25|0 - -0,25|0,0 - 0,25|5
BARUSDT|00001|False|0 - -0,25|0 - -0,25|0,0 - 0,25|0 - -0,25|0,0 - 0,25|6
BARUSDT|00000|False|0,0 - 0,25|0 - -0,25|0 - -0,25|0 - -0,25|0,0 - 0,25|7
BARUSDT|00000|False|0,0 - 0,25|0,0 - 0,25|0 - -0,25|0 - -0,25|0,0 - 0,25|2
BARUSDT|00000|True|0 - -0,25|0,0 - 0,25|0,0 - 0,25|0 - -0,25|0 - -0,25|4
BARUSDT|10000|False|0,0 - 0,25|0 - -0,25|0,0 - 0,25|0,0 - 0,25|0 - -0,25|5
BARUSDT|01000|False|0,0 - 0,25|0,0 - 0,25|0 - -0,25|0,0 - 0,25|0,0 - 0,25|3
BARUSDT|00100|False|0,25 - 0,5|0,0 - 0,25|0,0 - 0,25|0 - -0,25|0,0 - 0,25|1
BARUSDT|00010|True|0 - -0,25|0,25 - 0,5|0,0 - 0,25|0,0 - 0,25|0 - -0,25|1
BARUSDT|10001|False|0,0 - 0,25|0 - -0,25|0,25 - 0,5|0,0 - 0,25|0,0 - 0,25|1
BARUSDT|01000|False|0 - -0,25|0,0 - 0,25|0 - -0,25|0,25 - 0,5|0,0 - 0,25|1
BARUSDT|00100|False|0 - -0,25|0 - -0,25|0,0 - 0,25|0 - -0,25|0,25 - 0,5|2
BARUSDT|00010|True|0 - -0,25|0,0 - 0,25|0 - -0,25|0,0 - 0,25|0 - -0,25|1
BARUSDT|10001|False|0,0 - 0,25|0 - -0,25|0,0 - 0,25|0 - -0,25|0,0 - 0,25|1
BARUSDT|00001|False|0,0 - 0,25|0 - -0,25|0 - -0,25|0 - -0,25|0,0 - 0,25|9
BARUSDT|00000|True|0,0 - 0,25|0,0 - 0,25|0 - -0,25|0 - -0,25|0 - -0,25|2
BARUSDT|10000|True|0,0 - 0,25|0,0 - 0,25|0,0 - 0,25|0 - -0,25|0 - -0,25|1
BARUSDT|11000|False|0,0 - 0,25|0,0 - 0,25|0,0 - 0,25|0,0 - 0,25|0 - -0,25|2
BARUSDT|01100|False|0,0 - 0,25|0,0 - 0,25|0,0 - 0,25|0,0 - 0,25|0,0 - 0,25|2
BARUSDT|00110|False|0 - -0,25|0,0 - 0,25|0,0 - 0,25|0,0 - 0,25|0,0 - 0,25|4
BARUSDT|00011|False|0 - -0,25|0 - -0,25|0,0 - 0,25|0,0 - 0,25|0,0 - 0,25|6
BARUSDT|00001|False|0 - -0,25|0 - -0,25|0 - -0,25|0,0 - 0,25|0,0 - 0,25|6
BARUSDT|00000|False|0,0 - 0,25|0,0 - 0,25|0 - -0,25|0 - -0,25|0 - -0,25|4
BARUSDT|00000|False|0 - -0,25|0,0 - 0,25|0,0 - 0,25|0 - -0,25|0 - -0,25|3
BARUSDT|00000|False|0 - -0,25|0 - -0,25|0,0 - 0,25|0,0 - 0,25|0 - -0,25|3
BARUSDT|11000|True|0,0 - 0,25|0,0 - 0,25|0 - -0,25|0 - -0,25|0 - -0,25|3
BARUSDT|11100|False|0,0 - 0,25|0,0 - 0,25|0,0 - 0,25|0 - -0,25|0 - -0,25|3
BARUSDT|01110|False|0 - -0,25|0,0 - 0,25|0,0 - 0,25|0,0 - 0,25|0 - -0,25|1
BARUSDT|00111|False|0 - -0,25|0 - -0,25|0,0 - 0,25|0,0 - 0,25|0,0 - 0,25|2
BARUSDT|01000|True|0 - -0,25|0,0 - 0,25|0 - -0,25|0 - -0,25|0 - -0,25|2
BARUSDT|10100|False|0,0 - 0,25|0 - -0,25|0,0 - 0,25|0 - -0,25|0 - -0,25|2
BARUSDT|01010|False|0 - -0,25|0,0 - 0,25|0 - -0,25|0,0 - 0,25|0 - -0,25|4
BARUSDT|00010|False|0,0 - 0,25|0 - -0,25|0 - -0,25|0,0 - 0,25|0 - -0,25|4
BARUSDT|00001|False|0,0 - 0,25|0,0 - 0,25|0 - -0,25|0 - -0,25|0,0 - 0,25|2
BARUSDT|00000|False|0,0 - 0,25|0 - -0,25|0 - -0,25|0,0 - 0,25|0,0 - 0,25|3
BARUSDT|00000|True|0 - -0,25|0 - -0,25|0 - -0,25|0,0 - 0,25|0 - -0,25|8
BARUSDT|10000|False|0,0 - 0,25|0 - -0,25|0 - -0,25|0 - -0,25|0,0 - 0,25|8
BARUSDT|01101|False|0,0 - 0,25|0,0 - 0,25|0,0 - 0,25|0,0 - 0,25|0,0 - 0,25|1
BARUSDT|10000|True|0,25 - 0,5|0 - -0,25|0 - -0,25|0 - -0,25|0 - -0,25|1
BARUSDT|11000|True|0,0 - 0,25|0,25 - 0,5|0 - -0,25|0 - -0,25|0 - -0,25|2
BARUSDT|11100|False|0,0 - 0,25|0,0 - 0,25|0,25 - 0,5|0 - -0,25|0 - -0,25|2
BARUSDT|01110|True|0,0 - 0,25|0,0 - 0,25|0,0 - 0,25|0,25 - 0,5|0 - -0,25|1
BARUSDT|10111|False|0,0 - 0,25|0,0 - 0,25|0,0 - 0,25|0,0 - 0,25|0,25 - 0,5|1
BARUSDT|00101|False|0 - -0,25|0 - -0,25|0,0 - 0,25|0,0 - 0,25|0,0 - 0,25|4
BARUSDT|00010|True|0 - -0,25|0 - -0,25|0 - -0,25|0,0 - 0,25|0,0 - 0,25|3
BARUSDT|10001|True|0,0 - 0,25|0 - -0,25|0 - -0,25|0 - -0,25|0,0 - 0,25|2
BARUSDT|11100|True|0,0 - 0,25|0,0 - 0,25|0,0 - 0,25|0 - -0,25|0 - -0,25|2
BARUSDT|11110|True|0,0 - 0,25|0,0 - 0,25|0,0 - 0,25|0,0 - 0,25|0 - -0,25|2
BARUSDT|11111|False|0,0 - 0,25|0,0 - 0,25|0,0 - 0,25|0,0 - 0,25|0,0 - 0,25|1
BARUSDT|01111|True|0,0 - 0,25|0,0 - 0,25|0,0 - 0,25|0,0 - 0,25|0,0 - 0,25|2
BARUSDT|10111|True|0,5 - 1|0,0 - 0,25|0,0 - 0,25|0,0 - 0,25|0,0 - 0,25|1
BARUSDT|11011|True|0,0 - 0,25|0,5 - 1|0,0 - 0,25|0,0 - 0,25|0,0 - 0,25|1
BARUSDT|11101|False|0,0 - 0,25|0,0 - 0,25|0,5 - 1|0,0 - 0,25|0,0 - 0,25|1
BARUSDT|01110|False|0,0 - 0,25|0,0 - 0,25|0,0 - 0,25|0,5 - 1|0,0 - 0,25|1
BARUSDT|00111|False|0,0 - 0,25|0,0 - 0,25|0,0 - 0,25|0,0 - 0,25|0,5 - 1|1
BARUSDT|00011|False|0,0 - 0,25|0,0 - 0,25|0,0 - 0,25|0,0 - 0,25|0,0 - 0,25|2
BARUSDT|00000|False|0 - -0,25|0,0 - 0,25|0,0 - 0,25|0,0 - 0,25|0,0 - 0,25|3
BARUSDT|00000|False|0 - -0,25|0 - -0,25|0,0 - 0,25|0,0 - 0,25|0,0 - 0,25|1
BARUSDT|00000|False|0,0 - 0,25|0 - -0,25|0,0 - 0,25|0 - -0,25|0 - -0,25|8
BARUSDT|00000|False|0 - -0,25|0,0 - 0,25|0 - -0,25|0,0 - 0,25|0 - -0,25|12
BARUSDT|00000|True|0 - -0,25|0 - -0,25|0,0 - 0,25|0 - -0,25|0,0 - 0,25|1
BARUSDT|01000|True|0,0 - 0,25|0,0 - 0,25|0 - -0,25|0 - -0,25|0,0 - 0,25|1
BARUSDT|01101|False|0 - -0,25|0,0 - 0,25|0,0 - 0,25|0,0 - 0,25|0,0 - 0,25|1
BARUSDT|01100|True|0,0 - 0,25|0,0 - 0,25|0,0 - 0,25|0 - -0,25|0 - -0,25|2
BARUSDT|10110|True|0,0 - 0,25|0,0 - 0,25|0,0 - 0,25|0,0 - 0,25|0 - -0,25|1
BARUSDT|11011|True|0,0 - 0,25|0,0 - 0,25|0,0 - 0,25|0,0 - 0,25|0,0 - 0,25|1
BARUSDT|11101|False|0,0 - 0,25|0,0 - 0,25|0,0 - 0,25|0,0 - 0,25|0,0 - 0,25|1
BARUSDT|01110|False|0,0 - 0,25|0,0 - 0,25|0,0 - 0,25|0,0 - 0,25|0,0 - 0,25|2
BARUSDT|00111|False|0 - -0,25|0,0 - 0,25|0,0 - 0,25|0,0 - 0,25|0,0 - 0,25|3
BARUSDT|00001|True|0,0 - 0,25|0 - -0,25|0 - -0,25|0,0 - 0,25|0,0 - 0,25|3
BARUSDT|10000|False|0,0 - 0,25|0,0 - 0,25|0 - -0,25|0 - -0,25|0,0 - 0,25|5
BARUSDT|01000|True|0 - -0,25|0,0 - 0,25|0,0 - 0,25|0 - -0,25|0 - -0,25|2
BARUSDT|10100|False|0,0 - 0,25|0 - -0,25|0,0 - 0,25|0,0 - 0,25|0 - -0,25|2
BARUSDT|00101|False|0,0 - 0,25|0 - -0,25|0,0 - 0,25|0 - -0,25|0,0 - 0,25|2
BARUSDT|00001|False|0,0 - 0,25|0 - -0,25|0,0 - 0,25|0 - -0,25|0,0 - 0,25|3
BARUSDT|00000|False|0 - -0,25|0 - -0,25|0,0 - 0,25|0 - -0,25|0,0 - 0,25|8
BARUSDT|00000|True|0,25 - 0,5|0 - -0,25|0 - -0,25|0 - -0,25|0,0 - 0,25|1
BARUSDT|10000|False|0,0 - 0,25|0,25 - 0,5|0 - -0,25|0 - -0,25|0 - -0,25|1
BARUSDT|01000|False|0,0 - 0,25|0,0 - 0,25|0,25 - 0,5|0 - -0,25|0 - -0,25|1
BARUSDT|00100|False|0 - -0,25|0,0 - 0,25|0,0 - 0,25|0,25 - 0,5|0 - -0,25|1
BARUSDT|00010|True|0 - -0,25|0 - -0,25|0,0 - 0,25|0,0 - 0,25|0,25 - 0,5|1
BARUSDT|10001|False|0,0 - 0,25|0 - -0,25|0 - -0,25|0,0 - 0,25|0,0 - 0,25|2
BARUSDT|10000|True|0,0 - 0,25|0 - -0,25|0 - -0,25|0 - -0,25|0,0 - 0,25|2
BARUSDT|01100|True|0 - -0,25|0,0 - 0,25|0,0 - 0,25|0 - -0,25|0 - -0,25|4
BARUSDT|10110|False|0,0 - 0,25|0 - -0,25|0,0 - 0,25|0,0 - 0,25|0 - -0,25|2
BARUSDT|01011|False|0,0 - 0,25|0,0 - 0,25|0 - -0,25|0,0 - 0,25|0,0 - 0,25|3
BARUSDT|00101|False|0 - -0,25|0,0 - 0,25|0,0 - 0,25|0 - -0,25|0,0 - 0,25|1
BARUSDT|00010|False|0,0 - 0,25|0 - -0,25|0,0 - 0,25|0,0 - 0,25|0 - -0,25|2
BARUSDT|00001|False|0 - -0,25|0,0 - 0,25|0 - -0,25|0,0 - 0,25|0,0 - 0,25|5
BARUSDT|00000|False|0,0 - 0,25|0 - -0,25|0,0 - 0,25|0 - -0,25|0,0 - 0,25|7
BARUSDT|00000|True|0,0 - 0,25|0,0 - 0,25|0 - -0,25|0,0 - 0,25|0 - -0,25|3
BARUSDT|10000|False|0,0 - 0,25|0,0 - 0,25|0,0 - 0,25|0 - -0,25|0,0 - 0,25|4
BARUSDT|01000|False|0,0 - 0,25|0,0 - 0,25|0,0 - 0,25|0,0 - 0,25|0 - -0,25|4
BARUSDT|00100|False|0,0 - 0,25|0,0 - 0,25|0,0 - 0,25|0,0 - 0,25|0,0 - 0,25|3
BARUSDT|00010|False|0 - -0,25|0,0 - 0,25|0,0 - 0,25|0,0 - 0,25|0,0 - 0,25|3
BARUSDT|00001|True|0,0 - 0,25|0 - -0,25|0,0 - 0,25|0,0 - 0,25|0,0 - 0,25|1
BARUSDT|10000|False|0,0 - 0,25|0,0 - 0,25|0 - -0,25|0,0 - 0,25|0,0 - 0,25|5
BARUSDT|01000|False|0 - -0,25|0,0 - 0,25|0,0 - 0,25|0 - -0,25|0,0 - 0,25|4
BARUSDT|00100|False|0,0 - 0,25|0 - -0,25|0,0 - 0,25|0,0 - 0,25|0 - -0,25|4
BARUSDT|00010|False|0 - -0,25|0,0 - 0,25|0 - -0,25|0,0 - 0,25|0,0 - 0,25|5
BARUSDT|00000|True|0,0 - 0,25|0 - -0,25|0 - -0,25|0,0 - 0,25|0 - -0,25|3
BARUSDT|01010|True|0 - -0,25|0,0 - 0,25|0 - -0,25|0,0 - 0,25|0,0 - 0,25|1
BARUSDT|10101|False|0,25 - 0,5|0 - -0,25|0,0 - 0,25|0 - -0,25|0,0 - 0,25|1
BARUSDT|01010|True|0 - -0,25|0,25 - 0,5|0 - -0,25|0,0 - 0,25|0 - -0,25|1
BARUSDT|10101|False|0,0 - 0,25|0 - -0,25|0,25 - 0,5|0 - -0,25|0,0 - 0,25|1
BARUSDT|01010|False|0,25 - 0,5|0,0 - 0,25|0 - -0,25|0,25 - 0,5|0 - -0,25|1
BARUSDT|00101|True|0,25 - 0,5|0,25 - 0,5|0,0 - 0,25|0 - -0,25|0,25 - 0,5|1
BARUSDT|10010|False|0,0 - 0,25|0,25 - 0,5|0,25 - 0,5|0,0 - 0,25|0 - -0,25|1
BARUSDT|01001|False|0 - -0,25|0,0 - 0,25|0,25 - 0,5|0,25 - 0,5|0,0 - 0,25|1
BARUSDT|00100|False|0 - -0,25|0 - -0,25|0,0 - 0,25|0,25 - 0,5|0,25 - 0,5|1
BARUSDT|00010|False|0 - -0,25|0 - -0,25|0 - -0,25|0,0 - 0,25|0,25 - 0,5|1
BARUSDT|01000|False|0,0 - 0,25|0,0 - 0,25|0 - -0,25|0 - -0,25|0 - -0,25|7
BARUSDT|00100|False|0,0 - 0,25|0,0 - 0,25|0,0 - 0,25|0 - -0,25|0 - -0,25|3
BARUSDT|00010|False|0 - -0,25|0,0 - 0,25|0,0 - 0,25|0,0 - 0,25|0 - -0,25|4
BARUSDT|00001|False|0,25 - 0,5|0 - -0,25|0,0 - 0,25|0,0 - 0,25|0,0 - 0,25|1
BARUSDT|00000|False|0,0 - 0,25|0,25 - 0,5|0 - -0,25|0,0 - 0,25|0,0 - 0,25|1
BARUSDT|00000|True|0 - -0,25|0,0 - 0,25|0,25 - 0,5|0 - -0,25|0,0 - 0,25|1
BARUSDT|10000|False|0,0 - 0,25|0 - -0,25|0,0 - 0,25|0,25 - 0,5|0 - -0,25|2
BARUSDT|01000|False|0 - -0,25|0,0 - 0,25|0 - -0,25|0,0 - 0,25|0,25 - 0,5|3
BARUSDT|00000|False|0,0 - 0,25|0,0 - 0,25|0,0 - 0,25|0 - -0,25|0 - -0,25|2
BARUSDT|00000|False|0,0 - 0,25|0,0 - 0,25|0,0 - 0,25|0,0 - 0,25|0 - -0,25|2
BARUSDT|00000|True|0 - -0,25|0 - -0,25|0,0 - 0,25|0,0 - 0,25|0,0 - 0,25|1
BARUSDT|10000|False|0,0 - 0,25|0 - -0,25|0 - -0,25|0,0 - 0,25|0,0 - 0,25|3
BARUSDT|00001|True|0,0 - 0,25|0,0 - 0,25|0 - -0,25|0 - -0,25|0,0 - 0,25|2
BARUSDT|10000|False|0,0 - 0,25|0,0 - 0,25|0,0 - 0,25|0 - -0,25|0 - -0,25|4
BARUSDT|01000|False|0 - -0,25|0,0 - 0,25|0,0 - 0,25|0,0 - 0,25|0 - -0,25|3
BARUSDT|00100|False|0 - -0,25|0,0 - 0,25|0,0 - 0,25|0 - -0,25|0,0 - 0,25|2
BARUSDT|00010|False|0 - -0,25|0 - -0,25|0,0 - 0,25|0,0 - 0,25|0 - -0,25|5
BARUSDT|00001|True|0 - -0,25|0 - -0,25|0 - -0,25|0,0 - 0,25|0,0 - 0,25|3
BARUSDT|00100|False|0 - -0,25|0,0 - 0,25|0,0 - 0,25|0 - -0,25|0 - -0,25|6
BARUSDT|10000|True|0,0 - 0,25|0,0 - 0,25|0,0 - 0,25|0 - -0,25|0,0 - 0,25|1
BARUSDT|01100|False|0 - -0,25|0,0 - 0,25|0,0 - 0,25|0,0 - 0,25|0,0 - 0,25|2
BARUSDT|00000|True|0,0 - 0,25|0 - -0,25|0 - -0,25|0 - -0,25|0 - -0,25|2
BARUSDT|10000|False|0,0 - 0,25|0,0 - 0,25|0 - -0,25|0 - -0,25|0 - -0,25|3
BARUSDT|01000|False|0,25 - 0,5|0,0 - 0,25|0,0 - 0,25|0 - -0,25|0 - -0,25|1
BARUSDT|00100|False|0,0 - 0,25|0,25 - 0,5|0,0 - 0,25|0,0 - 0,25|0 - -0,25|1
BARUSDT|00010|False|0,25 - 0,5|0,0 - 0,25|0,25 - 0,5|0,0 - 0,25|0,0 - 0,25|1
BARUSDT|00001|False|0,0 - 0,25|0,25 - 0,5|0,0 - 0,25|0,25 - 0,5|0,0 - 0,25|1
BARUSDT|00000|False|0 - -0,25|0,0 - 0,25|0,25 - 0,5|0,0 - 0,25|0,25 - 0,5|1
BARUSDT|00000|False|0,0 - 0,25|0 - -0,25|0,0 - 0,25|0,25 - 0,5|0,0 - 0,25|1
BARUSDT|00000|False|0,0 - 0,25|0,0 - 0,25|0 - -0,25|0,0 - 0,25|0,25 - 0,5|2
BARUSDT|00000|True|0,0 - 0,25|0,0 - 0,25|0,0 - 0,25|0 - -0,25|0,0 - 0,25|2
BARUSDT|10000|False|0,0 - 0,25|0,0 - 0,25|0,0 - 0,25|0,0 - 0,25|0 - -0,25|2
BARUSDT|01000|False|0 - -0,25|0,0 - 0,25|0,0 - 0,25|0,0 - 0,25|0,0 - 0,25|4
BARUSDT|00100|False|0,0 - 0,25|0 - -0,25|0,0 - 0,25|0,0 - 0,25|0,0 - 0,25|1
BARUSDT|00010|False|0,25 - 0,5|0 - -0,25|0 - -0,25|0,0 - 0,25|0 - -0,25|1
BARUSDT|00001|False|0,0 - 0,25|0,25 - 0,5|0 - -0,25|0 - -0,25|0,0 - 0,25|1
BARUSDT|00000|False|0 - -0,25|0,0 - 0,25|0,25 - 0,5|0 - -0,25|0 - -0,25|1
BARUSDT|00000|False|0,0 - 0,25|0 - -0,25|0,0 - 0,25|0,25 - 0,5|0 - -0,25|2
BARUSDT|00000|True|0 - -0,25|0,0 - 0,25|0 - -0,25|0,0 - 0,25|0,25 - 0,5|1
BARUSDT|10000|True|0,25 - 0,5|0 - -0,25|0,0 - 0,25|0 - -0,25|0,0 - 0,25|1
BARUSDT|11000|False|0,25 - 0,5|0,25 - 0,5|0 - -0,25|0,0 - 0,25|0 - -0,25|1
BARUSDT|01100|True|0 - -0,25|0,25 - 0,5|0,25 - 0,5|0 - -0,25|0,0 - 0,25|1
BARUSDT|10110|False|0,0 - 0,25|0 - -0,25|0,25 - 0,5|0,25 - 0,5|0 - -0,25|1
BARUSDT|01011|False|0 - -0,25|0,0 - 0,25|0 - -0,25|0,25 - 0,5|0,25 - 0,5|1
BARUSDT|00101|True|0,0 - 0,25|0 - -0,25|0,0 - 0,25|0 - -0,25|0,25 - 0,5|1
BARUSDT|10010|False|0,25 - 0,5|0,0 - 0,25|0 - -0,25|0,0 - 0,25|0 - -0,25|2
BARUSDT|01001|False|0 - -0,25|0,25 - 0,5|0,0 - 0,25|0 - -0,25|0,0 - 0,25|2
BARUSDT|00100|False|0,0 - 0,25|0 - -0,25|0,25 - 0,5|0,0 - 0,25|0 - -0,25|2
BARUSDT|00010|False|0 - -0,25|0,0 - 0,25|0 - -0,25|0,25 - 0,5|0,0 - 0,25|2
BARUSDT|00001|False|0,0 - 0,25|0 - -0,25|0,0 - 0,25|0 - -0,25|0,25 - 0,5|2
BARUSDT|01000|False|0,0 - 0,25|0,0 - 0,25|0,0 - 0,25|0 - -0,25|0 - -0,25|3
BARUSDT|00100|False|0,0 - 0,25|0,0 - 0,25|0,0 - 0,25|0,0 - 0,25|0 - -0,25|3
BARUSDT|00001|False|0,0 - 0,25|0 - -0,25|0,0 - 0,25|0,0 - 0,25|0,0 - 0,25|2
BARUSDT|00000|False|0,0 - 0,25|0,0 - 0,25|0 - -0,25|0,0 - 0,25|0,0 - 0,25|3
BARUSDT|00000|False|0 - -0,25|0,0 - 0,25|0,0 - 0,25|0 - -0,25|0,0 - 0,25|7
BARUSDT|01000|False|0 - -0,25|0,0 - 0,25|0 - -0,25|0,0 - 0,25|0,0 - 0,25|4
BARUSDT|00100|True|0 - -0,25|0 - -0,25|0,0 - 0,25|0 - -0,25|0,0 - 0,25|3
BARUSDT|10010|False|0,0 - 0,25|0 - -0,25|0 - -0,25|0,0 - 0,25|0 - -0,25|6
BARUSDT|00001|True|0,0 - 0,25|0 - -0,25|0,0 - 0,25|0 - -0,25|0,0 - 0,25|2
BARUSDT|10000|False|0,0 - 0,25|0,0 - 0,25|0 - -0,25|0,0 - 0,25|0 - -0,25|1
BARUSDT|10000|True|0,0 - 0,25|0,0 - 0,25|0 - -0,25|0,0 - 0,25|0 - -0,25|1
BARUSDT|11000|True|0,0 - 0,25|0,0 - 0,25|0,0 - 0,25|0 - -0,25|0,0 - 0,25|1
BARUSDT|11100|True|0,0 - 0,25|0,0 - 0,25|0,0 - 0,25|0,0 - 0,25|0 - -0,25|1
BARUSDT|11110|False|0,0 - 0,25|0,0 - 0,25|0,0 - 0,25|0,0 - 0,25|0,0 - 0,25|1
BARUSDT|10111|False|0,0 - 0,25|0,0 - 0,25|0,0 - 0,25|0,0 - 0,25|0,0 - 0,25|1
BARUSDT|00101|True|0 - -0,25|0 - -0,25|0,0 - 0,25|0,0 - 0,25|0,0 - 0,25|1
BARUSDT|10010|True|0,0 - 0,25|0 - -0,25|0 - -0,25|0,0 - 0,25|0,0 - 0,25|1
BARUSDT|10110|False|0,0 - 0,25|0,0 - 0,25|0,0 - 0,25|0,0 - 0,25|0 - -0,25|1
BARUSDT|01011|True|0 - -0,25|0,0 - 0,25|0,0 - 0,25|0,0 - 0,25|0,0 - 0,25|1
BARUSDT|10101|True|0,0 - 0,25|0 - -0,25|0,0 - 0,25|0,0 - 0,25|0,0 - 0,25|1
BARUSDT|01101|False|0,0 - 0,25|0,0 - 0,25|0,0 - 0,25|0 - -0,25|0,0 - 0,25|2
BARUSDT|00110|False|0,0 - 0,25|0,0 - 0,25|0,0 - 0,25|0,0 - 0,25|0 - -0,25|1
BARUSDT|00000|False|0,0 - 0,25|0 - -0,25|0,0 - 0,25|0,0 - 0,25|0,0 - 0,25|2
BARUSDT|00000|True|0,0 - 0,25|0 - -0,25|0,0 - 0,25|0,0 - 0,25|0 - -0,25|3
BARUSDT|00100|False|0 - -0,25|0 - -0,25|0,0 - 0,25|0,0 - 0,25|0 - -0,25|3
BARUSDT|00000|False|0,0 - 0,25|0,0 - 0,25|0 - -0,25|0,0 - 0,25|0 - -0,25|5
BARUSDT|00000|False|0,0 - 0,25|0,0 - 0,25|0,0 - 0,25|0 - -0,25|0,0 - 0,25|1
BARUSDT|10000|True|0,0 - 0,25|0,0 - 0,25|0,0 - 0,25|0,0 - 0,25|0,0 - 0,25|2
BARUSDT|11000|True|0,0 - 0,25|0,0 - 0,25|0,0 - 0,25|0,0 - 0,25|0,0 - 0,25|1
BARUSDT|11100|False|0,0 - 0,25|0,0 - 0,25|0,0 - 0,25|0,0 - 0,25|0,0 - 0,25|1
BARUSDT|01110|False|0 - -0,25|0,0 - 0,25|0,0 - 0,25|0,0 - 0,25|0,0 - 0,25|1
BARUSDT|00000|True|0 - -0,25|0,0 - 0,25|0 - -0,25|0 - -0,25|0 - -0,25|5
BARUSDT|01000|False|0,0 - 0,25|0,0 - 0,25|0 - -0,25|0,0 - 0,25|0 - -0,25|2
BARUSDT|00100|True|0,25 - 0,5|0,0 - 0,25|0,0 - 0,25|0 - -0,25|0,0 - 0,25|1
BARUSDT|10010|False|0,0 - 0,25|0,25 - 0,5|0,0 - 0,25|0,0 - 0,25|0 - -0,25|2
BARUSDT|01001|False|0,0 - 0,25|0,0 - 0,25|0,25 - 0,5|0,0 - 0,25|0,0 - 0,25|1
BARUSDT|00100|False|0 - -0,25|0,0 - 0,25|0,0 - 0,25|0,25 - 0,5|0,0 - 0,25|1
BARUSDT|00010|False|0,0 - 0,25|0 - -0,25|0,0 - 0,25|0,0 - 0,25|0,25 - 0,5|1
BARUSDT|00000|False|0,0 - 0,25|0 - -0,25|0,0 - 0,25|0,0 - 0,25|0 - -0,25|4
BARUSDT|00000|True|0 - -0,25|0,0 - 0,25|0 - -0,25|0,0 - 0,25|0,0 - 0,25|4
BARUSDT|10000|False|0,0 - 0,25|0 - -0,25|0,0 - 0,25|0 - -0,25|0,0 - 0,25|2
BARUSDT|00100|False|0,0 - 0,25|0 - -0,25|0,0 - 0,25|0 - -0,25|0,0 - 0,25|2
BARUSDT|00010|False|0,0 - 0,25|0,0 - 0,25|0 - -0,25|0,0 - 0,25|0 - -0,25|2
BARUSDT|00001|True|0 - -0,25|0,0 - 0,25|0,0 - 0,25|0 - -0,25|0,0 - 0,25|1
BARUSDT|00100|True|0,0 - 0,25|0 - -0,25|0,0 - 0,25|0 - -0,25|0,0 - 0,25|2
BARUSDT|10010|False|0,0 - 0,25|0,0 - 0,25|0 - -0,25|0,0 - 0,25|0 - -0,25|2
BARUSDT|01001|False|0,0 - 0,25|0,0 - 0,25|0,0 - 0,25|0 - -0,25|0,0 - 0,25|1
BARUSDT|00100|True|0,0 - 0,25|0,0 - 0,25|0,0 - 0,25|0,0 - 0,25|0 - -0,25|1
BARUSDT|10010|True|0,0 - 0,25|0,0 - 0,25|0,0 - 0,25|0,0 - 0,25|0,0 - 0,25|1
BARUSDT|11001|False|0,0 - 0,25|0,0 - 0,25|0,0 - 0,25|0,0 - 0,25|0,0 - 0,25|1
BARUSDT|10000|True|0,0 - 0,25|0,0 - 0,25|0 - -0,25|0 - -0,25|0,0 - 0,25|1
BARUSDT|00110|True|0 - -0,25|0 - -0,25|0,0 - 0,25|0,0 - 0,25|0,0 - 0,25|3
BARUSDT|01001|False|0,0 - 0,25|0,0 - 0,25|0 - -0,25|0 - -0,25|0,0 - 0,25|1
BARUSDT|00100|True|0 - -0,25|0,0 - 0,25|0,0 - 0,25|0 - -0,25|0 - -0,25|1
BARUSDT|10010|False|0,0 - 0,25|0 - -0,25|0,0 - 0,25|0,0 - 0,25|0 - -0,25|3
BARUSDT|01001|True|0 - -0,25|0,0 - 0,25|0 - -0,25|0,0 - 0,25|0,0 - 0,25|1
BARUSDT|10100|False|0,0 - 0,25|0 - -0,25|0,0 - 0,25|0 - -0,25|0,0 - 0,25|1
BARUSDT|01010|True|0 - -0,25|0,0 - 0,25|0 - -0,25|0,0 - 0,25|0 - -0,25|1
BARUSDT|10101|False|0,0 - 0,25|0 - -0,25|0,0 - 0,25|0 - -0,25|0,0 - 0,25|1
BARUSDT|01110|True|0,0 - 0,25|0,0 - 0,25|0,0 - 0,25|0,0 - 0,25|0 - -0,25|1
BARUSDT|10111|True|0,25 - 0,5|0,0 - 0,25|0,0 - 0,25|0,0 - 0,25|0,0 - 0,25|1
BARUSDT|11011|True|0,0 - 0,25|0,25 - 0,5|0,0 - 0,25|0,0 - 0,25|0,0 - 0,25|1
BARUSDT|11101|True|0,0 - 0,25|0,0 - 0,25|0,25 - 0,5|0,0 - 0,25|0,0 - 0,25|1
BARUSDT|11110|False|0,0 - 0,25|0,0 - 0,25|0,0 - 0,25|0,25 - 0,5|0,0 - 0,25|1
BARUSDT|01111|False|0,0 - 0,25|0,0 - 0,25|0,0 - 0,25|0,0 - 0,25|0,25 - 0,5|1
BARUSDT|00101|False|0,0 - 0,25|0,0 - 0,25|0,0 - 0,25|0 - -0,25|0,0 - 0,25|2
BARUSDT|00000|False|0,25 - 0,5|0,0 - 0,25|0 - -0,25|0 - -0,25|0,0 - 0,25|1
BARUSDT|00000|False|0 - -0,25|0,25 - 0,5|0,0 - 0,25|0 - -0,25|0 - -0,25|3
BARUSDT|00000|False|0 - -0,25|0 - -0,25|0,25 - 0,5|0,0 - 0,25|0 - -0,25|3
BARUSDT|00000|True|0 - -0,25|0 - -0,25|0 - -0,25|0,25 - 0,5|0,0 - 0,25|1
BARUSDT|10000|False|0,0 - 0,25|0 - -0,25|0 - -0,25|0 - -0,25|0,25 - 0,5|1
BARUSDT|00010|True|0,0 - 0,25|0 - -0,25|0,0 - 0,25|0,0 - 0,25|0 - -0,25|1
BARUSDT|10001|False|0,0 - 0,25|0,0 - 0,25|0 - -0,25|0,0 - 0,25|0,0 - 0,25|1
BARUSDT|01000|False|0,0 - 0,25|0,0 - 0,25|0,0 - 0,25|0 - -0,25|0,0 - 0,25|3
BARUSDT|00100|False|0 - -0,25|0,0 - 0,25|0,0 - 0,25|0,0 - 0,25|0 - -0,25|4
BARUSDT|00010|True|0 - -0,25|0 - -0,25|0,0 - 0,25|0,0 - 0,25|0,0 - 0,25|2
BARUSDT|10001|True|0,0 - 0,25|0 - -0,25|0 - -0,25|0,0 - 0,25|0,0 - 0,25|2
BARUSDT|11000|False|0,0 - 0,25|0,0 - 0,25|0 - -0,25|0 - -0,25|0,0 - 0,25|2
BARUSDT|00001|False|0,25 - 0,5|0,0 - 0,25|0 - -0,25|0 - -0,25|0,0 - 0,25|1
BARUSDT|00000|False|0,0 - 0,25|0 - -0,25|0 - -0,25|0,25 - 0,5|0,0 - 0,25|1
BARUSDT|00000|False|0,25 - 0,5|0,0 - 0,25|0 - -0,25|0 - -0,25|0,25 - 0,5|1
BARUSDT|00000|True|0,0 - 0,25|0,25 - 0,5|0,0 - 0,25|0 - -0,25|0 - -0,25|1
BARUSDT|10000|False|0,0 - 0,25|0,0 - 0,25|0,25 - 0,5|0,0 - 0,25|0 - -0,25|1
BARUSDT|01000|False|0,0 - 0,25|0,0 - 0,25|0,0 - 0,25|0,25 - 0,5|0,0 - 0,25|1
BARUSDT|00100|False|0 - -0,25|0,0 - 0,25|0,0 - 0,25|0,0 - 0,25|0,25 - 0,5|1
BARUSDT|01100|False|0,25 - 0,5|0,0 - 0,25|0,0 - 0,25|0 - -0,25|0 - -0,25|1
BARUSDT|00110|False|0,0 - 0,25|0,25 - 0,5|0,0 - 0,25|0,0 - 0,25|0 - -0,25|2
BARUSDT|00011|False|0,0 - 0,25|0,0 - 0,25|0,25 - 0,5|0,0 - 0,25|0,0 - 0,25|2
BARUSDT|00001|False|0 - -0,25|0,0 - 0,25|0,0 - 0,25|0,25 - 0,5|0,0 - 0,25|2
BARUSDT|00000|False|0,0 - 0,25|0 - -0,25|0,0 - 0,25|0,0 - 0,25|0,25 - 0,5|2
BARUSDT|10000|False|0,25 - 0,5|0 - -0,25|0,0 - 0,25|0 - -0,25|0,0 - 0,25|2
BARUSDT|01000|False|0,25 - 0,5|0,25 - 0,5|0 - -0,25|0,0 - 0,25|0 - -0,25|1
BARUSDT|00100|True|0,0 - 0,25|0,25 - 0,5|0,25 - 0,5|0 - -0,25|0,0 - 0,25|1
BARUSDT|10010|False|0,0 - 0,25|0,0 - 0,25|0,25 - 0,5|0,25 - 0,5|0 - -0,25|1
BARUSDT|01001|True|0 - -0,25|0,0 - 0,25|0,0 - 0,25|0,25 - 0,5|0,25 - 0,5|1
BARUSDT|10100|True|0,0 - 0,25|0 - -0,25|0,0 - 0,25|0,0 - 0,25|0,25 - 0,5|1
BARUSDT|01101|False|0,25 - 0,5|0,0 - 0,25|0,0 - 0,25|0 - -0,25|0,0 - 0,25|1
BARUSDT|00011|True|0 - -0,25|0,0 - 0,25|0,25 - 0,5|0,0 - 0,25|0,0 - 0,25|1
BARUSDT|10001|False|0,0 - 0,25|0 - -0,25|0,0 - 0,25|0,25 - 0,5|0,0 - 0,25|1
BARUSDT|00010|True|0 - -0,25|0,0 - 0,25|0,0 - 0,25|0,0 - 0,25|0 - -0,25|1
BARUSDT|10001|True|0,0 - 0,25|0 - -0,25|0,0 - 0,25|0,0 - 0,25|0,0 - 0,25|1
BARUSDT|11000|False|0,0 - 0,25|0,0 - 0,25|0 - -0,25|0,0 - 0,25|0,0 - 0,25|2
BARUSDT|01100|False|0,0 - 0,25|0,0 - 0,25|0,0 - 0,25|0 - -0,25|0,0 - 0,25|1
BARUSDT|00011|False|0,0 - 0,25|0 - -0,25|0,0 - 0,25|0,0 - 0,25|0,0 - 0,25|2
BARUSDT|00010|False|0 - -0,25|0 - -0,25|0,0 - 0,25|0,0 - 0,25|0,0 - 0,25|1
BARUSDT|00110|True|0,0 - 0,25|0 - -0,25|0,0 - 0,25|0,0 - 0,25|0 - -0,25|1
BARUSDT|10011|True|0,0 - 0,25|0,0 - 0,25|0 - -0,25|0,0 - 0,25|0,0 - 0,25|1
BARUSDT|11001|False|0,0 - 0,25|0,0 - 0,25|0,0 - 0,25|0 - -0,25|0,0 - 0,25|1
BARUSDT|10110|False|0,25 - 0,5|0 - -0,25|0,0 - 0,25|0,0 - 0,25|0 - -0,25|1
BARUSDT|01011|True|0 - -0,25|0,25 - 0,5|0 - -0,25|0,0 - 0,25|0,0 - 0,25|1
BARUSDT|10101|False|0,25 - 0,5|0 - -0,25|0,25 - 0,5|0 - -0,25|0,0 - 0,25|1
BARUSDT|01010|False|0 - -0,25|0,25 - 0,5|0 - -0,25|0,25 - 0,5|0 - -0,25|1
BARUSDT|00101|True|0 - -0,25|0 - -0,25|0,25 - 0,5|0 - -0,25|0,25 - 0,5|1
BARUSDT|10010|True|0,0 - 0,25|0 - -0,25|0 - -0,25|0,25 - 0,5|0 - -0,25|1
BARUSDT|11001|False|0,0 - 0,25|0,0 - 0,25|0 - -0,25|0 - -0,25|0,25 - 0,5|1
BARUSDT|10000|True|0,0 - 0,25|0 - -0,25|0,0 - 0,25|0 - -0,25|0 - -0,25|1
BARUSDT|11000|False|0,25 - 0,5|0,0 - 0,25|0 - -0,25|0,0 - 0,25|0 - -0,25|1
BARUSDT|01100|False|0 - -0,25|0,25 - 0,5|0,0 - 0,25|0 - -0,25|0,0 - 0,25|1
BARUSDT|00110|False|0 - -0,25|0 - -0,25|0,25 - 0,5|0,0 - 0,25|0 - -0,25|1
BARUSDT|00011|False|0 - -0,25|0 - -0,25|0 - -0,25|0,25 - 0,5|0,0 - 0,25|1
BARUSDT|00001|True|0 - -0,25|0 - -0,25|0 - -0,25|0 - -0,25|0,25 - 0,5|1
BARUSDT|10000|False|0,25 - 0,5|0 - -0,25|0 - -0,25|0 - -0,25|0 - -0,25|3
BARUSDT|01000|False|0 - -0,25|0,25 - 0,5|0 - -0,25|0 - -0,25|0 - -0,25|2
BARUSDT|00100|False|0 - -0,25|0 - -0,25|0,25 - 0,5|0 - -0,25|0 - -0,25|1
BARUSDT|00010|False|0,25 - 0,5|0 - -0,25|0 - -0,25|0,25 - 0,5|0 - -0,25|1
BARUSDT|00001|False|0,0 - 0,25|0,25 - 0,5|0 - -0,25|0 - -0,25|0,25 - 0,5|1
BARUSDT|00000|False|0,0 - 0,25|0,0 - 0,25|0,25 - 0,5|0 - -0,25|0 - -0,25|1
BARUSDT|00000|False|0,25 - 0,5|0,0 - 0,25|0,0 - 0,25|0,25 - 0,5|0 - -0,25|1
BARUSDT|00000|False|0 - -0,25|0,25 - 0,5|0,0 - 0,25|0,0 - 0,25|0,25 - 0,5|1
BARUSDT|00000|False|0,25 - 0,5|0 - -0,25|0,25 - 0,5|0,0 - 0,25|0,0 - 0,25|1
BARUSDT|00000|False|0 - -0,25|0,25 - 0,5|0 - -0,25|0,25 - 0,5|0,0 - 0,25|2
BARUSDT|00000|True|0 - -0,25|0 - -0,25|0,25 - 0,5|0 - -0,25|0,25 - 0,5|2
BARUSDT|10000|False|0,0 - 0,25|0 - -0,25|0 - -0,25|0,25 - 0,5|0 - -0,25|1
BARUSDT|01000|False|0 - -0,25|0,0 - 0,25|0 - -0,25|0 - -0,25|0,25 - 0,5|1
BARUSDT|10010|True|0,25 - 0,5|0 - -0,25|0 - -0,25|0,0 - 0,25|0 - -0,25|1
BARUSDT|11001|True|0,0 - 0,25|0,25 - 0,5|0 - -0,25|0 - -0,25|0,0 - 0,25|1
BARUSDT|11100|True|0,0 - 0,25|0,0 - 0,25|0,25 - 0,5|0 - -0,25|0 - -0,25|1
BARUSDT|11110|True|0,0 - 0,25|0,0 - 0,25|0,0 - 0,25|0,25 - 0,5|0 - -0,25|1
BARUSDT|11111|False|0,0 - 0,25|0,0 - 0,25|0,0 - 0,25|0,0 - 0,25|0,25 - 0,5|1
BARUSDT|01111|True|0 - -0,25|0,0 - 0,25|0,0 - 0,25|0,0 - 0,25|0,0 - 0,25|1
BARUSDT|10111|False|0,25 - 0,5|0 - -0,25|0,0 - 0,25|0,0 - 0,25|0,0 - 0,25|1
BARUSDT|01011|False|0,25 - 0,5|0,25 - 0,5|0 - -0,25|0,0 - 0,25|0,0 - 0,25|1
BARUSDT|00101|False|0 - -0,25|0,25 - 0,5|0,25 - 0,5|0 - -0,25|0,0 - 0,25|1
BARUSDT|00010|False|0,0 - 0,25|0 - -0,25|0,25 - 0,5|0,25 - 0,5|0 - -0,25|2
BARUSDT|00001|False|0 - -0,25|0,0 - 0,25|0 - -0,25|0,25 - 0,5|0,25 - 0,5|1
BARUSDT|00000|False|0 - -0,25|0 - -0,25|0,0 - 0,25|0 - -0,25|0,25 - 0,5|1
BARUSDT|00100|True|0 - -0,25|0,0 - 0,25|0,0 - 0,25|0 - -0,25|0,0 - 0,25|2
BARUSDT|01001|False|0,0 - 0,25|0,0 - 0,25|0 - -0,25|0,0 - 0,25|0,0 - 0,25|1
BARUSDT|01001|False|0 - -0,25|0,0 - 0,25|0 - -0,25|0,0 - 0,25|0,0 - 0,25|3
BARUSDT|00000|True|0 - -0,25|0,0 - 0,25|0,0 - 0,25|0 - -0,25|0,0 - 0,25|1
BARUSDT|10000|True|0,0 - 0,25|0 - -0,25|0,0 - 0,25|0,0 - 0,25|0 - -0,25|1
BARUSDT|01100|False|0 - -0,25|0,0 - 0,25|0,0 - 0,25|0 - -0,25|0,0 - 0,25|1
BARUSDT|00000|True|0 - -0,25|0 - -0,25|0,0 - 0,25|0 - -0,25|0 - -0,25|4
BARUSDT|00010|True|0,0 - 0,25|0,0 - 0,25|0,0 - 0,25|0,0 - 0,25|0,0 - 0,25|2
BARUSDT|10001|False|0,0 - 0,25|0,0 - 0,25|0,0 - 0,25|0,0 - 0,25|0,0 - 0,25|2
BARUSDT|01010|False|0,0 - 0,25|0,0 - 0,25|0 - -0,25|0,0 - 0,25|0,0 - 0,25|1
BARUSDT|00101|True|0,25 - 0,5|0,0 - 0,25|0,0 - 0,25|0 - -0,25|0,0 - 0,25|1
BARUSDT|10010|False|0,25 - 0,5|0,25 - 0,5|0,0 - 0,25|0,0 - 0,25|0 - -0,25|1
BARUSDT|01001|True|0 - -0,25|0,25 - 0,5|0,25 - 0,5|0,0 - 0,25|0,0 - 0,25|1
BARUSDT|10100|False|0,25 - 0,5|0 - -0,25|0,25 - 0,5|0,25 - 0,5|0,0 - 0,25|1
BARUSDT|01010|True|0 - -0,25|0,25 - 0,5|0 - -0,25|0,25 - 0,5|0,25 - 0,5|1
BARUSDT|10101|False|0,0 - 0,25|0 - -0,25|0,25 - 0,5|0 - -0,25|0,25 - 0,5|1
BARUSDT|01010|True|0 - -0,25|0,0 - 0,25|0 - -0,25|0,25 - 0,5|0 - -0,25|1
BARUSDT|10101|False|0,0 - 0,25|0 - -0,25|0,0 - 0,25|0 - -0,25|0,25 - 0,5|1
BARUSDT|10001|False|0,25 - 0,5|0 - -0,25|0 - -0,25|0 - -0,25|0,0 - 0,25|1
BARUSDT|00100|True|0,0 - 0,25|0 - -0,25|0,25 - 0,5|0 - -0,25|0 - -0,25|1
BARUSDT|10010|False|0,0 - 0,25|0,0 - 0,25|0 - -0,25|0,25 - 0,5|0 - -0,25|1
BARUSDT|01001|False|0,0 - 0,25|0,0 - 0,25|0,0 - 0,25|0 - -0,25|0,25 - 0,5|1
BARUSDT|00010|False|0,0 - 0,25|0 - -0,25|0,0 - 0,25|0,0 - 0,25|0,0 - 0,25|2
BARUSDT|00001|True|0,0 - 0,25|0,0 - 0,25|0 - -0,25|0,0 - 0,25|0,0 - 0,25|1
BARUSDT|00100|False|0,25 - 0,5|0 - -0,25|0,0 - 0,25|0,0 - 0,25|0,0 - 0,25|1
BARUSDT|00010|False|0,0 - 0,25|0,25 - 0,5|0 - -0,25|0,0 - 0,25|0,0 - 0,25|1
BARUSDT|00001|False|0 - -0,25|0,0 - 0,25|0,25 - 0,5|0 - -0,25|0,0 - 0,25|1
BARUSDT|00100|True|0 - -0,25|0 - -0,25|0,0 - 0,25|0,0 - 0,25|0,0 - 0,25|1
BARUSDT|10010|False|0,25 - 0,5|0 - -0,25|0 - -0,25|0,0 - 0,25|0,0 - 0,25|1
BARUSDT|01001|False|0 - -0,25|0,25 - 0,5|0 - -0,25|0 - -0,25|0,0 - 0,25|1
BARUSDT|00100|False|0,25 - 0,5|0 - -0,25|0,25 - 0,5|0 - -0,25|0 - -0,25|1
BARUSDT|00010|True|0 - -0,25|0,25 - 0,5|0 - -0,25|0,25 - 0,5|0 - -0,25|1
BARUSDT|10001|True|0,25 - 0,5|0 - -0,25|0,25 - 0,5|0 - -0,25|0,25 - 0,5|1
BARUSDT|11000|True|0,0 - 0,25|0,25 - 0,5|0 - -0,25|0,25 - 0,5|0 - -0,25|1
BARUSDT|11100|False|0,0 - 0,25|0,0 - 0,25|0,25 - 0,5|0 - -0,25|0,25 - 0,5|1
BARUSDT|01110|False|0 - -0,25|0,0 - 0,25|0,0 - 0,25|0,25 - 0,5|0 - -0,25|1
BARUSDT|00111|False|0 - -0,25|0 - -0,25|0,0 - 0,25|0,0 - 0,25|0,25 - 0,5|1
BARUSDT|00011|False|0,5 - 1|0 - -0,25|0 - -0,25|0,0 - 0,25|0,0 - 0,25|1
BARUSDT|00001|False|0 - -0,25|0,5 - 1|0 - -0,25|0 - -0,25|0,0 - 0,25|1
BARUSDT|00000|True|0 - -0,25|0 - -0,25|0,5 - 1|0 - -0,25|0 - -0,25|1
BARUSDT|10000|False|0,25 - 0,5|0 - -0,25|0 - -0,25|0,5 - 1|0 - -0,25|1
BARUSDT|01000|False|0,25 - 0,5|0,25 - 0,5|0 - -0,25|0 - -0,25|0,5 - 1|1
BARUSDT|00100|False|0,0 - 0,25|0,25 - 0,5|0,25 - 0,5|0 - -0,25|0 - -0,25|2
BARUSDT|00010|False|0 - -0,25|0,0 - 0,25|0,25 - 0,5|0,25 - 0,5|0 - -0,25|2
BARUSDT|00001|False|0 - -0,25|0 - -0,25|0,0 - 0,25|0,25 - 0,5|0,25 - 0,5|2
BARUSDT|00000|False|0,0 - 0,25|0 - -0,25|0 - -0,25|0,0 - 0,25|0,25 - 0,5|1
BARUSDT|00000|True|0,0 - 0,25|0,0 - 0,25|0 - -0,25|0 - -0,25|0,0 - 0,25|1
BARUSDT|01000|True|0 - -0,25|0,0 - 0,25|0,0 - 0,25|0,0 - 0,25|0 - -0,25|1
BARUSDT|10100|True|0,0 - 0,25|0 - -0,25|0,0 - 0,25|0,0 - 0,25|0,0 - 0,25|1
BARUSDT|11010|False|0,25 - 0,5|0,0 - 0,25|0 - -0,25|0,0 - 0,25|0,0 - 0,25|1
BARUSDT|01101|False|0,0 - 0,25|0,25 - 0,5|0,0 - 0,25|0 - -0,25|0,0 - 0,25|1
BARUSDT|00110|False|0 - -0,25|0,0 - 0,25|0,25 - 0,5|0,0 - 0,25|0 - -0,25|1
BARUSDT|00011|False|0 - -0,25|0 - -0,25|0,0 - 0,25|0,25 - 0,5|0,0 - 0,25|1
BARUSDT|00001|True|0 - -0,25|0 - -0,25|0 - -0,25|0,0 - 0,25|0,25 - 0,5|1
BARUSDT|00001|True|0 - -0,25|0 - -0,25|0,0 - 0,25|0,0 - 0,25|0,0 - 0,25|1
BARUSDT|01000|False|0,0 - 0,25|0,0 - 0,25|0 - -0,25|0 - -0,25|0,0 - 0,25|1
BARUSDT|00000|True|0 - -0,25|0,0 - 0,25|0,0 - 0,25|0,0 - 0,25|0,0 - 0,25|1
BARUSDT|10000|False|0,0 - 0,25|0 - -0,25|0,0 - 0,25|0,0 - 0,25|0,0 - 0,25|2
BARUSDT|00100|False|0,5 - 1|0 - -0,25|0,0 - 0,25|0 - -0,25|0,0 - 0,25|1
BARUSDT|00010|False|0 - -0,25|0,5 - 1|0 - -0,25|0,0 - 0,25|0 - -0,25|1
BARUSDT|00001|False|0 - -0,25|0 - -0,25|0,5 - 1|0 - -0,25|0,0 - 0,25|1
BARUSDT|00000|True|0,0 - 0,25|0 - -0,25|0 - -0,25|0,5 - 1|0 - -0,25|1
BARUSDT|10000|True|0,0 - 0,25|0,0 - 0,25|0 - -0,25|0 - -0,25|0,5 - 1|1
BARUSDT|11000|True|0,0 - 0,25|0,0 - 0,25|0,0 - 0,25|0 - -0,25|0 - -0,25|1
BARUSDT|11100|False|0,0 - 0,25|0,0 - 0,25|0,0 - 0,25|0,0 - 0,25|0 - -0,25|1
BARUSDT|00011|False|0,25 - 0,5|0 - -0,25|0,0 - 0,25|0,0 - 0,25|0,0 - 0,25|1
BARUSDT|00001|False|0,25 - 0,5|0,25 - 0,5|0 - -0,25|0,0 - 0,25|0,0 - 0,25|1
BARUSDT|00000|True|0 - -0,25|0,25 - 0,5|0,25 - 0,5|0 - -0,25|0,0 - 0,25|1
BARUSDT|10000|False|0,0 - 0,25|0 - -0,25|0,25 - 0,5|0,25 - 0,5|0 - -0,25|1
BARUSDT|01000|False|0 - -0,25|0,0 - 0,25|0 - -0,25|0,25 - 0,5|0,25 - 0,5|1
BARUSDT|01000|False|0,0 - 0,25|0,25 - 0,5|0 - -0,25|0 - -0,25|0 - -0,25|2
BARUSDT|00100|False|0,25 - 0,5|0,0 - 0,25|0,25 - 0,5|0 - -0,25|0 - -0,25|1
BARUSDT|00010|True|0,0 - 0,25|0,25 - 0,5|0,0 - 0,25|0,25 - 0,5|0 - -0,25|1
BARUSDT|10001|False|0,5 - 1|0,0 - 0,25|0,25 - 0,5|0,0 - 0,25|0,25 - 0,5|1
BARUSDT|01000|False|0 - -0,25|0,5 - 1|0,0 - 0,25|0,25 - 0,5|0,0 - 0,25|1
BARUSDT|00100|True|0,0 - 0,25|0 - -0,25|0,5 - 1|0,0 - 0,25|0,25 - 0,5|1
BARUSDT|10010|True|0,5 - 1|0,0 - 0,25|0 - -0,25|0,5 - 1|0,0 - 0,25|1
BARUSDT|11001|False|0,0 - 0,25|0,5 - 1|0,0 - 0,25|0 - -0,25|0,5 - 1|1
BARUSDT|01100|False|0 - -0,25|0,0 - 0,25|0,5 - 1|0,0 - 0,25|0 - -0,25|1
BARUSDT|00110|False|0 - -0,25|0 - -0,25|0,0 - 0,25|0,5 - 1|0,0 - 0,25|1
BARUSDT|00011|False|0 - -0,25|0 - -0,25|0 - -0,25|0,0 - 0,25|0,5 - 1|1
BARUSDT|00000|False|0,25 - 0,5|0,0 - 0,25|0 - -0,25|0 - -0,25|0 - -0,25|2
BARUSDT|00000|True|0 - -0,25|0,25 - 0,5|0,0 - 0,25|0 - -0,25|0 - -0,25|1
BARUSDT|10000|False|0,25 - 0,5|0 - -0,25|0,25 - 0,5|0,0 - 0,25|0 - -0,25|2
BARUSDT|01000|True|0,25 - 0,5|0,25 - 0,5|0 - -0,25|0,25 - 0,5|0,0 - 0,25|1
BARUSDT|10100|True|0,0 - 0,25|0,25 - 0,5|0,25 - 0,5|0 - -0,25|0,25 - 0,5|1
BARUSDT|11010|False|0,25 - 0,5|0,0 - 0,25|0,25 - 0,5|0,25 - 0,5|0 - -0,25|1
BARUSDT|01101|False|0 - -0,25|0,25 - 0,5|0,0 - 0,25|0,25 - 0,5|0,25 - 0,5|1
BARUSDT|00110|True|0 - -0,25|0 - -0,25|0,25 - 0,5|0,0 - 0,25|0,25 - 0,5|1
BARUSDT|10011|False|0,0 - 0,25|0 - -0,25|0 - -0,25|0,25 - 0,5|0,0 - 0,25|1
BARUSDT|01001|True|0,25 - 0,5|0,0 - 0,25|0 - -0,25|0 - -0,25|0,25 - 0,5|1
BARUSDT|10100|True|0,0 - 0,25|0,25 - 0,5|0,0 - 0,25|0 - -0,25|0 - -0,25|1
BARUSDT|11010|False|0,0 - 0,25|0,0 - 0,25|0,25 - 0,5|0,0 - 0,25|0 - -0,25|1
BARUSDT|01101|True|0,0 - 0,25|0,0 - 0,25|0,0 - 0,25|0,25 - 0,5|0,0 - 0,25|1
BARUSDT|10110|False|0,0 - 0,25|0,0 - 0,25|0,0 - 0,25|0,0 - 0,25|0,25 - 0,5|1
BARUSDT|01001|True|0,0 - 0,25|0,0 - 0,25|0 - -0,25|0 - -0,25|0,0 - 0,25|1
BARUSDT|01010|False|0 - -0,25|0,0 - 0,25|0,0 - 0,25|0,0 - 0,25|0 - -0,25|2
BARUSDT|00010|False|0,25 - 0,5|0 - -0,25|0 - -0,25|0,0 - 0,25|0,0 - 0,25|2
BARUSDT|00001|False|0 - -0,25|0,25 - 0,5|0 - -0,25|0 - -0,25|0,0 - 0,25|2
BARUSDT|00000|False|0 - -0,25|0 - -0,25|0,25 - 0,5|0 - -0,25|0 - -0,25|1
BARUSDT|00000|False|0 - -0,25|0 - -0,25|0 - -0,25|0,25 - 0,5|0 - -0,25|2
BARUSDT|00000|False|0,0 - 0,25|0 - -0,25|0 - -0,25|0 - -0,25|0,25 - 0,5|1
BARUSDT|10000|False|0,5 - 1|0 - -0,25|0 - -0,25|0 - -0,25|0,0 - 0,25|1
BARUSDT|01000|False|0 - -0,25|0,5 - 1|0 - -0,25|0 - -0,25|0 - -0,25|1
BARUSDT|00100|True|0 - -0,25|0 - -0,25|0,5 - 1|0 - -0,25|0 - -0,25|1
BARUSDT|10010|False|0,0 - 0,25|0 - -0,25|0 - -0,25|0,5 - 1|0 - -0,25|1
BARUSDT|01001|False|0,0 - 0,25|0,0 - 0,25|0 - -0,25|0 - -0,25|0,5 - 1|1
BARUSDT|00010|True|0 - -0,25|0 - -0,25|0,0 - 0,25|0,0 - 0,25|0 - -0,25|1
BARUSDT|10000|True|0,25 - 0,5|0 - -0,25|0 - -0,25|0 - -0,25|0,0 - 0,25|2
BARUSDT|01110|False|0,25 - 0,5|0,0 - 0,25|0,0 - 0,25|0,25 - 0,5|0 - -0,25|1
BARUSDT|00111|False|0,0 - 0,25|0,25 - 0,5|0,0 - 0,25|0,0 - 0,25|0,25 - 0,5|1
BARUSDT|00000|True|0,0 - 0,25|0 - -0,25|0,0 - 0,25|0,0 - 0,25|0,25 - 0,5|1
BARUSDT|00000|False|0,25 - 0,5|0 - -0,25|0,0 - 0,25|0 - -0,25|0,0 - 0,25|1
BARUSDT|00000|False|0 - -0,25|0,25 - 0,5|0 - -0,25|0,0 - 0,25|0 - -0,25|1
BARUSDT|00000|True|0,0 - 0,25|0 - -0,25|0,25 - 0,5|0 - -0,25|0,0 - 0,25|1
BARUSDT|10000|False|0,25 - 0,5|0,0 - 0,25|0 - -0,25|0,25 - 0,5|0 - -0,25|1
BARUSDT|01000|False|0,0 - 0,25|0,25 - 0,5|0,0 - 0,25|0 - -0,25|0,25 - 0,5|1
BARUSDT|00100|False|0,0 - 0,25|0,0 - 0,25|0,25 - 0,5|0,0 - 0,25|0 - -0,25|1
BARUSDT|00010|True|0,0 - 0,25|0,0 - 0,25|0,0 - 0,25|0,25 - 0,5|0,0 - 0,25|1
BARUSDT|10001|False|0,0 - 0,25|0,0 - 0,25|0,0 - 0,25|0,0 - 0,25|0,25 - 0,5|1
BARUSDT|00010|False|0,0 - 0,25|0 - -0,25|0 - -0,25|0,0 - 0,25|0,0 - 0,25|3
BARUSDT|00001|False|0 - -0,25|0,0 - 0,25|0,0 - 0,25|0 - -0,25|0,0 - 0,25|1
BARUSDT|00000|True|0 - -0,25|0 - -0,25|0 - -0,25|0,0 - 0,25|0,0 - 0,25|1
BARUSDT|00100|True|0,0 - 0,25|0 - -0,25|0,0 - 0,25|0 - -0,25|0 - -0,25|1
BARUSDT|01001|False|0 - -0,25|0,0 - 0,25|0,0 - 0,25|0 - -0,25|0,0 - 0,25|1
BARUSDT|00000|True|0,0 - 0,25|0 - -0,25|0,0 - 0,25|0 - -0,25|0,0 - 0,25|1
BARUSDT|10000|False|0,5 - 1|0,0 - 0,25|0 - -0,25|0,0 - 0,25|0 - -0,25|1
BARUSDT|01000|False|0,0 - 0,25|0,5 - 1|0,0 - 0,25|0 - -0,25|0,0 - 0,25|1
BARUSDT|00100|False|0 - -0,25|0,0 - 0,25|0,5 - 1|0,0 - 0,25|0 - -0,25|1
BARUSDT|00010|False|0 - -0,25|0 - -0,25|0,0 - 0,25|0,5 - 1|0,0 - 0,25|1
BARUSDT|00001|False|0,0 - 0,25|0 - -0,25|0 - -0,25|0,0 - 0,25|0,5 - 1|1
BARUSDT|10000|False|0,25 - 0,5|0 - -0,25|0 - -0,25|0,0 - 0,25|0 - -0,25|1
BARUSDT|01000|False|0,25 - 0,5|0,25 - 0,5|0 - -0,25|0 - -0,25|0,0 - 0,25|1
BARUSDT|00100|False|0 - -0,25|0,25 - 0,5|0,25 - 0,5|0 - -0,25|0 - -0,25|1
BARUSDT|00001|False|0,0 - 0,25|0,0 - 0,25|0 - -0,25|0,25 - 0,5|0,25 - 0,5|1
BARUSDT|00000|False|0 - -0,25|0,0 - 0,25|0,0 - 0,25|0 - -0,25|0,25 - 0,5|1
BARUSDT|00000|False|0,25 - 0,5|0,0 - 0,25|0 - -0,25|0,0 - 0,25|0,0 - 0,25|1
BARUSDT|00000|False|0 - -0,25|0,25 - 0,5|0,0 - 0,25|0 - -0,25|0,0 - 0,25|1
BARUSDT|00000|False|0,25 - 0,5|0 - -0,25|0,25 - 0,5|0,0 - 0,25|0 - -0,25|1
BARUSDT|10000|True|0,0 - 0,25|0 - -0,25|0 - -0,25|0,25 - 0,5|0 - -0,25|1
BARUSDT|11000|True|0,0 - 0,25|0,0 - 0,25|0 - -0,25|0 - -0,25|0,25 - 0,5|1
BARUSDT|11111|False|0,25 - 0,5|0,0 - 0,25|0,0 - 0,25|0,0 - 0,25|0,0 - 0,25|1
BARUSDT|01111|False|0 - -0,25|0,25 - 0,5|0,0 - 0,25|0,0 - 0,25|0,0 - 0,25|1
BARUSDT|00111|False|0,0 - 0,25|0 - -0,25|0,25 - 0,5|0,0 - 0,25|0,0 - 0,25|1
BARUSDT|00011|False|0 - -0,25|0,0 - 0,25|0 - -0,25|0,25 - 0,5|0,0 - 0,25|1
BARUSDT|11000|True|0,25 - 0,5|0,25 - 0,5|0 - -0,25|0 - -0,25|0 - -0,25|1
BARUSDT|11100|False|0,25 - 0,5|0,25 - 0,5|0,25 - 0,5|0 - -0,25|0 - -0,25|1
BARUSDT|01110|False|0,0 - 0,25|0,25 - 0,5|0,25 - 0,5|0,25 - 0,5|0 - -0,25|1
BARUSDT|00111|False|0 - -0,25|0,0 - 0,25|0,25 - 0,5|0,25 - 0,5|0,25 - 0,5|1
BARUSDT|00011|False|0,25 - 0,5|0 - -0,25|0,0 - 0,25|0,25 - 0,5|0,25 - 0,5|1
BARUSDT|00001|False|0,25 - 0,5|0,25 - 0,5|0 - -0,25|0,0 - 0,25|0,25 - 0,5|1
BARUSDT|00000|False|0,25 - 0,5|0,25 - 0,5|0,25 - 0,5|0 - -0,25|0,0 - 0,25|1
BARUSDT|00000|False|0,0 - 0,25|0,25 - 0,5|0,25 - 0,5|0,25 - 0,5|0 - -0,25|1
BARUSDT|00000|True|0,0 - 0,25|0,0 - 0,25|0,25 - 0,5|0,25 - 0,5|0,25 - 0,5|1
BARUSDT|10000|False|0,0 - 0,25|0,0 - 0,25|0,0 - 0,25|0,25 - 0,5|0,25 - 0,5|1
BARUSDT|01000|False|0 - -0,25|0,0 - 0,25|0,0 - 0,25|0,0 - 0,25|0,25 - 0,5|1
BARUSDT|01000|False|0,25 - 0,5|0,0 - 0,25|0 - -0,25|0 - -0,25|0,0 - 0,25|1
BARUSDT|00100|False|0,25 - 0,5|0,25 - 0,5|0,0 - 0,25|0 - -0,25|0 - -0,25|1
BARUSDT|00010|False|0,0 - 0,25|0,25 - 0,5|0,25 - 0,5|0,0 - 0,25|0 - -0,25|1
BARUSDT|00001|False|0,0 - 0,25|0,0 - 0,25|0,25 - 0,5|0,25 - 0,5|0,0 - 0,25|1
BARUSDT|00000|False|0,0 - 0,25|0,0 - 0,25|0,0 - 0,25|0,25 - 0,5|0,25 - 0,5|1
BARUSDT|00000|True|0 - -0,25|0,0 - 0,25|0,0 - 0,25|0,0 - 0,25|0,25 - 0,5|1
BARUSDT|10010|False|0,25 - 0,5|0 - -0,25|0 - -0,25|0,0 - 0,25|0 - -0,25|1
BARUSDT|01001|False|0,0 - 0,25|0,25 - 0,5|0 - -0,25|0 - -0,25|0,0 - 0,25|1
BARUSDT|00100|False|0 - -0,25|0,0 - 0,25|0,25 - 0,5|0 - -0,25|0 - -0,25|2
BARUSDT|00010|False|0 - -0,25|0 - -0,25|0,0 - 0,25|0,25 - 0,5|0 - -0,25|2
BARUSDT|00001|False|0 - -0,25|0 - -0,25|0 - -0,25|0,0 - 0,25|0,25 - 0,5|1
BARUSDT|00000|False|0,25 - 0,5|0 - -0,25|0 - -0,25|0 - -0,25|0,0 - 0,25|1
BARUSDT|00000|True|0,25 - 0,5|0,25 - 0,5|0 - -0,25|0 - -0,25|0 - -0,25|1
BARUSDT|10000|False|0,25 - 0,5|0,25 - 0,5|0,25 - 0,5|0 - -0,25|0 - -0,25|1
BARUSDT|01000|False|0 - -0,25|0,25 - 0,5|0,25 - 0,5|0,25 - 0,5|0 - -0,25|2
BARUSDT|00100|False|0,0 - 0,25|0 - -0,25|0,25 - 0,5|0,25 - 0,5|0,25 - 0,5|1
BARUSDT|00010|False|0,0 - 0,25|0,0 - 0,25|0 - -0,25|0,25 - 0,5|0,25 - 0,5|1
BARUSDT|00001|True|0,25 - 0,5|0,0 - 0,25|0,0 - 0,25|0 - -0,25|0,25 - 0,5|1
BARUSDT|10000|True|0,25 - 0,5|0,25 - 0,5|0,0 - 0,25|0,0 - 0,25|0 - -0,25|1
BARUSDT|11000|False|0,25 - 0,5|0,25 - 0,5|0,25 - 0,5|0,0 - 0,25|0,0 - 0,25|1
BARUSDT|01100|False|0 - -0,25|0,25 - 0,5|0,25 - 0,5|0,25 - 0,5|0,0 - 0,25|1
BARUSDT|00110|False|0,25 - 0,5|0 - -0,25|0,25 - 0,5|0,25 - 0,5|0,25 - 0,5|1
BARUSDT|00011|False|0 - -0,25|0,25 - 0,5|0 - -0,25|0,25 - 0,5|0,25 - 0,5|1
BARUSDT|00001|False|0 - -0,25|0 - -0,25|0,25 - 0,5|0 - -0,25|0,25 - 0,5|2
BARUSDT|00000|False|0,25 - 0,5|0 - -0,25|0 - -0,25|0,25 - 0,5|0 - -0,25|1
BARUSDT|00000|True|0,0 - 0,25|0,25 - 0,5|0 - -0,25|0 - -0,25|0,25 - 0,5|1
BARUSDT|10000|True|0,0 - 0,25|0,0 - 0,25|0,25 - 0,5|0 - -0,25|0 - -0,25|1
BARUSDT|11000|False|0,0 - 0,25|0,0 - 0,25|0,0 - 0,25|0,25 - 0,5|0 - -0,25|1
BARUSDT|01100|False|0 - -0,25|0,0 - 0,25|0,0 - 0,25|0,0 - 0,25|0,25 - 0,5|1
BARUSDT|11000|False|0,5 - 1|0,0 - 0,25|0 - -0,25|0 - -0,25|0 - -0,25|1
BARUSDT|01100|False|0,5 - 1|0,5 - 1|0,0 - 0,25|0 - -0,25|0 - -0,25|1
BARUSDT|00110|True|0 - -0,25|0,5 - 1|0,5 - 1|0,0 - 0,25|0 - -0,25|1
BARUSDT|10011|False|0,0 - 0,25|0 - -0,25|0,5 - 1|0,5 - 1|0,0 - 0,25|1
BARUSDT|01001|False|0,0 - 0,25|0,0 - 0,25|0 - -0,25|0,5 - 1|0,5 - 1|1
BARUSDT|00100|True|0,25 - 0,5|0,0 - 0,25|0,0 - 0,25|0 - -0,25|0,5 - 1|1
BARUSDT|01001|True|0 - -0,25|0,0 - 0,25|0,25 - 0,5|0,0 - 0,25|0,0 - 0,25|1
BARUSDT|10100|False|0,5 - 1|0 - -0,25|0,0 - 0,25|0,25 - 0,5|0,0 - 0,25|1
BARUSDT|01010|False|0,5 - 1|0,5 - 1|0 - -0,25|0,0 - 0,25|0,25 - 0,5|1
BARUSDT|00101|True|0,25 - 0,5|0,5 - 1|0,5 - 1|0 - -0,25|0,0 - 0,25|1
BARUSDT|10010|True|0,25 - 0,5|0,25 - 0,5|0,5 - 1|0,5 - 1|0 - -0,25|1
BARUSDT|11001|False|0,5 - 1|0,25 - 0,5|0,25 - 0,5|0,5 - 1|0,5 - 1|1
BARUSDT|01100|False|0,5 - 1|0,5 - 1|0,25 - 0,5|0,25 - 0,5|0,5 - 1|1
BARUSDT|00110|True|0,25 - 0,5|0,5 - 1|0,5 - 1|0,25 - 0,5|0,25 - 0,5|1
BARUSDT|10011|False|0,0 - 0,25|0,25 - 0,5|0,5 - 1|0,5 - 1|0,25 - 0,5|1
BARUSDT|01001|True|0,0 - 0,25|0,0 - 0,25|0,25 - 0,5|0,5 - 1|0,5 - 1|1
BARUSDT|10100|False|0,0 - 0,25|0,0 - 0,25|0,0 - 0,25|0,25 - 0,5|0,5 - 1|1
BARUSDT|01010|False|0,0 - 0,25|0,0 - 0,25|0,0 - 0,25|0,0 - 0,25|0,25 - 0,5|1
BARUSDT|00101|True|0,0 - 0,25|0,0 - 0,25|0,0 - 0,25|0,0 - 0,25|0,0 - 0,25|1
BARUSDT|10010|False|0,5 - 1|0,0 - 0,25|0,0 - 0,25|0,0 - 0,25|0,0 - 0,25|1
BARUSDT|01001|True|0,25 - 0,5|0,5 - 1|0,0 - 0,25|0,0 - 0,25|0,0 - 0,25|1
BARUSDT|10100|False|0,0 - 0,25|0,25 - 0,5|0,5 - 1|0,0 - 0,25|0,0 - 0,25|1
BARUSDT|01010|False|0 - -0,25|0,0 - 0,25|0,25 - 0,5|0,5 - 1|0,0 - 0,25|1
BARUSDT|00101|False|0,25 - 0,5|0 - -0,25|0,0 - 0,25|0,25 - 0,5|0,5 - 1|1
BARUSDT|00010|False|0,0 - 0,25|0,25 - 0,5|0 - -0,25|0,0 - 0,25|0,25 - 0,5|1
BARUSDT|00001|False|0,0 - 0,25|0,0 - 0,25|0,25 - 0,5|0 - -0,25|0,0 - 0,25|1
BARUSDT|00000|False|0 - -0,25|0,0 - 0,25|0,0 - 0,25|0,25 - 0,5|0 - -0,25|1
BARUSDT|00000|True|0,0 - 0,25|0,0 - 0,25|0 - -0,25|0,0 - 0,25|0,0 - 0,25|1
BARUSDT|10000|False|0,25 - 0,5|0,0 - 0,25|0,0 - 0,25|0 - -0,25|0,0 - 0,25|1
BARUSDT|01000|False|0 - -0,25|0,25 - 0,5|0,0 - 0,25|0,0 - 0,25|0 - -0,25|1
BARUSDT|00100|False|0 - -0,25|0 - -0,25|0,25 - 0,5|0,0 - 0,25|0,0 - 0,25|1
BARUSDT|00010|False|0 - -0,25|0 - -0,25|0 - -0,25|0,25 - 0,5|0,0 - 0,25|1
BARUSDT|00001|False|0 - -0,25|0 - -0,25|0 - -0,25|0 - -0,25|0,25 - 0,5|1
BARUSDT|01000|False|0 - -0,25|0,0 - 0,25|0,0 - 0,25|0 - -0,25|0 - -0,25|2
BARUSDT|01000|True|0 - -0,25|0,0 - 0,25|0 - -0,25|0 - -0,25|0,0 - 0,25|1
BARUSDT|10100|False|0,25 - 0,5|0 - -0,25|0,0 - 0,25|0 - -0,25|0 - -0,25|1
BARUSDT|01010|False|0,0 - 0,25|0,25 - 0,5|0 - -0,25|0,0 - 0,25|0 - -0,25|1
BARUSDT|00101|False|0 - -0,25|0,0 - 0,25|0,25 - 0,5|0 - -0,25|0,0 - 0,25|1
BARUSDT|00001|False|0,25 - 0,5|0 - -0,25|0 - -0,25|0,0 - 0,25|0,25 - 0,5|1
BARUSDT|00000|False|0,0 - 0,25|0,25 - 0,5|0 - -0,25|0 - -0,25|0,0 - 0,25|1
BARUSDT|00000|True|0 - -0,25|0,0 - 0,25|0,25 - 0,5|0 - -0,25|0 - -0,25|1
BARUSDT|00100|False|0,25 - 0,5|0 - -0,25|0,0 - 0,25|0 - -0,25|0,0 - 0,25|1
BARUSDT|00010|True|0,25 - 0,5|0,25 - 0,5|0 - -0,25|0,0 - 0,25|0 - -0,25|1
BARUSDT|10001|False|0,0 - 0,25|0,25 - 0,5|0,25 - 0,5|0 - -0,25|0,0 - 0,25|1
BARUSDT|01000|True|0,0 - 0,25|0,0 - 0,25|0,25 - 0,5|0,25 - 0,5|0 - -0,25|1
BARUSDT|10100|False|0,0 - 0,25|0,0 - 0,25|0,0 - 0,25|0,25 - 0,5|0,25 - 0,5|1
BARUSDT|01010|True|0,0 - 0,25|0,0 - 0,25|0,0 - 0,25|0,0 - 0,25|0,25 - 0,5|1
BARUSDT|10101|False|0,25 - 0,5|0,0 - 0,25|0,0 - 0,25|0,0 - 0,25|0,0 - 0,25|1
BARUSDT|01010|True|0,25 - 0,5|0,25 - 0,5|0,0 - 0,25|0,0 - 0,25|0,0 - 0,25|1
BARUSDT|10101|True|0,25 - 0,5|0,25 - 0,5|0,25 - 0,5|0,0 - 0,25|0,0 - 0,25|1
BARUSDT|11010|False|0,5 - 1|0,25 - 0,5|0,25 - 0,5|0,25 - 0,5|0,0 - 0,25|1
BARUSDT|01101|True|0,25 - 0,5|0,5 - 1|0,25 - 0,5|0,25 - 0,5|0,25 - 0,5|1
BARUSDT|10110|False|0,0 - 0,25|0,25 - 0,5|0,5 - 1|0,25 - 0,5|0,25 - 0,5|1
BARUSDT|01011|False|0,0 - 0,25|0,0 - 0,25|0,25 - 0,5|0,5 - 1|0,25 - 0,5|1
BARUSDT|00101|False|0,0 - 0,25|0,0 - 0,25|0,0 - 0,25|0,25 - 0,5|0,5 - 1|1
BARUSDT|00010|False|0,0 - 0,25|0,0 - 0,25|0,0 - 0,25|0,0 - 0,25|0,25 - 0,5|1
BARUSDT|00001|True|0,0 - 0,25|0,0 - 0,25|0,0 - 0,25|0,0 - 0,25|0,0 - 0,25|1
BARUSDT|11000|False|0,0 - 0,25|0,0 - 0,25|0,0 - 0,25|0,0 - 0,25|0,0 - 0,25|1
BARUSDT|00110|False|0,0 - 0,25|0 - -0,25|0,0 - 0,25|0,0 - 0,25|0,0 - 0,25|1
BARUSDT|00011|False|0,25 - 0,5|0,0 - 0,25|0 - -0,25|0,0 - 0,25|0,0 - 0,25|1
BARUSDT|00001|True|0 - -0,25|0,25 - 0,5|0,0 - 0,25|0 - -0,25|0,0 - 0,25|1
BARUSDT|01000|False|0 - -0,25|0,25 - 0,5|0 - -0,25|0,25 - 0,5|0,0 - 0,25|1
BARUSDT|00100|False|0,0 - 0,25|0 - -0,25|0,25 - 0,5|0 - -0,25|0,25 - 0,5|1
BARUSDT|00010|False|0 - -0,25|0,0 - 0,25|0 - -0,25|0,25 - 0,5|0 - -0,25|1
BARUSDT|00001|False|0 - -0,25|0 - -0,25|0,0 - 0,25|0 - -0,25|0,25 - 0,5|2
BARUSDT|00000|True|0 - -0,25|0 - -0,25|0,25 - 0,5|0 - -0,25|0 - -0,25|1
BARUSDT|10000|True|0,25 - 0,5|0 - -0,25|0 - -0,25|0,25 - 0,5|0 - -0,25|1
BARUSDT|11000|False|0,0 - 0,25|0,25 - 0,5|0 - -0,25|0 - -0,25|0,25 - 0,5|1
BARUSDT|01100|False|0 - -0,25|0,0 - 0,25|0,25 - 0,5|0 - -0,25|0 - -0,25|1
BARUSDT|00110|False|0,0 - 0,25|0 - -0,25|0,0 - 0,25|0,25 - 0,5|0 - -0,25|1
BARUSDT|00011|False|0,25 - 0,5|0,0 - 0,25|0 - -0,25|0,0 - 0,25|0,25 - 0,5|1
BARUSDT|00001|False|0,25 - 0,5|0,25 - 0,5|0,0 - 0,25|0 - -0,25|0,0 - 0,25|1
BARUSDT|00000|False|0 - -0,25|0,25 - 0,5|0,25 - 0,5|0,0 - 0,25|0 - -0,25|1
BARUSDT|00000|False|0,25 - 0,5|0 - -0,25|0,25 - 0,5|0,25 - 0,5|0,0 - 0,25|1
BARUSDT|00000|False|0,0 - 0,25|0,25 - 0,5|0 - -0,25|0,25 - 0,5|0,25 - 0,5|1
BARUSDT|00000|False|0 - -0,25|0,0 - 0,25|0,25 - 0,5|0 - -0,25|0,25 - 0,5|1
BARUSDT|00000|False|0,25 - 0,5|0 - -0,25|0,0 - 0,25|0,25 - 0,5|0 - -0,25|1
BARUSDT|00000|True|0,25 - 0,5|0,25 - 0,5|0 - -0,25|0,0 - 0,25|0,25 - 0,5|1
BARUSDT|10000|False|0,25 - 0,5|0,25 - 0,5|0,25 - 0,5|0 - -0,25|0,0 - 0,25|1
BARUSDT|00100|False|0 - -0,25|0 - -0,25|0,25 - 0,5|0,25 - 0,5|0,25 - 0,5|1
BARUSDT|00010|False|0,0 - 0,25|0 - -0,25|0 - -0,25|0,25 - 0,5|0,25 - 0,5|1
BARUSDT|00001|False|0,0 - 0,25|0,0 - 0,25|0 - -0,25|0 - -0,25|0,25 - 0,5|1
BARUSDT|00000|False|0 - -0,25|0,0 - 0,25|0,0 - 0,25|0,0 - 0,25|0 - -0,25|1
BARUSDT|00000|False|0 - -0,25|0,0 - 0,25|0 - -0,25|0,0 - 0,25|0,0 - 0,25|1
BARUSDT|00000|True|0,5 - 1|0 - -0,25|0,0 - 0,25|0,0 - 0,25|0 - -0,25|1
BARUSDT|10000|False|0,0 - 0,25|0,5 - 1|0 - -0,25|0,0 - 0,25|0,0 - 0,25|1
BARUSDT|01000|False|0 - -0,25|0,0 - 0,25|0,5 - 1|0 - -0,25|0,0 - 0,25|1
BARUSDT|00100|True|0 - -0,25|0 - -0,25|0,0 - 0,25|0,5 - 1|0 - -0,25|1
BARUSDT|10010|True|0,0 - 0,25|0 - -0,25|0 - -0,25|0,0 - 0,25|0,5 - 1|1
BARUSDT|11001|True|0,0 - 0,25|0,0 - 0,25|0 - -0,25|0 - -0,25|0,0 - 0,25|1
BARUSDT|01110|True|0 - -0,25|0,0 - 0,25|0,0 - 0,25|0,0 - 0,25|0 - -0,25|1
BARUSDT|10111|False|0,0 - 0,25|0 - -0,25|0,0 - 0,25|0,0 - 0,25|0,0 - 0,25|1
BARUSDT|01000|False|0 - -0,25|0,25 - 0,5|0 - -0,25|0,0 - 0,25|0 - -0,25|1
BARUSDT|00100|True|0,0 - 0,25|0 - -0,25|0,25 - 0,5|0 - -0,25|0,0 - 0,25|1
BARUSDT|10010|False|0,25 - 0,5|0,0 - 0,25|0 - -0,25|0,25 - 0,5|0 - -0,25|1
BARUSDT|01001|False|0,0 - 0,25|0,25 - 0,5|0,0 - 0,25|0 - -0,25|0,25 - 0,5|1
BARUSDT|00100|False|0 - -0,25|0,0 - 0,25|0,25 - 0,5|0,0 - 0,25|0 - -0,25|1
BARUSDT|00010|True|0,0 - 0,25|0 - -0,25|0,0 - 0,25|0,25 - 0,5|0,0 - 0,25|1
BARUSDT|10001|True|0,0 - 0,25|0,0 - 0,25|0 - -0,25|0,0 - 0,25|0,25 - 0,5|1
BARUSDT|10011|True|0,0 - 0,25|0 - -0,25|0 - -0,25|0,0 - 0,25|0,0 - 0,25|2
BARUSDT|00110|True|0 - -0,25|0,0 - 0,25|0,0 - 0,25|0,0 - 0,25|0 - -0,25|1
BARUSDT|10011|False|0,0 - 0,25|0 - -0,25|0,0 - 0,25|0,0 - 0,25|0,0 - 0,25|1
BARUSDT|00000|False|0 - -0,25|0 - -0,25|0 - -0,25|0,25 - 0,5|0,0 - 0,25|1
BARUSDT|00000|False|0 - -0,25|0 - -0,25|0 - -0,25|0 - -0,25|0,25 - 0,5|2
BARUSDT|10110|True|0,0 - 0,25|0 - -0,25|0,0 - 0,25|0,0 - 0,25|0 - -0,25|1
BARUSDT|11011|False|0,0 - 0,25|0,0 - 0,25|0 - -0,25|0,0 - 0,25|0,0 - 0,25|1
BARUSDT|00001|False|0,0 - 0,25|0,0 - 0,25|0 - -0,25|0,0 - 0,25|0,0 - 0,25|1
BARUSDT|00000|True|0 - -0,25|0 - -0,25|0,0 - 0,25|0,0 - 0,25|0 - -0,25|1
BARUSDT|00000|True|0,0 - 0,25|0 - -0,25|0 - -0,25|0 - -0,25|0,0 - 0,25|1
BARUSDT|00010|False|0,0 - 0,25|0 - -0,25|0,0 - 0,25|0,25 - 0,5|0 - -0,25|1
BARUSDT|00001|True|0,0 - 0,25|0,0 - 0,25|0 - -0,25|0,0 - 0,25|0,25 - 0,5|1
BARUSDT|10011|False|0,25 - 0,5|0 - -0,25|0 - -0,25|0,0 - 0,25|0,0 - 0,25|1
BARUSDT|01001|False|0,25 - 0,5|0,25 - 0,5|0 - -0,25|0 - -0,25|0,0 - 0,25|1
BARUSDT|00000|False|0 - -0,25|0 - -0,25|0 - -0,25|0,0 - 0,25|0,25 - 0,5|1
BARUSDT|00100|True|0 - -0,25|0,0 - 0,25|0,0 - 0,25|0,0 - 0,25|0,0 - 0,25|1
BARUSDT|10010|False|0,0 - 0,25|0 - -0,25|0,0 - 0,25|0,0 - 0,25|0,0 - 0,25|1
BARUSDT|00000|False|0,25 - 0,5|0 - -0,25|0,0 - 0,25|0 - -0,25|0 - -0,25|1
BARUSDT|00000|True|0,0 - 0,25|0,25 - 0,5|0 - -0,25|0,0 - 0,25|0 - -0,25|1
BARUSDT|10000|False|0,25 - 0,5|0,0 - 0,25|0,25 - 0,5|0 - -0,25|0,0 - 0,25|1
BARUSDT|01000|False|0 - -0,25|0,25 - 0,5|0,0 - 0,25|0,25 - 0,5|0 - -0,25|1
BARUSDT|00100|False|0,25 - 0,5|0 - -0,25|0,25 - 0,5|0,0 - 0,25|0,25 - 0,5|1
BARUSDT|00010|False|0 - -0,25|0,25 - 0,5|0 - -0,25|0,25 - 0,5|0,0 - 0,25|1
