COCOSUSDT||False||||||5
COCOSUSDT|00000|False|0 - -0,25|0,25 - 0,5|0 - -0,25|0,0 - 0,25|0 - -0,25|1
COCOSUSDT|00000|True|0,25 - 0,5|0 - -0,25|0,25 - 0,5|0 - -0,25|0,0 - 0,25|1
COCOSUSDT|10000|True|0,25 - 0,5|0,25 - 0,5|0 - -0,25|0,25 - 0,5|0 - -0,25|1
COCOSUSDT|11000|True|0,0 - 0,25|0,25 - 0,5|0,25 - 0,5|0 - -0,25|0,25 - 0,5|1
COCOSUSDT|11100|False|0,0 - 0,25|0,0 - 0,25|0,25 - 0,5|0,25 - 0,5|0 - -0,25|1
COCOSUSDT|01110|False|0,0 - 0,25|0,0 - 0,25|0,0 - 0,25|0,25 - 0,5|0,25 - 0,5|1
COCOSUSDT|00111|True|0 - -0,25|0,0 - 0,25|0,0 - 0,25|0,0 - 0,25|0,25 - 0,5|2
COCOSUSDT|10011|True|0,0 - 0,25|0 - -0,25|0,0 - 0,25|0,0 - 0,25|0,0 - 0,25|3
COCOSUSDT|11001|False|0,0 - 0,25|0,0 - 0,25|0 - -0,25|0,0 - 0,25|0,0 - 0,25|2
COCOSUSDT|01100|False|0,0 - 0,25|0,0 - 0,25|0,0 - 0,25|0 - -0,25|0,0 - 0,25|3
COCOSUSDT|00110|False|0 - -0,25|0,0 - 0,25|0,0 - 0,25|0,0 - 0,25|0 - -0,25|2
COCOSUSDT|00011|True|0 - -0,25|0 - -0,25|0,0 - 0,25|0,0 - 0,25|0,0 - 0,25|2
COCOSUSDT|10001|True|0,0 - 0,25|0 - -0,25|0 - -0,25|0,0 - 0,25|0,0 - 0,25|1
COCOSUSDT|11000|False|0,0 - 0,25|0,0 - 0,25|0 - -0,25|0 - -0,25|0,0 - 0,25|1
COCOSUSDT|01100|False|0,0 - 0,25|0,0 - 0,25|0,0 - 0,25|0 - -0,25|0 - -0,25|2
COCOSUSDT|00110|False|0,0 - 0,25|0,0 - 0,25|0,0 - 0,25|0,0 - 0,25|0 - -0,25|4
COCOSUSDT|00011|True|0 - -0,25|0,0 - 0,25|0,0 - 0,25|0,0 - 0,25|0,0 - 0,25|2
COCOSUSDT|10001|False|0,0 - 0,25|0 - -0,25|0,0 - 0,25|0,0 - 0,25|0,0 - 0,25|3
COCOSUSDT|01000|False|0,0 - 0,25|0,0 - 0,25|0 - -0,25|0,0 - 0,25|0,0 - 0,25|3
COCOSUSDT|00100|True|0,25 - 0,5|0,0 - 0,25|0,0 - 0,25|0 - -0,25|0,0 - 0,25|1
COCOSUSDT|10010|True|0,0 - 0,25|0,25 - 0,5|0,0 - 0,25|0,0 - 0,25|0 - -0,25|1
COCOSUSDT|11001|False|0,0 - 0,25|0,0 - 0,25|0,25 - 0,5|0,0 - 0,25|0,0 - 0,25|1
COCOSUSDT|01100|True|0,0 - 0,25|0,0 - 0,25|0,0 - 0,25|0,25 - 0,5|0,0 - 0,25|1
COCOSUSDT|10110|True|0,0 - 0,25|0,0 - 0,25|0,0 - 0,25|0,0 - 0,25|0,25 - 0,5|1
COCOSUSDT|11011|True|0,0 - 0,25|0,0 - 0,25|0,0 - 0,25|0,0 - 0,25|0,0 - 0,25|2
COCOSUSDT|11101|True|0,0 - 0,25|0,0 - 0,25|0,0 - 0,25|0,0 - 0,25|0,0 - 0,25|3
COCOSUSDT|11110|False|0,0 - 0,25|0,0 - 0,25|0,0 - 0,25|0,0 - 0,25|0,0 - 0,25|3
COCOSUSDT|01111|False|0 - -0,25|0,0 - 0,25|0,0 - 0,25|0,0 - 0,25|0,0 - 0,25|4
COCOSUSDT|00111|False|0,5 - 1|0 - -0,25|0,0 - 0,25|0,0 - 0,25|0,0 - 0,25|1
COCOSUSDT|00011|False|0,25 - 0,5|0,5 - 1|0 - -0,25|0,0 - 0,25|0,0 - 0,25|1
COCOSUSDT|00001|True|0,0 - 0,25|0,25 - 0,5|0,5 - 1|0 - -0,25|0,0 - 0,25|1
COCOSUSDT|10000|False|0,0 - 0,25|0,0 - 0,25|0,25 - 0,5|0,5 - 1|0 - -0,25|1
COCOSUSDT|01000|False|0,0 - 0,25|0,0 - 0,25|0,0 - 0,25|0,25 - 0,5|0,5 - 1|1
COCOSUSDT|00100|False|0,0 - 0,25|0,0 - 0,25|0,0 - 0,25|0,0 - 0,25|0,25 - 0,5|1
COCOSUSDT|00010|False|0,0 - 0,25|0,0 - 0,25|0,0 - 0,25|0,0 - 0,25|0,0 - 0,25|3
COCOSUSDT|00001|False|0 - -0,25|0,0 - 0,25|0,0 - 0,25|0,0 - 0,25|0,0 - 0,25|3
COCOSUSDT|00000|True|0 - -0,25|0 - -0,25|0,0 - 0,25|0,0 - 0,25|0,0 - 0,25|1
COCOSUSDT|10000|True|0,0 - 0,25|0 - -0,25|0 - -0,25|0,0 - 0,25|0,0 - 0,25|3
COCOSUSDT|11000|True|0,0 - 0,25|0,0 - 0,25|0 - -0,25|0 - -0,25|0,0 - 0,25|3
COCOSUSDT|11100|False|0,0 - 0,25|0,0 - 0,25|0,0 - 0,25|0 - -0,25|0 - -0,25|5
COCOSUSDT|01110|False|0 - -0,25|0,0 - 0,25|0,0 - 0,25|0,0 - 0,25|0 - -0,25|2
COCOSUSDT|00111|True|0 - -0,25|0 - -0,25|0,0 - 0,25|0,0 - 0,25|0,0 - 0,25|1
COCOSUSDT|10011|False|0,0 - 0,25|0 - -0,25|0 - -0,25|0,0 - 0,25|0,0 - 0,25|1
COCOSUSDT|01001|False|0,25 - 0,5|0,0 - 0,25|0 - -0,25|0 - -0,25|0,0 - 0,25|1
COCOSUSDT|00100|False|0 - -0,25|0,25 - 0,5|0,0 - 0,25|0 - -0,25|0 - -0,25|1
COCOSUSDT|00010|False|0 - -0,25|0 - -0,25|0,25 - 0,5|0,0 - 0,25|0 - -0,25|2
COCOSUSDT|00001|False|0 - -0,25|0 - -0,25|0 - -0,25|0,25 - 0,5|0,0 - 0,25|1
COCOSUSDT|00000|False|0 - -0,25|0 - -0,25|0 - -0,25|0 - -0,25|0,25 - 0,5|1
COCOSUSDT|00000|False|0 - -0,25|0 - -0,25|0 - -0,25|0 - -0,25|0 - -0,25|2
COCOSUSDT|00000|False|0,0 - 0,25|0 - -0,25|0 - -0,25|0 - -0,25|0 - -0,25|3
COCOSUSDT|00000|False|0,0 - 0,25|0,0 - 0,25|0 - -0,25|0 - -0,25|0 - -0,25|1
COCOSUSDT|00000|False|0,25 - 0,5|0,0 - 0,25|0,0 - 0,25|0 - -0,25|0 - -0,25|1
COCOSUSDT|00000|True|0 - -0,25|0,25 - 0,5|0,0 - 0,25|0,0 - 0,25|0 - -0,25|1
COCOSUSDT|10000|False|0,25 - 0,5|0 - -0,25|0,25 - 0,5|0,0 - 0,25|0,0 - 0,25|1
COCOSUSDT|01000|False|0,0 - 0,25|0,25 - 0,5|0 - -0,25|0,25 - 0,5|0,0 - 0,25|1
COCOSUSDT|00100|False|0 - -0,25|0,0 - 0,25|0,25 - 0,5|0 - -0,25|0,25 - 0,5|1
COCOSUSDT|00010|False|0,0 - 0,25|0 - -0,25|0,0 - 0,25|0,25 - 0,5|0 - -0,25|1
COCOSUSDT|00001|True|0 - -0,25|0,0 - 0,25|0 - -0,25|0,0 - 0,25|0,25 - 0,5|1
COCOSUSDT|10000|False|0,0 - 0,25|0 - -0,25|0,0 - 0,25|0 - -0,25|0,0 - 0,25|2
COCOSUSDT|01000|False|0,25 - 0,5|0,0 - 0,25|0 - -0,25|0,0 - 0,25|0 - -0,25|1
COCOSUSDT|00100|False|0 - -0,25|0,25 - 0,5|0,0 - 0,25|0 - -0,25|0,0 - 0,25|1
COCOSUSDT|00001|True|0,0 - 0,25|0 - -0,25|0 - -0,25|0,25 - 0,5|0,0 - 0,25|1
COCOSUSDT|10000|False|0,0 - 0,25|0,0 - 0,25|0 - -0,25|0 - -0,25|0,25 - 0,5|1
COCOSUSDT|01000|True|0,0 - 0,25|0,0 - 0,25|0,0 - 0,25|0 - -0,25|0 - -0,25|1
COCOSUSDT|10100|False|0,25 - 0,5|0,0 - 0,25|0,0 - 0,25|0,0 - 0,25|0 - -0,25|1
COCOSUSDT|01010|False|0,0 - 0,25|0,25 - 0,5|0,0 - 0,25|0,0 - 0,25|0,0 - 0,25|1
COCOSUSDT|00101|False|0 - -0,25|0,0 - 0,25|0,25 - 0,5|0,0 - 0,25|0,0 - 0,25|1
COCOSUSDT|00010|False|0,0 - 0,25|0 - -0,25|0,0 - 0,25|0,25 - 0,5|0,0 - 0,25|1
COCOSUSDT|00001|False|0 - -0,25|0,0 - 0,25|0 - -0,25|0,0 - 0,25|0,25 - 0,5|1
COCOSUSDT|00000|False|0 - -0,25|0 - -0,25|0,0 - 0,25|0 - -0,25|0,0 - 0,25|2
COCOSUSDT|00000|True|0,0 - 0,25|0 - -0,25|0 - -0,25|0,0 - 0,25|0 - -0,25|1
COCOSUSDT|10000|True|0,25 - 0,5|0,0 - 0,25|0 - -0,25|0 - -0,25|0,0 - 0,25|1
COCOSUSDT|11000|False|0,25 - 0,5|0,25 - 0,5|0,0 - 0,25|0 - -0,25|0 - -0,25|1
COCOSUSDT|01100|False|0,0 - 0,25|0,25 - 0,5|0,25 - 0,5|0,0 - 0,25|0 - -0,25|1
COCOSUSDT|00110|True|0,0 - 0,25|0,0 - 0,25|0,25 - 0,5|0,25 - 0,5|0,0 - 0,25|1
COCOSUSDT|10011|True|0,0 - 0,25|0,0 - 0,25|0,0 - 0,25|0,25 - 0,5|0,25 - 0,5|1
COCOSUSDT|11001|False|0,25 - 0,5|0,0 - 0,25|0,0 - 0,25|0,0 - 0,25|0,25 - 0,5|1
COCOSUSDT|01100|True|0 - -0,25|0,25 - 0,5|0,0 - 0,25|0,0 - 0,25|0,0 - 0,25|1
COCOSUSDT|10110|True|0,0 - 0,25|0 - -0,25|0,25 - 0,5|0,0 - 0,25|0,0 - 0,25|1
COCOSUSDT|11011|True|0,25 - 0,5|0,0 - 0,25|0 - -0,25|0,25 - 0,5|0,0 - 0,25|1
COCOSUSDT|11101|False|0,0 - 0,25|0,25 - 0,5|0,0 - 0,25|0 - -0,25|0,25 - 0,5|1
COCOSUSDT|01110|False|0 - -0,25|0,0 - 0,25|0,25 - 0,5|0,0 - 0,25|0 - -0,25|1
COCOSUSDT|00111|False|0 - -0,25|0 - -0,25|0,0 - 0,25|0,25 - 0,5|0,0 - 0,25|2
COCOSUSDT|00011|False|0,25 - 0,5|0 - -0,25|0 - -0,25|0,0 - 0,25|0,25 - 0,5|1
COCOSUSDT|00001|True|0 - -0,25|0,25 - 0,5|0 - -0,25|0 - -0,25|0,0 - 0,25|1
COCOSUSDT|10000|False|0,0 - 0,25|0 - -0,25|0,25 - 0,5|0 - -0,25|0 - -0,25|1
COCOSUSDT|01000|False|0 - -0,25|0,0 - 0,25|0 - -0,25|0,25 - 0,5|0 - -0,25|1
COCOSUSDT|00100|False|0 - -0,25|0 - -0,25|0,0 - 0,25|0 - -0,25|0,25 - 0,5|1
COCOSUSDT|00010|True|0 - -0,25|0 - -0,25|0 - -0,25|0,0 - 0,25|0 - -0,25|1
COCOSUSDT|10001|True|0,0 - 0,25|0 - -0,25|0 - -0,25|0 - -0,25|0,0 - 0,25|1
COCOSUSDT|11000|True|0,0 - 0,25|0,0 - 0,25|0 - -0,25|0 - -0,25|0 - -0,25|2
COCOSUSDT|01110|False|0,0 - 0,25|0,0 - 0,25|0,0 - 0,25|0,0 - 0,25|0 - -0,25|2
COCOSUSDT|00111|False|0 - -0,25|0,0 - 0,25|0,0 - 0,25|0,0 - 0,25|0,0 - 0,25|2
COCOSUSDT|00011|False|0,0 - 0,25|0 - -0,25|0,0 - 0,25|0,0 - 0,25|0,0 - 0,25|4
COCOSUSDT|00001|False|0 - -0,25|0,0 - 0,25|0 - -0,25|0,0 - 0,25|0,0 - 0,25|2
COCOSUSDT|00000|False|0,0 - 0,25|0 - -0,25|0,0 - 0,25|0 - -0,25|0,0 - 0,25|9
COCOSUSDT|00000|False|0 - -0,25|0,0 - 0,25|0 - -0,25|0,0 - 0,25|0 - -0,25|4
COCOSUSDT|00000|False|0,0 - 0,25|0,0 - 0,25|0 - -0,25|0,0 - 0,25|0 - -0,25|7
COCOSUSDT|00000|False|0 - -0,25|0,0 - 0,25|0,0 - 0,25|0 - -0,25|0,0 - 0,25|4
COCOSUSDT|00000|False|0,0 - 0,25|0 - -0,25|0,0 - 0,25|0,0 - 0,25|0 - -0,25|2
COCOSUSDT|00000|False|0 - -0,25|0,0 - 0,25|0 - -0,25|0,0 - 0,25|0,0 - 0,25|1
COCOSUSDT|00000|True|0,5 - 1|0,0 - 0,25|0,0 - 0,25|0 - -0,25|0,0 - 0,25|1
COCOSUSDT|10000|False|0,25 - 0,5|0,5 - 1|0,0 - 0,25|0,0 - 0,25|0 - -0,25|1
COCOSUSDT|01000|True|0,0 - 0,25|0,25 - 0,5|0,5 - 1|0,0 - 0,25|0,0 - 0,25|1
COCOSUSDT|10100|False|0,0 - 0,25|0,0 - 0,25|0,25 - 0,5|0,5 - 1|0,0 - 0,25|1
COCOSUSDT|01010|True|0,0 - 0,25|0,0 - 0,25|0,0 - 0,25|0,25 - 0,5|0,5 - 1|1
COCOSUSDT|10101|False|0,0 - 0,25|0,0 - 0,25|0,0 - 0,25|0,0 - 0,25|0,25 - 0,5|1
COCOSUSDT|01010|False|0 - -0,25|0,0 - 0,25|0,0 - 0,25|0,0 - 0,25|0,0 - 0,25|1
COCOSUSDT|00101|False|0,0 - 0,25|0 - -0,25|0,0 - 0,25|0,0 - 0,25|0,0 - 0,25|2
COCOSUSDT|00010|True|0,25 - 0,5|0,0 - 0,25|0 - -0,25|0,0 - 0,25|0,0 - 0,25|1
COCOSUSDT|10001|False|0,25 - 0,5|0,25 - 0,5|0,0 - 0,25|0 - -0,25|0,0 - 0,25|1
COCOSUSDT|01000|False|0,25 - 0,5|0,25 - 0,5|0,25 - 0,5|0,0 - 0,25|0 - -0,25|1
COCOSUSDT|00100|True|0 - -0,25|0,25 - 0,5|0,25 - 0,5|0,25 - 0,5|0,0 - 0,25|1
COCOSUSDT|10010|False|0,25 - 0,5|0 - -0,25|0,25 - 0,5|0,25 - 0,5|0,25 - 0,5|1
COCOSUSDT|01001|False|0 - -0,25|0,25 - 0,5|0 - -0,25|0,25 - 0,5|0,25 - 0,5|1
COCOSUSDT|00100|False|0,0 - 0,25|0 - -0,25|0,25 - 0,5|0 - -0,25|0,25 - 0,5|1
COCOSUSDT|00010|False|0,0 - 0,25|0,0 - 0,25|0 - -0,25|0,25 - 0,5|0 - -0,25|1
COCOSUSDT|00001|False|0,0 - 0,25|0,0 - 0,25|0,0 - 0,25|0 - -0,25|0,25 - 0,5|1
COCOSUSDT|00000|False|0,0 - 0,25|0,0 - 0,25|0,0 - 0,25|0,0 - 0,25|0 - -0,25|4
COCOSUSDT|00000|False|0 - -0,25|0,0 - 0,25|0,0 - 0,25|0,0 - 0,25|0,0 - 0,25|3
COCOSUSDT|00000|True|0,0 - 0,25|0 - -0,25|0,0 - 0,25|0,0 - 0,25|0,0 - 0,25|2
COCOSUSDT|10000|True|0,25 - 0,5|0,0 - 0,25|0 - -0,25|0,0 - 0,25|0,0 - 0,25|1
COCOSUSDT|11000|False|0,0 - 0,25|0,25 - 0,5|0,0 - 0,25|0 - -0,25|0,0 - 0,25|1
COCOSUSDT|01100|True|0,0 - 0,25|0,0 - 0,25|0,25 - 0,5|0,0 - 0,25|0 - -0,25|1
COCOSUSDT|10110|False|0,25 - 0,5|0,0 - 0,25|0,0 - 0,25|0,25 - 0,5|0,0 - 0,25|2
COCOSUSDT|01011|False|0 - -0,25|0,25 - 0,5|0,0 - 0,25|0,0 - 0,25|0,25 - 0,5|1
COCOSUSDT|00101|True|0,25 - 0,5|0 - -0,25|0,25 - 0,5|0,0 - 0,25|0,0 - 0,25|1
COCOSUSDT|10010|True|0,25 - 0,5|0,25 - 0,5|0 - -0,25|0,25 - 0,5|0,0 - 0,25|1
COCOSUSDT|11001|True|0,0 - 0,25|0,25 - 0,5|0,25 - 0,5|0 - -0,25|0,25 - 0,5|1
COCOSUSDT|11100|True|0,0 - 0,25|0,0 - 0,25|0,25 - 0,5|0,25 - 0,5|0 - -0,25|1
COCOSUSDT|11110|True|0,0 - 0,25|0,0 - 0,25|0,0 - 0,25|0,25 - 0,5|0,25 - 0,5|1
COCOSUSDT|11111|True|0,0 - 0,25|0,0 - 0,25|0,0 - 0,25|0,0 - 0,25|0,25 - 0,5|1
COCOSUSDT|11111|False|0,0 - 0,25|0,0 - 0,25|0,0 - 0,25|0,0 - 0,25|0,0 - 0,25|2
COCOSUSDT|01111|False|0,0 - 0,25|0,0 - 0,25|0,0 - 0,25|0,0 - 0,25|0,0 - 0,25|4
COCOSUSDT|00001|False|0,0 - 0,25|0,0 - 0,25|0 - -0,25|0,0 - 0,25|0,0 - 0,25|2
COCOSUSDT|00000|False|0,25 - 0,5|0,0 - 0,25|0,0 - 0,25|0 - -0,25|0,0 - 0,25|2
COCOSUSDT|00000|True|0,25 - 0,5|0,25 - 0,5|0,0 - 0,25|0,0 - 0,25|0 - -0,25|1
COCOSUSDT|10000|True|0,0 - 0,25|0,25 - 0,5|0,25 - 0,5|0,0 - 0,25|0,0 - 0,25|1
COCOSUSDT|11000|False|0,0 - 0,25|0,0 - 0,25|0,25 - 0,5|0,25 - 0,5|0,0 - 0,25|1
COCOSUSDT|01100|False|0,0 - 0,25|0,0 - 0,25|0,0 - 0,25|0,25 - 0,5|0,25 - 0,5|1
COCOSUSDT|00110|False|0 - -0,25|0,0 - 0,25|0,0 - 0,25|0,0 - 0,25|0,25 - 0,5|1
COCOSUSDT|00011|False|0 - -0,25|0 - -0,25|0,0 - 0,25|0,0 - 0,25|0,0 - 0,25|1
COCOSUSDT|00001|True|0 - -0,25|0 - -0,25|0 - -0,25|0,0 - 0,25|0,0 - 0,25|1
COCOSUSDT|10000|False|0,25 - 0,5|0 - -0,25|0 - -0,25|0 - -0,25|0,0 - 0,25|1
COCOSUSDT|01000|True|0 - -0,25|0,25 - 0,5|0 - -0,25|0 - -0,25|0 - -0,25|1
COCOSUSDT|10100|False|0,25 - 0,5|0 - -0,25|0,25 - 0,5|0 - -0,25|0 - -0,25|1
COCOSUSDT|01010|False|0,0 - 0,25|0,25 - 0,5|0 - -0,25|0,25 - 0,5|0 - -0,25|1
COCOSUSDT|00101|False|0,0 - 0,25|0,0 - 0,25|0,25 - 0,5|0 - -0,25|0,25 - 0,5|1
COCOSUSDT|00010|False|0,0 - 0,25|0,0 - 0,25|0,0 - 0,25|0,25 - 0,5|0 - -0,25|1
COCOSUSDT|00001|True|0,25 - 0,5|0,0 - 0,25|0,0 - 0,25|0,0 - 0,25|0,25 - 0,5|2
COCOSUSDT|10000|False|0,0 - 0,25|0,25 - 0,5|0,0 - 0,25|0,0 - 0,25|0,0 - 0,25|4
COCOSUSDT|01000|True|0,0 - 0,25|0,0 - 0,25|0,25 - 0,5|0,0 - 0,25|0,0 - 0,25|2
COCOSUSDT|10100|False|0,0 - 0,25|0,0 - 0,25|0,0 - 0,25|0,25 - 0,5|0,0 - 0,25|1
COCOSUSDT|01010|False|0 - -0,25|0,0 - 0,25|0,0 - 0,25|0,0 - 0,25|0,25 - 0,5|1
COCOSUSDT|00010|True|0 - -0,25|0,0 - 0,25|0 - -0,25|0,0 - 0,25|0,0 - 0,25|1
COCOSUSDT|10001|True|0,0 - 0,25|0 - -0,25|0,0 - 0,25|0 - -0,25|0,0 - 0,25|2
COCOSUSDT|11000|True|0,0 - 0,25|0,0 - 0,25|0 - -0,25|0,0 - 0,25|0 - -0,25|1
COCOSUSDT|11100|True|0,0 - 0,25|0,0 - 0,25|0,0 - 0,25|0 - -0,25|0,0 - 0,25|1
COCOSUSDT|11110|False|0,0 - 0,25|0,0 - 0,25|0,0 - 0,25|0,0 - 0,25|0 - -0,25|5
COCOSUSDT|01111|True|0,0 - 0,25|0,0 - 0,25|0,0 - 0,25|0,0 - 0,25|0,0 - 0,25|3
COCOSUSDT|10111|False|0,0 - 0,25|0,0 - 0,25|0,0 - 0,25|0,0 - 0,25|0,0 - 0,25|1
COCOSUSDT|01011|False|0 - -0,25|0,0 - 0,25|0,0 - 0,25|0,0 - 0,25|0,0 - 0,25|1
COCOSUSDT|00101|True|0,5 - 1|0 - -0,25|0,0 - 0,25|0,0 - 0,25|0,0 - 0,25|1
COCOSUSDT|10010|False|0,25 - 0,5|0,5 - 1|0 - -0,25|0,0 - 0,25|0,0 - 0,25|1
COCOSUSDT|01001|True|0,0 - 0,25|0,25 - 0,5|0,5 - 1|0 - -0,25|0,0 - 0,25|1
COCOSUSDT|10100|True|0,0 - 0,25|0,0 - 0,25|0,25 - 0,5|0,5 - 1|0 - -0,25|1
COCOSUSDT|11010|True|0,25 - 0,5|0,0 - 0,25|0,0 - 0,25|0,25 - 0,5|0,5 - 1|1
COCOSUSDT|11101|False|0,0 - 0,25|0,25 - 0,5|0,0 - 0,25|0,0 - 0,25|0,25 - 0,5|1
COCOSUSDT|01110|True|0,25 - 0,5|0,0 - 0,25|0,25 - 0,5|0,0 - 0,25|0,0 - 0,25|2
COCOSUSDT|10111|True|0,25 - 0,5|0,25 - 0,5|0,0 - 0,25|0,25 - 0,5|0,0 - 0,25|1
COCOSUSDT|11011|False|0,25 - 0,5|0,25 - 0,5|0,25 - 0,5|0,0 - 0,25|0,25 - 0,5|1
COCOSUSDT|01101|False|0,0 - 0,25|0,25 - 0,5|0,25 - 0,5|0,25 - 0,5|0,0 - 0,25|1
COCOSUSDT|00110|False|0,25 - 0,5|0,0 - 0,25|0,25 - 0,5|0,25 - 0,5|0,25 - 0,5|1
COCOSUSDT|00011|True|0,0 - 0,25|0,25 - 0,5|0,0 - 0,25|0,25 - 0,5|0,25 - 0,5|1
COCOSUSDT|10001|False|0,25 - 0,5|0,0 - 0,25|0,25 - 0,5|0,0 - 0,25|0,25 - 0,5|1
COCOSUSDT|01000|True|0,0 - 0,25|0,25 - 0,5|0,0 - 0,25|0,25 - 0,5|0,0 - 0,25|1
COCOSUSDT|10100|True|0,0 - 0,25|0,0 - 0,25|0,25 - 0,5|0,0 - 0,25|0,25 - 0,5|1
COCOSUSDT|11010|False|0,25 - 0,5|0,0 - 0,25|0,0 - 0,25|0,25 - 0,5|0,0 - 0,25|2
COCOSUSDT|01101|True|0,25 - 0,5|0,25 - 0,5|0,0 - 0,25|0,0 - 0,25|0,25 - 0,5|1
COCOSUSDT|10110|True|0,25 - 0,5|0,25 - 0,5|0,25 - 0,5|0,0 - 0,25|0,0 - 0,25|1
COCOSUSDT|11011|False|0,5 - 1|0,25 - 0,5|0,25 - 0,5|0,25 - 0,5|0,0 - 0,25|1
COCOSUSDT|01101|False|0,25 - 0,5|0,5 - 1|0,25 - 0,5|0,25 - 0,5|0,25 - 0,5|1
COCOSUSDT|00110|True|0,5 - 1|0,25 - 0,5|0,5 - 1|0,25 - 0,5|0,25 - 0,5|1
COCOSUSDT|10011|True|0,25 - 0,5|0,5 - 1|0,25 - 0,5|0,5 - 1|0,25 - 0,5|1
COCOSUSDT|11001|False|0,0 - 0,25|0,25 - 0,5|0,5 - 1|0,25 - 0,5|0,5 - 1|1
COCOSUSDT|01100|False|0,0 - 0,25|0,0 - 0,25|0,25 - 0,5|0,5 - 1|0,25 - 0,5|1
COCOSUSDT|00110|False|0 - -0,25|0,0 - 0,25|0,0 - 0,25|0,25 - 0,5|0,5 - 1|2
COCOSUSDT|00011|False|0,25 - 0,5|0 - -0,25|0,0 - 0,25|0,0 - 0,25|0,25 - 0,5|2
COCOSUSDT|00001|False|0,0 - 0,25|0,25 - 0,5|0 - -0,25|0,0 - 0,25|0,0 - 0,25|1
COCOSUSDT|00000|False|0 - -0,25|0,0 - 0,25|0,25 - 0,5|0 - -0,25|0,0 - 0,25|1
COCOSUSDT|00000|True|0,0 - 0,25|0 - -0,25|0,0 - 0,25|0,25 - 0,5|0 - -0,25|1
COCOSUSDT|10000|True|0,0 - 0,25|0,0 - 0,25|0 - -0,25|0,0 - 0,25|0,25 - 0,5|1
COCOSUSDT|11000|False|0,0 - 0,25|0,0 - 0,25|0,0 - 0,25|0 - -0,25|0,0 - 0,25|2
COCOSUSDT|01100|False|0,0 - 0,25|0,0 - 0,25|0,0 - 0,25|0,0 - 0,25|0 - -0,25|1
COCOSUSDT|00110|False|0 - -0,25|0,0 - 0,25|0,0 - 0,25|0,0 - 0,25|0,0 - 0,25|2
COCOSUSDT|00001|True|0,0 - 0,25|0,0 - 0,25|0 - -0,25|0,0 - 0,25|0,0 - 0,25|2
COCOSUSDT|10000|True|0,0 - 0,25|0,0 - 0,25|0,0 - 0,25|0 - -0,25|0,0 - 0,25|1
COCOSUSDT|11000|True|0,5 - 1|0,0 - 0,25|0,0 - 0,25|0,0 - 0,25|0 - -0,25|1
COCOSUSDT|11100|False|0,0 - 0,25|0,5 - 1|0,0 - 0,25|0,0 - 0,25|0,0 - 0,25|1
COCOSUSDT|01110|False|0,0 - 0,25|0,0 - 0,25|0,5 - 1|0,0 - 0,25|0,0 - 0,25|1
COCOSUSDT|00111|False|0,0 - 0,25|0,0 - 0,25|0,0 - 0,25|0,5 - 1|0,0 - 0,25|1
COCOSUSDT|00011|False|0 - -0,25|0,0 - 0,25|0,0 - 0,25|0,0 - 0,25|0,5 - 1|1
COCOSUSDT|00001|False|0 - -0,25|0 - -0,25|0,0 - 0,25|0,0 - 0,25|0,0 - 0,25|2
COCOSUSDT|00000|False|0,0 - 0,25|0 - -0,25|0 - -0,25|0,0 - 0,25|0,0 - 0,25|2
COCOSUSDT|00000|False|0 - -0,25|0,0 - 0,25|0 - -0,25|0 - -0,25|0,0 - 0,25|2
COCOSUSDT|00000|True|0 - -0,25|0 - -0,25|0,0 - 0,25|0 - -0,25|0 - -0,25|2
COCOSUSDT|10000|True|0,5 - 1|0 - -0,25|0 - -0,25|0,0 - 0,25|0 - -0,25|1
COCOSUSDT|11000|True|0,25 - 0,5|0,5 - 1|0 - -0,25|0 - -0,25|0,0 - 0,25|1
COCOSUSDT|11100|True|0,25 - 0,5|0,25 - 0,5|0,5 - 1|0 - -0,25|0 - -0,25|1
COCOSUSDT|11110|False|0,5 - 1|0,25 - 0,5|0,25 - 0,5|0,5 - 1|0 - -0,25|1
COCOSUSDT|01111|True|0,25 - 0,5|0,5 - 1|0,25 - 0,5|0,25 - 0,5|0,5 - 1|1
COCOSUSDT|10111|True|0,5 - 1|0,25 - 0,5|0,5 - 1|0,25 - 0,5|0,25 - 0,5|1
COCOSUSDT|11011|True|0,5 - 1|0,5 - 1|0,25 - 0,5|0,5 - 1|0,25 - 0,5|1
COCOSUSDT|11101|True|0,25 - 0,5|0,5 - 1|0,5 - 1|0,25 - 0,5|0,5 - 1|1
COCOSUSDT|11110|True|0,25 - 0,5|0,25 - 0,5|0,5 - 1|0,5 - 1|0,25 - 0,5|1
COCOSUSDT|11111|True|0,5 - 1|0,25 - 0,5|0,25 - 0,5|0,5 - 1|0,5 - 1|1
COCOSUSDT|11111|False|0,25 - 0,5|0,5 - 1|0,25 - 0,5|0,25 - 0,5|0,5 - 1|1
COCOSUSDT|01111|True|0,0 - 0,25|0,25 - 0,5|0,5 - 1|0,25 - 0,5|0,25 - 0,5|1
COCOSUSDT|10111|True|0,0 - 0,25|0,0 - 0,25|0,25 - 0,5|0,5 - 1|0,25 - 0,5|2
COCOSUSDT|11011|True|0,0 - 0,25|0,0 - 0,25|0,0 - 0,25|0,25 - 0,5|0,5 - 1|1
COCOSUSDT|11101|True|0,0 - 0,25|0,0 - 0,25|0,0 - 0,25|0,0 - 0,25|0,25 - 0,5|1
COCOSUSDT|11110|True|0,0 - 0,25|0,0 - 0,25|0,0 - 0,25|0,0 - 0,25|0,0 - 0,25|1
COCOSUSDT|10111|True|0,0 - 0,25|0,0 - 0,25|0,0 - 0,25|0,0 - 0,25|0,0 - 0,25|3
COCOSUSDT|11011|False|0,0 - 0,25|0,0 - 0,25|0,0 - 0,25|0,0 - 0,25|0,0 - 0,25|2
COCOSUSDT|01101|False|0,0 - 0,25|0,0 - 0,25|0,0 - 0,25|0,0 - 0,25|0,0 - 0,25|1
COCOSUSDT|00110|True|0 - -0,25|0,0 - 0,25|0,0 - 0,25|0,0 - 0,25|0,0 - 0,25|2
COCOSUSDT|11001|True|0,0 - 0,25|0,0 - 0,25|0 - -0,25|0,0 - 0,25|0,0 - 0,25|2
COCOSUSDT|11100|False|0,0 - 0,25|0,0 - 0,25|0,0 - 0,25|0 - -0,25|0,0 - 0,25|1
COCOSUSDT|01110|True|0,0 - 0,25|0,0 - 0,25|0,0 - 0,25|0,0 - 0,25|0 - -0,25|1
COCOSUSDT|01101|True|0 - -0,25|0,0 - 0,25|0,0 - 0,25|0,0 - 0,25|0,0 - 0,25|1
COCOSUSDT|10110|False|0,0 - 0,25|0 - -0,25|0,0 - 0,25|0,0 - 0,25|0,0 - 0,25|1
COCOSUSDT|01011|False|0,5 - 1|0,0 - 0,25|0 - -0,25|0,0 - 0,25|0,0 - 0,25|1
COCOSUSDT|00101|False|0,25 - 0,5|0,5 - 1|0,0 - 0,25|0 - -0,25|0,0 - 0,25|1
COCOSUSDT|00010|False|0 - -0,25|0,25 - 0,5|0,5 - 1|0,0 - 0,25|0 - -0,25|1
COCOSUSDT|00001|True|0,25 - 0,5|0 - -0,25|0,25 - 0,5|0,5 - 1|0,0 - 0,25|1
COCOSUSDT|10000|False|0,25 - 0,5|0,25 - 0,5|0 - -0,25|0,25 - 0,5|0,5 - 1|1
COCOSUSDT|01000|False|0,25 - 0,5|0,25 - 0,5|0,25 - 0,5|0 - -0,25|0,25 - 0,5|1
COCOSUSDT|00100|True|0,0 - 0,25|0,25 - 0,5|0,25 - 0,5|0,25 - 0,5|0 - -0,25|1
COCOSUSDT|10010|True|0,0 - 0,25|0,0 - 0,25|0,25 - 0,5|0,25 - 0,5|0,25 - 0,5|2
COCOSUSDT|11001|True|0,25 - 0,5|0,0 - 0,25|0,0 - 0,25|0,25 - 0,5|0,25 - 0,5|1
COCOSUSDT|11100|False|0,0 - 0,25|0,25 - 0,5|0,0 - 0,25|0,0 - 0,25|0,25 - 0,5|1
COCOSUSDT|10111|False|0,25 - 0,5|0,25 - 0,5|0,0 - 0,25|0,25 - 0,5|0,0 - 0,25|1
COCOSUSDT|01011|False|0,25 - 0,5|0,25 - 0,5|0,25 - 0,5|0,0 - 0,25|0,25 - 0,5|1
COCOSUSDT|00101|True|0,0 - 0,25|0,25 - 0,5|0,25 - 0,5|0,25 - 0,5|0,0 - 0,25|1
COCOSUSDT|11001|False|0,0 - 0,25|0,0 - 0,25|0,0 - 0,25|0,25 - 0,5|0,25 - 0,5|1
COCOSUSDT|01100|True|0,0 - 0,25|0,0 - 0,25|0,0 - 0,25|0,0 - 0,25|0,25 - 0,5|1
COCOSUSDT|10110|False|0,0 - 0,25|0,0 - 0,25|0,0 - 0,25|0,0 - 0,25|0,0 - 0,25|2
COCOSUSDT|01011|True|0,0 - 0,25|0,0 - 0,25|0,0 - 0,25|0,0 - 0,25|0,0 - 0,25|1
COCOSUSDT|10101|True|0,0 - 0,25|0,0 - 0,25|0,0 - 0,25|0,0 - 0,25|0,0 - 0,25|1
COCOSUSDT|11010|True|0,0 - 0,25|0,0 - 0,25|0,0 - 0,25|0,0 - 0,25|0,0 - 0,25|1
COCOSUSDT|00111|True|0,0 - 0,25|0,0 - 0,25|0,0 - 0,25|0,0 - 0,25|0,0 - 0,25|1
COCOSUSDT|10011|False|0,0 - 0,25|0,0 - 0,25|0,0 - 0,25|0,0 - 0,25|0,0 - 0,25|1
COCOSUSDT|01001|False|0,0 - 0,25|0,0 - 0,25|0,0 - 0,25|0,0 - 0,25|0,0 - 0,25|1
COCOSUSDT|00100|True|0,0 - 0,25|0,0 - 0,25|0,0 - 0,25|0,0 - 0,25|0,0 - 0,25|1
COCOSUSDT|10010|True|0,25 - 0,5|0,0 - 0,25|0,0 - 0,25|0,0 - 0,25|0,0 - 0,25|1
COCOSUSDT|11001|True|0,0 - 0,25|0,25 - 0,5|0,0 - 0,25|0,0 - 0,25|0,0 - 0,25|2
COCOSUSDT|11100|False|0,0 - 0,25|0,0 - 0,25|0,25 - 0,5|0,0 - 0,25|0,0 - 0,25|1
COCOSUSDT|01110|False|0,0 - 0,25|0,0 - 0,25|0,0 - 0,25|0,25 - 0,5|0,0 - 0,25|1
COCOSUSDT|00111|False|0,0 - 0,25|0,0 - 0,25|0,0 - 0,25|0,0 - 0,25|0,25 - 0,5|1
COCOSUSDT|00011|False|0 - -0,25|0,0 - 0,25|0,0 - 0,25|0,0 - 0,25|0,0 - 0,25|1
COCOSUSDT|00001|True|0 - -0,25|0 - -0,25|0,0 - 0,25|0,0 - 0,25|0,0 - 0,25|2
COCOSUSDT|10000|False|0,0 - 0,25|0 - -0,25|0 - -0,25|0,0 - 0,25|0,0 - 0,25|1
COCOSUSDT|01000|False|0,25 - 0,5|0,0 - 0,25|0 - -0,25|0 - -0,25|0,0 - 0,25|1
COCOSUSDT|00100|False|0,0 - 0,25|0,25 - 0,5|0,0 - 0,25|0 - -0,25|0 - -0,25|1
COCOSUSDT|00010|False|0,0 - 0,25|0,0 - 0,25|0,25 - 0,5|0,0 - 0,25|0 - -0,25|1
COCOSUSDT|00001|True|0,0 - 0,25|0,0 - 0,25|0,0 - 0,25|0,25 - 0,5|0,0 - 0,25|2
COCOSUSDT|10000|False|0,0 - 0,25|0,0 - 0,25|0,0 - 0,25|0,0 - 0,25|0,25 - 0,5|3
COCOSUSDT|01000|True|0,25 - 0,5|0,0 - 0,25|0,0 - 0,25|0,0 - 0,25|0,0 - 0,25|1
COCOSUSDT|10100|False|0,0 - 0,25|0,25 - 0,5|0,0 - 0,25|0,0 - 0,25|0,0 - 0,25|1
COCOSUSDT|01010|True|0,0 - 0,25|0,0 - 0,25|0,25 - 0,5|0,0 - 0,25|0,0 - 0,25|1
COCOSUSDT|10101|False|0,0 - 0,25|0,0 - 0,25|0,0 - 0,25|0,25 - 0,5|0,0 - 0,25|1
COCOSUSDT|01010|True|0 - -0,25|0,0 - 0,25|0,0 - 0,25|0,0 - 0,25|0,25 - 0,5|1
COCOSUSDT|10101|True|0,0 - 0,25|0 - -0,25|0,0 - 0,25|0,0 - 0,25|0,0 - 0,25|1
COCOSUSDT|11010|False|0,0 - 0,25|0,0 - 0,25|0 - -0,25|0,0 - 0,25|0,0 - 0,25|3
COCOSUSDT|01101|True|0,0 - 0,25|0,0 - 0,25|0,0 - 0,25|0 - -0,25|0,0 - 0,25|2
COCOSUSDT|10110|True|0,25 - 0,5|0,0 - 0,25|0,0 - 0,25|0,0 - 0,25|0 - -0,25|2
COCOSUSDT|11011|False|0,0 - 0,25|0,25 - 0,5|0,0 - 0,25|0,0 - 0,25|0,0 - 0,25|1
COCOSUSDT|01101|False|0,25 - 0,5|0,0 - 0,25|0,25 - 0,5|0,0 - 0,25|0,0 - 0,25|1
COCOSUSDT|00110|True|0,0 - 0,25|0,25 - 0,5|0,0 - 0,25|0,25 - 0,5|0,0 - 0,25|1
COCOSUSDT|10011|False|0,0 - 0,25|0,0 - 0,25|0,25 - 0,5|0,0 - 0,25|0,25 - 0,5|1
COCOSUSDT|01001|False|0 - -0,25|0,0 - 0,25|0,0 - 0,25|0,25 - 0,5|0,0 - 0,25|1
COCOSUSDT|00100|False|0,0 - 0,25|0 - -0,25|0,0 - 0,25|0,0 - 0,25|0,25 - 0,5|1
COCOSUSDT|00010|False|0,5 - 1|0,0 - 0,25|0 - -0,25|0,0 - 0,25|0,0 - 0,25|1
COCOSUSDT|00001|True|0,25 - 0,5|0,5 - 1|0,0 - 0,25|0 - -0,25|0,0 - 0,25|1
COCOSUSDT|10000|False|0,25 - 0,5|0,25 - 0,5|0,5 - 1|0,0 - 0,25|0 - -0,25|2
COCOSUSDT|01000|True|0,0 - 0,25|0,25 - 0,5|0,25 - 0,5|0,5 - 1|0,0 - 0,25|1
COCOSUSDT|10100|False|0,0 - 0,25|0,0 - 0,25|0,25 - 0,5|0,25 - 0,5|0,5 - 1|1
COCOSUSDT|01010|False|0,0 - 0,25|0,0 - 0,25|0,0 - 0,25|0,25 - 0,5|0,25 - 0,5|1
COCOSUSDT|00101|True|0,0 - 0,25|0,0 - 0,25|0,0 - 0,25|0,0 - 0,25|0,25 - 0,5|1
COCOSUSDT|10010|False|0,5 - 1|0,0 - 0,25|0,0 - 0,25|0,0 - 0,25|0,0 - 0,25|1
COCOSUSDT|01001|True|0,25 - 0,5|0,5 - 1|0,0 - 0,25|0,0 - 0,25|0,0 - 0,25|1
COCOSUSDT|10100|True|0,0 - 0,25|0,25 - 0,5|0,5 - 1|0,0 - 0,25|0,0 - 0,25|1
COCOSUSDT|11010|False|0,0 - 0,25|0,0 - 0,25|0,25 - 0,5|0,5 - 1|0,0 - 0,25|1
COCOSUSDT|01101|False|0,0 - 0,25|0,0 - 0,25|0,0 - 0,25|0,25 - 0,5|0,5 - 1|1
COCOSUSDT|00110|False|0,0 - 0,25|0,0 - 0,25|0,0 - 0,25|0,0 - 0,25|0,25 - 0,5|2
COCOSUSDT|00011|True|0,0 - 0,25|0,0 - 0,25|0,0 - 0,25|0,0 - 0,25|0,0 - 0,25|4
COCOSUSDT|10001|False|0,0 - 0,25|0,0 - 0,25|0,0 - 0,25|0,0 - 0,25|0,0 - 0,25|5
COCOSUSDT|01000|True|0 - -0,25|0,0 - 0,25|0,0 - 0,25|0,0 - 0,25|0,0 - 0,25|2
COCOSUSDT|10100|False|0,0 - 0,25|0 - -0,25|0,0 - 0,25|0,0 - 0,25|0,0 - 0,25|1
COCOSUSDT|01010|False|0 - -0,25|0,0 - 0,25|0 - -0,25|0,0 - 0,25|0,0 - 0,25|3
COCOSUSDT|00101|False|0,0 - 0,25|0 - -0,25|0,0 - 0,25|0 - -0,25|0,0 - 0,25|1
COCOSUSDT|00010|False|0,0 - 0,25|0,0 - 0,25|0 - -0,25|0,0 - 0,25|0 - -0,25|2
COCOSUSDT|00001|False|0,0 - 0,25|0,0 - 0,25|0,0 - 0,25|0 - -0,25|0,0 - 0,25|3
COCOSUSDT|00000|False|0 - -0,25|0,0 - 0,25|0,0 - 0,25|0,0 - 0,25|0 - -0,25|1
COCOSUSDT|00000|False|0 - -0,25|0 - -0,25|0,0 - 0,25|0,0 - 0,25|0,0 - 0,25|3
COCOSUSDT|00000|False|0 - -0,25|0 - -0,25|0 - -0,25|0,0 - 0,25|0,0 - 0,25|1
COCOSUSDT|00000|False|0 - -0,25|0 - -0,25|0 - -0,25|0 - -0,25|0,0 - 0,25|1
COCOSUSDT|00000|False|0 - -0,25|0,0 - 0,25|0 - -0,25|0 - -0,25|0 - -0,25|2
COCOSUSDT|00000|False|0,0 - 0,25|0 - -0,25|0,0 - 0,25|0 - -0,25|0 - -0,25|2
COCOSUSDT|00000|True|0 - -0,25|0,0 - 0,25|0 - -0,25|0,0 - 0,25|0 - -0,25|1
COCOSUSDT|01000|False|0,0 - 0,25|0,0 - 0,25|0 - -0,25|0,0 - 0,25|0 - -0,25|1
COCOSUSDT|00100|True|0,0 - 0,25|0,0 - 0,25|0,0 - 0,25|0 - -0,25|0,0 - 0,25|1
COCOSUSDT|10010|False|0,0 - 0,25|0,0 - 0,25|0,0 - 0,25|0,0 - 0,25|0 - -0,25|1
COCOSUSDT|01001|False|0 - -0,25|0,0 - 0,25|0,0 - 0,25|0,0 - 0,25|0,0 - 0,25|2
COCOSUSDT|00100|False|0,0 - 0,25|0 - -0,25|0,0 - 0,25|0,0 - 0,25|0,0 - 0,25|2
COCOSUSDT|00010|True|0,0 - 0,25|0,0 - 0,25|0 - -0,25|0,0 - 0,25|0,0 - 0,25|2
COCOSUSDT|10001|False|0,0 - 0,25|0,0 - 0,25|0,0 - 0,25|0 - -0,25|0,0 - 0,25|2
COCOSUSDT|01000|False|0,0 - 0,25|0,0 - 0,25|0,0 - 0,25|0,0 - 0,25|0 - -0,25|2
COCOSUSDT|00100|True|0 - -0,25|0,0 - 0,25|0,0 - 0,25|0,0 - 0,25|0,0 - 0,25|2
COCOSUSDT|10010|True|0,0 - 0,25|0 - -0,25|0,0 - 0,25|0,0 - 0,25|0,0 - 0,25|2
COCOSUSDT|11001|False|0,25 - 0,5|0,0 - 0,25|0 - -0,25|0,0 - 0,25|0,0 - 0,25|1
COCOSUSDT|01100|False|0 - -0,25|0,25 - 0,5|0,0 - 0,25|0 - -0,25|0,0 - 0,25|3
COCOSUSDT|00110|False|0,25 - 0,5|0 - -0,25|0,25 - 0,5|0,0 - 0,25|0 - -0,25|1
COCOSUSDT|00011|False|0 - -0,25|0,25 - 0,5|0 - -0,25|0,25 - 0,5|0,0 - 0,25|1
COCOSUSDT|00001|False|0 - -0,25|0 - -0,25|0,25 - 0,5|0 - -0,25|0,25 - 0,5|1
COCOSUSDT|00000|False|0,0 - 0,25|0 - -0,25|0 - -0,25|0,25 - 0,5|0 - -0,25|1
COCOSUSDT|00000|True|0,0 - 0,25|0,0 - 0,25|0 - -0,25|0 - -0,25|0,25 - 0,5|1
COCOSUSDT|10000|True|0,0 - 0,25|0,0 - 0,25|0,0 - 0,25|0 - -0,25|0 - -0,25|3
COCOSUSDT|11000|False|0,0 - 0,25|0,0 - 0,25|0,0 - 0,25|0,0 - 0,25|0 - -0,25|3
COCOSUSDT|01100|True|0,0 - 0,25|0,0 - 0,25|0,0 - 0,25|0,0 - 0,25|0,0 - 0,25|1
COCOSUSDT|10110|True|0,0 - 0,25|0,0 - 0,25|0,0 - 0,25|0,0 - 0,25|0,0 - 0,25|1
COCOSUSDT|11011|False|0,25 - 0,5|0,0 - 0,25|0,0 - 0,25|0,0 - 0,25|0,0 - 0,25|1
COCOSUSDT|01101|True|0,25 - 0,5|0,25 - 0,5|0,0 - 0,25|0,0 - 0,25|0,0 - 0,25|1
COCOSUSDT|10110|False|0,25 - 0,5|0,25 - 0,5|0,25 - 0,5|0,0 - 0,25|0,0 - 0,25|1
COCOSUSDT|01011|False|0,0 - 0,25|0,25 - 0,5|0,25 - 0,5|0,25 - 0,5|0,0 - 0,25|1
COCOSUSDT|00101|True|0 - -0,25|0,0 - 0,25|0,25 - 0,5|0,25 - 0,5|0,25 - 0,5|1
COCOSUSDT|10010|False|0,0 - 0,25|0 - -0,25|0,0 - 0,25|0,25 - 0,5|0,25 - 0,5|1
COCOSUSDT|01001|False|0,0 - 0,25|0,0 - 0,25|0 - -0,25|0,0 - 0,25|0,25 - 0,5|1
COCOSUSDT|00100|False|0,0 - 0,25|0,0 - 0,25|0,0 - 0,25|0 - -0,25|0,0 - 0,25|2
COCOSUSDT|00010|False|0,25 - 0,5|0,0 - 0,25|0,0 - 0,25|0,0 - 0,25|0 - -0,25|1
COCOSUSDT|00001|False|0,0 - 0,25|0,25 - 0,5|0,0 - 0,25|0,0 - 0,25|0,0 - 0,25|2
COCOSUSDT|00000|False|0,25 - 0,5|0,0 - 0,25|0,25 - 0,5|0,0 - 0,25|0,0 - 0,25|1
COCOSUSDT|00000|False|0,0 - 0,25|0,25 - 0,5|0,0 - 0,25|0,25 - 0,5|0,0 - 0,25|1
COCOSUSDT|00000|False|0,25 - 0,5|0,0 - 0,25|0,25 - 0,5|0,0 - 0,25|0,25 - 0,5|1
COCOSUSDT|00000|True|0,25 - 0,5|0,25 - 0,5|0,0 - 0,25|0,25 - 0,5|0,0 - 0,25|1
COCOSUSDT|10000|True|0,0 - 0,25|0,25 - 0,5|0,25 - 0,5|0,0 - 0,25|0,25 - 0,5|1
COCOSUSDT|11000|True|0,25 - 0,5|0,0 - 0,25|0,25 - 0,5|0,25 - 0,5|0,0 - 0,25|1
COCOSUSDT|11100|True|1 - 2|0,25 - 0,5|0,0 - 0,25|0,25 - 0,5|0,25 - 0,5|1
COCOSUSDT|11110|False|1 - 2|1 - 2|0,25 - 0,5|0,0 - 0,25|0,25 - 0,5|1
COCOSUSDT|01111|False|0,5 - 1|1 - 2|1 - 2|0,25 - 0,5|0,0 - 0,25|1
COCOSUSDT|00111|True|0,5 - 1|0,5 - 1|1 - 2|1 - 2|0,25 - 0,5|1
COCOSUSDT|10011|True|0,5 - 1|0,5 - 1|0,5 - 1|1 - 2|1 - 2|1
COCOSUSDT|11001|False|0,5 - 1|0,5 - 1|0,5 - 1|0,5 - 1|1 - 2|1
COCOSUSDT|01100|True|0,25 - 0,5|0,5 - 1|0,5 - 1|0,5 - 1|0,5 - 1|1
COCOSUSDT|10110|False|0,25 - 0,5|0,25 - 0,5|0,5 - 1|0,5 - 1|0,5 - 1|1
COCOSUSDT|01011|True|0,0 - 0,25|0,25 - 0,5|0,25 - 0,5|0,5 - 1|0,5 - 1|1
COCOSUSDT|10101|True|0,0 - 0,25|0,0 - 0,25|0,25 - 0,5|0,25 - 0,5|0,5 - 1|1
COCOSUSDT|11010|True|0,25 - 0,5|0,0 - 0,25|0,0 - 0,25|0,25 - 0,5|0,25 - 0,5|1
COCOSUSDT|11101|False|0,25 - 0,5|0,25 - 0,5|0,0 - 0,25|0,0 - 0,25|0,25 - 0,5|1
COCOSUSDT|01110|False|0,25 - 0,5|0,25 - 0,5|0,25 - 0,5|0,0 - 0,25|0,0 - 0,25|1
COCOSUSDT|00111|False|0,0 - 0,25|0,25 - 0,5|0,25 - 0,5|0,25 - 0,5|0,0 - 0,25|1
COCOSUSDT|00011|False|0,5 - 1|0,0 - 0,25|0,25 - 0,5|0,25 - 0,5|0,25 - 0,5|1
COCOSUSDT|00001|True|1 - 2|0,5 - 1|0,0 - 0,25|0,25 - 0,5|0,25 - 0,5|1
COCOSUSDT|10000|True|0,25 - 0,5|1 - 2|0,5 - 1|0,0 - 0,25|0,25 - 0,5|1
COCOSUSDT|11000|False|0,5 - 1|0,25 - 0,5|1 - 2|0,5 - 1|0,0 - 0,25|1
COCOSUSDT|01100|True|0,0 - 0,25|0,5 - 1|0,25 - 0,5|1 - 2|0,5 - 1|1
COCOSUSDT|10110|False|0,25 - 0,5|0,0 - 0,25|0,5 - 1|0,25 - 0,5|1 - 2|1
COCOSUSDT|01011|True|0,25 - 0,5|0,25 - 0,5|0,0 - 0,25|0,5 - 1|0,25 - 0,5|1
COCOSUSDT|10101|True|0,0 - 0,25|0,25 - 0,5|0,25 - 0,5|0,0 - 0,25|0,5 - 1|1
COCOSUSDT|11010|False|0,0 - 0,25|0,0 - 0,25|0,25 - 0,5|0,25 - 0,5|0,0 - 0,25|1
COCOSUSDT|01101|False|0,0 - 0,25|0,0 - 0,25|0,0 - 0,25|0,25 - 0,5|0,25 - 0,5|1
COCOSUSDT|00011|False|0,0 - 0,25|0,0 - 0,25|0,0 - 0,25|0,0 - 0,25|0,0 - 0,25|3
COCOSUSDT|00001|False|0,0 - 0,25|0,0 - 0,25|0,0 - 0,25|0,0 - 0,25|0,0 - 0,25|3
COCOSUSDT|00000|False|0,5 - 1|0,0 - 0,25|0,0 - 0,25|0,0 - 0,25|0,0 - 0,25|1
COCOSUSDT|00000|True|0,0 - 0,25|0,5 - 1|0,0 - 0,25|0,0 - 0,25|0,0 - 0,25|1
COCOSUSDT|10000|True|0,0 - 0,25|0,0 - 0,25|0,5 - 1|0,0 - 0,25|0,0 - 0,25|1
COCOSUSDT|11000|True|0,25 - 0,5|0,0 - 0,25|0,0 - 0,25|0,5 - 1|0,0 - 0,25|1
COCOSUSDT|11100|True|0,0 - 0,25|0,25 - 0,5|0,0 - 0,25|0,0 - 0,25|0,5 - 1|1
COCOSUSDT|11110|False|0,0 - 0,25|0,0 - 0,25|0,25 - 0,5|0,0 - 0,25|0,0 - 0,25|1
COCOSUSDT|01111|False|0,0 - 0,25|0,0 - 0,25|0,0 - 0,25|0,25 - 0,5|0,0 - 0,25|1
COCOSUSDT|10011|False|0,0 - 0,25|0 - -0,25|0,0 - 0,25|0,0 - 0,25|0,0 - 0,25|2
COCOSUSDT|01001|True|0,0 - 0,25|0,0 - 0,25|0 - -0,25|0,0 - 0,25|0,0 - 0,25|1
COCOSUSDT|10100|True|0,25 - 0,5|0,0 - 0,25|0,0 - 0,25|0 - -0,25|0,0 - 0,25|1
COCOSUSDT|11010|True|0,0 - 0,25|0,25 - 0,5|0,0 - 0,25|0,0 - 0,25|0 - -0,25|1
COCOSUSDT|11101|True|0,0 - 0,25|0,0 - 0,25|0,25 - 0,5|0,0 - 0,25|0,0 - 0,25|2
COCOSUSDT|11110|True|0,0 - 0,25|0,0 - 0,25|0,0 - 0,25|0,25 - 0,5|0,0 - 0,25|3
COCOSUSDT|11111|False|0,0 - 0,25|0,0 - 0,25|0,0 - 0,25|0,0 - 0,25|0,25 - 0,5|3
COCOSUSDT|00111|False|0,0 - 0,25|0,0 - 0,25|0,0 - 0,25|0,0 - 0,25|0,0 - 0,25|3
COCOSUSDT|00001|True|0,25 - 0,5|0,0 - 0,25|0,0 - 0,25|0,0 - 0,25|0,0 - 0,25|1
COCOSUSDT|10000|True|0,0 - 0,25|0,25 - 0,5|0,0 - 0,25|0,0 - 0,25|0,0 - 0,25|2
COCOSUSDT|11000|False|0,0 - 0,25|0,0 - 0,25|0,25 - 0,5|0,0 - 0,25|0,0 - 0,25|2
COCOSUSDT|01100|False|0,25 - 0,5|0,0 - 0,25|0,0 - 0,25|0,25 - 0,5|0,0 - 0,25|1
COCOSUSDT|00110|False|0,0 - 0,25|0,25 - 0,5|0,0 - 0,25|0,0 - 0,25|0,25 - 0,5|1
COCOSUSDT|00011|False|0,0 - 0,25|0,0 - 0,25|0,25 - 0,5|0,0 - 0,25|0,0 - 0,25|4
COCOSUSDT|00001|False|0,0 - 0,25|0,0 - 0,25|0,0 - 0,25|0,25 - 0,5|0,0 - 0,25|3
COCOSUSDT|00000|False|0,25 - 0,5|0,0 - 0,25|0,0 - 0,25|0,0 - 0,25|0,25 - 0,5|1
COCOSUSDT|00000|True|0,5 - 1|0,25 - 0,5|0,0 - 0,25|0,0 - 0,25|0,0 - 0,25|1
COCOSUSDT|10000|False|0,5 - 1|0,5 - 1|0,25 - 0,5|0,0 - 0,25|0,0 - 0,25|1
COCOSUSDT|01000|False|0,0 - 0,25|0,5 - 1|0,5 - 1|0,25 - 0,5|0,0 - 0,25|1
COCOSUSDT|00100|False|0,5 - 1|0,0 - 0,25|0,5 - 1|0,5 - 1|0,25 - 0,5|1
COCOSUSDT|00010|False|0,0 - 0,25|0,5 - 1|0,0 - 0,25|0,5 - 1|0,5 - 1|1
COCOSUSDT|00001|False|0,25 - 0,5|0,0 - 0,25|0,5 - 1|0,0 - 0,25|0,5 - 1|1
COCOSUSDT|00000|False|0,0 - 0,25|0,25 - 0,5|0,0 - 0,25|0,5 - 1|0,0 - 0,25|1
COCOSUSDT|00000|True|0,0 - 0,25|0,0 - 0,25|0,25 - 0,5|0,0 - 0,25|0,5 - 1|1
COCOSUSDT|10000|True|0,5 - 1|0,0 - 0,25|0,0 - 0,25|0,25 - 0,5|0,0 - 0,25|1
COCOSUSDT|11000|False|0,25 - 0,5|0,5 - 1|0,0 - 0,25|0,0 - 0,25|0,25 - 0,5|1
COCOSUSDT|01100|False|0,25 - 0,5|0,25 - 0,5|0,5 - 1|0,0 - 0,25|0,0 - 0,25|1
COCOSUSDT|00110|False|0,0 - 0,25|0,25 - 0,5|0,25 - 0,5|0,5 - 1|0,0 - 0,25|1
COCOSUSDT|00011|True|0,25 - 0,5|0,0 - 0,25|0,25 - 0,5|0,25 - 0,5|0,5 - 1|1
COCOSUSDT|10001|True|0,5 - 1|0,25 - 0,5|0,0 - 0,25|0,25 - 0,5|0,25 - 0,5|1
COCOSUSDT|11000|False|0,0 - 0,25|0,5 - 1|0,25 - 0,5|0,0 - 0,25|0,25 - 0,5|1
COCOSUSDT|01100|True|0,25 - 0,5|0,0 - 0,25|0,5 - 1|0,25 - 0,5|0,0 - 0,25|1
COCOSUSDT|10110|False|0,0 - 0,25|0,25 - 0,5|0,0 - 0,25|0,5 - 1|0,25 - 0,5|1
COCOSUSDT|01011|True|1 - 2|0,0 - 0,25|0,25 - 0,5|0,0 - 0,25|0,5 - 1|1
COCOSUSDT|10101|False|0,5 - 1|1 - 2|0,0 - 0,25|0,25 - 0,5|0,0 - 0,25|1
COCOSUSDT|01010|False|0,0 - 0,25|0,5 - 1|1 - 2|0,0 - 0,25|0,25 - 0,5|1
COCOSUSDT|00101|False|0,0 - 0,25|0,0 - 0,25|0,5 - 1|1 - 2|0,0 - 0,25|1
COCOSUSDT|00010|False|0,25 - 0,5|0,0 - 0,25|0,0 - 0,25|0,5 - 1|1 - 2|1
COCOSUSDT|00001|True|0 - -0,25|0,25 - 0,5|0,0 - 0,25|0,0 - 0,25|0,5 - 1|1
COCOSUSDT|10000|False|0,5 - 1|0 - -0,25|0,25 - 0,5|0,0 - 0,25|0,0 - 0,25|1
COCOSUSDT|01000|True|0,0 - 0,25|0,5 - 1|0 - -0,25|0,25 - 0,5|0,0 - 0,25|1
COCOSUSDT|10100|True|0,25 - 0,5|0,0 - 0,25|0,5 - 1|0 - -0,25|0,25 - 0,5|1
COCOSUSDT|11010|True|0,25 - 0,5|0,25 - 0,5|0,0 - 0,25|0,5 - 1|0 - -0,25|1
COCOSUSDT|11101|False|0,25 - 0,5|0,25 - 0,5|0,25 - 0,5|0,0 - 0,25|0,5 - 1|1
COCOSUSDT|01110|True|0,25 - 0,5|0,25 - 0,5|0,25 - 0,5|0,25 - 0,5|0,0 - 0,25|1
COCOSUSDT|10111|False|0,5 - 1|0,25 - 0,5|0,25 - 0,5|0,25 - 0,5|0,25 - 0,5|1
COCOSUSDT|01011|False|0,25 - 0,5|0,5 - 1|0,25 - 0,5|0,25 - 0,5|0,25 - 0,5|1
COCOSUSDT|00101|False|0,0 - 0,25|0,25 - 0,5|0,5 - 1|0,25 - 0,5|0,25 - 0,5|1
COCOSUSDT|00010|True|0,0 - 0,25|0,0 - 0,25|0,25 - 0,5|0,5 - 1|0,25 - 0,5|1
COCOSUSDT|10001|True|0,5 - 1|0,0 - 0,25|0,0 - 0,25|0,25 - 0,5|0,5 - 1|1
COCOSUSDT|11000|False|0,0 - 0,25|0,5 - 1|0,0 - 0,25|0,0 - 0,25|0,25 - 0,5|1
COCOSUSDT|01100|True|0,0 - 0,25|0,0 - 0,25|0,5 - 1|0,0 - 0,25|0,0 - 0,25|1
COCOSUSDT|10110|False|0,25 - 0,5|0,0 - 0,25|0,0 - 0,25|0,5 - 1|0,0 - 0,25|1
COCOSUSDT|01011|True|0,0 - 0,25|0,25 - 0,5|0,0 - 0,25|0,0 - 0,25|0,5 - 1|1
COCOSUSDT|10101|True|0,25 - 0,5|0,0 - 0,25|0,25 - 0,5|0,0 - 0,25|0,0 - 0,25|1
COCOSUSDT|11010|False|0,0 - 0,25|0,25 - 0,5|0,0 - 0,25|0,25 - 0,5|0,0 - 0,25|1
COCOSUSDT|01101|True|0,0 - 0,25|0,0 - 0,25|0,25 - 0,5|0,0 - 0,25|0,25 - 0,5|1
COCOSUSDT|01011|False|0,0 - 0,25|0,25 - 0,5|0,0 - 0,25|0,0 - 0,25|0,25 - 0,5|1
COCOSUSDT|00101|True|0,0 - 0,25|0,0 - 0,25|0,25 - 0,5|0,0 - 0,25|0,0 - 0,25|1
COCOSUSDT|10010|True|0,0 - 0,25|0,0 - 0,25|0,0 - 0,25|0,25 - 0,5|0,0 - 0,25|1
COCOSUSDT|11001|True|0,0 - 0,25|0,0 - 0,25|0,0 - 0,25|0,0 - 0,25|0,25 - 0,5|1
COCOSUSDT|11100|True|0,0 - 0,25|0,0 - 0,25|0,0 - 0,25|0,0 - 0,25|0,0 - 0,25|2
COCOSUSDT|11110|False|0,25 - 0,5|0,0 - 0,25|0,0 - 0,25|0,0 - 0,25|0,0 - 0,25|1
COCOSUSDT|01111|False|0,25 - 0,5|0,25 - 0,5|0,0 - 0,25|0,0 - 0,25|0,0 - 0,25|1
COCOSUSDT|00111|True|0,5 - 1|0,25 - 0,5|0,25 - 0,5|0,0 - 0,25|0,0 - 0,25|1
COCOSUSDT|10011|False|0,25 - 0,5|0,5 - 1|0,25 - 0,5|0,25 - 0,5|0,0 - 0,25|1
COCOSUSDT|01001|True|0,25 - 0,5|0,25 - 0,5|0,5 - 1|0,25 - 0,5|0,25 - 0,5|1
COCOSUSDT|10100|False|0,25 - 0,5|0,25 - 0,5|0,25 - 0,5|0,5 - 1|0,25 - 0,5|1
COCOSUSDT|01010|True|0,25 - 0,5|0,25 - 0,5|0,25 - 0,5|0,25 - 0,5|0,5 - 1|2
COCOSUSDT|10101|True|0,5 - 1|0,25 - 0,5|0,25 - 0,5|0,25 - 0,5|0,25 - 0,5|1
COCOSUSDT|11010|True|0,25 - 0,5|0,5 - 1|0,25 - 0,5|0,25 - 0,5|0,25 - 0,5|1
COCOSUSDT|11101|True|0,0 - 0,25|0,25 - 0,5|0,5 - 1|0,25 - 0,5|0,25 - 0,5|1
COCOSUSDT|11110|True|0,25 - 0,5|0,0 - 0,25|0,25 - 0,5|0,5 - 1|0,25 - 0,5|1
COCOSUSDT|11111|False|0,0 - 0,25|0,25 - 0,5|0,0 - 0,25|0,25 - 0,5|0,5 - 1|1
COCOSUSDT|01111|False|0,25 - 0,5|0,0 - 0,25|0,25 - 0,5|0,0 - 0,25|0,25 - 0,5|1
COCOSUSDT|00111|False|0,25 - 0,5|0,25 - 0,5|0,0 - 0,25|0,25 - 0,5|0,0 - 0,25|1
COCOSUSDT|00011|True|0,5 - 1|0,25 - 0,5|0,25 - 0,5|0,0 - 0,25|0,25 - 0,5|1
COCOSUSDT|10001|False|0,5 - 1|0,5 - 1|0,25 - 0,5|0,25 - 0,5|0,0 - 0,25|1
COCOSUSDT|01000|False|0,5 - 1|0,5 - 1|0,5 - 1|0,25 - 0,5|0,25 - 0,5|1
COCOSUSDT|00100|True|0,25 - 0,5|0,5 - 1|0,5 - 1|0,5 - 1|0,25 - 0,5|1
COCOSUSDT|10010|False|0,25 - 0,5|0,25 - 0,5|0,5 - 1|0,5 - 1|0,5 - 1|1
COCOSUSDT|01001|False|0 - -0,25|0,25 - 0,5|0,25 - 0,5|0,5 - 1|0,5 - 1|1
COCOSUSDT|00100|False|0,25 - 0,5|0 - -0,25|0,25 - 0,5|0,25 - 0,5|0,5 - 1|1
COCOSUSDT|00010|False|0,5 - 1|0,25 - 0,5|0 - -0,25|0,25 - 0,5|0,25 - 0,5|1
COCOSUSDT|00001|True|0,5 - 1|0,5 - 1|0,25 - 0,5|0 - -0,25|0,25 - 0,5|1
COCOSUSDT|10000|True|0,0 - 0,25|0,5 - 1|0,5 - 1|0,25 - 0,5|0 - -0,25|1
COCOSUSDT|11000|False|0,0 - 0,25|0,0 - 0,25|0,5 - 1|0,5 - 1|0,25 - 0,5|1
COCOSUSDT|01100|False|0,0 - 0,25|0,0 - 0,25|0,0 - 0,25|0,5 - 1|0,5 - 1|1
COCOSUSDT|00110|False|0 - -0,25|0,0 - 0,25|0,0 - 0,25|0,0 - 0,25|0,5 - 1|1
COCOSUSDT|00011|True|0,0 - 0,25|0 - -0,25|0,0 - 0,25|0,0 - 0,25|0,0 - 0,25|2
COCOSUSDT|10001|False|0,0 - 0,25|0,0 - 0,25|0 - -0,25|0,0 - 0,25|0,0 - 0,25|3
COCOSUSDT|01000|False|0 - -0,25|0,0 - 0,25|0,0 - 0,25|0 - -0,25|0,0 - 0,25|1
COCOSUSDT|00100|False|0,0 - 0,25|0 - -0,25|0,0 - 0,25|0,0 - 0,25|0 - -0,25|2
COCOSUSDT|10001|True|0,0 - 0,25|0,0 - 0,25|0,0 - 0,25|0 - -0,25|0,0 - 0,25|1
COCOSUSDT|01100|False|0 - -0,25|0,0 - 0,25|0,0 - 0,25|0,0 - 0,25|0,0 - 0,25|1
COCOSUSDT|00110|True|0,25 - 0,5|0 - -0,25|0,0 - 0,25|0,0 - 0,25|0,0 - 0,25|1
COCOSUSDT|10011|False|0,0 - 0,25|0,25 - 0,5|0 - -0,25|0,0 - 0,25|0,0 - 0,25|1
COCOSUSDT|01001|False|0 - -0,25|0,0 - 0,25|0,25 - 0,5|0 - -0,25|0,0 - 0,25|2
COCOSUSDT|00100|False|0,0 - 0,25|0 - -0,25|0,0 - 0,25|0,25 - 0,5|0 - -0,25|2
COCOSUSDT|00010|False|0,0 - 0,25|0,0 - 0,25|0 - -0,25|0,0 - 0,25|0,25 - 0,5|1
COCOSUSDT|00000|True|0,25 - 0,5|0,0 - 0,25|0,0 - 0,25|0,0 - 0,25|0 - -0,25|2
COCOSUSDT|10100|False|0,25 - 0,5|0,0 - 0,25|0,0 - 0,25|0,25 - 0,5|0,0 - 0,25|1
COCOSUSDT|01010|False|0,0 - 0,25|0,25 - 0,5|0,0 - 0,25|0,0 - 0,25|0,25 - 0,5|1
COCOSUSDT|00101|False|0,25 - 0,5|0,0 - 0,25|0,25 - 0,5|0,0 - 0,25|0,0 - 0,25|1
COCOSUSDT|00010|False|0,0 - 0,25|0,25 - 0,5|0,0 - 0,25|0,25 - 0,5|0,0 - 0,25|1
COCOSUSDT|00001|False|0 - -0,25|0,0 - 0,25|0,25 - 0,5|0,0 - 0,25|0,25 - 0,5|1
COCOSUSDT|00000|False|0,0 - 0,25|0 - -0,25|0,0 - 0,25|0,25 - 0,5|0,0 - 0,25|2
COCOSUSDT|00000|False|0 - -0,25|0,0 - 0,25|0 - -0,25|0,0 - 0,25|0,25 - 0,5|3
COCOSUSDT|00000|False|0,0 - 0,25|0,0 - 0,25|0,0 - 0,25|0 - -0,25|0,0 - 0,25|3
COCOSUSDT|00000|True|0,0 - 0,25|0,0 - 0,25|0,0 - 0,25|0,0 - 0,25|0,0 - 0,25|1
COCOSUSDT|10000|False|0,0 - 0,25|0,0 - 0,25|0,0 - 0,25|0,0 - 0,25|0,0 - 0,25|4
COCOSUSDT|01000|True|0,0 - 0,25|0,0 - 0,25|0,0 - 0,25|0,0 - 0,25|0,0 - 0,25|3
COCOSUSDT|10100|False|0,5 - 1|0,0 - 0,25|0,0 - 0,25|0,0 - 0,25|0,0 - 0,25|1
COCOSUSDT|01010|True|0,25 - 0,5|0,5 - 1|0,0 - 0,25|0,0 - 0,25|0,0 - 0,25|1
COCOSUSDT|10101|True|0,25 - 0,5|0,25 - 0,5|0,5 - 1|0,0 - 0,25|0,0 - 0,25|1
COCOSUSDT|11010|True|0,25 - 0,5|0,25 - 0,5|0,25 - 0,5|0,5 - 1|0,0 - 0,25|1
COCOSUSDT|11101|False|0,25 - 0,5|0,25 - 0,5|0,25 - 0,5|0,25 - 0,5|0,5 - 1|1
COCOSUSDT|01110|True|0,25 - 0,5|0,25 - 0,5|0,25 - 0,5|0,25 - 0,5|0,25 - 0,5|1
COCOSUSDT|10111|False|0,0 - 0,25|0,25 - 0,5|0,25 - 0,5|0,25 - 0,5|0,25 - 0,5|1
COCOSUSDT|01011|True|0,0 - 0,25|0,0 - 0,25|0,25 - 0,5|0,25 - 0,5|0,25 - 0,5|1
COCOSUSDT|10101|True|0,25 - 0,5|0,0 - 0,25|0,0 - 0,25|0,25 - 0,5|0,25 - 0,5|1
COCOSUSDT|11010|True|0,0 - 0,25|0,25 - 0,5|0,0 - 0,25|0,0 - 0,25|0,25 - 0,5|1
COCOSUSDT|01111|False|0,25 - 0,5|0,0 - 0,25|0,0 - 0,25|0,0 - 0,25|0,0 - 0,25|1
COCOSUSDT|00111|False|0,0 - 0,25|0,25 - 0,5|0,0 - 0,25|0,0 - 0,25|0,0 - 0,25|1
COCOSUSDT|01000|False|0,0 - 0,25|0,0 - 0,25|0,0 - 0,25|0,0 - 0,25|0,0 - 0,25|5
COCOSUSDT|00100|False|0,25 - 0,5|0,0 - 0,25|0,0 - 0,25|0,0 - 0,25|0,0 - 0,25|2
COCOSUSDT|00010|False|0,0 - 0,25|0,25 - 0,5|0,0 - 0,25|0,0 - 0,25|0,0 - 0,25|2
COCOSUSDT|00001|True|0,0 - 0,25|0,0 - 0,25|0,25 - 0,5|0,0 - 0,25|0,0 - 0,25|1
COCOSUSDT|10000|True|0,0 - 0,25|0,0 - 0,25|0,0 - 0,25|0,25 - 0,5|0,0 - 0,25|1
COCOSUSDT|11000|False|0,25 - 0,5|0,0 - 0,25|0,0 - 0,25|0,0 - 0,25|0,25 - 0,5|1
COCOSUSDT|01100|False|0,25 - 0,5|0,25 - 0,5|0,0 - 0,25|0,0 - 0,25|0,0 - 0,25|1
COCOSUSDT|00110|False|0,0 - 0,25|0,25 - 0,5|0,25 - 0,5|0,0 - 0,25|0,0 - 0,25|1
COCOSUSDT|00011|False|0,0 - 0,25|0,0 - 0,25|0,25 - 0,5|0,25 - 0,5|0,0 - 0,25|1
COCOSUSDT|00001|False|0,0 - 0,25|0,0 - 0,25|0,0 - 0,25|0,25 - 0,5|0,25 - 0,5|1
COCOSUSDT|00000|True|0,0 - 0,25|0,0 - 0,25|0,0 - 0,25|0,0 - 0,25|0,25 - 0,5|2
COCOSUSDT|10100|False|0,0 - 0,25|0,0 - 0,25|0,0 - 0,25|0,0 - 0,25|0,0 - 0,25|1
COCOSUSDT|01010|False|0,0 - 0,25|0,0 - 0,25|0,0 - 0,25|0,0 - 0,25|0,0 - 0,25|1
COCOSUSDT|00101|True|0 - -0,25|0,0 - 0,25|0,0 - 0,25|0,0 - 0,25|0,0 - 0,25|1
COCOSUSDT|10010|True|0,25 - 0,5|0 - -0,25|0,0 - 0,25|0,0 - 0,25|0,0 - 0,25|1
COCOSUSDT|11001|True|0,25 - 0,5|0,25 - 0,5|0 - -0,25|0,0 - 0,25|0,0 - 0,25|1
COCOSUSDT|11100|True|0,0 - 0,25|0,25 - 0,5|0,25 - 0,5|0 - -0,25|0,0 - 0,25|1
COCOSUSDT|11110|False|0,0 - 0,25|0,0 - 0,25|0,25 - 0,5|0,25 - 0,5|0 - -0,25|1
COCOSUSDT|01111|True|0,25 - 0,5|0,0 - 0,25|0,0 - 0,25|0,25 - 0,5|0,25 - 0,5|1
COCOSUSDT|10111|True|0,25 - 0,5|0,25 - 0,5|0,0 - 0,25|0,0 - 0,25|0,25 - 0,5|1
COCOSUSDT|11011|False|0,25 - 0,5|0,25 - 0,5|0,25 - 0,5|0,0 - 0,25|0,0 - 0,25|1
COCOSUSDT|01101|False|0 - -0,25|0,25 - 0,5|0,25 - 0,5|0,25 - 0,5|0,0 - 0,25|1
COCOSUSDT|00110|False|0,0 - 0,25|0 - -0,25|0,25 - 0,5|0,25 - 0,5|0,25 - 0,5|1
COCOSUSDT|00011|False|0,25 - 0,5|0,0 - 0,25|0 - -0,25|0,25 - 0,5|0,25 - 0,5|1
COCOSUSDT|00001|False|0,25 - 0,5|0,25 - 0,5|0,0 - 0,25|0 - -0,25|0,25 - 0,5|1
COCOSUSDT|00000|True|0,0 - 0,25|0,25 - 0,5|0,25 - 0,5|0,0 - 0,25|0 - -0,25|1
COCOSUSDT|10000|False|0,0 - 0,25|0,0 - 0,25|0,25 - 0,5|0,25 - 0,5|0,0 - 0,25|1
COCOSUSDT|01000|True|0,0 - 0,25|0,0 - 0,25|0,0 - 0,25|0,25 - 0,5|0,25 - 0,5|1
COCOSUSDT|10100|False|0,25 - 0,5|0,0 - 0,25|0,0 - 0,25|0,0 - 0,25|0,25 - 0,5|1
COCOSUSDT|01010|True|0 - -0,25|0,25 - 0,5|0,0 - 0,25|0,0 - 0,25|0,0 - 0,25|1
COCOSUSDT|10101|False|0,0 - 0,25|0 - -0,25|0,25 - 0,5|0,0 - 0,25|0,0 - 0,25|1
COCOSUSDT|01010|False|0,0 - 0,25|0,0 - 0,25|0 - -0,25|0,25 - 0,5|0,0 - 0,25|1
COCOSUSDT|00101|False|0,0 - 0,25|0,0 - 0,25|0,0 - 0,25|0 - -0,25|0,25 - 0,5|1
COCOSUSDT|00010|True|0,0 - 0,25|0,0 - 0,25|0,0 - 0,25|0,0 - 0,25|0 - -0,25|1
COCOSUSDT|00100|False|0,0 - 0,25|0,0 - 0,25|0,0 - 0,25|0,0 - 0,25|0,0 - 0,25|1
COCOSUSDT|00001|True|0,0 - 0,25|0,0 - 0,25|0,0 - 0,25|0,0 - 0,25|0,0 - 0,25|1
COCOSUSDT|10100|True|0,25 - 0,5|0 - -0,25|0,0 - 0,25|0,0 - 0,25|0,0 - 0,25|1
COCOSUSDT|11010|False|0,25 - 0,5|0,25 - 0,5|0 - -0,25|0,0 - 0,25|0,0 - 0,25|1
COCOSUSDT|01101|False|0,0 - 0,25|0,25 - 0,5|0,25 - 0,5|0 - -0,25|0,0 - 0,25|1
COCOSUSDT|00110|True|0,25 - 0,5|0,0 - 0,25|0,25 - 0,5|0,25 - 0,5|0 - -0,25|1
COCOSUSDT|10011|True|0,0 - 0,25|0,25 - 0,5|0,0 - 0,25|0,25 - 0,5|0,25 - 0,5|1
COCOSUSDT|11001|False|0,25 - 0,5|0,0 - 0,25|0,25 - 0,5|0,0 - 0,25|0,25 - 0,5|2
COCOSUSDT|01100|False|0,25 - 0,5|0,25 - 0,5|0,0 - 0,25|0,25 - 0,5|0,0 - 0,25|1
COCOSUSDT|00110|True|0,25 - 0,5|0,25 - 0,5|0,25 - 0,5|0,0 - 0,25|0,25 - 0,5|1
COCOSUSDT|10011|False|0,25 - 0,5|0,25 - 0,5|0,25 - 0,5|0,25 - 0,5|0,0 - 0,25|1
COCOSUSDT|01001|False|0,0 - 0,25|0,25 - 0,5|0,25 - 0,5|0,25 - 0,5|0,25 - 0,5|1
COCOSUSDT|00100|False|0,0 - 0,25|0,0 - 0,25|0,25 - 0,5|0,25 - 0,5|0,25 - 0,5|1
COCOSUSDT|00010|False|0,0 - 0,25|0,0 - 0,25|0,0 - 0,25|0,25 - 0,5|0,25 - 0,5|1
COCOSUSDT|01000|False|0,25 - 0,5|0,0 - 0,25|0,25 - 0,5|0,0 - 0,25|0,0 - 0,25|2
COCOSUSDT|00100|False|0,25 - 0,5|0,25 - 0,5|0,0 - 0,25|0,25 - 0,5|0,0 - 0,25|2
COCOSUSDT|00010|True|0,25 - 0,5|0,25 - 0,5|0,25 - 0,5|0,0 - 0,25|0,25 - 0,5|1
COCOSUSDT|10001|False|1 - 2|0,25 - 0,5|0,25 - 0,5|0,25 - 0,5|0,0 - 0,25|1
COCOSUSDT|01000|True|0,25 - 0,5|1 - 2|0,25 - 0,5|0,25 - 0,5|0,25 - 0,5|1
COCOSUSDT|10100|True|0,25 - 0,5|0,25 - 0,5|1 - 2|0,25 - 0,5|0,25 - 0,5|1
COCOSUSDT|11010|True|0,5 - 1|0,25 - 0,5|0,25 - 0,5|1 - 2|0,25 - 0,5|1
COCOSUSDT|11101|False|0,25 - 0,5|0,5 - 1|0,25 - 0,5|0,25 - 0,5|1 - 2|1
COCOSUSDT|01110|True|0,0 - 0,25|0,25 - 0,5|0,5 - 1|0,25 - 0,5|0,25 - 0,5|1
COCOSUSDT|11011|True|0,25 - 0,5|0,0 - 0,25|0,0 - 0,25|0,25 - 0,5|0,5 - 1|1
COCOSUSDT|11101|True|0,25 - 0,5|0,25 - 0,5|0,0 - 0,25|0,0 - 0,25|0,25 - 0,5|1
COCOSUSDT|11110|False|0,0 - 0,25|0,25 - 0,5|0,25 - 0,5|0,0 - 0,25|0,0 - 0,25|1
COCOSUSDT|01111|False|0,0 - 0,25|0,0 - 0,25|0,25 - 0,5|0,25 - 0,5|0,0 - 0,25|1
COCOSUSDT|00111|False|0,0 - 0,25|0,0 - 0,25|0,0 - 0,25|0,25 - 0,5|0,25 - 0,5|1
COCOSUSDT|00011|False|0,0 - 0,25|0,0 - 0,25|0,0 - 0,25|0,0 - 0,25|0,25 - 0,5|1
COCOSUSDT|10000|True|0,0 - 0,25|0,0 - 0,25|0 - -0,25|0,0 - 0,25|0,0 - 0,25|1
COCOSUSDT|01100|False|0,25 - 0,5|0,0 - 0,25|0,0 - 0,25|0,0 - 0,25|0 - -0,25|2
COCOSUSDT|00110|True|0 - -0,25|0,25 - 0,5|0,0 - 0,25|0,0 - 0,25|0,0 - 0,25|1
COCOSUSDT|10011|False|0,0 - 0,25|0 - -0,25|0,25 - 0,5|0,0 - 0,25|0,0 - 0,25|1
COCOSUSDT|01001|False|0 - -0,25|0,0 - 0,25|0 - -0,25|0,25 - 0,5|0,0 - 0,25|1
COCOSUSDT|00100|False|0,0 - 0,25|0 - -0,25|0,0 - 0,25|0 - -0,25|0,25 - 0,5|1
COCOSUSDT|00001|True|0,25 - 0,5|0,0 - 0,25|0,0 - 0,25|0 - -0,25|0,0 - 0,25|1
COCOSUSDT|10000|False|0,0 - 0,25|0,25 - 0,5|0,0 - 0,25|0,0 - 0,25|0 - -0,25|1
COCOSUSDT|00010|False|0,25 - 0,5|0,25 - 0,5|0,25 - 0,5|0,0 - 0,25|0,25 - 0,5|1
COCOSUSDT|00001|True|0,0 - 0,25|0,25 - 0,5|0,25 - 0,5|0,25 - 0,5|0,0 - 0,25|1
COCOSUSDT|10000|False|0,25 - 0,5|0,0 - 0,25|0,25 - 0,5|0,25 - 0,5|0,25 - 0,5|1
COCOSUSDT|01000|False|0,0 - 0,25|0,25 - 0,5|0,0 - 0,25|0,25 - 0,5|0,25 - 0,5|1
COCOSUSDT|00100|True|0,25 - 0,5|0,0 - 0,25|0,25 - 0,5|0,0 - 0,25|0,25 - 0,5|1
COCOSUSDT|10010|True|0,0 - 0,25|0,25 - 0,5|0,0 - 0,25|0,25 - 0,5|0,0 - 0,25|1
COCOSUSDT|01100|False|0,0 - 0,25|0,25 - 0,5|0,0 - 0,25|0,25 - 0,5|0,0 - 0,25|1
COCOSUSDT|00110|True|0,25 - 0,5|0,0 - 0,25|0,25 - 0,5|0,0 - 0,25|0,25 - 0,5|1
COCOSUSDT|10011|False|0,0 - 0,25|0,25 - 0,5|0,0 - 0,25|0,25 - 0,5|0,0 - 0,25|1
COCOSUSDT|01001|False|0 - -0,25|0,0 - 0,25|0,25 - 0,5|0,0 - 0,25|0,25 - 0,5|1
COCOSUSDT|00100|False|0,0 - 0,25|0 - -0,25|0,0 - 0,25|0,25 - 0,5|0,0 - 0,25|1
COCOSUSDT|00010|True|0,0 - 0,25|0,0 - 0,25|0 - -0,25|0,0 - 0,25|0,25 - 0,5|1
COCOSUSDT|01000|False|0 - -0,25|0,0 - 0,25|0,0 - 0,25|0,0 - 0,25|0 - -0,25|1
COCOSUSDT|00100|True|0,0 - 0,25|0 - -0,25|0,0 - 0,25|0,0 - 0,25|0,0 - 0,25|1
COCOSUSDT|10010|False|0,0 - 0,25|0,0 - 0,25|0 - -0,25|0,0 - 0,25|0,0 - 0,25|1
COCOSUSDT|01001|False|0,0 - 0,25|0,0 - 0,25|0,0 - 0,25|0 - -0,25|0,0 - 0,25|1
COCOSUSDT|00100|True|0 - -0,25|0,0 - 0,25|0,0 - 0,25|0,0 - 0,25|0 - -0,25|1
COCOSUSDT|01100|True|0,0 - 0,25|0,0 - 0,25|0,0 - 0,25|0 - -0,25|0,0 - 0,25|1
COCOSUSDT|11011|True|0,0 - 0,25|0,25 - 0,5|0,0 - 0,25|0,0 - 0,25|0,0 - 0,25|1
COCOSUSDT|11101|False|0,5 - 1|0,0 - 0,25|0,25 - 0,5|0,0 - 0,25|0,0 - 0,25|1
COCOSUSDT|01110|True|0,25 - 0,5|0,5 - 1|0,0 - 0,25|0,25 - 0,5|0,0 - 0,25|1
COCOSUSDT|10111|False|0,0 - 0,25|0,25 - 0,5|0,5 - 1|0,0 - 0,25|0,25 - 0,5|1
COCOSUSDT|01011|False|0,25 - 0,5|0,0 - 0,25|0,25 - 0,5|0,5 - 1|0,0 - 0,25|1
COCOSUSDT|00101|False|0,25 - 0,5|0,25 - 0,5|0,0 - 0,25|0,25 - 0,5|0,5 - 1|1
COCOSUSDT|00010|False|0,0 - 0,25|0,25 - 0,5|0,25 - 0,5|0,0 - 0,25|0,25 - 0,5|1
COCOSUSDT|00001|False|0,0 - 0,25|0,0 - 0,25|0,25 - 0,5|0,25 - 0,5|0,0 - 0,25|1
COCOSUSDT|00000|True|0,0 - 0,25|0,0 - 0,25|0,0 - 0,25|0,25 - 0,5|0,25 - 0,5|1
COCOSUSDT|01000|False|0,25 - 0,5|0,0 - 0,25|0,0 - 0,25|0,0 - 0,25|0,0 - 0,25|2
COCOSUSDT|00100|False|0,0 - 0,25|0,25 - 0,5|0,0 - 0,25|0,0 - 0,25|0,0 - 0,25|1
COCOSUSDT|00010|False|0,25 - 0,5|0,0 - 0,25|0,25 - 0,5|0,0 - 0,25|0,0 - 0,25|1
COCOSUSDT|00001|False|0,0 - 0,25|0,25 - 0,5|0,0 - 0,25|0,25 - 0,5|0,0 - 0,25|2
COCOSUSDT|00000|False|0,0 - 0,25|0,0 - 0,25|0,25 - 0,5|0,0 - 0,25|0,25 - 0,5|1
COCOSUSDT|00000|True|0 - -0,25|0,0 - 0,25|0,0 - 0,25|0,25 - 0,5|0,0 - 0,25|2
COCOSUSDT|10000|False|0,0 - 0,25|0 - -0,25|0,0 - 0,25|0,0 - 0,25|0,25 - 0,5|2
COCOSUSDT|01000|False|0 - -0,25|0,0 - 0,25|0 - -0,25|0,0 - 0,25|0,0 - 0,25|2
COCOSUSDT|00100|True|0 - -0,25|0 - -0,25|0,0 - 0,25|0 - -0,25|0,0 - 0,25|2
COCOSUSDT|10010|True|0,0 - 0,25|0 - -0,25|0 - -0,25|0,0 - 0,25|0 - -0,25|2
COCOSUSDT|11001|False|0,0 - 0,25|0,0 - 0,25|0 - -0,25|0 - -0,25|0,0 - 0,25|1
COCOSUSDT|01100|True|0 - -0,25|0,0 - 0,25|0,0 - 0,25|0 - -0,25|0 - -0,25|1
COCOSUSDT|10110|False|0,0 - 0,25|0 - -0,25|0,0 - 0,25|0,0 - 0,25|0 - -0,25|1
COCOSUSDT|01011|True|0,0 - 0,25|0,0 - 0,25|0 - -0,25|0,0 - 0,25|0,0 - 0,25|1
COCOSUSDT|10101|True|0,0 - 0,25|0,0 - 0,25|0,0 - 0,25|0 - -0,25|0,0 - 0,25|2
COCOSUSDT|11010|True|0,25 - 0,5|0,0 - 0,25|0,0 - 0,25|0,0 - 0,25|0 - -0,25|1
COCOSUSDT|11101|True|0,0 - 0,25|0,25 - 0,5|0,0 - 0,25|0,0 - 0,25|0,0 - 0,25|1
COCOSUSDT|11110|True|0,25 - 0,5|0,0 - 0,25|0,25 - 0,5|0,0 - 0,25|0,0 - 0,25|1
COCOSUSDT|11111|False|0,25 - 0,5|0,25 - 0,5|0,0 - 0,25|0,25 - 0,5|0,0 - 0,25|1
COCOSUSDT|01111|False|0,25 - 0,5|0,25 - 0,5|0,25 - 0,5|0,0 - 0,25|0,25 - 0,5|1
COCOSUSDT|00111|True|0,0 - 0,25|0,25 - 0,5|0,25 - 0,5|0,25 - 0,5|0,0 - 0,25|1
COCOSUSDT|10011|False|0,0 - 0,25|0,0 - 0,25|0,25 - 0,5|0,25 - 0,5|0,25 - 0,5|1
COCOSUSDT|01001|True|0 - -0,25|0,0 - 0,25|0,0 - 0,25|0,25 - 0,5|0,25 - 0,5|1
COCOSUSDT|10100|True|0,0 - 0,25|0 - -0,25|0,0 - 0,25|0,0 - 0,25|0,25 - 0,5|1
COCOSUSDT|01101|False|0,0 - 0,25|0,0 - 0,25|0,0 - 0,25|0 - -0,25|0,0 - 0,25|1
COCOSUSDT|00100|False|0 - -0,25|0,0 - 0,25|0,0 - 0,25|0,0 - 0,25|0,0 - 0,25|3
COCOSUSDT|00010|False|0 - -0,25|0 - -0,25|0,0 - 0,25|0,0 - 0,25|0,0 - 0,25|1
COCOSUSDT|00001|False|0,0 - 0,25|0 - -0,25|0 - -0,25|0,0 - 0,25|0,0 - 0,25|1
COCOSUSDT|00000|True|0 - -0,25|0,0 - 0,25|0 - -0,25|0 - -0,25|0,0 - 0,25|1
COCOSUSDT|10000|True|0,0 - 0,25|0 - -0,25|0,0 - 0,25|0 - -0,25|0 - -0,25|2
COCOSUSDT|11000|False|0,25 - 0,5|0,0 - 0,25|0 - -0,25|0,0 - 0,25|0 - -0,25|1
COCOSUSDT|00110|False|0 - -0,25|0 - -0,25|0,25 - 0,5|0,0 - 0,25|0 - -0,25|2
COCOSUSDT|00011|False|0 - -0,25|0 - -0,25|0 - -0,25|0,25 - 0,5|0,0 - 0,25|1
COCOSUSDT|00001|False|0,0 - 0,25|0 - -0,25|0 - -0,25|0 - -0,25|0,25 - 0,5|1
COCOSUSDT|00000|True|0,25 - 0,5|0 - -0,25|0,0 - 0,25|0 - -0,25|0 - -0,25|1
COCOSUSDT|10000|False|0,0 - 0,25|0,25 - 0,5|0 - -0,25|0,0 - 0,25|0 - -0,25|1
COCOSUSDT|01000|False|0,25 - 0,5|0,0 - 0,25|0,25 - 0,5|0 - -0,25|0,0 - 0,25|1
COCOSUSDT|00100|True|0,0 - 0,25|0,25 - 0,5|0,0 - 0,25|0,25 - 0,5|0 - -0,25|1
COCOSUSDT|10010|True|0,25 - 0,5|0,0 - 0,25|0,25 - 0,5|0,0 - 0,25|0,25 - 0,5|1
COCOSUSDT|11001|False|0,0 - 0,25|0,25 - 0,5|0,0 - 0,25|0,25 - 0,5|0,0 - 0,25|1
COCOSUSDT|01100|False|0 - -0,25|0,0 - 0,25|0,25 - 0,5|0,0 - 0,25|0,25 - 0,5|1
COCOSUSDT|00110|True|0,25 - 0,5|0 - -0,25|0,0 - 0,25|0,25 - 0,5|0,0 - 0,25|1
COCOSUSDT|10011|False|0,0 - 0,25|0,25 - 0,5|0 - -0,25|0,0 - 0,25|0,25 - 0,5|1
COCOSUSDT|00010|False|0 - -0,25|0,0 - 0,25|0 - -0,25|0,0 - 0,25|0,25 - 0,5|1
COCOSUSDT|00001|False|0,5 - 1|0 - -0,25|0,0 - 0,25|0 - -0,25|0,0 - 0,25|1
COCOSUSDT|00000|True|0,0 - 0,25|0,5 - 1|0 - -0,25|0,0 - 0,25|0 - -0,25|1
COCOSUSDT|10000|False|0,0 - 0,25|0,0 - 0,25|0,5 - 1|0 - -0,25|0,0 - 0,25|1
COCOSUSDT|01000|False|0 - -0,25|0,0 - 0,25|0,0 - 0,25|0,5 - 1|0 - -0,25|1
COCOSUSDT|00100|False|0 - -0,25|0 - -0,25|0,0 - 0,25|0,0 - 0,25|0,5 - 1|1
COCOSUSDT|00010|True|0,0 - 0,25|0 - -0,25|0 - -0,25|0,0 - 0,25|0,0 - 0,25|1
COCOSUSDT|10001|True|0,25 - 0,5|0,0 - 0,25|0 - -0,25|0 - -0,25|0,0 - 0,25|2
COCOSUSDT|11000|False|0,5 - 1|0,25 - 0,5|0,0 - 0,25|0 - -0,25|0 - -0,25|1
COCOSUSDT|01100|False|0 - -0,25|0,5 - 1|0,25 - 0,5|0,0 - 0,25|0 - -0,25|1
COCOSUSDT|00110|False|0 - -0,25|0 - -0,25|0,5 - 1|0,25 - 0,5|0,0 - 0,25|1
COCOSUSDT|00011|True|0 - -0,25|0 - -0,25|0 - -0,25|0,5 - 1|0,25 - 0,5|1
COCOSUSDT|10001|True|0,0 - 0,25|0 - -0,25|0 - -0,25|0 - -0,25|0,5 - 1|1
COCOSUSDT|11000|False|0,0 - 0,25|0,0 - 0,25|0 - -0,25|0 - -0,25|0 - -0,25|1
COCOSUSDT|00110|True|0,0 - 0,25|0,0 - 0,25|0,0 - 0,25|0,0 - 0,25|0 - -0,25|1
COCOSUSDT|10011|True|0,25 - 0,5|0,0 - 0,25|0,0 - 0,25|0,0 - 0,25|0,0 - 0,25|1
COCOSUSDT|11100|True|0,25 - 0,5|0,0 - 0,25|0,25 - 0,5|0,0 - 0,25|0,0 - 0,25|1
COCOSUSDT|11110|True|0,25 - 0,5|0,25 - 0,5|0,0 - 0,25|0,25 - 0,5|0,0 - 0,25|1
COCOSUSDT|11111|False|0,0 - 0,25|0,25 - 0,5|0,25 - 0,5|0,0 - 0,25|0,25 - 0,5|1
COCOSUSDT|01111|False|0,25 - 0,5|0,0 - 0,25|0,25 - 0,5|0,25 - 0,5|0,0 - 0,25|1
COCOSUSDT|00111|False|0,0 - 0,25|0,25 - 0,5|0,0 - 0,25|0,25 - 0,5|0,25 - 0,5|1
COCOSUSDT|00011|True|0 - -0,25|0,0 - 0,25|0,25 - 0,5|0,0 - 0,25|0,25 - 0,5|1
COCOSUSDT|10001|True|0,0 - 0,25|0 - -0,25|0,0 - 0,25|0,25 - 0,5|0,0 - 0,25|1
COCOSUSDT|11000|False|0,25 - 0,5|0,0 - 0,25|0 - -0,25|0,0 - 0,25|0,25 - 0,5|1
COCOSUSDT|00011|False|0,25 - 0,5|0 - -0,25|0 - -0,25|0,25 - 0,5|0,0 - 0,25|1
COCOSUSDT|00001|False|0,0 - 0,25|0,25 - 0,5|0 - -0,25|0 - -0,25|0,25 - 0,5|1
COCOSUSDT|00000|False|0,25 - 0,5|0,0 - 0,25|0,25 - 0,5|0 - -0,25|0 - -0,25|1
COCOSUSDT|00000|True|0,25 - 0,5|0,25 - 0,5|0,0 - 0,25|0,25 - 0,5|0 - -0,25|1
COCOSUSDT|10000|False|0,25 - 0,5|0,25 - 0,5|0,25 - 0,5|0,0 - 0,25|0,25 - 0,5|1
COCOSUSDT|01000|False|0,0 - 0,25|0,25 - 0,5|0,25 - 0,5|0,25 - 0,5|0,0 - 0,25|1
COCOSUSDT|00100|True|0,0 - 0,25|0,0 - 0,25|0,25 - 0,5|0,25 - 0,5|0,25 - 0,5|1
COCOSUSDT|10010|False|0,0 - 0,25|0,0 - 0,25|0,0 - 0,25|0,25 - 0,5|0,25 - 0,5|1
COCOSUSDT|01001|False|0,0 - 0,25|0,0 - 0,25|0,0 - 0,25|0,0 - 0,25|0,25 - 0,5|1
COCOSUSDT|00010|True|0,0 - 0,25|0 - -0,25|0,0 - 0,25|0,0 - 0,25|0,0 - 0,25|1
COCOSUSDT|01000|False|0,0 - 0,25|0,0 - 0,25|0,0 - 0,25|0 - -0,25|0,0 - 0,25|2
COCOSUSDT|00100|False|0 - -0,25|0,0 - 0,25|0,0 - 0,25|0,0 - 0,25|0 - -0,25|1
COCOSUSDT|00010|False|0,0 - 0,25|0 - -0,25|0,0 - 0,25|0,0 - 0,25|0,0 - 0,25|1
COCOSUSDT|00001|False|0,25 - 0,5|0,0 - 0,25|0 - -0,25|0,0 - 0,25|0,0 - 0,25|2
COCOSUSDT|00000|False|0,25 - 0,5|0,25 - 0,5|0,0 - 0,25|0 - -0,25|0,0 - 0,25|1
COCOSUSDT|00000|False|0 - -0,25|0,25 - 0,5|0,25 - 0,5|0,0 - 0,25|0 - -0,25|1
COCOSUSDT|00000|True|0,0 - 0,25|0 - -0,25|0,25 - 0,5|0,25 - 0,5|0,0 - 0,25|1
COCOSUSDT|10000|False|0,25 - 0,5|0,0 - 0,25|0 - -0,25|0,25 - 0,5|0,25 - 0,5|1
COCOSUSDT|01000|True|0,0 - 0,25|0,25 - 0,5|0,0 - 0,25|0 - -0,25|0,25 - 0,5|1
COCOSUSDT|10100|True|0,0 - 0,25|0,0 - 0,25|0,25 - 0,5|0,0 - 0,25|0 - -0,25|1
COCOSUSDT|01101|False|0 - -0,25|0,25 - 0,5|0,0 - 0,25|0,0 - 0,25|0,25 - 0,5|1
COCOSUSDT|00110|False|0 - -0,25|0 - -0,25|0,25 - 0,5|0,0 - 0,25|0,0 - 0,25|1
COCOSUSDT|00011|True|0 - -0,25|0 - -0,25|0 - -0,25|0,25 - 0,5|0,0 - 0,25|1
COCOSUSDT|10001|False|0,0 - 0,25|0 - -0,25|0 - -0,25|0 - -0,25|0,25 - 0,5|1
COCOSUSDT|01000|False|0 - -0,25|0,0 - 0,25|0 - -0,25|0 - -0,25|0 - -0,25|3
COCOSUSDT|00100|False|0 - -0,25|0 - -0,25|0,0 - 0,25|0 - -0,25|0 - -0,25|4
COCOSUSDT|00010|False|0 - -0,25|0 - -0,25|0 - -0,25|0,0 - 0,25|0 - -0,25|1
COCOSUSDT|00001|False|0 - -0,25|0 - -0,25|0 - -0,25|0 - -0,25|0,0 - 0,25|1
COCOSUSDT|00000|True|0,0 - 0,25|0 - -0,25|0 - -0,25|0 - -0,25|0 - -0,25|1
COCOSUSDT|10000|False|0,0 - 0,25|0,0 - 0,25|0 - -0,25|0 - -0,25|0 - -0,25|1
COCOSUSDT|01000|False|0 - -0,25|0,0 - 0,25|0,0 - 0,25|0 - -0,25|0 - -0,25|3
COCOSUSDT|00010|False|0,0 - 0,25|0,0 - 0,25|0 - -0,25|0,0 - 0,25|0,0 - 0,25|2
COCOSUSDT|00000|True|0 - -0,25|0,0 - 0,25|0,0 - 0,25|0,0 - 0,25|0 - -0,25|1
COCOSUSDT|10000|False|0,0 - 0,25|0 - -0,25|0,0 - 0,25|0,0 - 0,25|0,0 - 0,25|2
COCOSUSDT|01000|True|0 - -0,25|0,0 - 0,25|0 - -0,25|0,0 - 0,25|0,0 - 0,25|2
COCOSUSDT|10100|False|0,0 - 0,25|0 - -0,25|0,0 - 0,25|0 - -0,25|0,0 - 0,25|3
COCOSUSDT|01010|True|0,0 - 0,25|0,0 - 0,25|0 - -0,25|0,0 - 0,25|0 - -0,25|2
COCOSUSDT|10101|False|0,0 - 0,25|0,0 - 0,25|0,0 - 0,25|0 - -0,25|0,0 - 0,25|2
COCOSUSDT|01010|False|0,0 - 0,25|0,0 - 0,25|0,0 - 0,25|0,0 - 0,25|0 - -0,25|1
COCOSUSDT|00101|False|0 - -0,25|0,0 - 0,25|0,0 - 0,25|0,0 - 0,25|0,0 - 0,25|1
COCOSUSDT|00010|True|0 - -0,25|0 - -0,25|0,0 - 0,25|0,0 - 0,25|0,0 - 0,25|1
COCOSUSDT|10001|False|0,0 - 0,25|0 - -0,25|0 - -0,25|0,0 - 0,25|0,0 - 0,25|2
COCOSUSDT|01000|False|0,0 - 0,25|0,0 - 0,25|0 - -0,25|0 - -0,25|0,0 - 0,25|1
COCOSUSDT|00100|False|0,0 - 0,25|0,0 - 0,25|0,0 - 0,25|0 - -0,25|0 - -0,25|1
COCOSUSDT|00010|True|0 - -0,25|0,0 - 0,25|0,0 - 0,25|0,0 - 0,25|0 - -0,25|1
COCOSUSDT|00010|False|0,0 - 0,25|0,0 - 0,25|0,0 - 0,25|0,0 - 0,25|0 - -0,25|2
COCOSUSDT|00000|True|0,5 - 1|0,0 - 0,25|0,0 - 0,25|0,0 - 0,25|0,0 - 0,25|1
COCOSUSDT|10000|False|0,0 - 0,25|0,5 - 1|0,0 - 0,25|0,0 - 0,25|0,0 - 0,25|1
COCOSUSDT|01000|True|0 - -0,25|0,0 - 0,25|0,5 - 1|0,0 - 0,25|0,0 - 0,25|1
COCOSUSDT|10100|False|0,25 - 0,5|0 - -0,25|0,0 - 0,25|0,5 - 1|0,0 - 0,25|1
COCOSUSDT|01010|True|0,25 - 0,5|0,25 - 0,5|0 - -0,25|0,0 - 0,25|0,5 - 1|1
COCOSUSDT|10101|False|0,25 - 0,5|0,25 - 0,5|0,25 - 0,5|0 - -0,25|0,0 - 0,25|1
COCOSUSDT|01010|False|0,25 - 0,5|0,25 - 0,5|0,25 - 0,5|0,25 - 0,5|0 - -0,25|1
COCOSUSDT|00101|False|0,0 - 0,25|0,25 - 0,5|0,25 - 0,5|0,25 - 0,5|0,25 - 0,5|1
COCOSUSDT|00010|False|0,25 - 0,5|0,0 - 0,25|0,25 - 0,5|0,25 - 0,5|0,25 - 0,5|1
COCOSUSDT|00001|False|0,0 - 0,25|0,25 - 0,5|0,0 - 0,25|0,25 - 0,5|0,25 - 0,5|1
COCOSUSDT|00000|False|0 - -0,25|0,0 - 0,25|0,25 - 0,5|0,0 - 0,25|0,25 - 0,5|2
COCOSUSDT|00000|True|0,0 - 0,25|0,0 - 0,25|0,0 - 0,25|0 - -0,25|0,0 - 0,25|1
COCOSUSDT|10000|False|0,0 - 0,25|0,0 - 0,25|0,0 - 0,25|0,0 - 0,25|0 - -0,25|1
COCOSUSDT|10100|True|0,0 - 0,25|0,0 - 0,25|0,0 - 0,25|0,0 - 0,25|0,0 - 0,25|1
COCOSUSDT|11010|True|0,25 - 0,5|0,0 - 0,25|0,0 - 0,25|0,0 - 0,25|0,0 - 0,25|1
COCOSUSDT|11101|True|0,5 - 1|0,25 - 0,5|0,0 - 0,25|0,0 - 0,25|0,0 - 0,25|1
COCOSUSDT|11110|False|0,25 - 0,5|0,5 - 1|0,25 - 0,5|0,0 - 0,25|0,0 - 0,25|1
COCOSUSDT|01111|False|0,0 - 0,25|0,25 - 0,5|0,5 - 1|0,25 - 0,5|0,0 - 0,25|1
COCOSUSDT|00111|False|0,0 - 0,25|0,0 - 0,25|0,25 - 0,5|0,5 - 1|0,25 - 0,5|1
COCOSUSDT|00011|True|0,0 - 0,25|0,0 - 0,25|0,0 - 0,25|0,25 - 0,5|0,5 - 1|1
COCOSUSDT|10001|False|0,0 - 0,25|0,0 - 0,25|0,0 - 0,25|0,0 - 0,25|0,25 - 0,5|1
COCOSUSDT|00001|False|0,0 - 0,25|0,0 - 0,25|0,25 - 0,5|0,0 - 0,25|0,0 - 0,25|1
COCOSUSDT|10100|True|0,0 - 0,25|0 - -0,25|0,0 - 0,25|0 - -0,25|0,0 - 0,25|1
COCOSUSDT|11010|False|0,0 - 0,25|0,0 - 0,25|0 - -0,25|0,0 - 0,25|0 - -0,25|1
COCOSUSDT|10110|False|0,0 - 0,25|0,0 - 0,25|0,0 - 0,25|0,0 - 0,25|0 - -0,25|1
COCOSUSDT|01011|True|0 - -0,25|0,0 - 0,25|0,0 - 0,25|0,0 - 0,25|0,0 - 0,25|1
COCOSUSDT|10101|False|0,0 - 0,25|0 - -0,25|0,0 - 0,25|0,0 - 0,25|0,0 - 0,25|1
COCOSUSDT|01010|True|0,0 - 0,25|0,0 - 0,25|0 - -0,25|0,0 - 0,25|0,0 - 0,25|1
COCOSUSDT|11010|True|0,0 - 0,25|0,0 - 0,25|0,0 - 0,25|0,0 - 0,25|0 - -0,25|1
COCOSUSDT|11101|False|0,0 - 0,25|0,0 - 0,25|0,0 - 0,25|0,0 - 0,25|0,0 - 0,25|1
COCOSUSDT|01110|False|0,0 - 0,25|0,0 - 0,25|0,0 - 0,25|0,0 - 0,25|0,0 - 0,25|1
COCOSUSDT|00111|True|0 - -0,25|0,0 - 0,25|0,0 - 0,25|0,0 - 0,25|0,0 - 0,25|1
COCOSUSDT|01001|False|0 - -0,25|0,0 - 0,25|0 - -0,25|0,0 - 0,25|0,0 - 0,25|1
COCOSUSDT|10010|True|0,25 - 0,5|0 - -0,25|0 - -0,25|0,0 - 0,25|0 - -0,25|1
COCOSUSDT|11001|False|0,25 - 0,5|0,25 - 0,5|0 - -0,25|0 - -0,25|0,0 - 0,25|1
COCOSUSDT|01100|True|0,0 - 0,25|0,25 - 0,5|0,25 - 0,5|0 - -0,25|0 - -0,25|1
COCOSUSDT|10110|True|0,0 - 0,25|0,0 - 0,25|0,25 - 0,5|0,25 - 0,5|0 - -0,25|1
COCOSUSDT|11011|False|0,0 - 0,25|0,0 - 0,25|0,0 - 0,25|0,25 - 0,5|0,25 - 0,5|1
COCOSUSDT|01101|True|0,0 - 0,25|0,0 - 0,25|0,0 - 0,25|0,0 - 0,25|0,25 - 0,5|1
COCOSUSDT|01011|False|0,0 - 0,25|0,0 - 0,25|0,0 - 0,25|0,0 - 0,25|0,0 - 0,25|2
COCOSUSDT|00101|True|0,0 - 0,25|0,0 - 0,25|0,0 - 0,25|0,0 - 0,25|0,0 - 0,25|1
COCOSUSDT|10010|True|0,0 - 0,25|0,0 - 0,25|0,0 - 0,25|0,0 - 0,25|0,0 - 0,25|1
COCOSUSDT|11001|False|0,0 - 0,25|0,0 - 0,25|0,0 - 0,25|0,0 - 0,25|0,0 - 0,25|1
COCOSUSDT|01100|False|0,0 - 0,25|0,0 - 0,25|0,0 - 0,25|0,0 - 0,25|0,0 - 0,25|3
COCOSUSDT|00110|False|0,0 - 0,25|0,0 - 0,25|0,0 - 0,25|0,0 - 0,25|0,0 - 0,25|1
COCOSUSDT|00100|False|0,25 - 0,5|0,25 - 0,5|0,0 - 0,25|0,0 - 0,25|0,0 - 0,25|1
COCOSUSDT|00010|False|0,5 - 1|0,25 - 0,5|0,25 - 0,5|0,0 - 0,25|0,0 - 0,25|1
COCOSUSDT|00001|False|0,5 - 1|0,5 - 1|0,25 - 0,5|0,25 - 0,5|0,0 - 0,25|1
COCOSUSDT|00000|False|0,5 - 1|0,5 - 1|0,5 - 1|0,25 - 0,5|0,25 - 0,5|1
COCOSUSDT|00000|False|0,25 - 0,5|0,5 - 1|0,5 - 1|0,5 - 1|0,25 - 0,5|1
COCOSUSDT|00000|True|0,25 - 0,5|0,25 - 0,5|0,5 - 1|0,5 - 1|0,5 - 1|1
COCOSUSDT|10000|False|0,25 - 0,5|0,25 - 0,5|0,25 - 0,5|0,5 - 1|0,5 - 1|1
COCOSUSDT|01000|False|0,25 - 0,5|0,25 - 0,5|0,25 - 0,5|0,25 - 0,5|0,5 - 1|1
COCOSUSDT|00100|False|0,25 - 0,5|0,25 - 0,5|0,25 - 0,5|0,25 - 0,5|0,25 - 0,5|1
COCOSUSDT|00010|False|0,25 - 0,5|0,25 - 0,5|0,25 - 0,5|0,25 - 0,5|0,25 - 0,5|1
COCOSUSDT|00001|True|0,25 - 0,5|0,25 - 0,5|0,25 - 0,5|0,25 - 0,5|0,25 - 0,5|1
COCOSUSDT|10000|False|0,0 - 0,25|0,25 - 0,5|0,25 - 0,5|0,25 - 0,5|0,25 - 0,5|1
COCOSUSDT|01000|True|1 - 2|0,0 - 0,25|0,25 - 0,5|0,25 - 0,5|0,25 - 0,5|1
COCOSUSDT|10100|True|0,5 - 1|1 - 2|0,0 - 0,25|0,25 - 0,5|0,25 - 0,5|1
COCOSUSDT|11010|True|0,0 - 0,25|0,5 - 1|1 - 2|0,0 - 0,25|0,25 - 0,5|1
COCOSUSDT|11101|False|0,0 - 0,25|0,0 - 0,25|0,5 - 1|1 - 2|0,0 - 0,25|1
COCOSUSDT|01110|True|0,5 - 1|0,0 - 0,25|0,0 - 0,25|0,5 - 1|1 - 2|1
COCOSUSDT|10111|False|0,25 - 0,5|0,5 - 1|0,0 - 0,25|0,0 - 0,25|0,5 - 1|1
COCOSUSDT|01011|True|0,25 - 0,5|0,25 - 0,5|0,5 - 1|0,0 - 0,25|0,0 - 0,25|1
COCOSUSDT|10101|False|0,25 - 0,5|0,25 - 0,5|0,25 - 0,5|0,5 - 1|0,0 - 0,25|1
COCOSUSDT|10101|False|0,0 - 0,25|0,25 - 0,5|0,25 - 0,5|0,25 - 0,5|0,25 - 0,5|1
COCOSUSDT|01010|False|0 - -0,25|0,0 - 0,25|0,25 - 0,5|0,25 - 0,5|0,25 - 0,5|2
COCOSUSDT|00101|False|0 - -0,25|0 - -0,25|0,0 - 0,25|0,25 - 0,5|0,25 - 0,5|1
COCOSUSDT|00010|False|0,0 - 0,25|0 - -0,25|0 - -0,25|0,0 - 0,25|0,25 - 0,5|1
COCOSUSDT|00001|False|0,25 - 0,5|0,0 - 0,25|0 - -0,25|0 - -0,25|0,0 - 0,25|1
COCOSUSDT|00000|False|0,0 - 0,25|0,25 - 0,5|0,0 - 0,25|0 - -0,25|0 - -0,25|1
COCOSUSDT|00000|False|0,25 - 0,5|0,0 - 0,25|0,25 - 0,5|0,0 - 0,25|0 - -0,25|1
COCOSUSDT|00000|False|0,25 - 0,5|0,25 - 0,5|0,0 - 0,25|0,25 - 0,5|0,0 - 0,25|1
COCOSUSDT|00000|False|0 - -0,25|0,25 - 0,5|0,25 - 0,5|0,0 - 0,25|0,25 - 0,5|1
COCOSUSDT|00000|False|0,25 - 0,5|0 - -0,25|0,25 - 0,5|0,25 - 0,5|0,0 - 0,25|1
COCOSUSDT|00000|True|0,0 - 0,25|0,25 - 0,5|0 - -0,25|0,25 - 0,5|0,25 - 0,5|1
COCOSUSDT|10000|True|0,25 - 0,5|0,0 - 0,25|0,25 - 0,5|0 - -0,25|0,25 - 0,5|1
COCOSUSDT|11000|True|0,25 - 0,5|0,25 - 0,5|0,0 - 0,25|0,25 - 0,5|0 - -0,25|1
COCOSUSDT|11100|True|0,25 - 0,5|0,25 - 0,5|0,25 - 0,5|0,0 - 0,25|0,25 - 0,5|1
COCOSUSDT|11110|False|0,25 - 0,5|0,25 - 0,5|0,25 - 0,5|0,25 - 0,5|0,0 - 0,25|1
COCOSUSDT|01111|False|0,25 - 0,5|0,25 - 0,5|0,25 - 0,5|0,25 - 0,5|0,25 - 0,5|1
COCOSUSDT|00111|True|0,0 - 0,25|0,25 - 0,5|0,25 - 0,5|0,25 - 0,5|0,25 - 0,5|1
COCOSUSDT|10011|True|0,25 - 0,5|0,0 - 0,25|0,25 - 0,5|0,25 - 0,5|0,25 - 0,5|1
COCOSUSDT|11001|True|0,0 - 0,25|0,25 - 0,5|0,0 - 0,25|0,25 - 0,5|0,25 - 0,5|1
COCOSUSDT|11100|True|0,0 - 0,25|0,0 - 0,25|0,25 - 0,5|0,0 - 0,25|0,25 - 0,5|1
COCOSUSDT|01111|True|0,5 - 1|0,0 - 0,25|0,0 - 0,25|0,0 - 0,25|0,0 - 0,25|1
COCOSUSDT|10111|True|0,25 - 0,5|0,5 - 1|0,0 - 0,25|0,0 - 0,25|0,0 - 0,25|1
COCOSUSDT|11011|False|0,0 - 0,25|0,25 - 0,5|0,5 - 1|0,0 - 0,25|0,0 - 0,25|1
COCOSUSDT|01101|False|0,0 - 0,25|0,0 - 0,25|0,25 - 0,5|0,5 - 1|0,0 - 0,25|1
COCOSUSDT|00001|False|0 - -0,25|0,25 - 0,5|0 - -0,25|0,0 - 0,25|0,0 - 0,25|1
COCOSUSDT|00000|True|0,0 - 0,25|0 - -0,25|0,25 - 0,5|0 - -0,25|0,0 - 0,25|1
COCOSUSDT|10000|False|0,25 - 0,5|0,0 - 0,25|0 - -0,25|0,25 - 0,5|0 - -0,25|1
COCOSUSDT|01000|False|0,0 - 0,25|0,25 - 0,5|0,0 - 0,25|0 - -0,25|0,25 - 0,5|1
COCOSUSDT|00100|True|0,25 - 0,5|0,0 - 0,25|0,25 - 0,5|0,0 - 0,25|0 - -0,25|1
COCOSUSDT|10010|False|0,25 - 0,5|0,25 - 0,5|0,0 - 0,25|0,25 - 0,5|0,0 - 0,25|1
COCOSUSDT|01001|True|0,25 - 0,5|0,25 - 0,5|0,25 - 0,5|0,0 - 0,25|0,25 - 0,5|1
COCOSUSDT|10100|False|0,0 - 0,25|0,25 - 0,5|0,25 - 0,5|0,25 - 0,5|0,0 - 0,25|1
COCOSUSDT|00101|False|0,25 - 0,5|0 - -0,25|0,0 - 0,25|0,25 - 0,5|0,25 - 0,5|1
COCOSUSDT|00010|False|0,0 - 0,25|0,25 - 0,5|0 - -0,25|0,0 - 0,25|0,25 - 0,5|1
COCOSUSDT|00001|False|0,0 - 0,25|0,0 - 0,25|0,25 - 0,5|0 - -0,25|0,0 - 0,25|1
COCOSUSDT|00000|False|0,0 - 0,25|0,0 - 0,25|0,0 - 0,25|0,25 - 0,5|0 - -0,25|1
COCOSUSDT|10000|True|0,0 - 0,25|0,0 - 0,25|0,0 - 0,25|0,0 - 0,25|0,0 - 0,25|1
COCOSUSDT|11000|False|0,0 - 0,25|0,0 - 0,25|0,0 - 0,25|0,0 - 0,25|0,0 - 0,25|2
COCOSUSDT|01100|False|0,25 - 0,5|0,0 - 0,25|0,0 - 0,25|0,0 - 0,25|0,0 - 0,25|1
COCOSUSDT|00110|True|0,0 - 0,25|0,25 - 0,5|0,0 - 0,25|0,0 - 0,25|0,0 - 0,25|1
COCOSUSDT|10011|True|0,0 - 0,25|0,0 - 0,25|0,25 - 0,5|0,0 - 0,25|0,0 - 0,25|1
COCOSUSDT|11001|True|0,25 - 0,5|0,0 - 0,25|0,0 - 0,25|0,25 - 0,5|0,0 - 0,25|1
COCOSUSDT|11100|True|0,25 - 0,5|0,25 - 0,5|0,0 - 0,25|0,0 - 0,25|0,25 - 0,5|1
COCOSUSDT|11110|True|0,0 - 0,25|0,25 - 0,5|0,25 - 0,5|0,0 - 0,25|0,0 - 0,25|1
COCOSUSDT|11111|False|0,0 - 0,25|0,0 - 0,25|0,25 - 0,5|0,25 - 0,5|0,0 - 0,25|1
COCOSUSDT|01111|False|0,0 - 0,25|0,0 - 0,25|0,0 - 0,25|0,25 - 0,5|0,25 - 0,5|1
COCOSUSDT|00111|False|0 - -0,25|0,0 - 0,25|0,0 - 0,25|0,0 - 0,25|0,25 - 0,5|1
COCOSUSDT|00000|False|0,0 - 0,25|0,0 - 0,25|0 - -0,25|0,0 - 0,25|0,0 - 0,25|2
COCOSUSDT|00000|True|0,0 - 0,25|0,25 - 0,5|0,0 - 0,25|0,0 - 0,25|0 - -0,25|1
COCOSUSDT|10000|True|0,0 - 0,25|0,0 - 0,25|0,25 - 0,5|0,0 - 0,25|0,0 - 0,25|1
COCOSUSDT|11000|True|0,25 - 0,5|0,0 - 0,25|0,0 - 0,25|0,25 - 0,5|0,0 - 0,25|1
COCOSUSDT|11100|False|0,25 - 0,5|0,25 - 0,5|0,0 - 0,25|0,0 - 0,25|0,25 - 0,5|1
COCOSUSDT|01110|False|0 - -0,25|0,25 - 0,5|0,25 - 0,5|0,0 - 0,25|0,0 - 0,25|1
COCOSUSDT|00111|False|0 - -0,25|0 - -0,25|0,25 - 0,5|0,25 - 0,5|0,0 - 0,25|1
COCOSUSDT|00011|True|0,25 - 0,5|0 - -0,25|0 - -0,25|0,25 - 0,5|0,25 - 0,5|2
COCOSUSDT|10001|False|0,25 - 0,5|0,25 - 0,5|0 - -0,25|0 - -0,25|0,25 - 0,5|1
COCOSUSDT|01000|True|0,0 - 0,25|0,25 - 0,5|0,25 - 0,5|0 - -0,25|0 - -0,25|1
COCOSUSDT|10100|True|0,0 - 0,25|0,0 - 0,25|0,25 - 0,5|0,25 - 0,5|0 - -0,25|1
COCOSUSDT|11010|False|0,0 - 0,25|0,0 - 0,25|0,0 - 0,25|0,25 - 0,5|0,25 - 0,5|1
COCOSUSDT|01101|False|0,25 - 0,5|0,0 - 0,25|0,0 - 0,25|0,0 - 0,25|0,25 - 0,5|1
COCOSUSDT|00110|False|0,0 - 0,25|0,25 - 0,5|0,0 - 0,25|0,0 - 0,25|0,0 - 0,25|2
COCOSUSDT|00000|True|0 - -0,25|0,0 - 0,25|0,0 - 0,25|0,0 - 0,25|0,25 - 0,5|1
COCOSUSDT|00100|False|0 - -0,25|0,0 - 0,25|0,0 - 0,25|0 - -0,25|0,0 - 0,25|1
COCOSUSDT|00010|False|0,0 - 0,25|0 - -0,25|0,0 - 0,25|0,0 - 0,25|0 - -0,25|3
COCOSUSDT|00000|True|0,5 - 1|0,25 - 0,5|0,0 - 0,25|0 - -0,25|0,0 - 0,25|1
COCOSUSDT|10000|False|0,5 - 1|0,5 - 1|0,25 - 0,5|0,0 - 0,25|0 - -0,25|1
COCOSUSDT|01000|False|0 - -0,25|0,5 - 1|0,5 - 1|0,25 - 0,5|0,0 - 0,25|1
COCOSUSDT|00100|False|0,0 - 0,25|0 - -0,25|0,5 - 1|0,5 - 1|0,25 - 0,5|1
COCOSUSDT|00010|False|0,5 - 1|0,0 - 0,25|0 - -0,25|0,5 - 1|0,5 - 1|1
COCOSUSDT|00001|True|0,25 - 0,5|0,5 - 1|0,0 - 0,25|0 - -0,25|0,5 - 1|1
COCOSUSDT|01000|False|0,0 - 0,25|0,25 - 0,5|0,25 - 0,5|0,5 - 1|0,0 - 0,25|1
COCOSUSDT|00100|False|0,0 - 0,25|0,0 - 0,25|0,25 - 0,5|0,25 - 0,5|0,5 - 1|1
COCOSUSDT|00010|True|0,0 - 0,25|0,0 - 0,25|0,0 - 0,25|0,25 - 0,5|0,25 - 0,5|1
COCOSUSDT|10001|True|0,25 - 0,5|0,0 - 0,25|0,0 - 0,25|0,0 - 0,25|0,25 - 0,5|1
COCOSUSDT|11000|False|0,0 - 0,25|0,25 - 0,5|0,0 - 0,25|0,0 - 0,25|0,0 - 0,25|2
COCOSUSDT|01100|False|0,0 - 0,25|0,0 - 0,25|0,25 - 0,5|0,0 - 0,25|0,0 - 0,25|1
COCOSUSDT|00110|False|0,0 - 0,25|0,0 - 0,25|0,0 - 0,25|0,25 - 0,5|0,0 - 0,25|1
COCOSUSDT|00011|False|0 - -0,25|0,0 - 0,25|0,0 - 0,25|0,0 - 0,25|0,25 - 0,5|1
COCOSUSDT|00000|True|0,0 - 0,25|0 - -0,25|0 - -0,25|0,0 - 0,25|0,0 - 0,25|2
COCOSUSDT|10000|False|0,0 - 0,25|0,0 - 0,25|0 - -0,25|0 - -0,25|0,0 - 0,25|2
COCOSUSDT|00100|True|0 - -0,25|0 - -0,25|0,0 - 0,25|0,0 - 0,25|0 - -0,25|2
COCOSUSDT|10010|False|0,0 - 0,25|0 - -0,25|0 - -0,25|0,0 - 0,25|0,0 - 0,25|1
COCOSUSDT|01001|False|0,0 - 0,25|0,0 - 0,25|0 - -0,25|0 - -0,25|0,0 - 0,25|2
COCOSUSDT|00100|False|0 - -0,25|0,0 - 0,25|0,0 - 0,25|0 - -0,25|0 - -0,25|2
COCOSUSDT|01100|True|0 - -0,25|0,0 - 0,25|0,0 - 0,25|0,25 - 0,5|0,0 - 0,25|1
COCOSUSDT|10110|True|0,0 - 0,25|0 - -0,25|0,0 - 0,25|0,0 - 0,25|0,25 - 0,5|1
COCOSUSDT|11011|True|0,0 - 0,25|0,0 - 0,25|0 - -0,25|0,0 - 0,25|0,0 - 0,25|1
COCOSUSDT|11101|True|0,0 - 0,25|0,0 - 0,25|0,0 - 0,25|0 - -0,25|0,0 - 0,25|1
COCOSUSDT|01000|False|0 - -0,25|0,0 - 0,25|0,0 - 0,25|0,0 - 0,25|0,0 - 0,25|1
COCOSUSDT|00100|True|0 - -0,25|0 - -0,25|0,0 - 0,25|0,0 - 0,25|0,0 - 0,25|1
COCOSUSDT|10010|True|0,0 - 0,25|0 - -0,25|0 - -0,25|0,0 - 0,25|0,0 - 0,25|2
COCOSUSDT|11001|True|0,0 - 0,25|0,0 - 0,25|0 - -0,25|0 - -0,25|0,0 - 0,25|3
COCOSUSDT|01110|True|0 - -0,25|0,0 - 0,25|0,0 - 0,25|0,0 - 0,25|0 - -0,25|1
COCOSUSDT|10111|False|0,0 - 0,25|0 - -0,25|0,0 - 0,25|0,0 - 0,25|0,0 - 0,25|1
COCOSUSDT|01011|False|0 - -0,25|0,0 - 0,25|0 - -0,25|0,0 - 0,25|0,0 - 0,25|1
COCOSUSDT|00101|True|0 - -0,25|0 - -0,25|0,0 - 0,25|0 - -0,25|0,0 - 0,25|2
COCOSUSDT|11100|True|0,0 - 0,25|0,0 - 0,25|0,0 - 0,25|0 - -0,25|0 - -0,25|3
COCOSUSDT|00111|False|0,0 - 0,25|0 - -0,25|0,0 - 0,25|0,0 - 0,25|0,0 - 0,25|4
COCOSUSDT|00011|False|0 - -0,25|0,0 - 0,25|0 - -0,25|0,0 - 0,25|0,0 - 0,25|2
COCOSUSDT|00001|False|0 - -0,25|0 - -0,25|0,0 - 0,25|0 - -0,25|0,0 - 0,25|3
COCOSUSDT|00000|False|0,0 - 0,25|0 - -0,25|0 - -0,25|0,0 - 0,25|0 - -0,25|2
COCOSUSDT|00000|False|0,0 - 0,25|0,0 - 0,25|0 - -0,25|0 - -0,25|0,0 - 0,25|2
COCOSUSDT|00000|False|0,0 - 0,25|0,0 - 0,25|0,0 - 0,25|0 - -0,25|0 - -0,25|2
COCOSUSDT|00000|True|0,25 - 0,5|0,0 - 0,25|0,0 - 0,25|0,0 - 0,25|0,0 - 0,25|1
COCOSUSDT|01000|True|0 - -0,25|0,0 - 0,25|0,25 - 0,5|0,0 - 0,25|0,0 - 0,25|1
COCOSUSDT|10100|False|0,0 - 0,25|0 - -0,25|0,0 - 0,25|0,25 - 0,5|0,0 - 0,25|1
COCOSUSDT|01010|False|0 - -0,25|0,0 - 0,25|0 - -0,25|0,0 - 0,25|0,25 - 0,5|1
COCOSUSDT|00101|False|0 - -0,25|0 - -0,25|0,0 - 0,25|0 - -0,25|0,0 - 0,25|1
COCOSUSDT|00010|False|0,25 - 0,5|0 - -0,25|0 - -0,25|0,0 - 0,25|0 - -0,25|1
COCOSUSDT|00001|False|0,0 - 0,25|0,25 - 0,5|0 - -0,25|0 - -0,25|0,0 - 0,25|1
COCOSUSDT|00000|False|0,0 - 0,25|0,0 - 0,25|0,25 - 0,5|0 - -0,25|0 - -0,25|1
COCOSUSDT|00000|True|0,0 - 0,25|0,0 - 0,25|0,0 - 0,25|0,25 - 0,5|0 - -0,25|1
COCOSUSDT|10000|True|0,25 - 0,5|0,0 - 0,25|0,0 - 0,25|0,0 - 0,25|0,25 - 0,5|1
COCOSUSDT|01100|False|0,25 - 0,5|0,0 - 0,25|0,25 - 0,5|0,0 - 0,25|0,0 - 0,25|1
COCOSUSDT|00110|False|0,0 - 0,25|0,25 - 0,5|0,0 - 0,25|0,25 - 0,5|0,0 - 0,25|1
COCOSUSDT|00011|True|0,0 - 0,25|0,0 - 0,25|0,25 - 0,5|0,0 - 0,25|0,25 - 0,5|1
COCOSUSDT|10001|True|0,0 - 0,25|0,0 - 0,25|0,0 - 0,25|0,25 - 0,5|0,0 - 0,25|1
COCOSUSDT|11000|False|0,0 - 0,25|0,0 - 0,25|0,0 - 0,25|0,0 - 0,25|0,25 - 0,5|1
COCOSUSDT|01100|True|0,25 - 0,5|0,0 - 0,25|0,0 - 0,25|0,0 - 0,25|0,0 - 0,25|1
COCOSUSDT|10110|True|0,25 - 0,5|0,25 - 0,5|0,0 - 0,25|0,0 - 0,25|0,0 - 0,25|1
COCOSUSDT|11011|False|0,0 - 0,25|0,25 - 0,5|0,25 - 0,5|0,0 - 0,25|0,0 - 0,25|1
COCOSUSDT|01101|True|0 - -0,25|0,0 - 0,25|0,25 - 0,5|0,25 - 0,5|0,0 - 0,25|1
COCOSUSDT|10110|True|0,0 - 0,25|0 - -0,25|0,0 - 0,25|0,25 - 0,5|0,25 - 0,5|1
COCOSUSDT|11011|False|0,0 - 0,25|0,0 - 0,25|0 - -0,25|0,0 - 0,25|0,25 - 0,5|1
COCOSUSDT|01101|False|0 - -0,25|0,0 - 0,25|0,0 - 0,25|0 - -0,25|0,0 - 0,25|2
COCOSUSDT|00110|False|0 - -0,25|0 - -0,25|0,0 - 0,25|0,0 - 0,25|0 - -0,25|2
COCOSUSDT|00011|True|0 - -0,25|0 - -0,25|0 - -0,25|0,0 - 0,25|0,0 - 0,25|1
COCOSUSDT|10001|False|0,0 - 0,25|0 - -0,25|0 - -0,25|0 - -0,25|0,0 - 0,25|2
COCOSUSDT|01000|True|0 - -0,25|0,0 - 0,25|0 - -0,25|0 - -0,25|0 - -0,25|1
COCOSUSDT|10100|False|0,0 - 0,25|0 - -0,25|0,0 - 0,25|0 - -0,25|0 - -0,25|1
COCOSUSDT|01010|False|0,0 - 0,25|0,0 - 0,25|0 - -0,25|0,0 - 0,25|0 - -0,25|1
COCOSUSDT|00101|False|0,0 - 0,25|0,0 - 0,25|0,0 - 0,25|0 - -0,25|0,0 - 0,25|2
COCOSUSDT|00010|False|0 - -0,25|0,0 - 0,25|0,0 - 0,25|0,0 - 0,25|0 - -0,25|1
COCOSUSDT|00011|False|0,0 - 0,25|0,0 - 0,25|0 - -0,25|0,0 - 0,25|0,0 - 0,25|1
COCOSUSDT|00001|True|0,0 - 0,25|0,0 - 0,25|0,0 - 0,25|0 - -0,25|0,0 - 0,25|1
COCOSUSDT|10000|True|0,0 - 0,25|0,0 - 0,25|0,0 - 0,25|0,0 - 0,25|0 - -0,25|1
COCOSUSDT|11100|False|0,5 - 1|0,0 - 0,25|0,0 - 0,25|0 - -0,25|0,0 - 0,25|1
COCOSUSDT|01110|True|0,25 - 0,5|0,5 - 1|0,0 - 0,25|0,0 - 0,25|0 - -0,25|1
COCOSUSDT|10111|True|0,0 - 0,25|0,25 - 0,5|0,5 - 1|0,0 - 0,25|0,0 - 0,25|1
COCOSUSDT|11011|True|0,25 - 0,5|0,0 - 0,25|0,25 - 0,5|0,5 - 1|0,0 - 0,25|1
COCOSUSDT|11101|False|0,25 - 0,5|0,25 - 0,5|0,0 - 0,25|0,25 - 0,5|0,5 - 1|1
COCOSUSDT|01110|False|0 - -0,25|0,25 - 0,5|0,25 - 0,5|0,0 - 0,25|0,25 - 0,5|1
COCOSUSDT|00111|False|0,0 - 0,25|0 - -0,25|0,25 - 0,5|0,25 - 0,5|0,0 - 0,25|1
COCOSUSDT|00011|False|0 - -0,25|0,0 - 0,25|0 - -0,25|0,25 - 0,5|0,25 - 0,5|1
COCOSUSDT|00001|False|0,0 - 0,25|0 - -0,25|0,0 - 0,25|0 - -0,25|0,25 - 0,5|1
COCOSUSDT|00000|True|0 - -0,25|0 - -0,25|0,0 - 0,25|0,0 - 0,25|0 - -0,25|1
COCOSUSDT|00100|False|0,0 - 0,25|0 - -0,25|0,0 - 0,25|0 - -0,25|0,0 - 0,25|1
COCOSUSDT|00010|False|0 - -0,25|0,0 - 0,25|0 - -0,25|0,0 - 0,25|0 - -0,25|1
COCOSUSDT|00000|True|0,25 - 0,5|0 - -0,25|0 - -0,25|0,0 - 0,25|0 - -0,25|1
COCOSUSDT|10000|True|0,25 - 0,5|0,25 - 0,5|0 - -0,25|0 - -0,25|0,0 - 0,25|1
COCOSUSDT|11000|False|0,0 - 0,25|0,25 - 0,5|0,25 - 0,5|0 - -0,25|0 - -0,25|1
COCOSUSDT|01100|False|0 - -0,25|0,0 - 0,25|0,25 - 0,5|0,25 - 0,5|0 - -0,25|1
COCOSUSDT|00110|False|0 - -0,25|0 - -0,25|0,0 - 0,25|0,25 - 0,5|0,25 - 0,5|1
COCOSUSDT|00011|True|0 - -0,25|0 - -0,25|0 - -0,25|0,0 - 0,25|0,25 - 0,5|1
COCOSUSDT|10001|False|0,25 - 0,5|0 - -0,25|0 - -0,25|0 - -0,25|0,0 - 0,25|1
COCOSUSDT|01000|False|0,25 - 0,5|0,25 - 0,5|0 - -0,25|0 - -0,25|0 - -0,25|1
COCOSUSDT|00100|True|0 - -0,25|0,25 - 0,5|0,25 - 0,5|0 - -0,25|0 - -0,25|1
COCOSUSDT|10010|True|0,0 - 0,25|0 - -0,25|0,25 - 0,5|0,25 - 0,5|0 - -0,25|1
COCOSUSDT|11001|False|0,0 - 0,25|0,0 - 0,25|0 - -0,25|0,25 - 0,5|0,25 - 0,5|1
COCOSUSDT|01100|False|0,0 - 0,25|0,0 - 0,25|0,0 - 0,25|0 - -0,25|0,25 - 0,5|1
COCOSUSDT|00011|False|0,25 - 0,5|0,0 - 0,25|0,0 - 0,25|0,0 - 0,25|0,0 - 0,25|1
COCOSUSDT|00000|False|0,0 - 0,25|0,0 - 0,25|0,25 - 0,5|0,0 - 0,25|0,0 - 0,25|1
COCOSUSDT|00000|False|0 - -0,25|0,0 - 0,25|0,0 - 0,25|0,25 - 0,5|0,0 - 0,25|1
COCOSUSDT|00000|True|0 - -0,25|0 - -0,25|0,0 - 0,25|0,0 - 0,25|0,25 - 0,5|1
COCOSUSDT|10000|True|0,25 - 0,5|0 - -0,25|0 - -0,25|0,0 - 0,25|0,0 - 0,25|1
COCOSUSDT|11000|False|0,0 - 0,25|0,25 - 0,5|0 - -0,25|0 - -0,25|0,0 - 0,25|1
COCOSUSDT|01100|True|0 - -0,25|0,0 - 0,25|0,25 - 0,5|0 - -0,25|0 - -0,25|1
COCOSUSDT|10110|False|0,0 - 0,25|0 - -0,25|0,0 - 0,25|0,25 - 0,5|0 - -0,25|1
COCOSUSDT|01011|False|0,0 - 0,25|0,0 - 0,25|0 - -0,25|0,0 - 0,25|0,25 - 0,5|1
COCOSUSDT|00001|True|0 - -0,25|0,0 - 0,25|0,0 - 0,25|0,0 - 0,25|0,0 - 0,25|1
COCOSUSDT|10000|True|0,0 - 0,25|0 - -0,25|0,0 - 0,25|0,0 - 0,25|0,0 - 0,25|1
COCOSUSDT|11000|False|0,0 - 0,25|0,0 - 0,25|0 - -0,25|0,0 - 0,25|0,0 - 0,25|1
COCOSUSDT|00000|False|0,0 - 0,25|0 - -0,25|0,0 - 0,25|0,0 - 0,25|0,0 - 0,25|2
COCOSUSDT|00000|True|0,0 - 0,25|0 - -0,25|0,0 - 0,25|0,0 - 0,25|0 - -0,25|1
COCOSUSDT|10000|False|0,0 - 0,25|0,0 - 0,25|0 - -0,25|0,0 - 0,25|0,0 - 0,25|1
COCOSUSDT|01000|True|0 - -0,25|0,0 - 0,25|0,0 - 0,25|0 - -0,25|0,0 - 0,25|1
COCOSUSDT|10100|False|0,0 - 0,25|0 - -0,25|0,0 - 0,25|0,0 - 0,25|0 - -0,25|2
COCOSUSDT|10010|False|0,0 - 0,25|0 - -0,25|0 - -0,25|0,0 - 0,25|0 - -0,25|2
COCOSUSDT|10000|False|0,0 - 0,25|0,0 - 0,25|0,0 - 0,25|0 - -0,25|0,0 - 0,25|2
COCOSUSDT|10010|False|0,0 - 0,25|0 - -0,25|0,0 - 0,25|0,0 - 0,25|0,0 - 0,25|1
COCOSUSDT|01001|True|0 - -0,25|0,0 - 0,25|0 - -0,25|0,0 - 0,25|0,0 - 0,25|1
COCOSUSDT|01010|False|0,5 - 1|0,0 - 0,25|0 - -0,25|0,0 - 0,25|0 - -0,25|1
COCOSUSDT|00101|False|0,5 - 1|0,5 - 1|0,0 - 0,25|0 - -0,25|0,0 - 0,25|1
COCOSUSDT|00010|True|0 - -0,25|0,5 - 1|0,5 - 1|0,0 - 0,25|0 - -0,25|1
COCOSUSDT|10001|True|0,0 - 0,25|0 - -0,25|0,5 - 1|0,5 - 1|0,0 - 0,25|1
COCOSUSDT|11000|True|0,0 - 0,25|0,0 - 0,25|0 - -0,25|0,5 - 1|0,5 - 1|1
COCOSUSDT|11100|True|0,0 - 0,25|0,0 - 0,25|0,0 - 0,25|0 - -0,25|0,5 - 1|1
COCOSUSDT|00011|False|0,25 - 0,5|0,0 - 0,25|0 - -0,25|0,0 - 0,25|0,0 - 0,25|1
COCOSUSDT|00001|False|0 - -0,25|0,25 - 0,5|0,0 - 0,25|0 - -0,25|0,0 - 0,25|1
COCOSUSDT|00000|True|0,0 - 0,25|0 - -0,25|0,25 - 0,5|0,0 - 0,25|0 - -0,25|1
COCOSUSDT|10000|True|0,25 - 0,5|0,0 - 0,25|0 - -0,25|0,25 - 0,5|0,0 - 0,25|1
COCOSUSDT|11000|False|0,25 - 0,5|0,25 - 0,5|0,0 - 0,25|0 - -0,25|0,25 - 0,5|1
COCOSUSDT|01100|False|0 - -0,25|0,25 - 0,5|0,25 - 0,5|0,0 - 0,25|0 - -0,25|1
COCOSUSDT|00110|False|0 - -0,25|0 - -0,25|0,25 - 0,5|0,25 - 0,5|0,0 - 0,25|1
COCOSUSDT|00011|False|0 - -0,25|0 - -0,25|0 - -0,25|0,25 - 0,5|0,25 - 0,5|1
COCOSUSDT|00001|False|0 - -0,25|0 - -0,25|0 - -0,25|0 - -0,25|0,25 - 0,5|1
COCOSUSDT|00000|True|0,0 - 0,25|0,0 - 0,25|0 - -0,25|0 - -0,25|0 - -0,25|2
COCOSUSDT|00100|True|0,0 - 0,25|0,0 - 0,25|0,0 - 0,25|0,0 - 0,25|0 - -0,25|1
COCOSUSDT|10010|False|0,0 - 0,25|0,0 - 0,25|0,0 - 0,25|0,0 - 0,25|0,0 - 0,25|1
COCOSUSDT|00001|False|0,25 - 0,5|0,0 - 0,25|0,0 - 0,25|0 - -0,25|0,0 - 0,25|1
COCOSUSDT|00000|False|0,0 - 0,25|0,25 - 0,5|0,0 - 0,25|0,0 - 0,25|0 - -0,25|1
COCOSUSDT|00000|True|0,0 - 0,25|0,0 - 0,25|0,25 - 0,5|0,0 - 0,25|0,0 - 0,25|1
COCOSUSDT|10000|False|0,25 - 0,5|0,0 - 0,25|0,0 - 0,25|0,25 - 0,5|0,0 - 0,25|1
COCOSUSDT|01000|True|0,0 - 0,25|0,25 - 0,5|0,0 - 0,25|0,0 - 0,25|0,25 - 0,5|1
COCOSUSDT|10100|True|0,0 - 0,25|0,0 - 0,25|0,25 - 0,5|0,0 - 0,25|0,0 - 0,25|1
COCOSUSDT|11010|True|0,0 - 0,25|0,0 - 0,25|0,0 - 0,25|0,25 - 0,5|0,0 - 0,25|1
COCOSUSDT|11101|False|0,0 - 0,25|0,0 - 0,25|0,0 - 0,25|0,0 - 0,25|0,25 - 0,5|1
COCOSUSDT|01110|False|0 - -0,25|0,0 - 0,25|0,0 - 0,25|0,0 - 0,25|0,0 - 0,25|1
COCOSUSDT|00111|False|0 - -0,25|0 - -0,25|0,0 - 0,25|0,0 - 0,25|0,0 - 0,25|1
COCOSUSDT|00011|False|0 - -0,25|0 - -0,25|0 - -0,25|0,0 - 0,25|0,0 - 0,25|2
COCOSUSDT|00001|False|0,0 - 0,25|0 - -0,25|0 - -0,25|0 - -0,25|0,0 - 0,25|2
COCOSUSDT|00000|True|0 - -0,25|0,0 - 0,25|0 - -0,25|0 - -0,25|0 - -0,25|1
COCOSUSDT|11000|False|0,0 - 0,25|0,0 - 0,25|0 - -0,25|0,0 - 0,25|0 - -0,25|2
COCOSUSDT|01000|False|0 - -0,25|0,0 - 0,25|0 - -0,25|0 - -0,25|0,0 - 0,25|2
COCOSUSDT|00010|False|0,0 - 0,25|0 - -0,25|0 - -0,25|0,0 - 0,25|0 - -0,25|2
COCOSUSDT|00001|False|0 - -0,25|0,0 - 0,25|0 - -0,25|0 - -0,25|0,0 - 0,25|1
COCOSUSDT|10000|True|0,25 - 0,5|0 - -0,25|0 - -0,25|0,0 - 0,25|0 - -0,25|1
COCOSUSDT|11000|True|0,0 - 0,25|0,25 - 0,5|0 - -0,25|0 - -0,25|0,0 - 0,25|1
COCOSUSDT|11100|True|0,25 - 0,5|0,0 - 0,25|0,25 - 0,5|0 - -0,25|0 - -0,25|1
COCOSUSDT|11110|False|0,0 - 0,25|0,25 - 0,5|0,0 - 0,25|0,25 - 0,5|0 - -0,25|1
COCOSUSDT|01111|False|0 - -0,25|0,0 - 0,25|0,25 - 0,5|0,0 - 0,25|0,25 - 0,5|1
COCOSUSDT|00011|False|0,0 - 0,25|0 - -0,25|0 - -0,25|0,0 - 0,25|0,25 - 0,5|1
COCOSUSDT|00001|True|0 - -0,25|0,0 - 0,25|0 - -0,25|0 - -0,25|0,0 - 0,25|1
COCOSUSDT|10000|False|0,0 - 0,25|0 - -0,25|0,0 - 0,25|0 - -0,25|0 - -0,25|1
COCOSUSDT|01000|False|0 - -0,25|0,0 - 0,25|0 - -0,25|0,0 - 0,25|0 - -0,25|1
COCOSUSDT|00100|False|0 - -0,25|0 - -0,25|0,0 - 0,25|0 - -0,25|0,0 - 0,25|1
COCOSUSDT|00001|True|0,0 - 0,25|0,0 - 0,25|0 - -0,25|0 - -0,25|0,0 - 0,25|1
COCOSUSDT|11000|True|0,0 - 0,25|0,0 - 0,25|0,0 - 0,25|0,0 - 0,25|0 - -0,25|1
COCOSUSDT|11100|False|0,0 - 0,25|0,0 - 0,25|0,0 - 0,25|0,0 - 0,25|0,0 - 0,25|1
COCOSUSDT|01110|False|0,5 - 1|0,0 - 0,25|0,0 - 0,25|0,0 - 0,25|0,0 - 0,25|1
COCOSUSDT|00111|False|0 - -0,25|0,5 - 1|0,0 - 0,25|0,0 - 0,25|0,0 - 0,25|1
COCOSUSDT|00011|False|0 - -0,25|0 - -0,25|0,5 - 1|0,0 - 0,25|0,0 - 0,25|1
COCOSUSDT|00001|True|0 - -0,25|0 - -0,25|0 - -0,25|0,5 - 1|0,0 - 0,25|1
COCOSUSDT|10000|True|0,0 - 0,25|0 - -0,25|0 - -0,25|0 - -0,25|0,5 - 1|1
COCOSUSDT|11000|True|0,25 - 0,5|0,0 - 0,25|0 - -0,25|0 - -0,25|0 - -0,25|1
COCOSUSDT|11100|False|0,5 - 1|0,25 - 0,5|0,0 - 0,25|0 - -0,25|0 - -0,25|1
COCOSUSDT|01110|False|0,0 - 0,25|0,5 - 1|0,25 - 0,5|0,0 - 0,25|0 - -0,25|1
COCOSUSDT|00111|False|0,0 - 0,25|0,0 - 0,25|0,5 - 1|0,25 - 0,5|0,0 - 0,25|1
COCOSUSDT|00011|True|0 - -0,25|0,0 - 0,25|0,0 - 0,25|0,5 - 1|0,25 - 0,5|1
COCOSUSDT|10001|True|0,25 - 0,5|0 - -0,25|0,0 - 0,25|0,0 - 0,25|0,5 - 1|1
COCOSUSDT|11000|False|0,25 - 0,5|0,25 - 0,5|0 - -0,25|0,0 - 0,25|0,0 - 0,25|1
COCOSUSDT|01100|False|0 - -0,25|0,25 - 0,5|0,25 - 0,5|0 - -0,25|0,0 - 0,25|1
COCOSUSDT|00110|False|0 - -0,25|0 - -0,25|0,25 - 0,5|0,25 - 0,5|0 - -0,25|1
COCOSUSDT|10001|False|0,0 - 0,25|0,25 - 0,5|0 - -0,25|0 - -0,25|0,25 - 0,5|1
COCOSUSDT|01000|False|0 - -0,25|0,0 - 0,25|0,25 - 0,5|0 - -0,25|0 - -0,25|1
COCOSUSDT|00100|True|0,0 - 0,25|0 - -0,25|0,0 - 0,25|0,25 - 0,5|0 - -0,25|1
COCOSUSDT|10010|False|0,0 - 0,25|0,0 - 0,25|0 - -0,25|0,0 - 0,25|0,25 - 0,5|1
COCOSUSDT|01001|False|0 - -0,25|0,0 - 0,25|0,0 - 0,25|0 - -0,25|0,0 - 0,25|1
COCOSUSDT|00011|True|0 - -0,25|0,0 - 0,25|0 - -0,25|0,0 - 0,25|0,0 - 0,25|2
COCOSUSDT|01100|False|0 - -0,25|0,0 - 0,25|0,0 - 0,25|0 - -0,25|0,0 - 0,25|1
COCOSUSDT|00110|False|0,0 - 0,25|0 - -0,25|0,0 - 0,25|0,0 - 0,25|0 - -0,25|1
COCOSUSDT|00000|True|0 - -0,25|0 - -0,25|0 - -0,25|0,0 - 0,25|0 - -0,25|1
COCOSUSDT|10000|False|0,0 - 0,25|0 - -0,25|0 - -0,25|0 - -0,25|0,0 - 0,25|1
COCOSUSDT|00100|False|0,0 - 0,25|0 - -0,25|0,0 - 0,25|0 - -0,25|0 - -0,25|1
COCOSUSDT|00010|True|0 - -0,25|0,0 - 0,25|0 - -0,25|0,0 - 0,25|0 - -0,25|1
COCOSUSDT|10001|False|0,0 - 0,25|0 - -0,25|0,0 - 0,25|0 - -0,25|0,0 - 0,25|2
COCOSUSDT|01000|True|0 - -0,25|0,0 - 0,25|0 - -0,25|0,0 - 0,25|0 - -0,25|2
COCOSUSDT|01010|False|0 - -0,25|0,0 - 0,25|0,0 - 0,25|0,0 - 0,25|0 - -0,25|1
COCOSUSDT|00101|True|0,0 - 0,25|0 - -0,25|0,0 - 0,25|0,0 - 0,25|0,0 - 0,25|1
COCOSUSDT|10010|True|0,0 - 0,25|0,0 - 0,25|0 - -0,25|0,0 - 0,25|0,0 - 0,25|1
COCOSUSDT|11001|False|0,0 - 0,25|0,0 - 0,25|0,0 - 0,25|0 - -0,25|0,0 - 0,25|1
COCOSUSDT|00000|False|0 - -0,25|0,0 - 0,25|0,0 - 0,25|0,0 - 0,25|0,25 - 0,5|1
COCOSUSDT|00000|True|0,0 - 0,25|0,0 - 0,25|0 - -0,25|0,0 - 0,25|0,0 - 0,25|1
COCOSUSDT|01000|True|0 - -0,25|0,0 - 0,25|0,0 - 0,25|0,0 - 0,25|0 - -0,25|1
COCOSUSDT|10100|True|0,0 - 0,25|0 - -0,25|0,0 - 0,25|0,0 - 0,25|0,0 - 0,25|1
COCOSUSDT|10000|False|0,25 - 0,5|0,0 - 0,25|0,0 - 0,25|0 - -0,25|0 - -0,25|1
COCOSUSDT|01000|False|0 - -0,25|0,25 - 0,5|0,0 - 0,25|0,0 - 0,25|0 - -0,25|1
COCOSUSDT|00100|False|0 - -0,25|0 - -0,25|0,25 - 0,5|0,0 - 0,25|0,0 - 0,25|1
COCOSUSDT|00010|True|0,0 - 0,25|0 - -0,25|0 - -0,25|0,25 - 0,5|0,0 - 0,25|1
COCOSUSDT|10001|False|0,0 - 0,25|0,0 - 0,25|0 - -0,25|0 - -0,25|0,25 - 0,5|1
COCOSUSDT|01000|True|0 - -0,25|0,0 - 0,25|0,0 - 0,25|0 - -0,25|0 - -0,25|1
COCOSUSDT|00101|False|0,25 - 0,5|0 - -0,25|0,0 - 0,25|0 - -0,25|0,0 - 0,25|1
COCOSUSDT|00010|False|0,0 - 0,25|0,25 - 0,5|0 - -0,25|0,0 - 0,25|0 - -0,25|1
COCOSUSDT|00001|False|0 - -0,25|0,0 - 0,25|0,25 - 0,5|0 - -0,25|0,0 - 0,25|1
COCOSUSDT|00000|True|0 - -0,25|0 - -0,25|0,0 - 0,25|0,25 - 0,5|0 - -0,25|1
COCOSUSDT|10000|False|0,0 - 0,25|0 - -0,25|0 - -0,25|0,0 - 0,25|0,25 - 0,5|1
COCOSUSDT|00100|True|0 - -0,25|0 - -0,25|0,0 - 0,25|0 - -0,25|0 - -0,25|1
COCOSUSDT|01001|False|0 - -0,25|0,0 - 0,25|0 - -0,25|0 - -0,25|0,0 - 0,25|1
COCOSUSDT|00010|True|0,25 - 0,5|0 - -0,25|0 - -0,25|0,0 - 0,25|0 - -0,25|1
COCOSUSDT|10001|False|0,25 - 0,5|0,25 - 0,5|0 - -0,25|0 - -0,25|0,0 - 0,25|1
COCOSUSDT|01000|False|0 - -0,25|0,25 - 0,5|0,25 - 0,5|0 - -0,25|0 - -0,25|1
COCOSUSDT|00100|True|0,0 - 0,25|0 - -0,25|0,25 - 0,5|0,25 - 0,5|0 - -0,25|1
COCOSUSDT|10010|False|0,0 - 0,25|0,0 - 0,25|0 - -0,25|0,25 - 0,5|0,25 - 0,5|1
COCOSUSDT|01001|False|0 - -0,25|0,0 - 0,25|0,0 - 0,25|0 - -0,25|0,25 - 0,5|1
COCOSUSDT|00100|False|0 - -0,25|0 - -0,25|0,0 - 0,25|0,0 - 0,25|0 - -0,25|2
COCOSUSDT|00010|True|0 - -0,25|0 - -0,25|0 - -0,25|0,0 - 0,25|0,0 - 0,25|1
COCOSUSDT|00010|True|0,0 - 0,25|0 - -0,25|0 - -0,25|0,0 - 0,25|0 - -0,25|1
COCOSUSDT|11000|True|0,0 - 0,25|0,25 - 0,5|0,0 - 0,25|0 - -0,25|0 - -0,25|1
COCOSUSDT|11100|False|0,0 - 0,25|0,0 - 0,25|0,25 - 0,5|0,0 - 0,25|0 - -0,25|1
COCOSUSDT|01110|True|0,0 - 0,25|0,0 - 0,25|0,0 - 0,25|0,25 - 0,5|0,0 - 0,25|1
COCOSUSDT|10111|False|0,0 - 0,25|0,0 - 0,25|0,0 - 0,25|0,0 - 0,25|0,25 - 0,5|1
COCOSUSDT|00101|False|0,0 - 0,25|0,0 - 0,25|0,0 - 0,25|0,0 - 0,25|0,0 - 0,25|1
COCOSUSDT|00010|True|0,25 - 0,5|0 - -0,25|0 - -0,25|0,0 - 0,25|0,0 - 0,25|1
COCOSUSDT|10001|True|0,0 - 0,25|0,25 - 0,5|0 - -0,25|0 - -0,25|0,0 - 0,25|1
COCOSUSDT|11000|False|0,0 - 0,25|0,0 - 0,25|0,25 - 0,5|0 - -0,25|0 - -0,25|1
COCOSUSDT|01100|False|0 - -0,25|0,0 - 0,25|0,0 - 0,25|0,25 - 0,5|0 - -0,25|1
COCOSUSDT|00110|False|0,0 - 0,25|0 - -0,25|0,0 - 0,25|0,0 - 0,25|0,25 - 0,5|1
COCOSUSDT|10100|True|0,5 - 1|0 - -0,25|0,0 - 0,25|0 - -0,25|0,0 - 0,25|1
COCOSUSDT|11010|True|0,0 - 0,25|0,5 - 1|0 - -0,25|0,0 - 0,25|0 - -0,25|1
COCOSUSDT|11101|False|0,25 - 0,5|0,0 - 0,25|0,5 - 1|0 - -0,25|0,0 - 0,25|1
COCOSUSDT|01110|False|0,0 - 0,25|0,25 - 0,5|0,0 - 0,25|0,5 - 1|0 - -0,25|1
COCOSUSDT|00111|False|0 - -0,25|0,0 - 0,25|0,25 - 0,5|0,0 - 0,25|0,5 - 1|1
COCOSUSDT|00011|False|0 - -0,25|0 - -0,25|0,0 - 0,25|0,25 - 0,5|0,0 - 0,25|1
COCOSUSDT|00001|False|0,25 - 0,5|0 - -0,25|0 - -0,25|0,0 - 0,25|0,25 - 0,5|1
COCOSUSDT|00000|False|0,25 - 0,5|0,25 - 0,5|0 - -0,25|0 - -0,25|0,0 - 0,25|1
COCOSUSDT|00000|False|0,0 - 0,25|0,25 - 0,5|0,25 - 0,5|0 - -0,25|0 - -0,25|1
COCOSUSDT|00000|False|0 - -0,25|0,0 - 0,25|0,25 - 0,5|0,25 - 0,5|0 - -0,25|1
COCOSUSDT|00000|False|0 - -0,25|0 - -0,25|0,0 - 0,25|0,25 - 0,5|0,25 - 0,5|1
COCOSUSDT|00000|True|0 - -0,25|0 - -0,25|0 - -0,25|0,0 - 0,25|0,25 - 0,5|1
COCOSUSDT|10000|True|0,0 - 0,25|0 - -0,25|0 - -0,25|0 - -0,25|0,0 - 0,25|1
COCOSUSDT|11110|True|0,25 - 0,5|0,0 - 0,25|0,0 - 0,25|0,0 - 0,25|0 - -0,25|1
COCOSUSDT|11111|False|0,0 - 0,25|0,25 - 0,5|0,0 - 0,25|0,0 - 0,25|0,0 - 0,25|1
COCOSUSDT|01111|True|1 - 2|0,0 - 0,25|0,25 - 0,5|0,0 - 0,25|0,0 - 0,25|1
COCOSUSDT|10111|True|0,5 - 1|1 - 2|0,0 - 0,25|0,25 - 0,5|0,0 - 0,25|1
COCOSUSDT|11011|False|0,25 - 0,5|0,5 - 1|1 - 2|0,0 - 0,25|0,25 - 0,5|1
COCOSUSDT|01101|False|0,0 - 0,25|0,25 - 0,5|0,5 - 1|1 - 2|0,0 - 0,25|1
COCOSUSDT|00110|True|0,0 - 0,25|0,0 - 0,25|0,25 - 0,5|0,5 - 1|1 - 2|1
COCOSUSDT|10011|True|0,25 - 0,5|0,0 - 0,25|0,0 - 0,25|0,25 - 0,5|0,5 - 1|1
COCOSUSDT|11001|False|0,0 - 0,25|0,25 - 0,5|0,0 - 0,25|0,0 - 0,25|0,25 - 0,5|1
COCOSUSDT|01100|True|0,25 - 0,5|0,0 - 0,25|0,25 - 0,5|0,0 - 0,25|0,0 - 0,25|1
COCOSUSDT|10110|True|0,25 - 0,5|0,25 - 0,5|0,0 - 0,25|0,25 - 0,5|0,0 - 0,25|1
COCOSUSDT|11011|True|0,0 - 0,25|0,25 - 0,5|0,25 - 0,5|0,0 - 0,25|0,25 - 0,5|1
COCOSUSDT|11101|False|0,5 - 1|0,0 - 0,25|0,25 - 0,5|0,25 - 0,5|0,0 - 0,25|1
COCOSUSDT|01110|False|0,0 - 0,25|0,5 - 1|0,0 - 0,25|0,25 - 0,5|0,25 - 0,5|1
COCOSUSDT|00111|True|0,0 - 0,25|0,0 - 0,25|0,5 - 1|0,0 - 0,25|0,25 - 0,5|1
COCOSUSDT|10011|True|0,0 - 0,25|0,0 - 0,25|0,0 - 0,25|0,5 - 1|0,0 - 0,25|1
COCOSUSDT|11001|True|0,0 - 0,25|0,0 - 0,25|0,0 - 0,25|0,0 - 0,25|0,5 - 1|1
COCOSUSDT|11110|True|0,25 - 0,5|0,0 - 0,25|0,0 - 0,25|0,0 - 0,25|0,0 - 0,25|1
COCOSUSDT|11111|True|0,0 - 0,25|0,25 - 0,5|0,0 - 0,25|0,0 - 0,25|0,0 - 0,25|1
COCOSUSDT|11111|False|0,0 - 0,25|0,0 - 0,25|0,25 - 0,5|0,0 - 0,25|0,0 - 0,25|1
COCOSUSDT|01111|False|0,25 - 0,5|0,0 - 0,25|0,0 - 0,25|0,25 - 0,5|0,0 - 0,25|1
COCOSUSDT|00111|False|0,0 - 0,25|0,25 - 0,5|0,0 - 0,25|0,0 - 0,25|0,25 - 0,5|1
COCOSUSDT|00011|False|0,25 - 0,5|0,0 - 0,25|0,25 - 0,5|0,0 - 0,25|0,0 - 0,25|1
COCOSUSDT|00000|False|0 - -0,25|0 - -0,25|0,0 - 0,25|0,25 - 0,5|0,0 - 0,25|1
COCOSUSDT|00000|False|0,25 - 0,5|0 - -0,25|0 - -0,25|0,0 - 0,25|0,25 - 0,5|1
COCOSUSDT|00000|False|0 - -0,25|0,25 - 0,5|0 - -0,25|0 - -0,25|0,0 - 0,25|1
COCOSUSDT|00000|True|0 - -0,25|0 - -0,25|0,25 - 0,5|0 - -0,25|0 - -0,25|1
COCOSUSDT|10000|True|0,25 - 0,5|0 - -0,25|0 - -0,25|0,25 - 0,5|0 - -0,25|1
COCOSUSDT|11000|False|0,25 - 0,5|0,25 - 0,5|0 - -0,25|0 - -0,25|0,25 - 0,5|1
COCOSUSDT|01100|False|0 - -0,25|0,25 - 0,5|0,25 - 0,5|0 - -0,25|0 - -0,25|1
COCOSUSDT|00110|False|0,0 - 0,25|0 - -0,25|0,25 - 0,5|0,25 - 0,5|0 - -0,25|1
COCOSUSDT|00011|True|0 - -0,25|0,0 - 0,25|0 - -0,25|0,25 - 0,5|0,25 - 0,5|1
COCOSUSDT|10001|False|1 - 2|0 - -0,25|0,0 - 0,25|0 - -0,25|0,25 - 0,5|1
COCOSUSDT|01000|True|0,5 - 1|1 - 2|0 - -0,25|0,0 - 0,25|0 - -0,25|1
COCOSUSDT|10100|True|0,0 - 0,25|0,5 - 1|1 - 2|0 - -0,25|0,0 - 0,25|1
COCOSUSDT|11010|False|0,5 - 1|0,0 - 0,25|0,5 - 1|1 - 2|0 - -0,25|1
COCOSUSDT|01101|False|0,25 - 0,5|0,5 - 1|0,0 - 0,25|0,5 - 1|1 - 2|1
COCOSUSDT|00110|False|0,25 - 0,5|0,25 - 0,5|0,5 - 1|0,0 - 0,25|0,5 - 1|1
COCOSUSDT|00011|False|0,0 - 0,25|0,25 - 0,5|0,25 - 0,5|0,5 - 1|0,0 - 0,25|1
COCOSUSDT|00001|False|0 - -0,25|0,0 - 0,25|0,25 - 0,5|0,25 - 0,5|0,5 - 1|1
COCOSUSDT|00000|False|0,0 - 0,25|0 - -0,25|0,0 - 0,25|0,25 - 0,5|0,25 - 0,5|1
COCOSUSDT|00000|True|0,0 - 0,25|0,0 - 0,25|0 - -0,25|0 - -0,25|0,0 - 0,25|1
COCOSUSDT|10000|False|0,0 - 0,25|0,0 - 0,25|0,0 - 0,25|0 - -0,25|0 - -0,25|1
COCOSUSDT|01000|True|0,25 - 0,5|0,0 - 0,25|0,0 - 0,25|0,0 - 0,25|0 - -0,25|1
COCOSUSDT|10100|False|0,25 - 0,5|0,25 - 0,5|0,0 - 0,25|0,0 - 0,25|0,0 - 0,25|1
COCOSUSDT|01010|False|0,0 - 0,25|0,25 - 0,5|0,25 - 0,5|0,0 - 0,25|0,0 - 0,25|1
COCOSUSDT|00101|False|0,0 - 0,25|0,0 - 0,25|0,25 - 0,5|0,25 - 0,5|0,0 - 0,25|1
COCOSUSDT|00010|True|0,25 - 0,5|0,0 - 0,25|0,0 - 0,25|0,25 - 0,5|0,25 - 0,5|1
COCOSUSDT|10001|False|0,25 - 0,5|0,25 - 0,5|0,0 - 0,25|0,0 - 0,25|0,25 - 0,5|1
COCOSUSDT|01000|False|0,0 - 0,25|0,25 - 0,5|0,25 - 0,5|0,0 - 0,25|0,0 - 0,25|1
COCOSUSDT|00100|False|0 - -0,25|0,0 - 0,25|0,25 - 0,5|0,25 - 0,5|0,0 - 0,25|1
COCOSUSDT|00010|False|0 - -0,25|0 - -0,25|0,0 - 0,25|0,25 - 0,5|0,25 - 0,5|1
COCOSUSDT|00001|False|0,0 - 0,25|0 - -0,25|0 - -0,25|0,0 - 0,25|0,25 - 0,5|1
COCOSUSDT|00000|True|0,0 - 0,25|0,0 - 0,25|0,0 - 0,25|0,0 - 0,25|0 - -0,25|1
