DFUSDT||True|||||||||||4
DFUSDT||False|||||||||||1
DFUSDT||False|0 - -0,25|0 - -0,25|0 - -0,25|0 - -0,25|0 - -0,25|0 - -0,25|0 - -0,25|0 - -0,25|0 - -0,25|0 - -0,25|3
DFUSDT||True|0 - -0,25|0 - -0,25|0 - -0,25|0 - -0,25|0 - -0,25|0 - -0,25|0 - -0,25|0 - -0,25|0 - -0,25|0 - -0,25|2
DFUSDT|1100011101|True|1 - 2|3 - 4|3 - 4|4 - 5|2 - 3|1 - 2|3 - 4|5 - 7|7 - 10|15 - 25|1
DFUSDT|1110001110|True|1 - 2|1 - 2|3 - 4|3 - 4|4 - 5|0,0 - 0,25|1 - 2|3 - 4|5 - 7|7 - 10|1
DFUSDT|1111000111|True|0,25 - 0,5|1 - 2|1 - 2|3 - 4|3 - 4|1 - 2|0,0 - 0,25|1 - 2|3 - 4|5 - 7|1
DFUSDT|1111100011|False|1 - 2|0,25 - 0,5|1 - 2|1 - 2|3 - 4|3 - 4|1 - 2|0,0 - 0,25|1 - 2|3 - 4|1
DFUSDT|0111110001|True|1 - 2|1 - 2|0,25 - 0,5|1 - 2|1 - 2|3 - 4|3 - 4|1 - 2|0,0 - 0,25|1 - 2|1
DFUSDT|1011111000|True|0,5 - 1|1 - 2|1 - 2|0,25 - 0,5|1 - 2|2 - 3|3 - 4|3 - 4|1 - 2|0,0 - 0,25|1
DFUSDT|1101111100|True|1 - 2|0,5 - 1|1 - 2|1 - 2|0,25 - 0,5|2 - 3|2 - 3|3 - 4|3 - 4|1 - 2|1
DFUSDT|1110111110|True|1 - 2|1 - 2|0,5 - 1|1 - 2|1 - 2|2 - 3|2 - 3|2 - 3|3 - 4|3 - 4|1
DFUSDT|1111011111|True|1 - 2|1 - 2|1 - 2|0,5 - 1|1 - 2|4 - 5|2 - 3|2 - 3|2 - 3|3 - 4|1
DFUSDT|1111101111|True|4 - 5|1 - 2|1 - 2|1 - 2|0,5 - 1|7 - 10|4 - 5|2 - 3|2 - 3|2 - 3|1
DFUSDT|1111110111|False|1 - 2|4 - 5|1 - 2|1 - 2|1 - 2|7 - 10|7 - 10|4 - 5|2 - 3|2 - 3|1
DFUSDT|0111111011|False|2 - 3|1 - 2|4 - 5|1 - 2|1 - 2|5 - 7|7 - 10|7 - 10|4 - 5|2 - 3|1
DFUSDT|0011111101|True|2 - 3|2 - 3|1 - 2|4 - 5|1 - 2|4 - 5|5 - 7|7 - 10|7 - 10|4 - 5|1
DFUSDT|1001111110|True|2 - 3|2 - 3|2 - 3|1 - 2|4 - 5|3 - 4|4 - 5|5 - 7|7 - 10|7 - 10|1
DFUSDT|1100111111|False|1 - 2|2 - 3|2 - 3|2 - 3|1 - 2|2 - 3|3 - 4|4 - 5|5 - 7|7 - 10|1
DFUSDT|0110011111|False|3 - 4|1 - 2|2 - 3|2 - 3|2 - 3|1 - 2|2 - 3|3 - 4|4 - 5|5 - 7|1
DFUSDT|0011001111|False|1 - 2|3 - 4|1 - 2|2 - 3|2 - 3|0,0 - 0,25|1 - 2|2 - 3|3 - 4|4 - 5|1
DFUSDT|0001100111|True|1 - 2|1 - 2|3 - 4|1 - 2|2 - 3|0,25 - 0,5|0,0 - 0,25|1 - 2|2 - 3|3 - 4|1
DFUSDT|1000110011|True|2 - 3|1 - 2|1 - 2|3 - 4|1 - 2|0,25 - 0,5|0,25 - 0,5|0,0 - 0,25|1 - 2|2 - 3|1
DFUSDT|1100011001|True|2 - 3|2 - 3|1 - 2|1 - 2|3 - 4|0,5 - 1|0,25 - 0,5|0,25 - 0,5|0,0 - 0,25|1 - 2|1
DFUSDT|1110001100|False|1 - 2|2 - 3|2 - 3|1 - 2|1 - 2|1 - 2|0,5 - 1|0,25 - 0,5|0,25 - 0,5|0,0 - 0,25|1
DFUSDT|0111000110|False|3 - 4|1 - 2|2 - 3|2 - 3|1 - 2|2 - 3|1 - 2|0,5 - 1|0,25 - 0,5|0,25 - 0,5|1
DFUSDT|0011100011|True|1 - 2|3 - 4|1 - 2|2 - 3|2 - 3|2 - 3|2 - 3|1 - 2|0,5 - 1|0,25 - 0,5|1
DFUSDT|1001110001|False|0,5 - 1|1 - 2|3 - 4|1 - 2|2 - 3|1 - 2|2 - 3|2 - 3|1 - 2|0,5 - 1|1
DFUSDT|0100111000|False|1 - 2|0,5 - 1|1 - 2|3 - 4|1 - 2|0,5 - 1|1 - 2|2 - 3|2 - 3|1 - 2|1
DFUSDT|0010011100|True|2 - 3|1 - 2|0,5 - 1|1 - 2|3 - 4|-1 - -2|0,5 - 1|1 - 2|2 - 3|2 - 3|1
DFUSDT|1001001110|False|1 - 2|2 - 3|1 - 2|0,5 - 1|1 - 2|0 - -0,25|-1 - -2|0,5 - 1|1 - 2|2 - 3|1
DFUSDT|0100100111|True|2 - 3|1 - 2|2 - 3|1 - 2|0,5 - 1|-0,25 - -0,5|0 - -0,25|-1 - -2|0,5 - 1|1 - 2|1
DFUSDT|1010010011|True|2 - 3|2 - 3|1 - 2|2 - 3|1 - 2|0 - -0,25|-0,25 - -0,5|0 - -0,25|-1 - -2|0,5 - 1|1
DFUSDT|1101001001|True|0,5 - 1|2 - 3|2 - 3|1 - 2|2 - 3|-0,25 - -0,5|0 - -0,25|-0,25 - -0,5|0 - -0,25|-1 - -2|1
DFUSDT|1110100100|False|1 - 2|0,5 - 1|2 - 3|2 - 3|1 - 2|2 - 3|-0,25 - -0,5|0 - -0,25|-0,25 - -0,5|0 - -0,25|1
DFUSDT|0111010010|True|2 - 3|1 - 2|0,5 - 1|2 - 3|2 - 3|0,5 - 1|2 - 3|-0,25 - -0,5|0 - -0,25|-0,25 - -0,5|1
DFUSDT|1011101001|False|2 - 3|2 - 3|1 - 2|0,5 - 1|2 - 3|2 - 3|0,5 - 1|2 - 3|-0,25 - -0,5|0 - -0,25|1
DFUSDT|0101110100|True|2 - 3|2 - 3|2 - 3|1 - 2|0,5 - 1|4 - 5|2 - 3|0,5 - 1|2 - 3|-0,25 - -0,5|1
DFUSDT|1010111010|False|3 - 4|2 - 3|2 - 3|2 - 3|1 - 2|4 - 5|4 - 5|2 - 3|0,5 - 1|2 - 3|1
DFUSDT|0101011101|True|1 - 2|3 - 4|2 - 3|2 - 3|2 - 3|0,5 - 1|4 - 5|4 - 5|2 - 3|0,5 - 1|1
DFUSDT|1010101110|True|2 - 3|1 - 2|3 - 4|2 - 3|2 - 3|3 - 4|0,5 - 1|4 - 5|4 - 5|2 - 3|1
DFUSDT|1101010111|False|0,5 - 1|2 - 3|1 - 2|3 - 4|2 - 3|3 - 4|3 - 4|0,5 - 1|4 - 5|4 - 5|1
DFUSDT|0110101011|False|1 - 2|0,5 - 1|2 - 3|1 - 2|3 - 4|3 - 4|3 - 4|3 - 4|0,5 - 1|4 - 5|1
DFUSDT|0011010101|False|1 - 2|1 - 2|0,5 - 1|2 - 3|1 - 2|1 - 2|3 - 4|3 - 4|3 - 4|0,5 - 1|1
DFUSDT|0001101010|True|2 - 3|1 - 2|1 - 2|0,5 - 1|2 - 3|2 - 3|1 - 2|3 - 4|3 - 4|3 - 4|1
DFUSDT|1000110101|False|2 - 3|2 - 3|1 - 2|1 - 2|0,5 - 1|1 - 2|2 - 3|1 - 2|3 - 4|3 - 4|1
DFUSDT|0100011010|False|1 - 2|2 - 3|2 - 3|1 - 2|1 - 2|-0,5 - -1|1 - 2|2 - 3|1 - 2|3 - 4|1
DFUSDT|0010001101|True|0,5 - 1|1 - 2|2 - 3|2 - 3|1 - 2|-1 - -2|-0,5 - -1|1 - 2|2 - 3|1 - 2|1
DFUSDT|1001000110|True|1 - 2|0,5 - 1|1 - 2|2 - 3|2 - 3|0,0 - 0,25|-1 - -2|-0,5 - -1|1 - 2|2 - 3|1
DFUSDT|1100100011|False|0,5 - 1|1 - 2|0,5 - 1|1 - 2|2 - 3|1 - 2|0,0 - 0,25|-1 - -2|-0,5 - -1|1 - 2|1
DFUSDT|0110010001|True|0,5 - 1|0,5 - 1|1 - 2|0,5 - 1|1 - 2|1 - 2|1 - 2|0,0 - 0,25|-1 - -2|-0,5 - -1|1
DFUSDT|1011001000|True|1 - 2|0,5 - 1|0,5 - 1|1 - 2|0,5 - 1|0,5 - 1|1 - 2|1 - 2|0,0 - 0,25|-1 - -2|1
DFUSDT|1101100100|True|0,25 - 0,5|1 - 2|0,5 - 1|0,5 - 1|1 - 2|1 - 2|0,5 - 1|1 - 2|1 - 2|0,0 - 0,25|1
DFUSDT|1110110010|True|0,5 - 1|0,25 - 0,5|1 - 2|0,5 - 1|0,5 - 1|1 - 2|1 - 2|0,5 - 1|1 - 2|1 - 2|1
DFUSDT|1111011001|False|0,25 - 0,5|0,5 - 1|0,25 - 0,5|1 - 2|0,5 - 1|0,5 - 1|1 - 2|1 - 2|0,5 - 1|1 - 2|1
DFUSDT|0111101100|False|1 - 2|0,25 - 0,5|0,5 - 1|0,25 - 0,5|1 - 2|0,5 - 1|0,5 - 1|1 - 2|1 - 2|0,5 - 1|1
DFUSDT|0011110110|False|0,5 - 1|1 - 2|0,25 - 0,5|0,5 - 1|0,25 - 0,5|1 - 2|0,5 - 1|0,5 - 1|1 - 2|1 - 2|1
DFUSDT|0001111011|True|1 - 2|0,5 - 1|1 - 2|0,25 - 0,5|0,5 - 1|0,5 - 1|1 - 2|0,5 - 1|0,5 - 1|1 - 2|1
DFUSDT|1000111101|False|2 - 3|1 - 2|0,5 - 1|1 - 2|0,25 - 0,5|1 - 2|0,5 - 1|1 - 2|0,5 - 1|0,5 - 1|1
DFUSDT|0100011110|True|5 - 7|2 - 3|1 - 2|0,5 - 1|1 - 2|0 - -0,25|1 - 2|0,5 - 1|1 - 2|0,5 - 1|1
DFUSDT|1010001111|False|1 - 2|5 - 7|2 - 3|1 - 2|0,5 - 1|-1 - -2|0 - -0,25|1 - 2|0,5 - 1|1 - 2|1
DFUSDT|0101000111|True|0,5 - 1|1 - 2|5 - 7|2 - 3|1 - 2|-2 - -3|-1 - -2|0 - -0,25|1 - 2|0,5 - 1|1
DFUSDT|1010100011|False|1 - 2|0,5 - 1|1 - 2|5 - 7|2 - 3|-1 - -2|-2 - -3|-1 - -2|0 - -0,25|1 - 2|1
DFUSDT|0101010001|False|1 - 2|1 - 2|0,5 - 1|1 - 2|5 - 7|-1 - -2|-1 - -2|-2 - -3|-1 - -2|0 - -0,25|1
DFUSDT|0010101000|False|0,5 - 1|1 - 2|1 - 2|0,5 - 1|1 - 2|1 - 2|-1 - -2|-1 - -2|-2 - -3|-1 - -2|1
DFUSDT|0001010100|False|1 - 2|0,5 - 1|1 - 2|1 - 2|0,5 - 1|0,5 - 1|1 - 2|-1 - -2|-1 - -2|-2 - -3|1
DFUSDT|0000101010|False|3 - 4|1 - 2|0,5 - 1|1 - 2|1 - 2|0 - -0,25|0,5 - 1|1 - 2|-1 - -2|-1 - -2|1
DFUSDT|0000010101|True|1 - 2|3 - 4|1 - 2|0,5 - 1|1 - 2|-0,5 - -1|0 - -0,25|0,5 - 1|1 - 2|-1 - -2|1
DFUSDT|1000001010|False|5 - 7|1 - 2|3 - 4|1 - 2|0,5 - 1|2 - 3|-0,5 - -1|0 - -0,25|0,5 - 1|1 - 2|1
DFUSDT|0100000101|True|1 - 2|5 - 7|1 - 2|3 - 4|1 - 2|0 - -0,25|2 - 3|-0,5 - -1|0 - -0,25|0,5 - 1|1
DFUSDT|1010000010|True|1 - 2|1 - 2|5 - 7|1 - 2|3 - 4|-0,25 - -0,5|0 - -0,25|2 - 3|-0,5 - -1|0 - -0,25|1
DFUSDT|1101000001|False|2 - 3|1 - 2|1 - 2|5 - 7|1 - 2|3 - 4|-0,25 - -0,5|0 - -0,25|2 - 3|-0,5 - -1|1
DFUSDT|0110100000|False|1 - 2|2 - 3|1 - 2|1 - 2|5 - 7|2 - 3|3 - 4|-0,25 - -0,5|0 - -0,25|2 - 3|1
DFUSDT|0011010000|True|1 - 2|1 - 2|2 - 3|1 - 2|1 - 2|1 - 2|2 - 3|3 - 4|-0,25 - -0,5|0 - -0,25|1
DFUSDT|1001101000|True|4 - 5|1 - 2|1 - 2|2 - 3|1 - 2|3 - 4|1 - 2|2 - 3|3 - 4|-0,25 - -0,5|1
DFUSDT|1100110100|True|3 - 4|4 - 5|1 - 2|1 - 2|2 - 3|4 - 5|3 - 4|1 - 2|2 - 3|3 - 4|1
DFUSDT|1110011010|False|4 - 5|3 - 4|4 - 5|1 - 2|1 - 2|7 - 10|4 - 5|3 - 4|1 - 2|2 - 3|1
DFUSDT|0111001101|False|0,5 - 1|4 - 5|3 - 4|4 - 5|1 - 2|5 - 7|7 - 10|4 - 5|3 - 4|1 - 2|1
DFUSDT|0011100110|True|1 - 2|0,5 - 1|4 - 5|3 - 4|4 - 5|5 - 7|5 - 7|7 - 10|4 - 5|3 - 4|1
DFUSDT|1001110011|True|3 - 4|1 - 2|0,5 - 1|4 - 5|3 - 4|7 - 10|5 - 7|5 - 7|7 - 10|4 - 5|1
DFUSDT|1100111001|False|1 - 2|3 - 4|1 - 2|0,5 - 1|4 - 5|4 - 5|7 - 10|5 - 7|5 - 7|7 - 10|1
DFUSDT|0110011100|True|0,5 - 1|1 - 2|3 - 4|1 - 2|0,5 - 1|2 - 3|4 - 5|7 - 10|5 - 7|5 - 7|1
DFUSDT|1011001110|False|2 - 3|0,5 - 1|1 - 2|3 - 4|1 - 2|0,5 - 1|2 - 3|4 - 5|7 - 10|5 - 7|1
DFUSDT|0101100111|True|2 - 3|2 - 3|0,5 - 1|1 - 2|3 - 4|4 - 5|0,5 - 1|2 - 3|4 - 5|7 - 10|1
DFUSDT|1010110011|False|2 - 3|2 - 3|2 - 3|0,5 - 1|1 - 2|4 - 5|4 - 5|0,5 - 1|2 - 3|4 - 5|1
DFUSDT|0101011001|False|2 - 3|2 - 3|2 - 3|2 - 3|0,5 - 1|2 - 3|4 - 5|4 - 5|0,5 - 1|2 - 3|1
DFUSDT|0010101100|True|1 - 2|2 - 3|2 - 3|2 - 3|2 - 3|0,5 - 1|2 - 3|4 - 5|4 - 5|0,5 - 1|1
DFUSDT|1001010110|True|2 - 3|1 - 2|2 - 3|2 - 3|2 - 3|1 - 2|0,5 - 1|2 - 3|4 - 5|4 - 5|1
DFUSDT|1100101011|False|1 - 2|2 - 3|1 - 2|2 - 3|2 - 3|0,5 - 1|1 - 2|0,5 - 1|2 - 3|4 - 5|1
DFUSDT|0110010101|False|3 - 4|1 - 2|2 - 3|1 - 2|2 - 3|0,5 - 1|0,5 - 1|1 - 2|0,5 - 1|2 - 3|1
DFUSDT|0011001010|True|3 - 4|3 - 4|1 - 2|2 - 3|1 - 2|-1 - -2|0,5 - 1|0,5 - 1|1 - 2|0,5 - 1|1
DFUSDT|1001100101|True|1 - 2|3 - 4|3 - 4|1 - 2|2 - 3|-1 - -2|-1 - -2|0,5 - 1|0,5 - 1|1 - 2|1
DFUSDT|1100110010|False|0,5 - 1|1 - 2|3 - 4|3 - 4|1 - 2|-1 - -2|-1 - -2|-1 - -2|0,5 - 1|0,5 - 1|1
DFUSDT|0110011001|True|1 - 2|0,5 - 1|1 - 2|3 - 4|3 - 4|-1 - -2|-1 - -2|-1 - -2|-1 - -2|0,5 - 1|1
DFUSDT|1011001100|True|1 - 2|1 - 2|0,5 - 1|1 - 2|3 - 4|0,0 - 0,25|-1 - -2|-1 - -2|-1 - -2|-1 - -2|1
DFUSDT|1101100110|False|0,5 - 1|1 - 2|1 - 2|0,5 - 1|1 - 2|2 - 3|0,0 - 0,25|-1 - -2|-1 - -2|-1 - -2|1
DFUSDT|0110110011|True|1 - 2|0,5 - 1|1 - 2|1 - 2|0,5 - 1|3 - 4|2 - 3|0,0 - 0,25|-1 - -2|-1 - -2|1
DFUSDT|1011011001|True|0,5 - 1|1 - 2|0,5 - 1|1 - 2|1 - 2|1 - 2|3 - 4|2 - 3|0,0 - 0,25|-1 - -2|1
DFUSDT|1101101100|False|3 - 4|0,5 - 1|1 - 2|0,5 - 1|1 - 2|4 - 5|1 - 2|3 - 4|2 - 3|0,0 - 0,25|1
DFUSDT|0110110110|True|1 - 2|3 - 4|0,5 - 1|1 - 2|0,5 - 1|2 - 3|4 - 5|1 - 2|3 - 4|2 - 3|1
DFUSDT|1011011011|True|3 - 4|1 - 2|3 - 4|0,5 - 1|1 - 2|3 - 4|2 - 3|4 - 5|1 - 2|3 - 4|1
DFUSDT|1101101101|False|1 - 2|3 - 4|1 - 2|3 - 4|0,5 - 1|4 - 5|3 - 4|2 - 3|4 - 5|1 - 2|1
DFUSDT|0110110110|True|2 - 3|1 - 2|3 - 4|1 - 2|3 - 4|4 - 5|4 - 5|3 - 4|2 - 3|4 - 5|1
DFUSDT|1011011011|False|2 - 3|2 - 3|1 - 2|3 - 4|1 - 2|3 - 4|4 - 5|4 - 5|3 - 4|2 - 3|1
DFUSDT|0101101101|False|0,5 - 1|2 - 3|2 - 3|1 - 2|3 - 4|1 - 2|3 - 4|4 - 5|4 - 5|3 - 4|1
DFUSDT|0010110110|False|0,0 - 0,25|0,5 - 1|2 - 3|2 - 3|1 - 2|1 - 2|1 - 2|3 - 4|4 - 5|4 - 5|1
DFUSDT|0001011011|True|2 - 3|0,0 - 0,25|0,5 - 1|2 - 3|2 - 3|1 - 2|1 - 2|1 - 2|3 - 4|4 - 5|1
DFUSDT|1000101101|True|3 - 4|2 - 3|0,0 - 0,25|0,5 - 1|2 - 3|3 - 4|1 - 2|1 - 2|1 - 2|3 - 4|1
DFUSDT|1100010110|False|2 - 3|3 - 4|2 - 3|0,0 - 0,25|0,5 - 1|3 - 4|3 - 4|1 - 2|1 - 2|1 - 2|1
DFUSDT|0110001011|True|0,5 - 1|2 - 3|3 - 4|2 - 3|0,0 - 0,25|1 - 2|3 - 4|3 - 4|1 - 2|1 - 2|1
DFUSDT|1011000101|False|0,5 - 1|0,5 - 1|2 - 3|3 - 4|2 - 3|0,25 - 0,5|1 - 2|3 - 4|3 - 4|1 - 2|1
DFUSDT|0101100010|True|0,0 - 0,25|0,5 - 1|0,5 - 1|2 - 3|3 - 4|0,25 - 0,5|0,25 - 0,5|1 - 2|3 - 4|3 - 4|1
DFUSDT|1010110001|False|0,5 - 1|0,0 - 0,25|0,5 - 1|0,5 - 1|2 - 3|1 - 2|0,25 - 0,5|0,25 - 0,5|1 - 2|3 - 4|1
DFUSDT|0101011000|True|0,0 - 0,25|0,5 - 1|0,0 - 0,25|0,5 - 1|0,5 - 1|0,0 - 0,25|1 - 2|0,25 - 0,5|0,25 - 0,5|1 - 2|1
DFUSDT|1010101100|True|0,5 - 1|0,0 - 0,25|0,5 - 1|0,0 - 0,25|0,5 - 1|0,5 - 1|0,0 - 0,25|1 - 2|0,25 - 0,5|0,25 - 0,5|1
DFUSDT|1101010110|False|0,5 - 1|0,5 - 1|0,0 - 0,25|0,5 - 1|0,0 - 0,25|0,5 - 1|0,5 - 1|0,0 - 0,25|1 - 2|0,25 - 0,5|1
DFUSDT|0110101011|True|1 - 2|0,5 - 1|0,5 - 1|0,0 - 0,25|0,5 - 1|0,25 - 0,5|0,5 - 1|0,5 - 1|0,0 - 0,25|1 - 2|1
DFUSDT|1011010101|True|1 - 2|1 - 2|0,5 - 1|0,5 - 1|0,0 - 0,25|0 - -0,25|0,25 - 0,5|0,5 - 1|0,5 - 1|0,0 - 0,25|1
DFUSDT|1101101010|True|0,25 - 0,5|1 - 2|1 - 2|0,5 - 1|0,5 - 1|-0,5 - -1|0 - -0,25|0,25 - 0,5|0,5 - 1|0,5 - 1|1
DFUSDT|1110110101|True|1 - 2|0,25 - 0,5|1 - 2|1 - 2|0,5 - 1|0,25 - 0,5|-0,5 - -1|0 - -0,25|0,25 - 0,5|0,5 - 1|1
DFUSDT|1111011010|True|0,5 - 1|1 - 2|0,25 - 0,5|1 - 2|1 - 2|-0,25 - -0,5|0,25 - 0,5|-0,5 - -1|0 - -0,25|0,25 - 0,5|1
DFUSDT|1111101101|True|0,0 - 0,25|0,5 - 1|1 - 2|0,25 - 0,5|1 - 2|0,25 - 0,5|-0,25 - -0,5|0,25 - 0,5|-0,5 - -1|0 - -0,25|1
DFUSDT|1111110110|False|0,5 - 1|0,0 - 0,25|0,5 - 1|1 - 2|0,25 - 0,5|1 - 2|0,25 - 0,5|-0,25 - -0,5|0,25 - 0,5|-0,5 - -1|1
DFUSDT|0111111011|False|0,5 - 1|0,5 - 1|0,0 - 0,25|0,5 - 1|1 - 2|1 - 2|1 - 2|0,25 - 0,5|-0,25 - -0,5|0,25 - 0,5|1
DFUSDT|0011111101|False|0,5 - 1|0,5 - 1|0,5 - 1|0,0 - 0,25|0,5 - 1|0,25 - 0,5|1 - 2|1 - 2|0,25 - 0,5|-0,25 - -0,5|1
DFUSDT|0001111110|True|1 - 2|0,5 - 1|0,5 - 1|0,5 - 1|0,0 - 0,25|0 - -0,25|0,25 - 0,5|1 - 2|1 - 2|0,25 - 0,5|1
DFUSDT|1000111111|False|1 - 2|1 - 2|0,5 - 1|0,5 - 1|0,5 - 1|0 - -0,25|0 - -0,25|0,25 - 0,5|1 - 2|1 - 2|1
DFUSDT|0100011111|True|1 - 2|1 - 2|1 - 2|0,5 - 1|0,5 - 1|0,0 - 0,25|0 - -0,25|0 - -0,25|0,25 - 0,5|1 - 2|1
DFUSDT|1010001111|True|0,5 - 1|1 - 2|1 - 2|1 - 2|0,5 - 1|-0,5 - -1|0,0 - 0,25|0 - -0,25|0 - -0,25|0,25 - 0,5|1
DFUSDT|1101000111|False|0,25 - 0,5|0,5 - 1|1 - 2|1 - 2|1 - 2|0 - -0,25|-0,5 - -1|0,0 - 0,25|0 - -0,25|0 - -0,25|1
DFUSDT|0110100011|True|0,5 - 1|0,25 - 0,5|0,5 - 1|1 - 2|1 - 2|0,5 - 1|0 - -0,25|-0,5 - -1|0,0 - 0,25|0 - -0,25|1
DFUSDT|1011010001|False|0,5 - 1|0,5 - 1|0,25 - 0,5|0,5 - 1|1 - 2|0,5 - 1|0,5 - 1|0 - -0,25|-0,5 - -1|0,0 - 0,25|1
DFUSDT|0101101000|True|0,5 - 1|0,5 - 1|0,5 - 1|0,25 - 0,5|0,5 - 1|2 - 3|0,5 - 1|0,5 - 1|0 - -0,25|-0,5 - -1|1
DFUSDT|1010110100|True|0,25 - 0,5|0,5 - 1|0,5 - 1|0,5 - 1|0,25 - 0,5|1 - 2|2 - 3|0,5 - 1|0,5 - 1|0 - -0,25|1
DFUSDT|1101011010|False|1 - 2|0,25 - 0,5|0,5 - 1|0,5 - 1|0,5 - 1|1 - 2|1 - 2|2 - 3|0,5 - 1|0,5 - 1|1
DFUSDT|0110101101|True|0,5 - 1|1 - 2|0,25 - 0,5|0,5 - 1|0,5 - 1|2 - 3|1 - 2|1 - 2|2 - 3|0,5 - 1|1
DFUSDT|1011010110|True|0,5 - 1|0,5 - 1|1 - 2|0,25 - 0,5|0,5 - 1|2 - 3|2 - 3|1 - 2|1 - 2|2 - 3|1
DFUSDT|1101101011|False|0,0 - 0,25|0,5 - 1|0,5 - 1|1 - 2|0,25 - 0,5|1 - 2|2 - 3|2 - 3|1 - 2|1 - 2|1
DFUSDT|0110110101|True|0,25 - 0,5|0,0 - 0,25|0,5 - 1|0,5 - 1|1 - 2|1 - 2|1 - 2|2 - 3|2 - 3|1 - 2|1
DFUSDT|1011011010|True|0,5 - 1|0,25 - 0,5|0,0 - 0,25|0,5 - 1|0,5 - 1|1 - 2|1 - 2|1 - 2|2 - 3|2 - 3|1
DFUSDT|1101101101|True|1 - 2|0,5 - 1|0,25 - 0,5|0,0 - 0,25|0,5 - 1|3 - 4|1 - 2|1 - 2|1 - 2|2 - 3|1
DFUSDT|1110110110|True|0,5 - 1|1 - 2|0,5 - 1|0,25 - 0,5|0,0 - 0,25|4 - 5|3 - 4|1 - 2|1 - 2|1 - 2|1
DFUSDT|1111011011|False|1 - 2|0,5 - 1|1 - 2|0,5 - 1|0,25 - 0,5|4 - 5|4 - 5|3 - 4|1 - 2|1 - 2|1
DFUSDT|0111101101|False|0,5 - 1|1 - 2|0,5 - 1|1 - 2|0,5 - 1|3 - 4|4 - 5|4 - 5|3 - 4|1 - 2|1
DFUSDT|0011110110|False|0,25 - 0,5|0,5 - 1|1 - 2|0,5 - 1|1 - 2|3 - 4|3 - 4|4 - 5|4 - 5|3 - 4|1
DFUSDT|0001111011|False|1 - 2|0,25 - 0,5|0,5 - 1|1 - 2|0,5 - 1|2 - 3|3 - 4|3 - 4|4 - 5|4 - 5|1
DFUSDT|0000111101|False|1 - 2|1 - 2|0,25 - 0,5|0,5 - 1|1 - 2|0,25 - 0,5|2 - 3|3 - 4|3 - 4|4 - 5|1
DFUSDT|0000011110|True|0,5 - 1|1 - 2|1 - 2|0,25 - 0,5|0,5 - 1|-2 - -3|0,25 - 0,5|2 - 3|3 - 4|3 - 4|1
DFUSDT|1000001111|False|0,5 - 1|0,5 - 1|1 - 2|1 - 2|0,25 - 0,5|-1 - -2|-2 - -3|0,25 - 0,5|2 - 3|3 - 4|1
DFUSDT|0100000111|False|0,5 - 1|0,5 - 1|0,5 - 1|1 - 2|1 - 2|-1 - -2|-1 - -2|-2 - -3|0,25 - 0,5|2 - 3|1
DFUSDT|0010000011|False|1 - 2|0,5 - 1|0,5 - 1|0,5 - 1|1 - 2|0,25 - 0,5|-1 - -2|-1 - -2|-2 - -3|0,25 - 0,5|1
DFUSDT|0001000001|True|0,25 - 0,5|1 - 2|0,5 - 1|0,5 - 1|0,5 - 1|-0,25 - -0,5|0,25 - 0,5|-1 - -2|-1 - -2|-2 - -3|1
DFUSDT|1000100000|True|1 - 2|0,25 - 0,5|1 - 2|0,5 - 1|0,5 - 1|1 - 2|-0,25 - -0,5|0,25 - 0,5|-1 - -2|-1 - -2|1
DFUSDT|1100010000|True|1 - 2|1 - 2|0,25 - 0,5|1 - 2|0,5 - 1|1 - 2|1 - 2|-0,25 - -0,5|0,25 - 0,5|-1 - -2|1
DFUSDT|1110001000|False|1 - 2|1 - 2|1 - 2|0,25 - 0,5|1 - 2|1 - 2|1 - 2|1 - 2|-0,25 - -0,5|0,25 - 0,5|1
DFUSDT|0111000100|True|0,5 - 1|1 - 2|1 - 2|1 - 2|0,25 - 0,5|1 - 2|1 - 2|1 - 2|1 - 2|-0,25 - -0,5|1
DFUSDT|1011100010|False|0,25 - 0,5|0,5 - 1|1 - 2|1 - 2|1 - 2|1 - 2|1 - 2|1 - 2|1 - 2|1 - 2|1
DFUSDT|0101110001|True|0,25 - 0,5|0,25 - 0,5|0,5 - 1|1 - 2|1 - 2|1 - 2|1 - 2|1 - 2|1 - 2|1 - 2|1
DFUSDT|1010111000|False|0,25 - 0,5|0,25 - 0,5|0,25 - 0,5|0,5 - 1|1 - 2|1 - 2|1 - 2|1 - 2|1 - 2|1 - 2|1
DFUSDT|0101011100|False|0,5 - 1|0,25 - 0,5|0,25 - 0,5|0,25 - 0,5|0,5 - 1|0,5 - 1|1 - 2|1 - 2|1 - 2|1 - 2|1
DFUSDT|0010101110|True|1 - 2|0,5 - 1|0,25 - 0,5|0,25 - 0,5|0,25 - 0,5|0,0 - 0,25|0,5 - 1|1 - 2|1 - 2|1 - 2|1
DFUSDT|1001010111|True|4 - 5|1 - 2|0,5 - 1|0,25 - 0,5|0,25 - 0,5|3 - 4|0,0 - 0,25|0,5 - 1|1 - 2|1 - 2|1
DFUSDT|1100101011|True|2 - 3|4 - 5|1 - 2|0,5 - 1|0,25 - 0,5|2 - 3|3 - 4|0,0 - 0,25|0,5 - 1|1 - 2|1
DFUSDT|1110010101|False|0,25 - 0,5|2 - 3|4 - 5|1 - 2|0,5 - 1|2 - 3|2 - 3|3 - 4|0,0 - 0,25|0,5 - 1|1
DFUSDT|0111001010|True|0,5 - 1|0,25 - 0,5|2 - 3|4 - 5|1 - 2|2 - 3|2 - 3|2 - 3|3 - 4|0,0 - 0,25|1
DFUSDT|1011100101|False|0,0 - 0,25|0,5 - 1|0,25 - 0,5|2 - 3|4 - 5|2 - 3|2 - 3|2 - 3|2 - 3|3 - 4|1
DFUSDT|0101110010|True|1 - 2|0,0 - 0,25|0,5 - 1|0,25 - 0,5|2 - 3|2 - 3|2 - 3|2 - 3|2 - 3|2 - 3|1
DFUSDT|1010111001|False|0,5 - 1|1 - 2|0,0 - 0,25|0,5 - 1|0,25 - 0,5|0,5 - 1|2 - 3|2 - 3|2 - 3|2 - 3|1
DFUSDT|0101011100|False|0,5 - 1|0,5 - 1|1 - 2|0,0 - 0,25|0,5 - 1|-0,5 - -1|0,5 - 1|2 - 3|2 - 3|2 - 3|1
DFUSDT|0010101110|True|0,5 - 1|0,5 - 1|0,5 - 1|1 - 2|0,0 - 0,25|-0,5 - -1|-0,5 - -1|0,5 - 1|2 - 3|2 - 3|1
DFUSDT|1001010111|True|0,5 - 1|0,5 - 1|0,5 - 1|0,5 - 1|1 - 2|-0,5 - -1|-0,5 - -1|-0,5 - -1|0,5 - 1|2 - 3|1
DFUSDT|1100101011|False|0,5 - 1|0,5 - 1|0,5 - 1|0,5 - 1|0,5 - 1|0,5 - 1|-0,5 - -1|-0,5 - -1|-0,5 - -1|0,5 - 1|1
DFUSDT|0110010101|False|1 - 2|0,5 - 1|0,5 - 1|0,5 - 1|0,5 - 1|0,5 - 1|0,5 - 1|-0,5 - -1|-0,5 - -1|-0,5 - -1|1
DFUSDT|0011001010|True|0,5 - 1|1 - 2|0,5 - 1|0,5 - 1|0,5 - 1|0,0 - 0,25|0,5 - 1|0,5 - 1|-0,5 - -1|-0,5 - -1|1
DFUSDT|1001100101|False|4 - 5|0,5 - 1|1 - 2|0,5 - 1|0,5 - 1|3 - 4|0,0 - 0,25|0,5 - 1|0,5 - 1|-0,5 - -1|1
DFUSDT|0100110010|False|1 - 2|4 - 5|0,5 - 1|1 - 2|0,5 - 1|2 - 3|3 - 4|0,0 - 0,25|0,5 - 1|0,5 - 1|1
DFUSDT|0010011001|False|1 - 2|1 - 2|4 - 5|0,5 - 1|1 - 2|1 - 2|2 - 3|3 - 4|0,0 - 0,25|0,5 - 1|1
DFUSDT|0001001100|False|0,5 - 1|1 - 2|1 - 2|4 - 5|0,5 - 1|0,5 - 1|1 - 2|2 - 3|3 - 4|0,0 - 0,25|1
DFUSDT|0000100110|True|0,5 - 1|0,5 - 1|1 - 2|1 - 2|4 - 5|0,0 - 0,25|0,5 - 1|1 - 2|2 - 3|3 - 4|1
DFUSDT|1000010011|True|0,5 - 1|0,5 - 1|0,5 - 1|1 - 2|1 - 2|0,25 - 0,5|0,0 - 0,25|0,5 - 1|1 - 2|2 - 3|1
DFUSDT|1100001001|True|0,5 - 1|0,5 - 1|0,5 - 1|0,5 - 1|1 - 2|-0,25 - -0,5|0,25 - 0,5|0,0 - 0,25|0,5 - 1|1 - 2|1
DFUSDT|1110000100|False|0,5 - 1|0,5 - 1|0,5 - 1|0,5 - 1|0,5 - 1|0,5 - 1|-0,25 - -0,5|0,25 - 0,5|0,0 - 0,25|0,5 - 1|1
DFUSDT|0111000010|True|0,25 - 0,5|0,5 - 1|0,5 - 1|0,5 - 1|0,5 - 1|1 - 2|0,5 - 1|-0,25 - -0,5|0,25 - 0,5|0,0 - 0,25|1
DFUSDT|1011100001|False|0,25 - 0,5|0,25 - 0,5|0,5 - 1|0,5 - 1|0,5 - 1|1 - 2|1 - 2|0,5 - 1|-0,25 - -0,5|0,25 - 0,5|1
DFUSDT|0101110000|False|1 - 2|0,25 - 0,5|0,25 - 0,5|0,5 - 1|0,5 - 1|1 - 2|1 - 2|1 - 2|0,5 - 1|-0,25 - -0,5|1
DFUSDT|0010111000|True|0,5 - 1|1 - 2|0,25 - 0,5|0,25 - 0,5|0,5 - 1|0 - -0,25|1 - 2|1 - 2|1 - 2|0,5 - 1|1
DFUSDT|1001011100|True|0,25 - 0,5|0,5 - 1|1 - 2|0,25 - 0,5|0,25 - 0,5|-0,5 - -1|0 - -0,25|1 - 2|1 - 2|1 - 2|1
DFUSDT|1100101110|True|0,25 - 0,5|0,25 - 0,5|0,5 - 1|1 - 2|0,25 - 0,5|-1 - -2|-0,5 - -1|0 - -0,25|1 - 2|1 - 2|1
DFUSDT|1110010111|False|0,5 - 1|0,25 - 0,5|0,25 - 0,5|0,5 - 1|1 - 2|0,0 - 0,25|-1 - -2|-0,5 - -1|0 - -0,25|1 - 2|1
DFUSDT|0111001011|True|0,25 - 0,5|0,5 - 1|0,25 - 0,5|0,25 - 0,5|0,5 - 1|0,0 - 0,25|0,0 - 0,25|-1 - -2|-0,5 - -1|0 - -0,25|1
DFUSDT|1011100101|False|0,5 - 1|0,25 - 0,5|0,5 - 1|0,25 - 0,5|0,25 - 0,5|1 - 2|0,0 - 0,25|0,0 - 0,25|-1 - -2|-0,5 - -1|1
DFUSDT|0101110010|False|0,5 - 1|0,5 - 1|0,25 - 0,5|0,5 - 1|0,25 - 0,5|0,5 - 1|1 - 2|0,0 - 0,25|0,0 - 0,25|-1 - -2|1
DFUSDT|0010111001|True|0,5 - 1|0,5 - 1|0,5 - 1|0,25 - 0,5|0,5 - 1|0,5 - 1|0,5 - 1|1 - 2|0,0 - 0,25|0,0 - 0,25|1
DFUSDT|1001011100|False|1 - 2|0,5 - 1|0,5 - 1|0,5 - 1|0,25 - 0,5|0,5 - 1|0,5 - 1|0,5 - 1|1 - 2|0,0 - 0,25|1
DFUSDT|0100101110|True|0,5 - 1|1 - 2|0,5 - 1|0,5 - 1|0,5 - 1|0,5 - 1|0,5 - 1|0,5 - 1|0,5 - 1|1 - 2|1
DFUSDT|1010010111|False|0,5 - 1|0,5 - 1|1 - 2|0,5 - 1|0,5 - 1|0,5 - 1|0,5 - 1|0,5 - 1|0,5 - 1|0,5 - 1|1
DFUSDT|0101001011|False|0,5 - 1|0,5 - 1|0,5 - 1|1 - 2|0,5 - 1|0,5 - 1|0,5 - 1|0,5 - 1|0,5 - 1|0,5 - 1|1
DFUSDT|0010100101|True|0,5 - 1|0,5 - 1|0,5 - 1|0,5 - 1|1 - 2|0,5 - 1|0,5 - 1|0,5 - 1|0,5 - 1|0,5 - 1|1
DFUSDT|1001010010|True|0,0 - 0,25|0,5 - 1|0,5 - 1|0,5 - 1|0,5 - 1|0,0 - 0,25|0,5 - 1|0,5 - 1|0,5 - 1|0,5 - 1|1
DFUSDT|1100101001|True|1 - 2|0,0 - 0,25|0,5 - 1|0,5 - 1|0,5 - 1|1 - 2|0,0 - 0,25|0,5 - 1|0,5 - 1|0,5 - 1|1
DFUSDT|1110010100|False|2 - 3|1 - 2|0,0 - 0,25|0,5 - 1|0,5 - 1|3 - 4|1 - 2|0,0 - 0,25|0,5 - 1|0,5 - 1|1
DFUSDT|0111001010|True|2 - 3|2 - 3|1 - 2|0,0 - 0,25|0,5 - 1|3 - 4|3 - 4|1 - 2|0,0 - 0,25|0,5 - 1|1
DFUSDT|1011100101|False|0,5 - 1|2 - 3|2 - 3|1 - 2|0,0 - 0,25|2 - 3|3 - 4|3 - 4|1 - 2|0,0 - 0,25|1
DFUSDT|0101110010|True|1 - 2|0,5 - 1|2 - 3|2 - 3|1 - 2|2 - 3|2 - 3|3 - 4|3 - 4|1 - 2|1
DFUSDT|1010111001|False|1 - 2|1 - 2|0,5 - 1|2 - 3|2 - 3|1 - 2|2 - 3|2 - 3|3 - 4|3 - 4|1
DFUSDT|0101011100|False|0,5 - 1|1 - 2|1 - 2|0,5 - 1|2 - 3|0 - -0,25|1 - 2|2 - 3|2 - 3|3 - 4|1
DFUSDT|0010101110|True|1 - 2|0,5 - 1|1 - 2|1 - 2|0,5 - 1|0,5 - 1|0 - -0,25|1 - 2|2 - 3|2 - 3|1
DFUSDT|1001010111|True|1 - 2|1 - 2|0,5 - 1|1 - 2|1 - 2|0,25 - 0,5|0,5 - 1|0 - -0,25|1 - 2|2 - 3|1
DFUSDT|1100101011|False|0,25 - 0,5|1 - 2|1 - 2|0,5 - 1|1 - 2|1 - 2|0,25 - 0,5|0,5 - 1|0 - -0,25|1 - 2|1
DFUSDT|0110010101|True|0,25 - 0,5|0,25 - 0,5|1 - 2|1 - 2|0,5 - 1|1 - 2|1 - 2|0,25 - 0,5|0,5 - 1|0 - -0,25|1
DFUSDT|1011001010|True|1 - 2|0,25 - 0,5|0,25 - 0,5|1 - 2|1 - 2|2 - 3|1 - 2|1 - 2|0,25 - 0,5|0,5 - 1|1
DFUSDT|1101100101|True|1 - 2|1 - 2|0,25 - 0,5|0,25 - 0,5|1 - 2|3 - 4|2 - 3|1 - 2|1 - 2|0,25 - 0,5|1
DFUSDT|1110110010|True|1 - 2|1 - 2|1 - 2|0,25 - 0,5|0,25 - 0,5|4 - 5|3 - 4|2 - 3|1 - 2|1 - 2|1
DFUSDT|1111011001|True|3 - 4|1 - 2|1 - 2|1 - 2|0,25 - 0,5|7 - 10|4 - 5|3 - 4|2 - 3|1 - 2|1
DFUSDT|1111101100|True|4 - 5|3 - 4|1 - 2|1 - 2|1 - 2|10 - 15|7 - 10|4 - 5|3 - 4|2 - 3|1
DFUSDT|1111110110|True|1 - 2|4 - 5|3 - 4|1 - 2|1 - 2|7 - 10|10 - 15|7 - 10|4 - 5|3 - 4|1
DFUSDT|1111111011|True|7 - 10|1 - 2|4 - 5|3 - 4|1 - 2|10 - 15|7 - 10|10 - 15|7 - 10|4 - 5|1
DFUSDT|1111111101|True|3 - 4|7 - 10|1 - 2|4 - 5|3 - 4|10 - 15|10 - 15|7 - 10|10 - 15|7 - 10|1
DFUSDT|1111111110|False|3 - 4|3 - 4|7 - 10|1 - 2|4 - 5|10 - 15|10 - 15|10 - 15|7 - 10|10 - 15|1
DFUSDT|0111111111|False|2 - 3|3 - 4|3 - 4|7 - 10|1 - 2|10 - 15|10 - 15|10 - 15|10 - 15|7 - 10|1
DFUSDT|0011111111|False|5 - 7|2 - 3|3 - 4|3 - 4|7 - 10|7 - 10|10 - 15|10 - 15|10 - 15|10 - 15|1
DFUSDT|0001111111|False|2 - 3|5 - 7|2 - 3|3 - 4|3 - 4|5 - 7|7 - 10|10 - 15|10 - 15|10 - 15|1
DFUSDT|0000111111|False|1 - 2|2 - 3|5 - 7|2 - 3|3 - 4|-0,5 - -1|5 - 7|7 - 10|10 - 15|10 - 15|1
DFUSDT|0000011111|False|1 - 2|1 - 2|2 - 3|5 - 7|2 - 3|-1 - -2|-0,5 - -1|5 - 7|7 - 10|10 - 15|1
DFUSDT|0000001111|True|2 - 3|1 - 2|1 - 2|2 - 3|5 - 7|-2 - -3|-1 - -2|-0,5 - -1|5 - 7|7 - 10|1
DFUSDT|1000000111|False|2 - 3|2 - 3|1 - 2|1 - 2|2 - 3|0,5 - 1|-2 - -3|-1 - -2|-0,5 - -1|5 - 7|1
DFUSDT|0100000011|False|1 - 2|2 - 3|2 - 3|1 - 2|1 - 2|1 - 2|0,5 - 1|-2 - -3|-1 - -2|-0,5 - -1|1
DFUSDT|0010000001|True|2 - 3|1 - 2|2 - 3|2 - 3|1 - 2|0 - -0,25|1 - 2|0,5 - 1|-2 - -3|-1 - -2|1
DFUSDT|1001000000|True|3 - 4|2 - 3|1 - 2|2 - 3|2 - 3|2 - 3|0 - -0,25|1 - 2|0,5 - 1|-2 - -3|1
DFUSDT|1100100000|False|1 - 2|3 - 4|2 - 3|1 - 2|2 - 3|4 - 5|2 - 3|0 - -0,25|1 - 2|0,5 - 1|1
DFUSDT|0110010000|False|2 - 3|1 - 2|3 - 4|2 - 3|1 - 2|5 - 7|4 - 5|2 - 3|0 - -0,25|1 - 2|1
DFUSDT|0011001000|True|1 - 2|2 - 3|1 - 2|3 - 4|2 - 3|1 - 2|5 - 7|4 - 5|2 - 3|0 - -0,25|1
DFUSDT|1001100100|False|2 - 3|1 - 2|2 - 3|1 - 2|3 - 4|5 - 7|1 - 2|5 - 7|4 - 5|2 - 3|1
DFUSDT|0100110010|False|2 - 3|2 - 3|1 - 2|2 - 3|1 - 2|4 - 5|5 - 7|1 - 2|5 - 7|4 - 5|1
DFUSDT|0010011001|True|1 - 2|2 - 3|2 - 3|1 - 2|2 - 3|0,0 - 0,25|4 - 5|5 - 7|1 - 2|5 - 7|1
DFUSDT|1001001100|True|3 - 4|1 - 2|2 - 3|2 - 3|1 - 2|3 - 4|0,0 - 0,25|4 - 5|5 - 7|1 - 2|1
DFUSDT|1100100110|False|5 - 7|3 - 4|1 - 2|2 - 3|2 - 3|7 - 10|3 - 4|0,0 - 0,25|4 - 5|5 - 7|1
DFUSDT|0110010011|True|4 - 5|5 - 7|3 - 4|1 - 2|2 - 3|10 - 15|7 - 10|3 - 4|0,0 - 0,25|4 - 5|1
DFUSDT|1011001001|False|2 - 3|4 - 5|5 - 7|3 - 4|1 - 2|7 - 10|10 - 15|7 - 10|3 - 4|0,0 - 0,25|1
DFUSDT|0101100100|True|2 - 3|2 - 3|4 - 5|5 - 7|3 - 4|7 - 10|7 - 10|10 - 15|7 - 10|3 - 4|1
DFUSDT|1010110010|False|3 - 4|2 - 3|2 - 3|4 - 5|5 - 7|7 - 10|7 - 10|7 - 10|10 - 15|7 - 10|1
DFUSDT|0101011001|True|2 - 3|3 - 4|2 - 3|2 - 3|4 - 5|5 - 7|7 - 10|7 - 10|7 - 10|10 - 15|1
DFUSDT|1010101100|False|1 - 2|2 - 3|3 - 4|2 - 3|2 - 3|1 - 2|5 - 7|7 - 10|7 - 10|7 - 10|1
DFUSDT|0101010110|False|1 - 2|1 - 2|2 - 3|3 - 4|2 - 3|2 - 3|1 - 2|5 - 7|7 - 10|7 - 10|1
DFUSDT|0010101011|False|1 - 2|1 - 2|1 - 2|2 - 3|3 - 4|1 - 2|2 - 3|1 - 2|5 - 7|7 - 10|1
DFUSDT|0001010101|False|5 - 7|1 - 2|1 - 2|1 - 2|2 - 3|2 - 3|1 - 2|2 - 3|1 - 2|5 - 7|1
DFUSDT|0000101010|True|3 - 4|5 - 7|1 - 2|1 - 2|1 - 2|-1 - -2|2 - 3|1 - 2|2 - 3|1 - 2|1
DFUSDT|1000010101|False|2 - 3|3 - 4|5 - 7|1 - 2|1 - 2|-2 - -3|-1 - -2|2 - 3|1 - 2|2 - 3|1
DFUSDT|0100001010|False|0,5 - 1|2 - 3|3 - 4|5 - 7|1 - 2|-2 - -3|-2 - -3|-1 - -2|2 - 3|1 - 2|1
DFUSDT|0010000101|True|1 - 2|0,5 - 1|2 - 3|3 - 4|5 - 7|-2 - -3|-2 - -3|-2 - -3|-1 - -2|2 - 3|1
DFUSDT|1001000010|True|1 - 2|1 - 2|0,5 - 1|2 - 3|3 - 4|1 - 2|-2 - -3|-2 - -3|-2 - -3|-1 - -2|1
DFUSDT|1100100001|True|1 - 2|1 - 2|1 - 2|0,5 - 1|2 - 3|2 - 3|1 - 2|-2 - -3|-2 - -3|-2 - -3|1
DFUSDT|1110010000|False|2 - 3|1 - 2|1 - 2|1 - 2|0,5 - 1|5 - 7|2 - 3|1 - 2|-2 - -3|-2 - -3|1
DFUSDT|0111001000|True|1 - 2|2 - 3|1 - 2|1 - 2|1 - 2|4 - 5|5 - 7|2 - 3|1 - 2|-2 - -3|1
DFUSDT|1011100100|False|1 - 2|1 - 2|2 - 3|1 - 2|1 - 2|4 - 5|4 - 5|5 - 7|2 - 3|1 - 2|1
DFUSDT|0101110010|False|0,5 - 1|1 - 2|1 - 2|2 - 3|1 - 2|3 - 4|4 - 5|4 - 5|5 - 7|2 - 3|1
DFUSDT|0010111001|True|1 - 2|0,5 - 1|1 - 2|1 - 2|2 - 3|2 - 3|3 - 4|4 - 5|4 - 5|5 - 7|1
DFUSDT|1001011100|True|1 - 2|1 - 2|0,5 - 1|1 - 2|1 - 2|1 - 2|2 - 3|3 - 4|4 - 5|4 - 5|1
DFUSDT|1100101110|True|0,5 - 1|1 - 2|1 - 2|0,5 - 1|1 - 2|0,5 - 1|1 - 2|2 - 3|3 - 4|4 - 5|1
DFUSDT|1110010111|False|4 - 5|0,5 - 1|1 - 2|1 - 2|0,5 - 1|5 - 7|0,5 - 1|1 - 2|2 - 3|3 - 4|1
DFUSDT|0111001011|True|2 - 3|4 - 5|0,5 - 1|1 - 2|1 - 2|4 - 5|5 - 7|0,5 - 1|1 - 2|2 - 3|1
DFUSDT|1011100101|True|0,5 - 1|2 - 3|4 - 5|0,5 - 1|1 - 2|4 - 5|4 - 5|5 - 7|0,5 - 1|1 - 2|1
DFUSDT|1101110010|False|2 - 3|0,5 - 1|2 - 3|4 - 5|0,5 - 1|7 - 10|4 - 5|4 - 5|5 - 7|0,5 - 1|1
DFUSDT|0110111001|True|2 - 3|2 - 3|0,5 - 1|2 - 3|4 - 5|5 - 7|7 - 10|4 - 5|4 - 5|5 - 7|1
DFUSDT|1011011100|False|1 - 2|2 - 3|2 - 3|0,5 - 1|2 - 3|5 - 7|5 - 7|7 - 10|4 - 5|4 - 5|1
DFUSDT|0101101110|False|3 - 4|1 - 2|2 - 3|2 - 3|0,5 - 1|2 - 3|5 - 7|5 - 7|7 - 10|4 - 5|1
DFUSDT|0010110111|True|1 - 2|3 - 4|1 - 2|2 - 3|2 - 3|-0,25 - -0,5|2 - 3|5 - 7|5 - 7|7 - 10|1
DFUSDT|1001011011|False|0,5 - 1|1 - 2|3 - 4|1 - 2|2 - 3|-0,5 - -1|-0,25 - -0,5|2 - 3|5 - 7|5 - 7|1
DFUSDT|0100101101|False|1 - 2|0,5 - 1|1 - 2|3 - 4|1 - 2|0 - -0,25|-0,5 - -1|-0,25 - -0,5|2 - 3|5 - 7|1
DFUSDT|0010010110|False|2 - 3|1 - 2|0,5 - 1|1 - 2|3 - 4|-1 - -2|0 - -0,25|-0,5 - -1|-0,25 - -0,5|2 - 3|1
DFUSDT|0001001011|True|1 - 2|2 - 3|1 - 2|0,5 - 1|1 - 2|-0,5 - -1|-1 - -2|0 - -0,25|-0,5 - -1|-0,25 - -0,5|1
DFUSDT|1000100101|True|1 - 2|1 - 2|2 - 3|1 - 2|0,5 - 1|0 - -0,25|-0,5 - -1|-1 - -2|0 - -0,25|-0,5 - -1|1
DFUSDT|1100010010|False|2 - 3|1 - 2|1 - 2|2 - 3|1 - 2|0,5 - 1|0 - -0,25|-0,5 - -1|-1 - -2|0 - -0,25|1
DFUSDT|0110001001|False|1 - 2|2 - 3|1 - 2|1 - 2|2 - 3|0,25 - 0,5|0,5 - 1|0 - -0,25|-0,5 - -1|-1 - -2|1
DFUSDT|0011000100|False|1 - 2|1 - 2|2 - 3|1 - 2|1 - 2|1 - 2|0,25 - 0,5|0,5 - 1|0 - -0,25|-0,5 - -1|1
DFUSDT|0001100010|False|1 - 2|1 - 2|1 - 2|2 - 3|1 - 2|0 - -0,25|1 - 2|0,25 - 0,5|0,5 - 1|0 - -0,25|1
DFUSDT|0000110001|False|0,5 - 1|1 - 2|1 - 2|1 - 2|2 - 3|-0,25 - -0,5|0 - -0,25|1 - 2|0,25 - 0,5|0,5 - 1|1
DFUSDT|0000011000|True|1 - 2|0,5 - 1|1 - 2|1 - 2|1 - 2|0 - -0,25|-0,25 - -0,5|0 - -0,25|1 - 2|0,25 - 0,5|1
DFUSDT|1000001100|False|1 - 2|1 - 2|0,5 - 1|1 - 2|1 - 2|-0,25 - -0,5|0 - -0,25|-0,25 - -0,5|0 - -0,25|1 - 2|1
DFUSDT|0100000110|True|0,5 - 1|1 - 2|1 - 2|0,5 - 1|1 - 2|0,5 - 1|-0,25 - -0,5|0 - -0,25|-0,25 - -0,5|0 - -0,25|1
DFUSDT|1010000011|True|0,5 - 1|0,5 - 1|1 - 2|1 - 2|0,5 - 1|2 - 3|0,5 - 1|-0,25 - -0,5|0 - -0,25|-0,25 - -0,5|1
DFUSDT|1101000001|True|1 - 2|0,5 - 1|0,5 - 1|1 - 2|1 - 2|2 - 3|2 - 3|0,5 - 1|-0,25 - -0,5|0 - -0,25|1
DFUSDT|1110100000|False|2 - 3|1 - 2|0,5 - 1|0,5 - 1|1 - 2|5 - 7|2 - 3|2 - 3|0,5 - 1|-0,25 - -0,5|1
DFUSDT|0111010000|True|2 - 3|2 - 3|1 - 2|0,5 - 1|0,5 - 1|4 - 5|5 - 7|2 - 3|2 - 3|0,5 - 1|1
DFUSDT|1011101000|False|1 - 2|2 - 3|2 - 3|1 - 2|0,5 - 1|2 - 3|4 - 5|5 - 7|2 - 3|2 - 3|1
DFUSDT|0101110100|False|0,5 - 1|1 - 2|2 - 3|2 - 3|1 - 2|2 - 3|2 - 3|4 - 5|5 - 7|2 - 3|1
DFUSDT|0010111010|False|0,5 - 1|0,5 - 1|1 - 2|2 - 3|2 - 3|1 - 2|2 - 3|2 - 3|4 - 5|5 - 7|1
DFUSDT|0001011101|True|2 - 3|0,5 - 1|0,5 - 1|1 - 2|2 - 3|0 - -0,25|1 - 2|2 - 3|2 - 3|4 - 5|1
DFUSDT|1000101110|False|1 - 2|2 - 3|0,5 - 1|0,5 - 1|1 - 2|-0,5 - -1|0 - -0,25|1 - 2|2 - 3|2 - 3|1
DFUSDT|0100010111|False|4 - 5|1 - 2|2 - 3|0,5 - 1|0,5 - 1|-0,5 - -1|-0,5 - -1|0 - -0,25|1 - 2|2 - 3|1
DFUSDT|0010001011|True|2 - 3|4 - 5|1 - 2|2 - 3|0,5 - 1|-3 - -4|-0,5 - -1|-0,5 - -1|0 - -0,25|1 - 2|1
DFUSDT|1001000101|True|1 - 2|2 - 3|4 - 5|1 - 2|2 - 3|-2 - -3|-3 - -4|-0,5 - -1|-0,5 - -1|0 - -0,25|1
DFUSDT|1100100010|False|0,5 - 1|1 - 2|2 - 3|4 - 5|1 - 2|0,25 - 0,5|-2 - -3|-3 - -4|-0,5 - -1|-0,5 - -1|1
DFUSDT|0110010001|True|2 - 3|0,5 - 1|1 - 2|2 - 3|4 - 5|0,25 - 0,5|0,25 - 0,5|-2 - -3|-3 - -4|-0,5 - -1|1
DFUSDT|1011001000|False|1 - 2|2 - 3|0,5 - 1|1 - 2|2 - 3|2 - 3|0,25 - 0,5|0,25 - 0,5|-2 - -3|-3 - -4|1
DFUSDT|0101100100|False|0,5 - 1|1 - 2|2 - 3|0,5 - 1|1 - 2|2 - 3|2 - 3|0,25 - 0,5|0,25 - 0,5|-2 - -3|1
DFUSDT|0010110010|True|1 - 2|0,5 - 1|1 - 2|2 - 3|0,5 - 1|0,5 - 1|2 - 3|2 - 3|0,25 - 0,5|0,25 - 0,5|1
DFUSDT|1001011001|False|1 - 2|1 - 2|0,5 - 1|1 - 2|2 - 3|-0,5 - -1|0,5 - 1|2 - 3|2 - 3|0,25 - 0,5|1
DFUSDT|0100101100|False|1 - 2|1 - 2|1 - 2|0,5 - 1|1 - 2|1 - 2|-0,5 - -1|0,5 - 1|2 - 3|2 - 3|1
DFUSDT|0010010110|False|1 - 2|1 - 2|1 - 2|1 - 2|0,5 - 1|0,0 - 0,25|1 - 2|-0,5 - -1|0,5 - 1|2 - 3|1
DFUSDT|0001001011|False|1 - 2|1 - 2|1 - 2|1 - 2|1 - 2|-1 - -2|0,0 - 0,25|1 - 2|-0,5 - -1|0,5 - 1|1
DFUSDT|0000100101|True|1 - 2|1 - 2|1 - 2|1 - 2|1 - 2|-1 - -2|-1 - -2|0,0 - 0,25|1 - 2|-0,5 - -1|1
DFUSDT|1000010010|False|1 - 2|1 - 2|1 - 2|1 - 2|1 - 2|-0,25 - -0,5|-1 - -2|-1 - -2|0,0 - 0,25|1 - 2|1
DFUSDT|0100001001|True|0,5 - 1|1 - 2|1 - 2|1 - 2|1 - 2|-1 - -2|-0,25 - -0,5|-1 - -2|-1 - -2|0,0 - 0,25|1
DFUSDT|1010000100|False|0,5 - 1|0,5 - 1|1 - 2|1 - 2|1 - 2|0,25 - 0,5|-1 - -2|-0,25 - -0,5|-1 - -2|-1 - -2|1
DFUSDT|0101000010|True|1 - 2|0,5 - 1|0,5 - 1|1 - 2|1 - 2|1 - 2|0,25 - 0,5|-1 - -2|-0,25 - -0,5|-1 - -2|1
DFUSDT|1010100001|True|0,5 - 1|1 - 2|0,5 - 1|0,5 - 1|1 - 2|1 - 2|1 - 2|0,25 - 0,5|-1 - -2|-0,25 - -0,5|1
DFUSDT|1101010000|True|0,5 - 1|0,5 - 1|1 - 2|0,5 - 1|0,5 - 1|1 - 2|1 - 2|1 - 2|0,25 - 0,5|-1 - -2|1
DFUSDT|1110101000|False|1 - 2|0,5 - 1|0,5 - 1|1 - 2|0,5 - 1|2 - 3|1 - 2|1 - 2|1 - 2|0,25 - 0,5|1
DFUSDT|0111010100|True|1 - 2|1 - 2|0,5 - 1|0,5 - 1|1 - 2|1 - 2|2 - 3|1 - 2|1 - 2|1 - 2|1
DFUSDT|1011101010|True|0,5 - 1|1 - 2|1 - 2|0,5 - 1|0,5 - 1|2 - 3|1 - 2|2 - 3|1 - 2|1 - 2|1
DFUSDT|1101110101|False|0,0 - 0,25|0,5 - 1|1 - 2|1 - 2|0,5 - 1|2 - 3|2 - 3|1 - 2|2 - 3|1 - 2|1
DFUSDT|0110111010|True|2 - 3|0,0 - 0,25|0,5 - 1|1 - 2|1 - 2|1 - 2|2 - 3|2 - 3|1 - 2|2 - 3|1
DFUSDT|1011011101|True|1 - 2|2 - 3|0,0 - 0,25|0,5 - 1|1 - 2|0,25 - 0,5|1 - 2|2 - 3|2 - 3|1 - 2|1
DFUSDT|1101101110|True|1 - 2|1 - 2|2 - 3|0,0 - 0,25|0,5 - 1|1 - 2|0,25 - 0,5|1 - 2|2 - 3|2 - 3|1
DFUSDT|1110110111|True|1 - 2|1 - 2|1 - 2|2 - 3|0,0 - 0,25|2 - 3|1 - 2|0,25 - 0,5|1 - 2|2 - 3|1
DFUSDT|1111011011|False|2 - 3|1 - 2|1 - 2|1 - 2|2 - 3|2 - 3|2 - 3|1 - 2|0,25 - 0,5|1 - 2|1
DFUSDT|0111101101|True|2 - 3|2 - 3|1 - 2|1 - 2|1 - 2|5 - 7|2 - 3|2 - 3|1 - 2|0,25 - 0,5|1
DFUSDT|1011110110|False|0,5 - 1|2 - 3|2 - 3|1 - 2|1 - 2|4 - 5|5 - 7|2 - 3|2 - 3|1 - 2|1
DFUSDT|0101111011|True|1 - 2|0,5 - 1|2 - 3|2 - 3|1 - 2|3 - 4|4 - 5|5 - 7|2 - 3|2 - 3|1
DFUSDT|1010111101|False|1 - 2|1 - 2|0,5 - 1|2 - 3|2 - 3|1 - 2|3 - 4|4 - 5|5 - 7|2 - 3|1
DFUSDT|0101011110|False|1 - 2|1 - 2|1 - 2|0,5 - 1|2 - 3|0 - -0,25|1 - 2|3 - 4|4 - 5|5 - 7|1
DFUSDT|0010101111|False|0,5 - 1|1 - 2|1 - 2|1 - 2|0,5 - 1|-0,25 - -0,5|0 - -0,25|1 - 2|3 - 4|4 - 5|1
DFUSDT|0001010111|True|0,25 - 0,5|0,5 - 1|1 - 2|1 - 2|1 - 2|-1 - -2|-0,25 - -0,5|0 - -0,25|1 - 2|3 - 4|1
DFUSDT|1000101011|True|1 - 2|0,25 - 0,5|0,5 - 1|1 - 2|1 - 2|0,5 - 1|-1 - -2|-0,25 - -0,5|0 - -0,25|1 - 2|1
DFUSDT|1100010101|False|2 - 3|1 - 2|0,25 - 0,5|0,5 - 1|1 - 2|2 - 3|0,5 - 1|-1 - -2|-0,25 - -0,5|0 - -0,25|1
DFUSDT|0110001010|True|2 - 3|2 - 3|1 - 2|0,25 - 0,5|0,5 - 1|2 - 3|2 - 3|0,5 - 1|-1 - -2|-0,25 - -0,5|1
DFUSDT|1011000101|False|0,5 - 1|2 - 3|2 - 3|1 - 2|0,25 - 0,5|1 - 2|2 - 3|2 - 3|0,5 - 1|-1 - -2|1
DFUSDT|0101100010|False|0,5 - 1|0,5 - 1|2 - 3|2 - 3|1 - 2|1 - 2|1 - 2|2 - 3|2 - 3|0,5 - 1|1
DFUSDT|0010110001|False|1 - 2|0,5 - 1|0,5 - 1|2 - 3|2 - 3|1 - 2|1 - 2|1 - 2|2 - 3|2 - 3|1
DFUSDT|0001011000|True|1 - 2|1 - 2|0,5 - 1|0,5 - 1|2 - 3|0 - -0,25|1 - 2|1 - 2|1 - 2|2 - 3|1
DFUSDT|1000101100|False|1 - 2|1 - 2|1 - 2|0,5 - 1|0,5 - 1|-0,5 - -1|0 - -0,25|1 - 2|1 - 2|1 - 2|1
DFUSDT|0100010110|True|1 - 2|1 - 2|1 - 2|1 - 2|0,5 - 1|-0,25 - -0,5|-0,5 - -1|0 - -0,25|1 - 2|1 - 2|1
DFUSDT|1010001011|False|0,5 - 1|1 - 2|1 - 2|1 - 2|1 - 2|-1 - -2|-0,25 - -0,5|-0,5 - -1|0 - -0,25|1 - 2|1
DFUSDT|0101000101|True|1 - 2|0,5 - 1|1 - 2|1 - 2|1 - 2|-0,5 - -1|-1 - -2|-0,25 - -0,5|-0,5 - -1|0 - -0,25|1
DFUSDT|1010100010|False|1 - 2|1 - 2|0,5 - 1|1 - 2|1 - 2|0,5 - 1|-0,5 - -1|-1 - -2|-0,25 - -0,5|-0,5 - -1|1
DFUSDT|0101010001|True|2 - 3|1 - 2|1 - 2|0,5 - 1|1 - 2|0 - -0,25|0,5 - 1|-0,5 - -1|-1 - -2|-0,25 - -0,5|1
DFUSDT|1010101000|True|1 - 2|2 - 3|1 - 2|1 - 2|0,5 - 1|-1 - -2|0 - -0,25|0,5 - 1|-0,5 - -1|-1 - -2|1
DFUSDT|1101010100|True|1 - 2|1 - 2|2 - 3|1 - 2|1 - 2|-0,5 - -1|-1 - -2|0 - -0,25|0,5 - 1|-0,5 - -1|1
DFUSDT|1110101010|True|0,5 - 1|1 - 2|1 - 2|2 - 3|1 - 2|0,5 - 1|-0,5 - -1|-1 - -2|0 - -0,25|0,5 - 1|1
DFUSDT|1111010101|False|0,5 - 1|0,5 - 1|1 - 2|1 - 2|2 - 3|0,5 - 1|0,5 - 1|-0,5 - -1|-1 - -2|0 - -0,25|1
DFUSDT|0111101010|True|1 - 2|0,5 - 1|0,5 - 1|1 - 2|1 - 2|2 - 3|0,5 - 1|0,5 - 1|-0,5 - -1|-1 - -2|1
DFUSDT|1011110101|True|1 - 2|1 - 2|0,5 - 1|0,5 - 1|1 - 2|2 - 3|2 - 3|0,5 - 1|0,5 - 1|-0,5 - -1|1
DFUSDT|1101111010|False|1 - 2|1 - 2|1 - 2|0,5 - 1|0,5 - 1|1 - 2|2 - 3|2 - 3|0,5 - 1|0,5 - 1|1
DFUSDT|0110111101|False|0,5 - 1|1 - 2|1 - 2|1 - 2|0,5 - 1|0,25 - 0,5|1 - 2|2 - 3|2 - 3|0,5 - 1|1
DFUSDT|0011011110|True|0,5 - 1|0,5 - 1|1 - 2|1 - 2|1 - 2|0,0 - 0,25|0,25 - 0,5|1 - 2|2 - 3|2 - 3|1
DFUSDT|1001101111|False|1 - 2|0,5 - 1|0,5 - 1|1 - 2|1 - 2|1 - 2|0,0 - 0,25|0,25 - 0,5|1 - 2|2 - 3|1
DFUSDT|0100110111|True|0,5 - 1|1 - 2|0,5 - 1|0,5 - 1|1 - 2|0,5 - 1|1 - 2|0,0 - 0,25|0,25 - 0,5|1 - 2|1
DFUSDT|1010011011|True|0,5 - 1|0,5 - 1|1 - 2|0,5 - 1|0,5 - 1|0,5 - 1|0,5 - 1|1 - 2|0,0 - 0,25|0,25 - 0,5|1
DFUSDT|1101001101|False|2 - 3|0,5 - 1|0,5 - 1|1 - 2|0,5 - 1|2 - 3|0,5 - 1|0,5 - 1|1 - 2|0,0 - 0,25|1
DFUSDT|0110100110|True|0,5 - 1|2 - 3|0,5 - 1|0,5 - 1|1 - 2|1 - 2|2 - 3|0,5 - 1|0,5 - 1|1 - 2|1
DFUSDT|1011010011|True|0,5 - 1|0,5 - 1|2 - 3|0,5 - 1|0,5 - 1|2 - 3|1 - 2|2 - 3|0,5 - 1|0,5 - 1|1
DFUSDT|1101101001|True|1 - 2|0,5 - 1|0,5 - 1|2 - 3|0,5 - 1|2 - 3|2 - 3|1 - 2|2 - 3|0,5 - 1|1
DFUSDT|1110110100|False|1 - 2|1 - 2|0,5 - 1|0,5 - 1|2 - 3|3 - 4|2 - 3|2 - 3|1 - 2|2 - 3|1
DFUSDT|0111011010|True|3 - 4|1 - 2|1 - 2|0,5 - 1|0,5 - 1|4 - 5|3 - 4|2 - 3|2 - 3|1 - 2|1
DFUSDT|1011101101|False|2 - 3|3 - 4|1 - 2|1 - 2|0,5 - 1|3 - 4|4 - 5|3 - 4|2 - 3|2 - 3|1
DFUSDT|0101110110|False|1 - 2|2 - 3|3 - 4|1 - 2|1 - 2|2 - 3|3 - 4|4 - 5|3 - 4|2 - 3|1
DFUSDT|0010111011|True|1 - 2|1 - 2|2 - 3|3 - 4|1 - 2|0,25 - 0,5|2 - 3|3 - 4|4 - 5|3 - 4|1
DFUSDT|1001011101|False|0,25 - 0,5|1 - 2|1 - 2|2 - 3|3 - 4|-1 - -2|0,25 - 0,5|2 - 3|3 - 4|4 - 5|1
DFUSDT|0100101110|True|1 - 2|0,25 - 0,5|1 - 2|1 - 2|2 - 3|-0,25 - -0,5|-1 - -2|0,25 - 0,5|2 - 3|3 - 4|1
DFUSDT|1010010111|False|1 - 2|1 - 2|0,25 - 0,5|1 - 2|1 - 2|0 - -0,25|-0,25 - -0,5|-1 - -2|0,25 - 0,5|2 - 3|1
DFUSDT|0101001011|True|1 - 2|1 - 2|1 - 2|0,25 - 0,5|1 - 2|0 - -0,25|0 - -0,25|-0,25 - -0,5|-1 - -2|0,25 - 0,5|1
DFUSDT|1010100101|False|1 - 2|1 - 2|1 - 2|1 - 2|0,25 - 0,5|0,5 - 1|0 - -0,25|0 - -0,25|-0,25 - -0,5|-1 - -2|1
DFUSDT|0101010010|False|0,25 - 0,5|1 - 2|1 - 2|1 - 2|1 - 2|-0,25 - -0,5|0,5 - 1|0 - -0,25|0 - -0,25|-0,25 - -0,5|1
DFUSDT|0010101001|True|1 - 2|0,25 - 0,5|1 - 2|1 - 2|1 - 2|0,5 - 1|-0,25 - -0,5|0,5 - 1|0 - -0,25|0 - -0,25|1
DFUSDT|1001010100|True|0,5 - 1|1 - 2|0,25 - 0,5|1 - 2|1 - 2|-0,25 - -0,5|0,5 - 1|-0,25 - -0,5|0,5 - 1|0 - -0,25|1
DFUSDT|1100101010|True|0,5 - 1|0,5 - 1|1 - 2|0,25 - 0,5|1 - 2|0,25 - 0,5|-0,25 - -0,5|0,5 - 1|-0,25 - -0,5|0,5 - 1|1
DFUSDT|1110010101|False|0,5 - 1|0,5 - 1|0,5 - 1|1 - 2|0,25 - 0,5|0,25 - 0,5|0,25 - 0,5|-0,25 - -0,5|0,5 - 1|-0,25 - -0,5|1
DFUSDT|0111001010|False|0,25 - 0,5|0,5 - 1|0,5 - 1|0,5 - 1|1 - 2|0,0 - 0,25|0,25 - 0,5|0,25 - 0,5|-0,25 - -0,5|0,5 - 1|1
DFUSDT|0011100101|True|0,25 - 0,5|0,25 - 0,5|0,5 - 1|0,5 - 1|0,5 - 1|0,5 - 1|0,0 - 0,25|0,25 - 0,5|0,25 - 0,5|-0,25 - -0,5|1
DFUSDT|1001110010|True|1 - 2|0,25 - 0,5|0,25 - 0,5|0,5 - 1|0,5 - 1|1 - 2|0,5 - 1|0,0 - 0,25|0,25 - 0,5|0,25 - 0,5|1
DFUSDT|1100111001|True|0,5 - 1|1 - 2|0,25 - 0,5|0,25 - 0,5|0,5 - 1|1 - 2|1 - 2|0,5 - 1|0,0 - 0,25|0,25 - 0,5|1
DFUSDT|1110011100|True|0,25 - 0,5|0,5 - 1|1 - 2|0,25 - 0,5|0,25 - 0,5|0,5 - 1|1 - 2|1 - 2|0,5 - 1|0,0 - 0,25|1
DFUSDT|1111001110|False|0,5 - 1|0,25 - 0,5|0,5 - 1|1 - 2|0,25 - 0,5|1 - 2|0,5 - 1|1 - 2|1 - 2|0,5 - 1|1
DFUSDT|0111100111|False|0,5 - 1|0,5 - 1|0,25 - 0,5|0,5 - 1|1 - 2|1 - 2|1 - 2|0,5 - 1|1 - 2|1 - 2|1
DFUSDT|0011110011|True|0,5 - 1|0,5 - 1|0,5 - 1|0,25 - 0,5|0,5 - 1|1 - 2|1 - 2|1 - 2|0,5 - 1|1 - 2|1
DFUSDT|1001111001|False|1 - 2|0,5 - 1|0,5 - 1|0,5 - 1|0,25 - 0,5|1 - 2|1 - 2|1 - 2|1 - 2|0,5 - 1|1
DFUSDT|0100111100|True|0,5 - 1|1 - 2|0,5 - 1|0,5 - 1|0,5 - 1|0,5 - 1|1 - 2|1 - 2|1 - 2|1 - 2|1
DFUSDT|1010011110|True|0,5 - 1|0,5 - 1|1 - 2|0,5 - 1|0,5 - 1|0,5 - 1|0,5 - 1|1 - 2|1 - 2|1 - 2|1
DFUSDT|1101001111|False|0,5 - 1|0,5 - 1|0,5 - 1|1 - 2|0,5 - 1|0,0 - 0,25|0,5 - 1|0,5 - 1|1 - 2|1 - 2|1
DFUSDT|0110100111|False|0,25 - 0,5|0,5 - 1|0,5 - 1|0,5 - 1|1 - 2|1 - 2|0,0 - 0,25|0,5 - 1|0,5 - 1|1 - 2|1
DFUSDT|0011010011|False|0,5 - 1|0,25 - 0,5|0,5 - 1|0,5 - 1|0,5 - 1|0 - -0,25|1 - 2|0,0 - 0,25|0,5 - 1|0,5 - 1|1
DFUSDT|0001101001|False|1 - 2|0,5 - 1|0,25 - 0,5|0,5 - 1|0,5 - 1|-0,25 - -0,5|0 - -0,25|1 - 2|0,0 - 0,25|0,5 - 1|1
DFUSDT|0000110100|True|0,5 - 1|1 - 2|0,5 - 1|0,25 - 0,5|0,5 - 1|-1 - -2|-0,25 - -0,5|0 - -0,25|1 - 2|0,0 - 0,25|1
DFUSDT|1000011010|True|0,5 - 1|0,5 - 1|1 - 2|0,5 - 1|0,25 - 0,5|-0,5 - -1|-1 - -2|-0,25 - -0,5|0 - -0,25|1 - 2|1
DFUSDT|1100001101|True|2 - 3|0,5 - 1|0,5 - 1|1 - 2|0,5 - 1|0,5 - 1|-0,5 - -1|-1 - -2|-0,25 - -0,5|0 - -0,25|1
DFUSDT|1110000110|True|0,25 - 0,5|2 - 3|0,5 - 1|0,5 - 1|1 - 2|0,5 - 1|0,5 - 1|-0,5 - -1|-1 - -2|-0,25 - -0,5|1
DFUSDT|1111000011|True|1 - 2|0,25 - 0,5|2 - 3|0,5 - 1|0,5 - 1|2 - 3|0,5 - 1|0,5 - 1|-0,5 - -1|-1 - -2|1
DFUSDT|1111100001|True|0,5 - 1|1 - 2|0,25 - 0,5|2 - 3|0,5 - 1|3 - 4|2 - 3|0,5 - 1|0,5 - 1|-0,5 - -1|1
DFUSDT|1111110000|False|1 - 2|0,5 - 1|1 - 2|0,25 - 0,5|2 - 3|4 - 5|3 - 4|2 - 3|0,5 - 1|0,5 - 1|1
DFUSDT|0111111000|False|0,5 - 1|1 - 2|0,5 - 1|1 - 2|0,25 - 0,5|3 - 4|4 - 5|3 - 4|2 - 3|0,5 - 1|1
DFUSDT|0011111100|True|0,25 - 0,5|0,5 - 1|1 - 2|0,5 - 1|1 - 2|1 - 2|3 - 4|4 - 5|3 - 4|2 - 3|1
DFUSDT|1001111110|True|1 - 2|0,25 - 0,5|0,5 - 1|1 - 2|0,5 - 1|2 - 3|1 - 2|3 - 4|4 - 5|3 - 4|1
DFUSDT|1100111111|True|1 - 2|1 - 2|0,25 - 0,5|0,5 - 1|1 - 2|2 - 3|2 - 3|1 - 2|3 - 4|4 - 5|1
DFUSDT|1110011111|False|0,5 - 1|1 - 2|1 - 2|0,25 - 0,5|0,5 - 1|3 - 4|2 - 3|2 - 3|1 - 2|3 - 4|1
DFUSDT|0111001111|True|2 - 3|0,5 - 1|1 - 2|1 - 2|0,25 - 0,5|2 - 3|3 - 4|2 - 3|2 - 3|1 - 2|1
DFUSDT|1011100111|False|0,5 - 1|2 - 3|0,5 - 1|1 - 2|1 - 2|1 - 2|2 - 3|3 - 4|2 - 3|2 - 3|1
DFUSDT|0101110011|False|0,5 - 1|0,5 - 1|2 - 3|0,5 - 1|1 - 2|0,5 - 1|1 - 2|2 - 3|3 - 4|2 - 3|1
DFUSDT|0010111001|True|0,0 - 0,25|0,5 - 1|0,5 - 1|2 - 3|0,5 - 1|-0,5 - -1|0,5 - 1|1 - 2|2 - 3|3 - 4|1
DFUSDT|1001011100|True|0,5 - 1|0,0 - 0,25|0,5 - 1|0,5 - 1|2 - 3|-1 - -2|-0,5 - -1|0,5 - 1|1 - 2|2 - 3|1
DFUSDT|1100101110|False|1 - 2|0,5 - 1|0,0 - 0,25|0,5 - 1|0,5 - 1|1 - 2|-1 - -2|-0,5 - -1|0,5 - 1|1 - 2|1
DFUSDT|0110010111|False|1 - 2|1 - 2|0,5 - 1|0,0 - 0,25|0,5 - 1|0,5 - 1|1 - 2|-1 - -2|-0,5 - -1|0,5 - 1|1
DFUSDT|0011001011|True|0,5 - 1|1 - 2|1 - 2|0,5 - 1|0,0 - 0,25|0,0 - 0,25|0,5 - 1|1 - 2|-1 - -2|-0,5 - -1|1
DFUSDT|1001100101|True|1 - 2|0,5 - 1|1 - 2|1 - 2|0,5 - 1|0,5 - 1|0,0 - 0,25|0,5 - 1|1 - 2|-1 - -2|1
DFUSDT|1100110010|True|0,5 - 1|1 - 2|0,5 - 1|1 - 2|1 - 2|1 - 2|0,5 - 1|0,0 - 0,25|0,5 - 1|1 - 2|1
DFUSDT|1110011001|True|1 - 2|0,5 - 1|1 - 2|0,5 - 1|1 - 2|1 - 2|1 - 2|0,5 - 1|0,0 - 0,25|0,5 - 1|1
DFUSDT|1111001100|True|0,5 - 1|1 - 2|0,5 - 1|1 - 2|0,5 - 1|1 - 2|1 - 2|1 - 2|0,5 - 1|0,0 - 0,25|1
DFUSDT|1111100110|False|0,25 - 0,5|0,5 - 1|1 - 2|0,5 - 1|1 - 2|0,5 - 1|1 - 2|1 - 2|1 - 2|0,5 - 1|1
DFUSDT|0111110011|False|0,5 - 1|0,25 - 0,5|0,5 - 1|1 - 2|0,5 - 1|1 - 2|0,5 - 1|1 - 2|1 - 2|1 - 2|1
DFUSDT|0011111001|False|0,5 - 1|0,5 - 1|0,25 - 0,5|0,5 - 1|1 - 2|0,5 - 1|1 - 2|0,5 - 1|1 - 2|1 - 2|1
DFUSDT|0001111100|False|1 - 2|0,5 - 1|0,5 - 1|0,25 - 0,5|0,5 - 1|0,25 - 0,5|0,5 - 1|1 - 2|0,5 - 1|1 - 2|1
DFUSDT|0000111110|False|0,5 - 1|1 - 2|0,5 - 1|0,5 - 1|0,25 - 0,5|-0,5 - -1|0,25 - 0,5|0,5 - 1|1 - 2|0,5 - 1|1
DFUSDT|0000011111|True|1 - 2|0,5 - 1|1 - 2|0,5 - 1|0,5 - 1|-0,5 - -1|-0,5 - -1|0,25 - 0,5|0,5 - 1|1 - 2|1
DFUSDT|1000001111|True|0,5 - 1|1 - 2|0,5 - 1|1 - 2|0,5 - 1|-1 - -2|-0,5 - -1|-0,5 - -1|0,25 - 0,5|0,5 - 1|1
DFUSDT|1100000111|True|0,5 - 1|0,5 - 1|1 - 2|0,5 - 1|1 - 2|-0,5 - -1|-1 - -2|-0,5 - -1|-0,5 - -1|0,25 - 0,5|1
DFUSDT|1110000011|False|0,5 - 1|0,5 - 1|0,5 - 1|1 - 2|0,5 - 1|0,5 - 1|-0,5 - -1|-1 - -2|-0,5 - -1|-0,5 - -1|1
DFUSDT|0111000001|False|0,5 - 1|0,5 - 1|0,5 - 1|0,5 - 1|1 - 2|0,5 - 1|0,5 - 1|-0,5 - -1|-1 - -2|-0,5 - -1|1
DFUSDT|0011100000|True|0,5 - 1|0,5 - 1|0,5 - 1|0,5 - 1|0,5 - 1|0,25 - 0,5|0,5 - 1|0,5 - 1|-0,5 - -1|-1 - -2|1
DFUSDT|1001110000|True|1 - 2|0,5 - 1|0,5 - 1|0,5 - 1|0,5 - 1|1 - 2|0,25 - 0,5|0,5 - 1|0,5 - 1|-0,5 - -1|1
DFUSDT|1100111000|False|1 - 2|1 - 2|0,5 - 1|0,5 - 1|0,5 - 1|1 - 2|1 - 2|0,25 - 0,5|0,5 - 1|0,5 - 1|1
DFUSDT|0110011100|False|0,5 - 1|1 - 2|1 - 2|0,5 - 1|0,5 - 1|1 - 2|1 - 2|1 - 2|0,25 - 0,5|0,5 - 1|1
DFUSDT|0011001110|False|0,5 - 1|0,5 - 1|1 - 2|1 - 2|0,5 - 1|0,5 - 1|1 - 2|1 - 2|1 - 2|0,25 - 0,5|1
DFUSDT|0001100111|False|0,5 - 1|0,5 - 1|0,5 - 1|1 - 2|1 - 2|0,5 - 1|0,5 - 1|1 - 2|1 - 2|1 - 2|1
DFUSDT|0000110011|True|0,5 - 1|0,5 - 1|0,5 - 1|0,5 - 1|1 - 2|0,5 - 1|0,5 - 1|0,5 - 1|1 - 2|1 - 2|1
DFUSDT|1000011001|True|1 - 2|0,5 - 1|0,5 - 1|0,5 - 1|0,5 - 1|1 - 2|0,5 - 1|0,5 - 1|0,5 - 1|1 - 2|1
DFUSDT|1100001100|False|0,5 - 1|1 - 2|0,5 - 1|0,5 - 1|0,5 - 1|0 - -0,25|1 - 2|0,5 - 1|0,5 - 1|0,5 - 1|1
DFUSDT|0110000110|True|1 - 2|0,5 - 1|1 - 2|0,5 - 1|0,5 - 1|0,25 - 0,5|0 - -0,25|1 - 2|0,5 - 1|0,5 - 1|1
DFUSDT|1011000011|True|0,25 - 0,5|1 - 2|0,5 - 1|1 - 2|0,5 - 1|0 - -0,25|0,25 - 0,5|0 - -0,25|1 - 2|0,5 - 1|1
DFUSDT|1101100001|False|0,5 - 1|0,25 - 0,5|1 - 2|0,5 - 1|1 - 2|0,5 - 1|0 - -0,25|0,25 - 0,5|0 - -0,25|1 - 2|1
DFUSDT|0110110000|True|0,25 - 0,5|0,5 - 1|0,25 - 0,5|1 - 2|0,5 - 1|0 - -0,25|0,5 - 1|0 - -0,25|0,25 - 0,5|0 - -0,25|1
DFUSDT|1011011000|True|0,25 - 0,5|0,25 - 0,5|0,5 - 1|0,25 - 0,5|1 - 2|-0,5 - -1|0 - -0,25|0,5 - 1|0 - -0,25|0,25 - 0,5|1
DFUSDT|1101101100|False|1 - 2|0,25 - 0,5|0,25 - 0,5|0,5 - 1|0,25 - 0,5|1 - 2|-0,5 - -1|0 - -0,25|0,5 - 1|0 - -0,25|1
DFUSDT|0110110110|True|1 - 2|1 - 2|0,25 - 0,5|0,25 - 0,5|0,5 - 1|1 - 2|1 - 2|-0,5 - -1|0 - -0,25|0,5 - 1|1
DFUSDT|1011011011|False|0,5 - 1|1 - 2|1 - 2|0,25 - 0,5|0,25 - 0,5|0,5 - 1|1 - 2|1 - 2|-0,5 - -1|0 - -0,25|1
DFUSDT|0101101101|False|0,5 - 1|0,5 - 1|1 - 2|1 - 2|0,25 - 0,5|0,5 - 1|0,5 - 1|1 - 2|1 - 2|-0,5 - -1|1
DFUSDT|0010110110|False|0,5 - 1|0,5 - 1|0,5 - 1|1 - 2|1 - 2|0,5 - 1|0,5 - 1|0,5 - 1|1 - 2|1 - 2|1
DFUSDT|0001011011|True|0,5 - 1|0,5 - 1|0,5 - 1|0,5 - 1|1 - 2|1 - 2|0,5 - 1|0,5 - 1|0,5 - 1|1 - 2|1
DFUSDT|1000101101|False|0,0 - 0,25|0,5 - 1|0,5 - 1|0,5 - 1|0,5 - 1|0,5 - 1|1 - 2|0,5 - 1|0,5 - 1|0,5 - 1|1
DFUSDT|0100010110|True|0,5 - 1|0,0 - 0,25|0,5 - 1|0,5 - 1|0,5 - 1|0,5 - 1|0,5 - 1|1 - 2|0,5 - 1|0,5 - 1|1
DFUSDT|1010001011|False|0,25 - 0,5|0,5 - 1|0,0 - 0,25|0,5 - 1|0,5 - 1|0,25 - 0,5|0,5 - 1|0,5 - 1|1 - 2|0,5 - 1|1
DFUSDT|0101000101|True|0,25 - 0,5|0,25 - 0,5|0,5 - 1|0,0 - 0,25|0,5 - 1|0,5 - 1|0,25 - 0,5|0,5 - 1|0,5 - 1|1 - 2|1
DFUSDT|1010100010|False|0,5 - 1|0,25 - 0,5|0,25 - 0,5|0,5 - 1|0,0 - 0,25|0,5 - 1|0,5 - 1|0,25 - 0,5|0,5 - 1|0,5 - 1|1
DFUSDT|0101010001|False|0,25 - 0,5|0,5 - 1|0,25 - 0,5|0,25 - 0,5|0,5 - 1|0,25 - 0,5|0,5 - 1|0,5 - 1|0,25 - 0,5|0,5 - 1|1
DFUSDT|0010101000|False|0,25 - 0,5|0,25 - 0,5|0,5 - 1|0,25 - 0,5|0,25 - 0,5|0,25 - 0,5|0,25 - 0,5|0,5 - 1|0,5 - 1|0,25 - 0,5|1
DFUSDT|0001010100|False|0,5 - 1|0,25 - 0,5|0,25 - 0,5|0,5 - 1|0,25 - 0,5|0,0 - 0,25|0,25 - 0,5|0,25 - 0,5|0,5 - 1|0,5 - 1|1
DFUSDT|0000101010|False|0,5 - 1|0,5 - 1|0,25 - 0,5|0,25 - 0,5|0,5 - 1|0 - -0,25|0,0 - 0,25|0,25 - 0,5|0,25 - 0,5|0,5 - 1|1
DFUSDT|0000010101|False|1 - 2|0,5 - 1|0,5 - 1|0,25 - 0,5|0,25 - 0,5|-0,5 - -1|0 - -0,25|0,0 - 0,25|0,25 - 0,5|0,25 - 0,5|1
DFUSDT|0000001010|False|0,5 - 1|1 - 2|0,5 - 1|0,5 - 1|0,25 - 0,5|-1 - -2|-0,5 - -1|0 - -0,25|0,0 - 0,25|0,25 - 0,5|1
DFUSDT|0000000101|True|0,25 - 0,5|0,5 - 1|1 - 2|0,5 - 1|0,5 - 1|-1 - -2|-1 - -2|-0,5 - -1|0 - -0,25|0,0 - 0,25|1
DFUSDT|1000000010|False|1 - 2|0,25 - 0,5|0,5 - 1|1 - 2|0,5 - 1|-0,25 - -0,5|-1 - -2|-1 - -2|-0,5 - -1|0 - -0,25|1
DFUSDT|0100000001|True|0,5 - 1|1 - 2|0,25 - 0,5|0,5 - 1|1 - 2|-0,25 - -0,5|-0,25 - -0,5|-1 - -2|-1 - -2|-0,5 - -1|1
DFUSDT|1010000000|False|1 - 2|0,5 - 1|1 - 2|0,25 - 0,5|0,5 - 1|0,5 - 1|-0,25 - -0,5|-0,25 - -0,5|-1 - -2|-1 - -2|1
DFUSDT|0101000000|True|0,5 - 1|1 - 2|0,5 - 1|1 - 2|0,25 - 0,5|0,0 - 0,25|0,5 - 1|-0,25 - -0,5|-0,25 - -0,5|-1 - -2|1
DFUSDT|1010100000|True|1 - 2|0,5 - 1|1 - 2|0,5 - 1|1 - 2|1 - 2|0,0 - 0,25|0,5 - 1|-0,25 - -0,5|-0,25 - -0,5|1
DFUSDT|1101010000|False|0,5 - 1|1 - 2|0,5 - 1|1 - 2|0,5 - 1|1 - 2|1 - 2|0,0 - 0,25|0,5 - 1|-0,25 - -0,5|1
DFUSDT|0110101000|True|0,25 - 0,5|0,5 - 1|1 - 2|0,5 - 1|1 - 2|1 - 2|1 - 2|1 - 2|0,0 - 0,25|0,5 - 1|1
DFUSDT|1011010100|True|0,0 - 0,25|0,25 - 0,5|0,5 - 1|1 - 2|0,5 - 1|1 - 2|1 - 2|1 - 2|1 - 2|0,0 - 0,25|1
DFUSDT|1101101010|True|1 - 2|0,0 - 0,25|0,25 - 0,5|0,5 - 1|1 - 2|2 - 3|1 - 2|1 - 2|1 - 2|1 - 2|1
DFUSDT|1110110101|False|0,5 - 1|1 - 2|0,0 - 0,25|0,25 - 0,5|0,5 - 1|3 - 4|2 - 3|1 - 2|1 - 2|1 - 2|1
DFUSDT|0111011010|False|0,0 - 0,25|0,5 - 1|1 - 2|0,0 - 0,25|0,25 - 0,5|1 - 2|3 - 4|2 - 3|1 - 2|1 - 2|1
DFUSDT|0011101101|False|1 - 2|0,0 - 0,25|0,5 - 1|1 - 2|0,0 - 0,25|1 - 2|1 - 2|3 - 4|2 - 3|1 - 2|1
DFUSDT|0001110110|True|0,5 - 1|1 - 2|0,0 - 0,25|0,5 - 1|1 - 2|0,5 - 1|1 - 2|1 - 2|3 - 4|2 - 3|1
DFUSDT|1000111011|True|0,25 - 0,5|0,5 - 1|1 - 2|0,0 - 0,25|0,5 - 1|0,0 - 0,25|0,5 - 1|1 - 2|1 - 2|3 - 4|1
DFUSDT|1100011101|False|0,25 - 0,5|0,25 - 0,5|0,5 - 1|1 - 2|0,0 - 0,25|-0,25 - -0,5|0,0 - 0,25|0,5 - 1|1 - 2|1 - 2|1
DFUSDT|0110001110|True|0,25 - 0,5|0,25 - 0,5|0,25 - 0,5|0,5 - 1|1 - 2|-0,5 - -1|-0,25 - -0,5|0,0 - 0,25|0,5 - 1|1 - 2|1
DFUSDT|1011000111|False|0,25 - 0,5|0,25 - 0,5|0,25 - 0,5|0,25 - 0,5|0,5 - 1|0,25 - 0,5|-0,5 - -1|-0,25 - -0,5|0,0 - 0,25|0,5 - 1|1
DFUSDT|0101100011|False|0,25 - 0,5|0,25 - 0,5|0,25 - 0,5|0,25 - 0,5|0,25 - 0,5|0,0 - 0,25|0,25 - 0,5|-0,5 - -1|-0,25 - -0,5|0,0 - 0,25|1
DFUSDT|0010110001|True|0,5 - 1|0,25 - 0,5|0,25 - 0,5|0,25 - 0,5|0,25 - 0,5|0 - -0,25|0,0 - 0,25|0,25 - 0,5|-0,5 - -1|-0,25 - -0,5|1
DFUSDT|1001011000|False|0,25 - 0,5|0,5 - 1|0,25 - 0,5|0,25 - 0,5|0,25 - 0,5|-0,5 - -1|0 - -0,25|0,0 - 0,25|0,25 - 0,5|-0,5 - -1|1
DFUSDT|0100101100|True|0,0 - 0,25|0,25 - 0,5|0,5 - 1|0,25 - 0,5|0,25 - 0,5|-0,5 - -1|-0,5 - -1|0 - -0,25|0,0 - 0,25|0,25 - 0,5|1
DFUSDT|1010010110|False|0,0 - 0,25|0,0 - 0,25|0,25 - 0,5|0,5 - 1|0,25 - 0,5|-0,5 - -1|-0,5 - -1|-0,5 - -1|0 - -0,25|0,0 - 0,25|1
DFUSDT|0101001011|False|0,25 - 0,5|0,0 - 0,25|0,0 - 0,25|0,25 - 0,5|0,5 - 1|-0,25 - -0,5|-0,5 - -1|-0,5 - -1|-0,5 - -1|0 - -0,25|1
DFUSDT|0010100101|True|0,0 - 0,25|0,25 - 0,5|0,0 - 0,25|0,0 - 0,25|0,25 - 0,5|0,25 - 0,5|-0,25 - -0,5|-0,5 - -1|-0,5 - -1|-0,5 - -1|1
DFUSDT|1001010010|True|0,5 - 1|0,0 - 0,25|0,25 - 0,5|0,0 - 0,25|0,0 - 0,25|1 - 2|0,25 - 0,5|-0,25 - -0,5|-0,5 - -1|-0,5 - -1|1
DFUSDT|1100101001|True|0,5 - 1|0,5 - 1|0,0 - 0,25|0,25 - 0,5|0,0 - 0,25|1 - 2|1 - 2|0,25 - 0,5|-0,25 - -0,5|-0,5 - -1|1
DFUSDT|1110010100|True|0,5 - 1|0,5 - 1|0,5 - 1|0,0 - 0,25|0,25 - 0,5|1 - 2|1 - 2|1 - 2|0,25 - 0,5|-0,25 - -0,5|1
DFUSDT|1111001010|True|0,5 - 1|0,5 - 1|0,5 - 1|0,5 - 1|0,0 - 0,25|1 - 2|1 - 2|1 - 2|1 - 2|0,25 - 0,5|1
DFUSDT|1111100101|False|0,5 - 1|0,5 - 1|0,5 - 1|0,5 - 1|0,5 - 1|1 - 2|1 - 2|1 - 2|1 - 2|1 - 2|1
DFUSDT|0111110010|False|0,0 - 0,25|0,5 - 1|0,5 - 1|0,5 - 1|0,5 - 1|1 - 2|1 - 2|1 - 2|1 - 2|1 - 2|1
DFUSDT|0011111001|True|0,5 - 1|0,0 - 0,25|0,5 - 1|0,5 - 1|0,5 - 1|1 - 2|1 - 2|1 - 2|1 - 2|1 - 2|1
DFUSDT|1001111100|False|0,0 - 0,25|0,5 - 1|0,0 - 0,25|0,5 - 1|0,5 - 1|0,5 - 1|1 - 2|1 - 2|1 - 2|1 - 2|1
DFUSDT|0100111110|True|0,0 - 0,25|0,0 - 0,25|0,5 - 1|0,0 - 0,25|0,5 - 1|0,5 - 1|0,5 - 1|1 - 2|1 - 2|1 - 2|1
DFUSDT|1010011111|True|0,0 - 0,25|0,0 - 0,25|0,0 - 0,25|0,5 - 1|0,0 - 0,25|0,0 - 0,25|0,5 - 1|0,5 - 1|1 - 2|1 - 2|1
DFUSDT|1101001111|True|0,5 - 1|0,0 - 0,25|0,0 - 0,25|0,0 - 0,25|0,5 - 1|0,25 - 0,5|0,0 - 0,25|0,5 - 1|0,5 - 1|1 - 2|1
DFUSDT|1110100111|True|0,5 - 1|0,5 - 1|0,0 - 0,25|0,0 - 0,25|0,0 - 0,25|0,5 - 1|0,25 - 0,5|0,0 - 0,25|0,5 - 1|0,5 - 1|1
DFUSDT|1111010011|True|0,5 - 1|0,5 - 1|0,5 - 1|0,0 - 0,25|0,0 - 0,25|1 - 2|0,5 - 1|0,25 - 0,5|0,0 - 0,25|0,5 - 1|1
DFUSDT|1111101001|True|0,5 - 1|0,5 - 1|0,5 - 1|0,5 - 1|0,0 - 0,25|1 - 2|1 - 2|0,5 - 1|0,25 - 0,5|0,0 - 0,25|1
DFUSDT|1111110100|True|0,5 - 1|0,5 - 1|0,5 - 1|0,5 - 1|0,5 - 1|2 - 3|1 - 2|1 - 2|0,5 - 1|0,25 - 0,5|1
DFUSDT|1111111010|True|0,5 - 1|0,5 - 1|0,5 - 1|0,5 - 1|0,5 - 1|2 - 3|2 - 3|1 - 2|1 - 2|0,5 - 1|1
DFUSDT|1111111101|False|1 - 2|0,5 - 1|0,5 - 1|0,5 - 1|0,5 - 1|4 - 5|2 - 3|2 - 3|1 - 2|1 - 2|1
DFUSDT|0111111110|True|1 - 2|1 - 2|0,5 - 1|0,5 - 1|0,5 - 1|3 - 4|4 - 5|2 - 3|2 - 3|1 - 2|1
DFUSDT|1011111111|False|1 - 2|1 - 2|1 - 2|0,5 - 1|0,5 - 1|3 - 4|3 - 4|4 - 5|2 - 3|2 - 3|1
DFUSDT|0101111111|False|2 - 3|1 - 2|1 - 2|1 - 2|0,5 - 1|3 - 4|3 - 4|3 - 4|4 - 5|2 - 3|1
DFUSDT|0010111111|True|0,25 - 0,5|2 - 3|1 - 2|1 - 2|1 - 2|2 - 3|3 - 4|3 - 4|3 - 4|4 - 5|1
DFUSDT|1001011111|True|0,5 - 1|0,25 - 0,5|2 - 3|1 - 2|1 - 2|1 - 2|2 - 3|3 - 4|3 - 4|3 - 4|1
DFUSDT|1100101111|True|0,25 - 0,5|0,5 - 1|0,25 - 0,5|2 - 3|1 - 2|1 - 2|1 - 2|2 - 3|3 - 4|3 - 4|1
DFUSDT|1110010111|False|2 - 3|0,25 - 0,5|0,5 - 1|0,25 - 0,5|2 - 3|3 - 4|1 - 2|1 - 2|2 - 3|3 - 4|1
DFUSDT|0111001011|False|1 - 2|2 - 3|0,25 - 0,5|0,5 - 1|0,25 - 0,5|4 - 5|3 - 4|1 - 2|1 - 2|2 - 3|1
DFUSDT|0011100101|True|2 - 3|1 - 2|2 - 3|0,25 - 0,5|0,5 - 1|3 - 4|4 - 5|3 - 4|1 - 2|1 - 2|1
DFUSDT|1001110010|True|0,5 - 1|2 - 3|1 - 2|2 - 3|0,25 - 0,5|2 - 3|3 - 4|4 - 5|3 - 4|1 - 2|1
DFUSDT|1100111001|True|0,5 - 1|0,5 - 1|2 - 3|1 - 2|2 - 3|3 - 4|2 - 3|3 - 4|4 - 5|3 - 4|1
DFUSDT|1110011100|True|0,5 - 1|0,5 - 1|0,5 - 1|2 - 3|1 - 2|3 - 4|3 - 4|2 - 3|3 - 4|4 - 5|1
DFUSDT|1111001110|True|0,5 - 1|0,5 - 1|0,5 - 1|0,5 - 1|2 - 3|3 - 4|3 - 4|3 - 4|2 - 3|3 - 4|1
DFUSDT|1111100111|True|1 - 2|0,5 - 1|0,5 - 1|0,5 - 1|0,5 - 1|3 - 4|3 - 4|3 - 4|3 - 4|2 - 3|1
DFUSDT|1111110011|True|1 - 2|1 - 2|0,5 - 1|0,5 - 1|0,5 - 1|4 - 5|3 - 4|3 - 4|3 - 4|3 - 4|1
DFUSDT|1111111001|True|2 - 3|1 - 2|1 - 2|0,5 - 1|0,5 - 1|5 - 7|4 - 5|3 - 4|3 - 4|3 - 4|1
DFUSDT|1111111100|False|4 - 5|2 - 3|1 - 2|1 - 2|0,5 - 1|7 - 10|5 - 7|4 - 5|3 - 4|3 - 4|1
DFUSDT|0111111110|False|3 - 4|4 - 5|2 - 3|1 - 2|1 - 2|7 - 10|7 - 10|5 - 7|4 - 5|3 - 4|1
DFUSDT|0011111111|False|3 - 4|3 - 4|4 - 5|2 - 3|1 - 2|5 - 7|7 - 10|7 - 10|5 - 7|4 - 5|1
DFUSDT|0001111111|True|3 - 4|3 - 4|3 - 4|4 - 5|2 - 3|4 - 5|5 - 7|7 - 10|7 - 10|5 - 7|1
DFUSDT|1000111111|False|1 - 2|3 - 4|3 - 4|3 - 4|4 - 5|2 - 3|4 - 5|5 - 7|7 - 10|7 - 10|1
DFUSDT|0100011111|False|1 - 2|1 - 2|3 - 4|3 - 4|3 - 4|0,5 - 1|2 - 3|4 - 5|5 - 7|7 - 10|1
DFUSDT|0010001111|False|2 - 3|1 - 2|1 - 2|3 - 4|3 - 4|-0,25 - -0,5|0,5 - 1|2 - 3|4 - 5|5 - 7|1
DFUSDT|0001000111|True|1 - 2|2 - 3|1 - 2|1 - 2|3 - 4|0,5 - 1|-0,25 - -0,5|0,5 - 1|2 - 3|4 - 5|1
DFUSDT|1000100011|False|2 - 3|1 - 2|2 - 3|1 - 2|1 - 2|2 - 3|0,5 - 1|-0,25 - -0,5|0,5 - 1|2 - 3|1
DFUSDT|0100010001|True|1 - 2|2 - 3|1 - 2|2 - 3|1 - 2|1 - 2|2 - 3|0,5 - 1|-0,25 - -0,5|0,5 - 1|1
DFUSDT|1010001000|False|1 - 2|1 - 2|2 - 3|1 - 2|2 - 3|1 - 2|1 - 2|2 - 3|0,5 - 1|-0,25 - -0,5|1
DFUSDT|0101000100|True|1 - 2|1 - 2|1 - 2|2 - 3|1 - 2|1 - 2|1 - 2|1 - 2|2 - 3|0,5 - 1|1
DFUSDT|1010100010|True|0,25 - 0,5|1 - 2|1 - 2|1 - 2|2 - 3|0,5 - 1|1 - 2|1 - 2|1 - 2|2 - 3|1
DFUSDT|1101010001|True|1 - 2|0,25 - 0,5|1 - 2|1 - 2|1 - 2|1 - 2|0,5 - 1|1 - 2|1 - 2|1 - 2|1
DFUSDT|1110101000|False|0,5 - 1|1 - 2|0,25 - 0,5|1 - 2|1 - 2|0,25 - 0,5|1 - 2|0,5 - 1|1 - 2|1 - 2|1
DFUSDT|0111010100|False|3 - 4|0,5 - 1|1 - 2|0,25 - 0,5|1 - 2|0,5 - 1|0,25 - 0,5|1 - 2|0,5 - 1|1 - 2|1
DFUSDT|0011101010|True|0,5 - 1|3 - 4|0,5 - 1|1 - 2|0,25 - 0,5|-0,5 - -1|0,5 - 1|0,25 - 0,5|1 - 2|0,5 - 1|1
DFUSDT|1001110101|False|1 - 2|0,5 - 1|3 - 4|0,5 - 1|1 - 2|-0,25 - -0,5|-0,5 - -1|0,5 - 1|0,25 - 0,5|1 - 2|1
DFUSDT|0100111010|True|2 - 3|1 - 2|0,5 - 1|3 - 4|0,5 - 1|-0,25 - -0,5|-0,25 - -0,5|-0,5 - -1|0,5 - 1|0,25 - 0,5|1
DFUSDT|1010011101|False|1 - 2|2 - 3|1 - 2|0,5 - 1|3 - 4|-1 - -2|-0,25 - -0,5|-0,25 - -0,5|-0,5 - -1|0,5 - 1|1
DFUSDT|0101001110|False|0,5 - 1|1 - 2|2 - 3|1 - 2|0,5 - 1|1 - 2|-1 - -2|-0,25 - -0,5|-0,25 - -0,5|-0,5 - -1|1
DFUSDT|0010100111|True|0,25 - 0,5|0,5 - 1|1 - 2|2 - 3|1 - 2|0,5 - 1|1 - 2|-1 - -2|-0,25 - -0,5|-0,25 - -0,5|1
DFUSDT|1001010011|False|2 - 3|0,25 - 0,5|0,5 - 1|1 - 2|2 - 3|2 - 3|0,5 - 1|1 - 2|-1 - -2|-0,25 - -0,5|1
DFUSDT|0100101001|True|3 - 4|2 - 3|0,25 - 0,5|0,5 - 1|1 - 2|4 - 5|2 - 3|0,5 - 1|1 - 2|-1 - -2|1
DFUSDT|1010010100|False|0,5 - 1|3 - 4|2 - 3|0,25 - 0,5|0,5 - 1|0,5 - 1|4 - 5|2 - 3|0,5 - 1|1 - 2|1
DFUSDT|0101001010|False|0,25 - 0,5|0,5 - 1|3 - 4|2 - 3|0,25 - 0,5|0,0 - 0,25|0,5 - 1|4 - 5|2 - 3|0,5 - 1|1
DFUSDT|0010100101|False|0,5 - 1|0,25 - 0,5|0,5 - 1|3 - 4|2 - 3|0 - -0,25|0,0 - 0,25|0,5 - 1|4 - 5|2 - 3|1
DFUSDT|0001010010|True|0,5 - 1|0,5 - 1|0,25 - 0,5|0,5 - 1|3 - 4|-0,5 - -1|0 - -0,25|0,0 - 0,25|0,5 - 1|4 - 5|1
DFUSDT|1000101001|False|1 - 2|0,5 - 1|0,5 - 1|0,25 - 0,5|0,5 - 1|0,5 - 1|-0,5 - -1|0 - -0,25|0,0 - 0,25|0,5 - 1|1
DFUSDT|0100010100|False|0,5 - 1|1 - 2|0,5 - 1|0,5 - 1|0,25 - 0,5|0 - -0,25|0,5 - 1|-0,5 - -1|0 - -0,25|0,0 - 0,25|1
DFUSDT|0010001010|True|1 - 2|0,5 - 1|1 - 2|0,5 - 1|0,5 - 1|-0,5 - -1|0 - -0,25|0,5 - 1|-0,5 - -1|0 - -0,25|1
DFUSDT|1001000101|True|1 - 2|1 - 2|0,5 - 1|1 - 2|0,5 - 1|-0,5 - -1|-0,5 - -1|0 - -0,25|0,5 - 1|-0,5 - -1|1
DFUSDT|1100100010|False|2 - 3|1 - 2|1 - 2|0,5 - 1|1 - 2|2 - 3|-0,5 - -1|-0,5 - -1|0 - -0,25|0,5 - 1|1
DFUSDT|0110010001|True|1 - 2|2 - 3|1 - 2|1 - 2|0,5 - 1|2 - 3|2 - 3|-0,5 - -1|-0,5 - -1|0 - -0,25|1
DFUSDT|1011001000|False|1 - 2|1 - 2|2 - 3|1 - 2|1 - 2|1 - 2|2 - 3|2 - 3|-0,5 - -1|-0,5 - -1|1
DFUSDT|0101100100|True|1 - 2|1 - 2|1 - 2|2 - 3|1 - 2|2 - 3|1 - 2|2 - 3|2 - 3|-0,5 - -1|1
DFUSDT|1010110010|False|0,5 - 1|1 - 2|1 - 2|1 - 2|2 - 3|2 - 3|2 - 3|1 - 2|2 - 3|2 - 3|1
DFUSDT|0101011001|True|0,5 - 1|0,5 - 1|1 - 2|1 - 2|1 - 2|2 - 3|2 - 3|2 - 3|1 - 2|2 - 3|1
DFUSDT|1010101100|False|0,5 - 1|0,5 - 1|0,5 - 1|1 - 2|1 - 2|0,25 - 0,5|2 - 3|2 - 3|2 - 3|1 - 2|1
DFUSDT|0101010110|True|0,25 - 0,5|0,5 - 1|0,5 - 1|0,5 - 1|1 - 2|0,5 - 1|0,25 - 0,5|2 - 3|2 - 3|2 - 3|1
DFUSDT|1010101011|False|0,25 - 0,5|0,25 - 0,5|0,5 - 1|0,5 - 1|0,5 - 1|0,5 - 1|0,5 - 1|0,25 - 0,5|2 - 3|2 - 3|1
DFUSDT|0101010101|False|2 - 3|0,25 - 0,5|0,25 - 0,5|0,5 - 1|0,5 - 1|1 - 2|0,5 - 1|0,5 - 1|0,25 - 0,5|2 - 3|1
DFUSDT|0010101010|False|0,5 - 1|2 - 3|0,25 - 0,5|0,25 - 0,5|0,5 - 1|-0,5 - -1|1 - 2|0,5 - 1|0,5 - 1|0,25 - 0,5|1
DFUSDT|0001010101|True|0,5 - 1|0,5 - 1|2 - 3|0,25 - 0,5|0,25 - 0,5|-1 - -2|-0,5 - -1|1 - 2|0,5 - 1|0,5 - 1|1
DFUSDT|1000101010|False|0,5 - 1|0,5 - 1|0,5 - 1|2 - 3|0,25 - 0,5|-1 - -2|-1 - -2|-0,5 - -1|1 - 2|0,5 - 1|1
DFUSDT|0100010101|False|0,5 - 1|0,5 - 1|0,5 - 1|0,5 - 1|2 - 3|-1 - -2|-1 - -2|-1 - -2|-0,5 - -1|1 - 2|1
DFUSDT|0010001010|False|0,5 - 1|0,5 - 1|0,5 - 1|0,5 - 1|0,5 - 1|-0,25 - -0,5|-1 - -2|-1 - -2|-1 - -2|-0,5 - -1|1
DFUSDT|0001000101|False|0,5 - 1|0,5 - 1|0,5 - 1|0,5 - 1|0,5 - 1|-0,5 - -1|-0,25 - -0,5|-1 - -2|-1 - -2|-1 - -2|1
DFUSDT|0000100010|True|1 - 2|0,5 - 1|0,5 - 1|0,5 - 1|0,5 - 1|0,25 - 0,5|-0,5 - -1|-0,25 - -0,5|-1 - -2|-1 - -2|1
DFUSDT|1000010001|True|1 - 2|1 - 2|0,5 - 1|0,5 - 1|0,5 - 1|0,0 - 0,25|0,25 - 0,5|-0,5 - -1|-0,25 - -0,5|-1 - -2|1
DFUSDT|1100001000|True|1 - 2|1 - 2|1 - 2|0,5 - 1|0,5 - 1|0,5 - 1|0,0 - 0,25|0,25 - 0,5|-0,5 - -1|-0,25 - -0,5|1
DFUSDT|1110000100|False|0,5 - 1|1 - 2|1 - 2|1 - 2|0,5 - 1|0,5 - 1|0,5 - 1|0,0 - 0,25|0,25 - 0,5|-0,5 - -1|1
DFUSDT|0111000010|False|0,25 - 0,5|0,5 - 1|1 - 2|1 - 2|1 - 2|1 - 2|0,5 - 1|0,5 - 1|0,0 - 0,25|0,25 - 0,5|1
DFUSDT|0011100001|True|0,25 - 0,5|0,25 - 0,5|0,5 - 1|1 - 2|1 - 2|1 - 2|1 - 2|0,5 - 1|0,5 - 1|0,0 - 0,25|1
DFUSDT|1001110000|False|0,0 - 0,25|0,25 - 0,5|0,25 - 0,5|0,5 - 1|1 - 2|0,5 - 1|1 - 2|1 - 2|0,5 - 1|0,5 - 1|1
DFUSDT|0100111000|False|0,0 - 0,25|0,0 - 0,25|0,25 - 0,5|0,25 - 0,5|0,5 - 1|0,0 - 0,25|0,5 - 1|1 - 2|1 - 2|0,5 - 1|1
DFUSDT|0010011100|True|1 - 2|0,0 - 0,25|0,0 - 0,25|0,25 - 0,5|0,25 - 0,5|0 - -0,25|0,0 - 0,25|0,5 - 1|1 - 2|1 - 2|1
DFUSDT|1001001110|True|0,5 - 1|1 - 2|0,0 - 0,25|0,0 - 0,25|0,25 - 0,5|0 - -0,25|0 - -0,25|0,0 - 0,25|0,5 - 1|1 - 2|1
DFUSDT|1100100111|True|1 - 2|0,5 - 1|1 - 2|0,0 - 0,25|0,0 - 0,25|1 - 2|0 - -0,25|0 - -0,25|0,0 - 0,25|0,5 - 1|1
DFUSDT|1110010011|False|1 - 2|1 - 2|0,5 - 1|1 - 2|0,0 - 0,25|2 - 3|1 - 2|0 - -0,25|0 - -0,25|0,0 - 0,25|1
DFUSDT|0111001001|True|0,5 - 1|1 - 2|1 - 2|0,5 - 1|1 - 2|2 - 3|2 - 3|1 - 2|0 - -0,25|0 - -0,25|1
DFUSDT|1011100100|True|1 - 2|0,5 - 1|1 - 2|1 - 2|0,5 - 1|4 - 5|2 - 3|2 - 3|1 - 2|0 - -0,25|1
DFUSDT|1101110010|False|1 - 2|1 - 2|0,5 - 1|1 - 2|1 - 2|5 - 7|4 - 5|2 - 3|2 - 3|1 - 2|1
DFUSDT|0110111001|False|1 - 2|1 - 2|1 - 2|0,5 - 1|1 - 2|4 - 5|5 - 7|4 - 5|2 - 3|2 - 3|1
DFUSDT|0011011100|True|2 - 3|1 - 2|1 - 2|1 - 2|0,5 - 1|1 - 2|4 - 5|5 - 7|4 - 5|2 - 3|1
DFUSDT|1001101110|True|0,5 - 1|2 - 3|1 - 2|1 - 2|1 - 2|0 - -0,25|1 - 2|4 - 5|5 - 7|4 - 5|1
DFUSDT|1100110111|False|0,25 - 0,5|0,5 - 1|2 - 3|1 - 2|1 - 2|0 - -0,25|0 - -0,25|1 - 2|4 - 5|5 - 7|1
DFUSDT|0110011011|True|0,5 - 1|0,25 - 0,5|0,5 - 1|2 - 3|1 - 2|-0,5 - -1|0 - -0,25|0 - -0,25|1 - 2|4 - 5|1
DFUSDT|1011001101|False|0,0 - 0,25|0,5 - 1|0,25 - 0,5|0,5 - 1|2 - 3|-1 - -2|-0,5 - -1|0 - -0,25|0 - -0,25|1 - 2|1
DFUSDT|0101100110|False|1 - 2|0,0 - 0,25|0,5 - 1|0,25 - 0,5|0,5 - 1|0,25 - 0,5|-1 - -2|-0,5 - -1|0 - -0,25|0 - -0,25|1
DFUSDT|0010110011|False|0,25 - 0,5|1 - 2|0,0 - 0,25|0,5 - 1|0,25 - 0,5|0 - -0,25|0,25 - 0,5|-1 - -2|-0,5 - -1|0 - -0,25|1
DFUSDT|0001011001|True|0,0 - 0,25|0,25 - 0,5|1 - 2|0,0 - 0,25|0,5 - 1|-0,5 - -1|0 - -0,25|0,25 - 0,5|-1 - -2|-0,5 - -1|1
DFUSDT|1000101100|False|0,0 - 0,25|0,0 - 0,25|0,25 - 0,5|1 - 2|0,0 - 0,25|-0,5 - -1|-0,5 - -1|0 - -0,25|0,25 - 0,5|-1 - -2|1
DFUSDT|0100010110|False|0,5 - 1|0,0 - 0,25|0,0 - 0,25|0,25 - 0,5|1 - 2|-0,5 - -1|-0,5 - -1|-0,5 - -1|0 - -0,25|0,25 - 0,5|1
DFUSDT|0010001011|True|1 - 2|0,5 - 1|0,0 - 0,25|0,0 - 0,25|0,25 - 0,5|0,5 - 1|-0,5 - -1|-0,5 - -1|-0,5 - -1|0 - -0,25|1
DFUSDT|1001000101|False|0,5 - 1|1 - 2|0,5 - 1|0,0 - 0,25|0,0 - 0,25|0 - -0,25|0,5 - 1|-0,5 - -1|-0,5 - -1|-0,5 - -1|1
DFUSDT|0100100010|True|0,25 - 0,5|0,5 - 1|1 - 2|0,5 - 1|0,0 - 0,25|0,0 - 0,25|0 - -0,25|0,5 - 1|-0,5 - -1|-0,5 - -1|1
DFUSDT|1010010001|True|0,25 - 0,5|0,25 - 0,5|0,5 - 1|1 - 2|0,5 - 1|0,0 - 0,25|0,0 - 0,25|0 - -0,25|0,5 - 1|-0,5 - -1|1
DFUSDT|1101001000|True|1 - 2|0,25 - 0,5|0,25 - 0,5|0,5 - 1|1 - 2|1 - 2|0,0 - 0,25|0,0 - 0,25|0 - -0,25|0,5 - 1|1
DFUSDT|1110100100|False|1 - 2|1 - 2|0,25 - 0,5|0,25 - 0,5|0,5 - 1|3 - 4|1 - 2|0,0 - 0,25|0,0 - 0,25|0 - -0,25|1
DFUSDT|0111010010|False|0,5 - 1|1 - 2|1 - 2|0,25 - 0,5|0,25 - 0,5|3 - 4|3 - 4|1 - 2|0,0 - 0,25|0,0 - 0,25|1
DFUSDT|0011101001|False|0,5 - 1|0,5 - 1|1 - 2|1 - 2|0,25 - 0,5|2 - 3|3 - 4|3 - 4|1 - 2|0,0 - 0,25|1
DFUSDT|0001110100|False|0,0 - 0,25|0,5 - 1|0,5 - 1|1 - 2|1 - 2|1 - 2|2 - 3|3 - 4|3 - 4|1 - 2|1
DFUSDT|0000111010|False|0,25 - 0,5|0,0 - 0,25|0,5 - 1|0,5 - 1|1 - 2|1 - 2|1 - 2|2 - 3|3 - 4|3 - 4|1
DFUSDT|0000011101|True|0,0 - 0,25|0,25 - 0,5|0,0 - 0,25|0,5 - 1|0,5 - 1|0,25 - 0,5|1 - 2|1 - 2|2 - 3|3 - 4|1
DFUSDT|1000001110|False|0,25 - 0,5|0,0 - 0,25|0,25 - 0,5|0,0 - 0,25|0,5 - 1|0 - -0,25|0,25 - 0,5|1 - 2|1 - 2|2 - 3|1
DFUSDT|0100000111|False|1 - 2|0,25 - 0,5|0,0 - 0,25|0,25 - 0,5|0,0 - 0,25|0,25 - 0,5|0 - -0,25|0,25 - 0,5|1 - 2|1 - 2|1
DFUSDT|0010000011|False|0,25 - 0,5|1 - 2|0,25 - 0,5|0,0 - 0,25|0,25 - 0,5|-0,5 - -1|0,25 - 0,5|0 - -0,25|0,25 - 0,5|1 - 2|1
DFUSDT|0001000001|False|0,0 - 0,25|0,25 - 0,5|1 - 2|0,25 - 0,5|0,0 - 0,25|-0,5 - -1|-0,5 - -1|0,25 - 0,5|0 - -0,25|0,25 - 0,5|1
DFUSDT|0000100000|False|3 - 4|0,0 - 0,25|0,25 - 0,5|1 - 2|0,25 - 0,5|-1 - -2|-0,5 - -1|-0,5 - -1|0,25 - 0,5|0 - -0,25|1
DFUSDT|0000010000|False|1 - 2|3 - 4|0,0 - 0,25|0,25 - 0,5|1 - 2|-2 - -3|-1 - -2|-0,5 - -1|-0,5 - -1|0,25 - 0,5|1
DFUSDT|0000001000|False|0,5 - 1|1 - 2|3 - 4|0,0 - 0,25|0,25 - 0,5|-1 - -2|-2 - -3|-1 - -2|-0,5 - -1|-0,5 - -1|1
DFUSDT|0000000100|True|0,25 - 0,5|0,5 - 1|1 - 2|3 - 4|0,0 - 0,25|-2 - -3|-1 - -2|-2 - -3|-1 - -2|-0,5 - -1|1
DFUSDT|1000000010|False|0,5 - 1|0,25 - 0,5|0,5 - 1|1 - 2|3 - 4|-1 - -2|-2 - -3|-1 - -2|-2 - -3|-1 - -2|1
DFUSDT|0100000001|False|0,5 - 1|0,5 - 1|0,25 - 0,5|0,5 - 1|1 - 2|1 - 2|-1 - -2|-2 - -3|-1 - -2|-2 - -3|1
DFUSDT|0010000000|False|0,5 - 1|0,5 - 1|0,5 - 1|0,25 - 0,5|0,5 - 1|1 - 2|1 - 2|-1 - -2|-2 - -3|-1 - -2|1
DFUSDT|0001000000|False|0,0 - 0,25|0,5 - 1|0,5 - 1|0,5 - 1|0,25 - 0,5|0,25 - 0,5|1 - 2|1 - 2|-1 - -2|-2 - -3|1
DFUSDT|0000100000|True|0,0 - 0,25|0,0 - 0,25|0,5 - 1|0,5 - 1|0,5 - 1|0,5 - 1|0,25 - 0,5|1 - 2|1 - 2|-1 - -2|1
DFUSDT|1000010000|False|0,5 - 1|0,0 - 0,25|0,0 - 0,25|0,5 - 1|0,5 - 1|0,5 - 1|0,5 - 1|0,25 - 0,5|1 - 2|1 - 2|1
DFUSDT|0100001000|False|0,5 - 1|0,5 - 1|0,0 - 0,25|0,0 - 0,25|0,5 - 1|1 - 2|0,5 - 1|0,5 - 1|0,25 - 0,5|1 - 2|1
DFUSDT|0010000100|False|0,25 - 0,5|0,5 - 1|0,5 - 1|0,0 - 0,25|0,0 - 0,25|0,25 - 0,5|1 - 2|0,5 - 1|0,5 - 1|0,25 - 0,5|1
DFUSDT|0001000010|True|0,0 - 0,25|0,25 - 0,5|0,5 - 1|0,5 - 1|0,0 - 0,25|0 - -0,25|0,25 - 0,5|1 - 2|0,5 - 1|0,5 - 1|1
DFUSDT|1000100001|False|0,5 - 1|0,0 - 0,25|0,25 - 0,5|0,5 - 1|0,5 - 1|0 - -0,25|0 - -0,25|0,25 - 0,5|1 - 2|0,5 - 1|1
DFUSDT|0100010000|True|1 - 2|0,5 - 1|0,0 - 0,25|0,25 - 0,5|0,5 - 1|0 - -0,25|0 - -0,25|0 - -0,25|0,25 - 0,5|1 - 2|1
DFUSDT|1010001000|True|1 - 2|1 - 2|0,5 - 1|0,0 - 0,25|0,25 - 0,5|0,5 - 1|0 - -0,25|0 - -0,25|0 - -0,25|0,25 - 0,5|1
DFUSDT|1101000100|False|3 - 4|1 - 2|1 - 2|0,5 - 1|0,0 - 0,25|5 - 7|0,5 - 1|0 - -0,25|0 - -0,25|0 - -0,25|1
DFUSDT|0110100010|True|1 - 2|3 - 4|1 - 2|1 - 2|0,5 - 1|1 - 2|5 - 7|0,5 - 1|0 - -0,25|0 - -0,25|1
DFUSDT|1011010001|True|5 - 7|1 - 2|3 - 4|1 - 2|1 - 2|5 - 7|1 - 2|5 - 7|0,5 - 1|0 - -0,25|1
DFUSDT|1101101000|False|1 - 2|5 - 7|1 - 2|3 - 4|1 - 2|3 - 4|5 - 7|1 - 2|5 - 7|0,5 - 1|1
DFUSDT|0110110100|True|2 - 3|1 - 2|5 - 7|1 - 2|3 - 4|5 - 7|3 - 4|5 - 7|1 - 2|5 - 7|1
DFUSDT|1011011010|False|0,5 - 1|2 - 3|1 - 2|5 - 7|1 - 2|1 - 2|5 - 7|3 - 4|5 - 7|1 - 2|1
DFUSDT|0101101101|False|0,25 - 0,5|0,5 - 1|2 - 3|1 - 2|5 - 7|2 - 3|1 - 2|5 - 7|3 - 4|5 - 7|1
DFUSDT|0010110110|False|1 - 2|0,25 - 0,5|0,5 - 1|2 - 3|1 - 2|2 - 3|2 - 3|1 - 2|5 - 7|3 - 4|1
DFUSDT|0001011011|True|0,5 - 1|1 - 2|0,25 - 0,5|0,5 - 1|2 - 3|0,25 - 0,5|2 - 3|2 - 3|1 - 2|5 - 7|1
DFUSDT|1000101101|False|1 - 2|0,5 - 1|1 - 2|0,25 - 0,5|0,5 - 1|0,25 - 0,5|0,25 - 0,5|2 - 3|2 - 3|1 - 2|1
DFUSDT|0100010110|True|0,5 - 1|1 - 2|0,5 - 1|1 - 2|0,25 - 0,5|-0,25 - -0,5|0,25 - 0,5|0,25 - 0,5|2 - 3|2 - 3|1
DFUSDT|1010001011|False|0,5 - 1|0,5 - 1|1 - 2|0,5 - 1|1 - 2|-0,5 - -1|-0,25 - -0,5|0,25 - 0,5|0,25 - 0,5|2 - 3|1
DFUSDT|0101000101|True|0,5 - 1|0,5 - 1|0,5 - 1|1 - 2|0,5 - 1|0,0 - 0,25|-0,5 - -1|-0,25 - -0,5|0,25 - 0,5|0,25 - 0,5|1
DFUSDT|1010100010|True|0,5 - 1|0,5 - 1|0,5 - 1|0,5 - 1|1 - 2|0,5 - 1|0,0 - 0,25|-0,5 - -1|-0,25 - -0,5|0,25 - 0,5|1
DFUSDT|1101010001|True|0,0 - 0,25|0,5 - 1|0,5 - 1|0,5 - 1|0,5 - 1|0,5 - 1|0,5 - 1|0,0 - 0,25|-0,5 - -1|-0,25 - -0,5|1
DFUSDT|1110101000|False|0,25 - 0,5|0,0 - 0,25|0,5 - 1|0,5 - 1|0,5 - 1|0,5 - 1|0,5 - 1|0,5 - 1|0,0 - 0,25|-0,5 - -1|1
DFUSDT|0111010100|True|0,0 - 0,25|0,25 - 0,5|0,0 - 0,25|0,5 - 1|0,5 - 1|0,5 - 1|0,5 - 1|0,5 - 1|0,5 - 1|0,0 - 0,25|1
DFUSDT|1011101010|False|0,25 - 0,5|0,0 - 0,25|0,25 - 0,5|0,0 - 0,25|0,5 - 1|1 - 2|0,5 - 1|0,5 - 1|0,5 - 1|0,5 - 1|1
DFUSDT|0101110101|False|0,5 - 1|0,25 - 0,5|0,0 - 0,25|0,25 - 0,5|0,0 - 0,25|1 - 2|1 - 2|0,5 - 1|0,5 - 1|0,5 - 1|1
DFUSDT|0010111010|False|0,5 - 1|0,5 - 1|0,25 - 0,5|0,0 - 0,25|0,25 - 0,5|0,0 - 0,25|1 - 2|1 - 2|0,5 - 1|0,5 - 1|1
DFUSDT|0001011101|False|0,25 - 0,5|0,5 - 1|0,5 - 1|0,25 - 0,5|0,0 - 0,25|-0,25 - -0,5|0,0 - 0,25|1 - 2|1 - 2|0,5 - 1|1
DFUSDT|0000101110|False|0,25 - 0,5|0,25 - 0,5|0,5 - 1|0,5 - 1|0,25 - 0,5|-0,5 - -1|-0,25 - -0,5|0,0 - 0,25|1 - 2|1 - 2|1
DFUSDT|0000010111|True|1 - 2|0,25 - 0,5|0,25 - 0,5|0,5 - 1|0,5 - 1|0 - -0,25|-0,5 - -1|-0,25 - -0,5|0,0 - 0,25|1 - 2|1
DFUSDT|1000001011|False|0,5 - 1|1 - 2|0,25 - 0,5|0,25 - 0,5|0,5 - 1|0 - -0,25|0 - -0,25|-0,5 - -1|-0,25 - -0,5|0,0 - 0,25|1
DFUSDT|0100000101|True|0,5 - 1|0,5 - 1|1 - 2|0,25 - 0,5|0,25 - 0,5|-0,25 - -0,5|0 - -0,25|0 - -0,25|-0,5 - -1|-0,25 - -0,5|1
DFUSDT|1010000010|False|1 - 2|0,5 - 1|0,5 - 1|1 - 2|0,25 - 0,5|0,25 - 0,5|-0,25 - -0,5|0 - -0,25|0 - -0,25|-0,5 - -1|1
DFUSDT|0101000001|True|0,5 - 1|1 - 2|0,5 - 1|0,5 - 1|1 - 2|0,0 - 0,25|0,25 - 0,5|-0,25 - -0,5|0 - -0,25|0 - -0,25|1
DFUSDT|1010100000|True|0,25 - 0,5|0,5 - 1|1 - 2|0,5 - 1|0,5 - 1|0,5 - 1|0,0 - 0,25|0,25 - 0,5|-0,25 - -0,5|0 - -0,25|1
DFUSDT|1101010000|False|0,0 - 0,25|0,25 - 0,5|0,5 - 1|1 - 2|0,5 - 1|0,5 - 1|0,5 - 1|0,0 - 0,25|0,25 - 0,5|-0,25 - -0,5|1
DFUSDT|0110101000|True|0,0 - 0,25|0,0 - 0,25|0,25 - 0,5|0,5 - 1|1 - 2|0,5 - 1|0,5 - 1|0,5 - 1|0,0 - 0,25|0,25 - 0,5|1
DFUSDT|1011010100|False|0,25 - 0,5|0,0 - 0,25|0,0 - 0,25|0,25 - 0,5|0,5 - 1|1 - 2|0,5 - 1|0,5 - 1|0,5 - 1|0,0 - 0,25|1
DFUSDT|0101101010|False|0,5 - 1|0,25 - 0,5|0,0 - 0,25|0,0 - 0,25|0,25 - 0,5|0,5 - 1|1 - 2|0,5 - 1|0,5 - 1|0,5 - 1|1
DFUSDT|0010110101|True|0,5 - 1|0,5 - 1|0,25 - 0,5|0,0 - 0,25|0,0 - 0,25|0,25 - 0,5|0,5 - 1|1 - 2|0,5 - 1|0,5 - 1|1
DFUSDT|1001011010|True|0,25 - 0,5|0,5 - 1|0,5 - 1|0,25 - 0,5|0,0 - 0,25|0,0 - 0,25|0,25 - 0,5|0,5 - 1|1 - 2|0,5 - 1|1
DFUSDT|1100101101|False|1 - 2|0,25 - 0,5|0,5 - 1|0,5 - 1|0,25 - 0,5|1 - 2|0,0 - 0,25|0,25 - 0,5|0,5 - 1|1 - 2|1
DFUSDT|0110010110|False|0,5 - 1|1 - 2|0,25 - 0,5|0,5 - 1|0,5 - 1|1 - 2|1 - 2|0,0 - 0,25|0,25 - 0,5|0,5 - 1|1
DFUSDT|0011001011|False|0,0 - 0,25|0,5 - 1|1 - 2|0,25 - 0,5|0,5 - 1|1 - 2|1 - 2|1 - 2|0,0 - 0,25|0,25 - 0,5|1
DFUSDT|0001100101|False|0,0 - 0,25|0,0 - 0,25|0,5 - 1|1 - 2|0,25 - 0,5|1 - 2|1 - 2|1 - 2|1 - 2|0,0 - 0,25|1
DFUSDT|0000110010|False|0,25 - 0,5|0,0 - 0,25|0,0 - 0,25|0,5 - 1|1 - 2|1 - 2|1 - 2|1 - 2|1 - 2|1 - 2|1
DFUSDT|0000011001|True|0,5 - 1|0,25 - 0,5|0,0 - 0,25|0,0 - 0,25|0,5 - 1|1 - 2|1 - 2|1 - 2|1 - 2|1 - 2|1
DFUSDT|1000001100|False|0,5 - 1|0,5 - 1|0,25 - 0,5|0,0 - 0,25|0,0 - 0,25|0,25 - 0,5|1 - 2|1 - 2|1 - 2|1 - 2|1
DFUSDT|0100000110|True|0,25 - 0,5|0,5 - 1|0,5 - 1|0,25 - 0,5|0,0 - 0,25|0,0 - 0,25|0,25 - 0,5|1 - 2|1 - 2|1 - 2|1
DFUSDT|1010000011|False|0,25 - 0,5|0,25 - 0,5|0,5 - 1|0,5 - 1|0,25 - 0,5|0 - -0,25|0,0 - 0,25|0,25 - 0,5|1 - 2|1 - 2|1
DFUSDT|0101000001|False|0,25 - 0,5|0,25 - 0,5|0,25 - 0,5|0,5 - 1|0,5 - 1|0,5 - 1|0 - -0,25|0,0 - 0,25|0,25 - 0,5|1 - 2|1
DFUSDT|0010100000|False|0,25 - 0,5|0,25 - 0,5|0,25 - 0,5|0,25 - 0,5|0,5 - 1|0,5 - 1|0,5 - 1|0 - -0,25|0,0 - 0,25|0,25 - 0,5|1
DFUSDT|0001010000|True|0,25 - 0,5|0,25 - 0,5|0,25 - 0,5|0,25 - 0,5|0,25 - 0,5|0,0 - 0,25|0,5 - 1|0,5 - 1|0 - -0,25|0,0 - 0,25|1
DFUSDT|1000101000|False|0,5 - 1|0,25 - 0,5|0,25 - 0,5|0,25 - 0,5|0,25 - 0,5|0,25 - 0,5|0,0 - 0,25|0,5 - 1|0,5 - 1|0 - -0,25|1
DFUSDT|0100010100|True|0,5 - 1|0,5 - 1|0,25 - 0,5|0,25 - 0,5|0,25 - 0,5|0,25 - 0,5|0,25 - 0,5|0,0 - 0,25|0,5 - 1|0,5 - 1|1
DFUSDT|1010001010|True|0,25 - 0,5|0,5 - 1|0,5 - 1|0,25 - 0,5|0,25 - 0,5|0,0 - 0,25|0,25 - 0,5|0,25 - 0,5|0,0 - 0,25|0,5 - 1|1
DFUSDT|1101000101|True|0,5 - 1|0,25 - 0,5|0,5 - 1|0,5 - 1|0,25 - 0,5|1 - 2|0,0 - 0,25|0,25 - 0,5|0,25 - 0,5|0,0 - 0,25|1
DFUSDT|1110100010|True|0,5 - 1|0,5 - 1|0,25 - 0,5|0,5 - 1|0,5 - 1|1 - 2|1 - 2|0,0 - 0,25|0,25 - 0,5|0,25 - 0,5|1
DFUSDT|1111010001|True|1 - 2|0,5 - 1|0,5 - 1|0,25 - 0,5|0,5 - 1|2 - 3|1 - 2|1 - 2|0,0 - 0,25|0,25 - 0,5|1
DFUSDT|1111101000|True|1 - 2|1 - 2|0,5 - 1|0,5 - 1|0,25 - 0,5|3 - 4|2 - 3|1 - 2|1 - 2|0,0 - 0,25|1
DFUSDT|1111110100|True|1 - 2|1 - 2|1 - 2|0,5 - 1|0,5 - 1|3 - 4|3 - 4|2 - 3|1 - 2|1 - 2|1
DFUSDT|1111111010|True|1 - 2|1 - 2|1 - 2|1 - 2|0,5 - 1|4 - 5|3 - 4|3 - 4|2 - 3|1 - 2|1
DFUSDT|1111111101|False|1 - 2|1 - 2|1 - 2|1 - 2|1 - 2|5 - 7|4 - 5|3 - 4|3 - 4|2 - 3|1
DFUSDT|0111111110|True|1 - 2|1 - 2|1 - 2|1 - 2|1 - 2|3 - 4|5 - 7|4 - 5|3 - 4|3 - 4|1
DFUSDT|1011111111|False|1 - 2|1 - 2|1 - 2|1 - 2|1 - 2|2 - 3|3 - 4|5 - 7|4 - 5|3 - 4|1
DFUSDT|0101111111|False|1 - 2|1 - 2|1 - 2|1 - 2|1 - 2|2 - 3|2 - 3|3 - 4|5 - 7|4 - 5|1
DFUSDT|0010111111|False|0,5 - 1|1 - 2|1 - 2|1 - 2|1 - 2|1 - 2|2 - 3|2 - 3|3 - 4|5 - 7|1
DFUSDT|0001011111|False|1 - 2|0,5 - 1|1 - 2|1 - 2|1 - 2|0,5 - 1|1 - 2|2 - 3|2 - 3|3 - 4|1
DFUSDT|0000101111|True|1 - 2|1 - 2|0,5 - 1|1 - 2|1 - 2|0 - -0,25|0,5 - 1|1 - 2|2 - 3|2 - 3|1
DFUSDT|1000010111|False|1 - 2|1 - 2|1 - 2|0,5 - 1|1 - 2|0 - -0,25|0 - -0,25|0,5 - 1|1 - 2|2 - 3|1
DFUSDT|0100001011|False|0,5 - 1|1 - 2|1 - 2|1 - 2|0,5 - 1|-0,5 - -1|0 - -0,25|0 - -0,25|0,5 - 1|1 - 2|1
DFUSDT|0010000101|False|0,5 - 1|0,5 - 1|1 - 2|1 - 2|1 - 2|-1 - -2|-0,5 - -1|0 - -0,25|0 - -0,25|0,5 - 1|1
DFUSDT|0001000010|True|0,5 - 1|0,5 - 1|0,5 - 1|1 - 2|1 - 2|-1 - -2|-1 - -2|-0,5 - -1|0 - -0,25|0 - -0,25|1
DFUSDT|1000100001|False|1 - 2|0,5 - 1|0,5 - 1|0,5 - 1|1 - 2|0,5 - 1|-1 - -2|-1 - -2|-0,5 - -1|0 - -0,25|1
DFUSDT|0100010000|True|0,25 - 0,5|1 - 2|0,5 - 1|0,5 - 1|0,5 - 1|0,25 - 0,5|0,5 - 1|-1 - -2|-1 - -2|-0,5 - -1|1
DFUSDT|1010001000|True|0,5 - 1|0,25 - 0,5|1 - 2|0,5 - 1|0,5 - 1|0,5 - 1|0,25 - 0,5|0,5 - 1|-1 - -2|-1 - -2|1
DFUSDT|1101000100|False|0,25 - 0,5|0,5 - 1|0,25 - 0,5|1 - 2|0,5 - 1|0,5 - 1|0,5 - 1|0,25 - 0,5|0,5 - 1|-1 - -2|1
DFUSDT|0110100010|True|0,5 - 1|0,25 - 0,5|0,5 - 1|0,25 - 0,5|1 - 2|0,5 - 1|0,5 - 1|0,5 - 1|0,25 - 0,5|0,5 - 1|1
DFUSDT|1011010001|True|0,5 - 1|0,5 - 1|0,25 - 0,5|0,5 - 1|0,25 - 0,5|0,5 - 1|0,5 - 1|0,5 - 1|0,5 - 1|0,25 - 0,5|1
DFUSDT|1101101000|True|0,25 - 0,5|0,5 - 1|0,5 - 1|0,25 - 0,5|0,5 - 1|0,25 - 0,5|0,5 - 1|0,5 - 1|0,5 - 1|0,5 - 1|1
DFUSDT|1110110100|True|1 - 2|0,25 - 0,5|0,5 - 1|0,5 - 1|0,25 - 0,5|1 - 2|0,25 - 0,5|0,5 - 1|0,5 - 1|0,5 - 1|1
DFUSDT|1111011010|False|0,5 - 1|1 - 2|0,25 - 0,5|0,5 - 1|0,5 - 1|1 - 2|1 - 2|0,25 - 0,5|0,5 - 1|0,5 - 1|1
DFUSDT|0111101101|False|1 - 2|0,5 - 1|1 - 2|0,25 - 0,5|0,5 - 1|1 - 2|1 - 2|1 - 2|0,25 - 0,5|0,5 - 1|1
DFUSDT|0011110110|False|3 - 4|1 - 2|0,5 - 1|1 - 2|0,25 - 0,5|0,5 - 1|1 - 2|1 - 2|1 - 2|0,25 - 0,5|1
DFUSDT|0001111011|True|0,5 - 1|3 - 4|1 - 2|0,5 - 1|1 - 2|-0,5 - -1|0,5 - 1|1 - 2|1 - 2|1 - 2|1
DFUSDT|1000111101|False|0,25 - 0,5|0,5 - 1|3 - 4|1 - 2|0,5 - 1|-1 - -2|-0,5 - -1|0,5 - 1|1 - 2|1 - 2|1
DFUSDT|0100011110|False|0,25 - 0,5|0,25 - 0,5|0,5 - 1|3 - 4|1 - 2|-2 - -3|-1 - -2|-0,5 - -1|0,5 - 1|1 - 2|1
DFUSDT|0010001111|True|1 - 2|0,25 - 0,5|0,25 - 0,5|0,5 - 1|3 - 4|-2 - -3|-2 - -3|-1 - -2|-0,5 - -1|0,5 - 1|1
DFUSDT|1001000111|False|0,25 - 0,5|1 - 2|0,25 - 0,5|0,25 - 0,5|0,5 - 1|0 - -0,25|-2 - -3|-2 - -3|-1 - -2|-0,5 - -1|1
DFUSDT|0100100011|False|0,5 - 1|0,25 - 0,5|1 - 2|0,25 - 0,5|0,25 - 0,5|-0,5 - -1|0 - -0,25|-2 - -3|-2 - -3|-1 - -2|1
DFUSDT|0010010001|True|1 - 2|0,5 - 1|0,25 - 0,5|1 - 2|0,25 - 0,5|-0,5 - -1|-0,5 - -1|0 - -0,25|-2 - -3|-2 - -3|1
DFUSDT|1001001000|False|0,5 - 1|1 - 2|0,5 - 1|0,25 - 0,5|1 - 2|-0,5 - -1|-0,5 - -1|-0,5 - -1|0 - -0,25|-2 - -3|1
DFUSDT|0100100100|True|0,25 - 0,5|0,5 - 1|1 - 2|0,5 - 1|0,25 - 0,5|0,5 - 1|-0,5 - -1|-0,5 - -1|-0,5 - -1|0 - -0,25|1
DFUSDT|1010010010|False|1 - 2|0,25 - 0,5|0,5 - 1|1 - 2|0,5 - 1|1 - 2|0,5 - 1|-0,5 - -1|-0,5 - -1|-0,5 - -1|1
DFUSDT|0101001001|False|0,5 - 1|1 - 2|0,25 - 0,5|0,5 - 1|1 - 2|1 - 2|1 - 2|0,5 - 1|-0,5 - -1|-0,5 - -1|1
DFUSDT|0010100100|False|0,25 - 0,5|0,5 - 1|1 - 2|0,25 - 0,5|0,5 - 1|1 - 2|1 - 2|1 - 2|0,5 - 1|-0,5 - -1|1
DFUSDT|0001010010|False|0,25 - 0,5|0,25 - 0,5|0,5 - 1|1 - 2|0,25 - 0,5|0,5 - 1|1 - 2|1 - 2|1 - 2|0,5 - 1|1
DFUSDT|0000101001|True|0,5 - 1|0,25 - 0,5|0,25 - 0,5|0,5 - 1|1 - 2|0,0 - 0,25|0,5 - 1|1 - 2|1 - 2|1 - 2|1
DFUSDT|1000010100|False|0,25 - 0,5|0,5 - 1|0,25 - 0,5|0,25 - 0,5|0,5 - 1|0 - -0,25|0,0 - 0,25|0,5 - 1|1 - 2|1 - 2|1
DFUSDT|0100001010|False|0,25 - 0,5|0,25 - 0,5|0,5 - 1|0,25 - 0,5|0,25 - 0,5|-0,5 - -1|0 - -0,25|0,0 - 0,25|0,5 - 1|1 - 2|1
DFUSDT|0010000101|True|0,5 - 1|0,25 - 0,5|0,25 - 0,5|0,5 - 1|0,25 - 0,5|-0,25 - -0,5|-0,5 - -1|0 - -0,25|0,0 - 0,25|0,5 - 1|1
DFUSDT|1001000010|True|0,0 - 0,25|0,5 - 1|0,25 - 0,5|0,25 - 0,5|0,5 - 1|-0,5 - -1|-0,25 - -0,5|-0,5 - -1|0 - -0,25|0,0 - 0,25|1
DFUSDT|1100100001|False|1 - 2|0,0 - 0,25|0,5 - 1|0,25 - 0,5|0,25 - 0,5|1 - 2|-0,5 - -1|-0,25 - -0,5|-0,5 - -1|0 - -0,25|1
DFUSDT|0110010000|False|0,5 - 1|1 - 2|0,0 - 0,25|0,5 - 1|0,25 - 0,5|1 - 2|1 - 2|-0,5 - -1|-0,25 - -0,5|-0,5 - -1|1
DFUSDT|0011001000|False|0,0 - 0,25|0,5 - 1|1 - 2|0,0 - 0,25|0,5 - 1|1 - 2|1 - 2|1 - 2|-0,5 - -1|-0,25 - -0,5|1
DFUSDT|0001100100|True|0,5 - 1|0,0 - 0,25|0,5 - 1|1 - 2|0,0 - 0,25|1 - 2|1 - 2|1 - 2|1 - 2|-0,5 - -1|1
DFUSDT|1000110010|True|0,25 - 0,5|0,5 - 1|0,0 - 0,25|0,5 - 1|1 - 2|0,5 - 1|1 - 2|1 - 2|1 - 2|1 - 2|1
DFUSDT|1100011001|True|0,5 - 1|0,25 - 0,5|0,5 - 1|0,0 - 0,25|0,5 - 1|1 - 2|0,5 - 1|1 - 2|1 - 2|1 - 2|1
DFUSDT|1110001100|False|0,5 - 1|0,5 - 1|0,25 - 0,5|0,5 - 1|0,0 - 0,25|1 - 2|1 - 2|0,5 - 1|1 - 2|1 - 2|1
DFUSDT|0111000110|True|0,5 - 1|0,5 - 1|0,5 - 1|0,25 - 0,5|0,5 - 1|0,25 - 0,5|1 - 2|1 - 2|0,5 - 1|1 - 2|1
DFUSDT|1011100011|True|0,5 - 1|0,5 - 1|0,5 - 1|0,5 - 1|0,25 - 0,5|1 - 2|0,25 - 0,5|1 - 2|1 - 2|0,5 - 1|1
DFUSDT|1101110001|False|0,5 - 1|0,5 - 1|0,5 - 1|0,5 - 1|0,5 - 1|1 - 2|1 - 2|0,25 - 0,5|1 - 2|1 - 2|1
DFUSDT|0110111000|True|0,5 - 1|0,5 - 1|0,5 - 1|0,5 - 1|0,5 - 1|1 - 2|1 - 2|1 - 2|0,25 - 0,5|1 - 2|1
DFUSDT|1011011100|True|0,25 - 0,5|0,5 - 1|0,5 - 1|0,5 - 1|0,5 - 1|0,0 - 0,25|1 - 2|1 - 2|1 - 2|0,25 - 0,5|1
DFUSDT|1101101110|True|0,0 - 0,25|0,25 - 0,5|0,5 - 1|0,5 - 1|0,5 - 1|0,25 - 0,5|0,0 - 0,25|1 - 2|1 - 2|1 - 2|1
DFUSDT|1110110111|True|0,5 - 1|0,0 - 0,25|0,25 - 0,5|0,5 - 1|0,5 - 1|1 - 2|0,25 - 0,5|0,0 - 0,25|1 - 2|1 - 2|1
DFUSDT|1111011011|True|0,25 - 0,5|0,5 - 1|0,0 - 0,25|0,25 - 0,5|0,5 - 1|1 - 2|1 - 2|0,25 - 0,5|0,0 - 0,25|1 - 2|1
DFUSDT|1111101101|True|0,5 - 1|0,25 - 0,5|0,5 - 1|0,0 - 0,25|0,25 - 0,5|2 - 3|1 - 2|1 - 2|0,25 - 0,5|0,0 - 0,25|1
DFUSDT|1111110110|False|0,25 - 0,5|0,5 - 1|0,25 - 0,5|0,5 - 1|0,0 - 0,25|2 - 3|2 - 3|1 - 2|1 - 2|0,25 - 0,5|1
DFUSDT|0111111011|False|1 - 2|0,25 - 0,5|0,5 - 1|0,25 - 0,5|0,5 - 1|2 - 3|2 - 3|2 - 3|1 - 2|1 - 2|1
DFUSDT|0011111101|True|1 - 2|1 - 2|0,25 - 0,5|0,5 - 1|0,25 - 0,5|1 - 2|2 - 3|2 - 3|2 - 3|1 - 2|1
DFUSDT|1001111110|True|1 - 2|1 - 2|1 - 2|0,25 - 0,5|0,5 - 1|0,0 - 0,25|1 - 2|2 - 3|2 - 3|2 - 3|1
DFUSDT|1100111111|True|0,25 - 0,5|1 - 2|1 - 2|1 - 2|0,25 - 0,5|0 - -0,25|0,0 - 0,25|1 - 2|2 - 3|2 - 3|1
DFUSDT|1110011111|False|0,25 - 0,5|0,25 - 0,5|1 - 2|1 - 2|1 - 2|-0,5 - -1|0 - -0,25|0,0 - 0,25|1 - 2|2 - 3|1
DFUSDT|0111001111|True|0,25 - 0,5|0,25 - 0,5|0,25 - 0,5|1 - 2|1 - 2|0,0 - 0,25|-0,5 - -1|0 - -0,25|0,0 - 0,25|1 - 2|1
DFUSDT|1011100111|True|1 - 2|0,25 - 0,5|0,25 - 0,5|0,25 - 0,5|1 - 2|1 - 2|0,0 - 0,25|-0,5 - -1|0 - -0,25|0,0 - 0,25|1
DFUSDT|1101110011|True|0,25 - 0,5|1 - 2|0,25 - 0,5|0,25 - 0,5|0,25 - 0,5|1 - 2|1 - 2|0,0 - 0,25|-0,5 - -1|0 - -0,25|1
DFUSDT|1110111001|False|1 - 2|0,25 - 0,5|1 - 2|0,25 - 0,5|0,25 - 0,5|1 - 2|1 - 2|1 - 2|0,0 - 0,25|-0,5 - -1|1
DFUSDT|0111011100|False|0,5 - 1|1 - 2|0,25 - 0,5|1 - 2|0,25 - 0,5|1 - 2|1 - 2|1 - 2|1 - 2|0,0 - 0,25|1
DFUSDT|0011101110|False|0,5 - 1|0,5 - 1|1 - 2|0,25 - 0,5|1 - 2|1 - 2|1 - 2|1 - 2|1 - 2|1 - 2|1
DFUSDT|0001110111|True|0,5 - 1|0,5 - 1|0,5 - 1|1 - 2|0,25 - 0,5|0,5 - 1|1 - 2|1 - 2|1 - 2|1 - 2|1
DFUSDT|1000111011|True|0,5 - 1|0,5 - 1|0,5 - 1|0,5 - 1|1 - 2|0 - -0,25|0,5 - 1|1 - 2|1 - 2|1 - 2|1
DFUSDT|1100011101|False|1 - 2|0,5 - 1|0,5 - 1|0,5 - 1|0,5 - 1|1 - 2|0 - -0,25|0,5 - 1|1 - 2|1 - 2|1
DFUSDT|0110001110|True|1 - 2|1 - 2|0,5 - 1|0,5 - 1|0,5 - 1|1 - 2|1 - 2|0 - -0,25|0,5 - 1|1 - 2|1
DFUSDT|1011000111|True|0,5 - 1|1 - 2|1 - 2|0,5 - 1|0,5 - 1|1 - 2|1 - 2|1 - 2|0 - -0,25|0,5 - 1|1
DFUSDT|1101100011|True|0,25 - 0,5|0,5 - 1|1 - 2|1 - 2|0,5 - 1|2 - 3|1 - 2|1 - 2|1 - 2|0 - -0,25|1
DFUSDT|1110110001|True|0,5 - 1|0,25 - 0,5|0,5 - 1|1 - 2|1 - 2|3 - 4|2 - 3|1 - 2|1 - 2|1 - 2|1
DFUSDT|1111011000|True|1 - 2|0,5 - 1|0,25 - 0,5|0,5 - 1|1 - 2|4 - 5|3 - 4|2 - 3|1 - 2|1 - 2|1
DFUSDT|1111101100|True|1 - 2|1 - 2|0,5 - 1|0,25 - 0,5|0,5 - 1|4 - 5|4 - 5|3 - 4|2 - 3|1 - 2|1
DFUSDT|1111110110|False|0,25 - 0,5|1 - 2|1 - 2|0,5 - 1|0,25 - 0,5|3 - 4|4 - 5|4 - 5|3 - 4|2 - 3|1
DFUSDT|0111111011|False|2 - 3|0,25 - 0,5|1 - 2|1 - 2|0,5 - 1|3 - 4|3 - 4|4 - 5|4 - 5|3 - 4|1
DFUSDT|0011111101|False|0,5 - 1|2 - 3|0,25 - 0,5|1 - 2|1 - 2|1 - 2|3 - 4|3 - 4|4 - 5|4 - 5|1
DFUSDT|0001111110|False|1 - 2|0,5 - 1|2 - 3|0,25 - 0,5|1 - 2|0,5 - 1|1 - 2|3 - 4|3 - 4|4 - 5|1
DFUSDT|0000111111|True|1 - 2|1 - 2|0,5 - 1|2 - 3|0,25 - 0,5|-0,5 - -1|0,5 - 1|1 - 2|3 - 4|3 - 4|1
DFUSDT|1000011111|True|0,5 - 1|1 - 2|1 - 2|0,5 - 1|2 - 3|-2 - -3|-0,5 - -1|0,5 - 1|1 - 2|3 - 4|1
DFUSDT|1100001111|False|0,5 - 1|0,5 - 1|1 - 2|1 - 2|0,5 - 1|-0,25 - -0,5|-2 - -3|-0,5 - -1|0,5 - 1|1 - 2|1
DFUSDT|0110000111|True|1 - 2|0,5 - 1|0,5 - 1|1 - 2|1 - 2|-0,5 - -1|-0,25 - -0,5|-2 - -3|-0,5 - -1|0,5 - 1|1
DFUSDT|1011000011|False|0,5 - 1|1 - 2|0,5 - 1|0,5 - 1|1 - 2|-0,25 - -0,5|-0,5 - -1|-0,25 - -0,5|-2 - -3|-0,5 - -1|1
DFUSDT|0101100001|False|0,25 - 0,5|0,5 - 1|1 - 2|0,5 - 1|0,5 - 1|0,0 - 0,25|-0,25 - -0,5|-0,5 - -1|-0,25 - -0,5|-2 - -3|1
DFUSDT|0010110000|False|0,5 - 1|0,25 - 0,5|0,5 - 1|1 - 2|0,5 - 1|0,25 - 0,5|0,0 - 0,25|-0,25 - -0,5|-0,5 - -1|-0,25 - -0,5|1
DFUSDT|0001011000|True|0,0 - 0,25|0,5 - 1|0,25 - 0,5|0,5 - 1|1 - 2|-0,5 - -1|0,25 - 0,5|0,0 - 0,25|-0,25 - -0,5|-0,5 - -1|1
DFUSDT|1000101100|False|0,5 - 1|0,0 - 0,25|0,5 - 1|0,25 - 0,5|0,5 - 1|0,5 - 1|-0,5 - -1|0,25 - 0,5|0,0 - 0,25|-0,25 - -0,5|1
DFUSDT|0100010110|True|1 - 2|0,5 - 1|0,0 - 0,25|0,5 - 1|0,25 - 0,5|1 - 2|0,5 - 1|-0,5 - -1|0,25 - 0,5|0,0 - 0,25|1
DFUSDT|1010001011|True|1 - 2|1 - 2|0,5 - 1|0,0 - 0,25|0,5 - 1|0,5 - 1|1 - 2|0,5 - 1|-0,5 - -1|0,25 - 0,5|1
DFUSDT|1101000101|True|0,5 - 1|1 - 2|1 - 2|0,5 - 1|0,0 - 0,25|0,5 - 1|0,5 - 1|1 - 2|0,5 - 1|-0,5 - -1|1
DFUSDT|1110100010|True|0,25 - 0,5|0,5 - 1|1 - 2|1 - 2|0,5 - 1|1 - 2|0,5 - 1|0,5 - 1|1 - 2|0,5 - 1|1
DFUSDT|1111010001|True|0,25 - 0,5|0,25 - 0,5|0,5 - 1|1 - 2|1 - 2|1 - 2|1 - 2|0,5 - 1|0,5 - 1|1 - 2|1
DFUSDT|1111101000|True|1 - 2|0,25 - 0,5|0,25 - 0,5|0,5 - 1|1 - 2|1 - 2|1 - 2|1 - 2|0,5 - 1|0,5 - 1|1
DFUSDT|1111110100|False|1 - 2|1 - 2|0,25 - 0,5|0,25 - 0,5|0,5 - 1|2 - 3|1 - 2|1 - 2|1 - 2|0,5 - 1|1
DFUSDT|0111111010|False|1 - 2|1 - 2|1 - 2|0,25 - 0,5|0,25 - 0,5|2 - 3|2 - 3|1 - 2|1 - 2|1 - 2|1
DFUSDT|0011111101|True|0,5 - 1|1 - 2|1 - 2|1 - 2|0,25 - 0,5|1 - 2|2 - 3|2 - 3|1 - 2|1 - 2|1
DFUSDT|1001111110|True|0,5 - 1|0,5 - 1|1 - 2|1 - 2|1 - 2|1 - 2|1 - 2|2 - 3|2 - 3|1 - 2|1
DFUSDT|1100111111|False|0,5 - 1|0,5 - 1|0,5 - 1|1 - 2|1 - 2|2 - 3|1 - 2|1 - 2|2 - 3|2 - 3|1
DFUSDT|0110011111|False|0,5 - 1|0,5 - 1|0,5 - 1|0,5 - 1|1 - 2|1 - 2|2 - 3|1 - 2|1 - 2|2 - 3|1
DFUSDT|0011001111|False|0,5 - 1|0,5 - 1|0,5 - 1|0,5 - 1|0,5 - 1|1 - 2|1 - 2|2 - 3|1 - 2|1 - 2|1
DFUSDT|0001100111|True|1 - 2|0,5 - 1|0,5 - 1|0,5 - 1|0,5 - 1|0,25 - 0,5|1 - 2|1 - 2|2 - 3|1 - 2|1
DFUSDT|1000110011|True|0,5 - 1|1 - 2|0,5 - 1|0,5 - 1|0,5 - 1|-0,25 - -0,5|0,25 - 0,5|1 - 2|1 - 2|2 - 3|1
DFUSDT|1100011001|True|0,0 - 0,25|0,5 - 1|1 - 2|0,5 - 1|0,5 - 1|-0,5 - -1|-0,25 - -0,5|0,25 - 0,5|1 - 2|1 - 2|1
DFUSDT|1110001100|False|0,0 - 0,25|0,0 - 0,25|0,5 - 1|1 - 2|0,5 - 1|-0,5 - -1|-0,5 - -1|-0,25 - -0,5|0,25 - 0,5|1 - 2|1
DFUSDT|0111000110|True|0,5 - 1|0,0 - 0,25|0,0 - 0,25|0,5 - 1|1 - 2|-0,5 - -1|-0,5 - -1|-0,5 - -1|-0,25 - -0,5|0,25 - 0,5|1
DFUSDT|1011100011|True|1 - 2|0,5 - 1|0,0 - 0,25|0,0 - 0,25|0,5 - 1|2 - 3|-0,5 - -1|-0,5 - -1|-0,5 - -1|-0,25 - -0,5|1
DFUSDT|1101110001|True|1 - 2|1 - 2|0,5 - 1|0,0 - 0,25|0,0 - 0,25|1 - 2|2 - 3|-0,5 - -1|-0,5 - -1|-0,5 - -1|1
DFUSDT|1110111000|True|4 - 5|1 - 2|1 - 2|0,5 - 1|0,0 - 0,25|5 - 7|1 - 2|2 - 3|-0,5 - -1|-0,5 - -1|1
DFUSDT|1111011100|False|2 - 3|4 - 5|1 - 2|1 - 2|0,5 - 1|5 - 7|5 - 7|1 - 2|2 - 3|-0,5 - -1|1
DFUSDT|0111101110|True|2 - 3|2 - 3|4 - 5|1 - 2|1 - 2|5 - 7|5 - 7|5 - 7|1 - 2|2 - 3|1
DFUSDT|1011110111|False|2 - 3|2 - 3|2 - 3|4 - 5|1 - 2|7 - 10|5 - 7|5 - 7|5 - 7|1 - 2|1
DFUSDT|0101111011|False|1 - 2|2 - 3|2 - 3|2 - 3|4 - 5|5 - 7|7 - 10|5 - 7|5 - 7|5 - 7|1
DFUSDT|0010111101|True|0,5 - 1|1 - 2|2 - 3|2 - 3|2 - 3|5 - 7|5 - 7|7 - 10|5 - 7|5 - 7|1
DFUSDT|1001011110|True|2 - 3|0,5 - 1|1 - 2|2 - 3|2 - 3|4 - 5|5 - 7|5 - 7|7 - 10|5 - 7|1
DFUSDT|1100101111|False|1 - 2|2 - 3|0,5 - 1|1 - 2|2 - 3|4 - 5|4 - 5|5 - 7|5 - 7|7 - 10|1
DFUSDT|0110010111|True|2 - 3|1 - 2|2 - 3|0,5 - 1|1 - 2|3 - 4|4 - 5|4 - 5|5 - 7|5 - 7|1
DFUSDT|1011001011|True|2 - 3|2 - 3|1 - 2|2 - 3|0,5 - 1|3 - 4|3 - 4|4 - 5|4 - 5|5 - 7|1
DFUSDT|1101100101|True|4 - 5|2 - 3|2 - 3|1 - 2|2 - 3|7 - 10|3 - 4|3 - 4|4 - 5|4 - 5|1
DFUSDT|1110110010|True|2 - 3|4 - 5|2 - 3|2 - 3|1 - 2|7 - 10|7 - 10|3 - 4|3 - 4|4 - 5|1
DFUSDT|1111011001|True|3 - 4|2 - 3|4 - 5|2 - 3|2 - 3|5 - 7|7 - 10|7 - 10|3 - 4|3 - 4|1
DFUSDT|1111101100|False|2 - 3|3 - 4|2 - 3|4 - 5|2 - 3|7 - 10|5 - 7|7 - 10|7 - 10|3 - 4|1
DFUSDT|0111110110|True|4 - 5|2 - 3|3 - 4|2 - 3|4 - 5|7 - 10|7 - 10|5 - 7|7 - 10|7 - 10|1
DFUSDT|1011111011|True|3 - 4|4 - 5|2 - 3|3 - 4|2 - 3|5 - 7|7 - 10|7 - 10|5 - 7|7 - 10|1
DFUSDT|1101111101|True|1 - 2|3 - 4|4 - 5|2 - 3|3 - 4|4 - 5|5 - 7|7 - 10|7 - 10|5 - 7|1
DFUSDT|1110111110|False|3 - 4|1 - 2|3 - 4|4 - 5|2 - 3|5 - 7|4 - 5|5 - 7|7 - 10|7 - 10|1
DFUSDT|0111011111|False|4 - 5|3 - 4|1 - 2|3 - 4|4 - 5|3 - 4|5 - 7|4 - 5|5 - 7|7 - 10|1
DFUSDT|0011101111|True|3 - 4|4 - 5|3 - 4|1 - 2|3 - 4|1 - 2|3 - 4|5 - 7|4 - 5|5 - 7|1
DFUSDT|1001110111|False|1 - 2|3 - 4|4 - 5|3 - 4|1 - 2|0,25 - 0,5|1 - 2|3 - 4|5 - 7|4 - 5|1
DFUSDT|0100111011|True|2 - 3|1 - 2|3 - 4|4 - 5|3 - 4|-1 - -2|0,25 - 0,5|1 - 2|3 - 4|5 - 7|1
DFUSDT|1010011101|False|1 - 2|2 - 3|1 - 2|3 - 4|4 - 5|-3 - -4|-1 - -2|0,25 - 0,5|1 - 2|3 - 4|1
DFUSDT|0101001110|False|0,5 - 1|1 - 2|2 - 3|1 - 2|3 - 4|-2 - -3|-3 - -4|-1 - -2|0,25 - 0,5|1 - 2|1
DFUSDT|0010100111|True|1 - 2|0,5 - 1|1 - 2|2 - 3|1 - 2|0,5 - 1|-2 - -3|-3 - -4|-1 - -2|0,25 - 0,5|1
DFUSDT|1001010011|True|1 - 2|1 - 2|0,5 - 1|1 - 2|2 - 3|0,0 - 0,25|0,5 - 1|-2 - -3|-3 - -4|-1 - -2|1
DFUSDT|1100101001|True|0,5 - 1|1 - 2|1 - 2|0,5 - 1|1 - 2|2 - 3|0,0 - 0,25|0,5 - 1|-2 - -3|-3 - -4|1
DFUSDT|1110010100|False|2 - 3|0,5 - 1|1 - 2|1 - 2|0,5 - 1|3 - 4|2 - 3|0,0 - 0,25|0,5 - 1|-2 - -3|1
DFUSDT|0111001010|True|1 - 2|2 - 3|0,5 - 1|1 - 2|1 - 2|3 - 4|3 - 4|2 - 3|0,0 - 0,25|0,5 - 1|1
DFUSDT|1011100101|False|0,5 - 1|1 - 2|2 - 3|0,5 - 1|1 - 2|2 - 3|3 - 4|3 - 4|2 - 3|0,0 - 0,25|1
DFUSDT|0101110010|False|1 - 2|0,5 - 1|1 - 2|2 - 3|0,5 - 1|2 - 3|2 - 3|3 - 4|3 - 4|2 - 3|1
DFUSDT|0010111001|True|2 - 3|1 - 2|0,5 - 1|1 - 2|2 - 3|0,0 - 0,25|2 - 3|2 - 3|3 - 4|3 - 4|1
DFUSDT|1001011100|False|1 - 2|2 - 3|1 - 2|0,5 - 1|1 - 2|-1 - -2|0,0 - 0,25|2 - 3|2 - 3|3 - 4|1
DFUSDT|0100101110|False|2 - 3|1 - 2|2 - 3|1 - 2|0,5 - 1|0 - -0,25|-1 - -2|0,0 - 0,25|2 - 3|2 - 3|1
DFUSDT|0010010111|True|1 - 2|2 - 3|1 - 2|2 - 3|1 - 2|-0,5 - -1|0 - -0,25|-1 - -2|0,0 - 0,25|2 - 3|1
DFUSDT|1001001011|True|1 - 2|1 - 2|2 - 3|1 - 2|2 - 3|-2 - -3|-0,5 - -1|0 - -0,25|-1 - -2|0,0 - 0,25|1
DFUSDT|1100100101|False|1 - 2|1 - 2|1 - 2|2 - 3|1 - 2|0,5 - 1|-2 - -3|-0,5 - -1|0 - -0,25|-1 - -2|1
DFUSDT|0110010010|False|1 - 2|1 - 2|1 - 2|1 - 2|2 - 3|0,5 - 1|0,5 - 1|-2 - -3|-0,5 - -1|0 - -0,25|1
DFUSDT|0011001001|True|0,5 - 1|1 - 2|1 - 2|1 - 2|1 - 2|-0,5 - -1|0,5 - 1|0,5 - 1|-2 - -3|-0,5 - -1|1
DFUSDT|1001100100|True|0,5 - 1|0,5 - 1|1 - 2|1 - 2|1 - 2|-0,25 - -0,5|-0,5 - -1|0,5 - 1|0,5 - 1|-2 - -3|1
DFUSDT|1100110010|True|1 - 2|0,5 - 1|0,5 - 1|1 - 2|1 - 2|0,0 - 0,25|-0,25 - -0,5|-0,5 - -1|0,5 - 1|0,5 - 1|1
DFUSDT|1110011001|False|0,5 - 1|1 - 2|0,5 - 1|0,5 - 1|1 - 2|0,0 - 0,25|0,0 - 0,25|-0,25 - -0,5|-0,5 - -1|0,5 - 1|1
DFUSDT|0111001100|True|0,25 - 0,5|0,5 - 1|1 - 2|0,5 - 1|0,5 - 1|0,5 - 1|0,0 - 0,25|0,0 - 0,25|-0,25 - -0,5|-0,5 - -1|1
DFUSDT|1011100110|True|3 - 4|0,25 - 0,5|0,5 - 1|1 - 2|0,5 - 1|4 - 5|0,5 - 1|0,0 - 0,25|0,0 - 0,25|-0,25 - -0,5|1
DFUSDT|1101110011|True|1 - 2|3 - 4|0,25 - 0,5|0,5 - 1|1 - 2|2 - 3|4 - 5|0,5 - 1|0,0 - 0,25|0,0 - 0,25|1
DFUSDT|1110111001|True|2 - 3|1 - 2|3 - 4|0,25 - 0,5|0,5 - 1|5 - 7|2 - 3|4 - 5|0,5 - 1|0,0 - 0,25|1
DFUSDT|1111011100|True|2 - 3|2 - 3|1 - 2|3 - 4|0,25 - 0,5|5 - 7|5 - 7|2 - 3|4 - 5|0,5 - 1|1
DFUSDT|1111101110|False|3 - 4|2 - 3|2 - 3|1 - 2|3 - 4|7 - 10|5 - 7|5 - 7|2 - 3|4 - 5|1
DFUSDT|0111110111|False|3 - 4|3 - 4|2 - 3|2 - 3|1 - 2|7 - 10|7 - 10|5 - 7|5 - 7|2 - 3|1
DFUSDT|0011111011|False|1 - 2|3 - 4|3 - 4|2 - 3|2 - 3|5 - 7|7 - 10|7 - 10|5 - 7|5 - 7|1
DFUSDT|0001111101|False|1 - 2|1 - 2|3 - 4|3 - 4|2 - 3|3 - 4|5 - 7|7 - 10|7 - 10|5 - 7|1
DFUSDT|0000111110|True|1 - 2|1 - 2|1 - 2|3 - 4|3 - 4|0,5 - 1|3 - 4|5 - 7|7 - 10|7 - 10|1
DFUSDT|1000011111|True|1 - 2|1 - 2|1 - 2|1 - 2|3 - 4|0,5 - 1|0,5 - 1|3 - 4|5 - 7|7 - 10|1
DFUSDT|1100001111|False|1 - 2|1 - 2|1 - 2|1 - 2|1 - 2|0,5 - 1|0,5 - 1|0,5 - 1|3 - 4|5 - 7|1
DFUSDT|0110000111|True|1 - 2|1 - 2|1 - 2|1 - 2|1 - 2|0,0 - 0,25|0,5 - 1|0,5 - 1|0,5 - 1|3 - 4|1
DFUSDT|1011000011|True|0,5 - 1|1 - 2|1 - 2|1 - 2|1 - 2|0,0 - 0,25|0,0 - 0,25|0,5 - 1|0,5 - 1|0,5 - 1|1
DFUSDT|1101100001|False|0,25 - 0,5|0,5 - 1|1 - 2|1 - 2|1 - 2|1 - 2|0,0 - 0,25|0,0 - 0,25|0,5 - 1|0,5 - 1|1
DFUSDT|0110110000|False|0,5 - 1|0,25 - 0,5|0,5 - 1|1 - 2|1 - 2|0,5 - 1|1 - 2|0,0 - 0,25|0,0 - 0,25|0,5 - 1|1
