LINKUPUSDT||False||||||3
LINKUPUSDT||True||||||2
LINKUPUSDT|10010|False|0,5 - 1|0,0 - 0,25|0,25 - 0,5|0,25 - 0,5|0,5 - 1|1
LINKUPUSDT|01001|False|0,0 - 0,25|0,5 - 1|0,0 - 0,25|0,25 - 0,5|0,25 - 0,5|1
LINKUPUSDT|00100|True|0,0 - 0,25|0,0 - 0,25|0,5 - 1|0,0 - 0,25|0,25 - 0,5|1
LINKUPUSDT|10010|False|0,25 - 0,5|0,0 - 0,25|0,0 - 0,25|0,5 - 1|0,0 - 0,25|1
LINKUPUSDT|01001|False|0,25 - 0,5|0,25 - 0,5|0,0 - 0,25|0,0 - 0,25|0,5 - 1|1
LINKUPUSDT|00100|True|0 - -0,25|0,25 - 0,5|0,25 - 0,5|0,0 - 0,25|0,0 - 0,25|1
LINKUPUSDT|10010|False|0,0 - 0,25|0 - -0,25|0,25 - 0,5|0,25 - 0,5|0,0 - 0,25|1
LINKUPUSDT|01001|False|0 - -0,25|0,0 - 0,25|0 - -0,25|0,25 - 0,5|0,25 - 0,5|1
LINKUPUSDT|00100|True|0 - -0,25|0 - -0,25|0,0 - 0,25|0 - -0,25|0,25 - 0,5|1
LINKUPUSDT|10010|True|0,0 - 0,25|0 - -0,25|0 - -0,25|0,0 - 0,25|0 - -0,25|1
LINKUPUSDT|11001|False|0,0 - 0,25|0,0 - 0,25|0 - -0,25|0 - -0,25|0,0 - 0,25|1
LINKUPUSDT|01100|False|0 - -0,25|0,0 - 0,25|0,0 - 0,25|0 - -0,25|0 - -0,25|6
LINKUPUSDT|00110|False|0 - -0,25|0 - -0,25|0,0 - 0,25|0,0 - 0,25|0 - -0,25|5
LINKUPUSDT|00011|False|0 - -0,25|0 - -0,25|0 - -0,25|0,0 - 0,25|0,0 - 0,25|4
LINKUPUSDT|00001|False|0,0 - 0,25|0 - -0,25|0 - -0,25|0 - -0,25|0,0 - 0,25|2
LINKUPUSDT|00000|False|0 - -0,25|0,0 - 0,25|0 - -0,25|0 - -0,25|0 - -0,25|13
LINKUPUSDT|00000|False|0 - -0,25|0 - -0,25|0,0 - 0,25|0 - -0,25|0 - -0,25|12
LINKUPUSDT|00000|True|0 - -0,25|0 - -0,25|0 - -0,25|0,0 - 0,25|0 - -0,25|5
LINKUPUSDT|10000|False|0,25 - 0,5|0 - -0,25|0 - -0,25|0 - -0,25|0,0 - 0,25|3
LINKUPUSDT|01000|False|0 - -0,25|0,25 - 0,5|0 - -0,25|0 - -0,25|0 - -0,25|3
LINKUPUSDT|00100|False|0 - -0,25|0 - -0,25|0,25 - 0,5|0 - -0,25|0 - -0,25|2
LINKUPUSDT|00010|False|0 - -0,25|0 - -0,25|0 - -0,25|0,25 - 0,5|0 - -0,25|1
LINKUPUSDT|00001|False|0 - -0,25|0 - -0,25|0 - -0,25|0 - -0,25|0,25 - 0,5|2
LINKUPUSDT|00000|False|0 - -0,25|0 - -0,25|0 - -0,25|0 - -0,25|0 - -0,25|64
LINKUPUSDT|00000|False|0,0 - 0,25|0 - -0,25|0 - -0,25|0 - -0,25|0 - -0,25|14
LINKUPUSDT|00000|False|0,25 - 0,5|0 - -0,25|0,0 - 0,25|0 - -0,25|0 - -0,25|1
LINKUPUSDT|00000|False|0,0 - 0,25|0,25 - 0,5|0 - -0,25|0,0 - 0,25|0 - -0,25|1
LINKUPUSDT|00000|False|0,25 - 0,5|0,0 - 0,25|0,25 - 0,5|0 - -0,25|0,0 - 0,25|1
LINKUPUSDT|00000|False|0,0 - 0,25|0,25 - 0,5|0,0 - 0,25|0,25 - 0,5|0 - -0,25|1
LINKUPUSDT|00000|False|0,5 - 1|0,0 - 0,25|0,25 - 0,5|0,0 - 0,25|0,25 - 0,5|1
LINKUPUSDT|00000|True|0,5 - 1|0,5 - 1|0,0 - 0,25|0,25 - 0,5|0,0 - 0,25|1
LINKUPUSDT|10000|True|0,0 - 0,25|0,5 - 1|0,5 - 1|0,0 - 0,25|0,25 - 0,5|1
LINKUPUSDT|11000|False|0,5 - 1|0,0 - 0,25|0,5 - 1|0,5 - 1|0,0 - 0,25|1
LINKUPUSDT|01100|True|0,25 - 0,5|0,5 - 1|0,0 - 0,25|0,5 - 1|0,5 - 1|1
LINKUPUSDT|10110|False|0,25 - 0,5|0,25 - 0,5|0,5 - 1|0,0 - 0,25|0,5 - 1|1
LINKUPUSDT|01011|False|0,25 - 0,5|0,25 - 0,5|0,25 - 0,5|0,5 - 1|0,0 - 0,25|1
LINKUPUSDT|00101|True|0 - -0,25|0,25 - 0,5|0,25 - 0,5|0,25 - 0,5|0,5 - 1|1
LINKUPUSDT|10010|False|0,0 - 0,25|0 - -0,25|0,25 - 0,5|0,25 - 0,5|0,25 - 0,5|1
LINKUPUSDT|01001|True|0,0 - 0,25|0,0 - 0,25|0 - -0,25|0,25 - 0,5|0,25 - 0,5|1
LINKUPUSDT|10100|False|0,0 - 0,25|0,0 - 0,25|0,0 - 0,25|0 - -0,25|0,25 - 0,5|1
LINKUPUSDT|01010|False|0,25 - 0,5|0,0 - 0,25|0,0 - 0,25|0,0 - 0,25|0 - -0,25|1
LINKUPUSDT|00101|False|0 - -0,25|0,25 - 0,5|0,0 - 0,25|0,0 - 0,25|0,0 - 0,25|1
LINKUPUSDT|00010|False|0,5 - 1|0 - -0,25|0,25 - 0,5|0,0 - 0,25|0,0 - 0,25|1
LINKUPUSDT|00001|False|0,0 - 0,25|0,5 - 1|0 - -0,25|0,25 - 0,5|0,0 - 0,25|1
LINKUPUSDT|00000|False|0,0 - 0,25|0,0 - 0,25|0,5 - 1|0 - -0,25|0,25 - 0,5|1
LINKUPUSDT|00000|False|0,25 - 0,5|0,0 - 0,25|0,0 - 0,25|0,5 - 1|0 - -0,25|1
LINKUPUSDT|00000|True|0,5 - 1|0,25 - 0,5|0,0 - 0,25|0,0 - 0,25|0,5 - 1|1
LINKUPUSDT|10000|True|0,5 - 1|0,5 - 1|0,25 - 0,5|0,0 - 0,25|0,0 - 0,25|1
LINKUPUSDT|11000|True|0,25 - 0,5|0,5 - 1|0,5 - 1|0,25 - 0,5|0,0 - 0,25|1
LINKUPUSDT|11100|False|0,0 - 0,25|0,25 - 0,5|0,5 - 1|0,5 - 1|0,25 - 0,5|1
LINKUPUSDT|01110|False|0,25 - 0,5|0,0 - 0,25|0,25 - 0,5|0,5 - 1|0,5 - 1|1
LINKUPUSDT|00111|True|0,0 - 0,25|0,25 - 0,5|0,0 - 0,25|0,25 - 0,5|0,5 - 1|1
LINKUPUSDT|10011|False|0,25 - 0,5|0,0 - 0,25|0,25 - 0,5|0,0 - 0,25|0,25 - 0,5|2
LINKUPUSDT|01001|True|0,5 - 1|0,25 - 0,5|0,0 - 0,25|0,25 - 0,5|0,0 - 0,25|1
LINKUPUSDT|10100|False|0,25 - 0,5|0,5 - 1|0,25 - 0,5|0,0 - 0,25|0,25 - 0,5|1
LINKUPUSDT|01010|True|0,0 - 0,25|0,25 - 0,5|0,5 - 1|0,25 - 0,5|0,0 - 0,25|1
LINKUPUSDT|10101|False|0,0 - 0,25|0,0 - 0,25|0,25 - 0,5|0,5 - 1|0,25 - 0,5|1
LINKUPUSDT|01010|True|0 - -0,25|0,0 - 0,25|0,0 - 0,25|0,25 - 0,5|0,5 - 1|1
LINKUPUSDT|10101|False|0,0 - 0,25|0 - -0,25|0,0 - 0,25|0,0 - 0,25|0,25 - 0,5|1
LINKUPUSDT|01010|False|0,25 - 0,5|0,0 - 0,25|0 - -0,25|0,0 - 0,25|0,0 - 0,25|1
LINKUPUSDT|00101|True|0,5 - 1|0,25 - 0,5|0,0 - 0,25|0 - -0,25|0,0 - 0,25|1
LINKUPUSDT|10010|True|0,25 - 0,5|0,5 - 1|0,25 - 0,5|0,0 - 0,25|0 - -0,25|1
LINKUPUSDT|11001|False|0,0 - 0,25|0,25 - 0,5|0,5 - 1|0,25 - 0,5|0,0 - 0,25|1
LINKUPUSDT|01100|True|0 - -0,25|0,0 - 0,25|0,25 - 0,5|0,5 - 1|0,25 - 0,5|1
LINKUPUSDT|10110|False|0,0 - 0,25|0 - -0,25|0,0 - 0,25|0,25 - 0,5|0,5 - 1|1
LINKUPUSDT|01011|True|0 - -0,25|0,0 - 0,25|0 - -0,25|0,0 - 0,25|0,25 - 0,5|1
LINKUPUSDT|10101|False|0,25 - 0,5|0 - -0,25|0,0 - 0,25|0 - -0,25|0,0 - 0,25|1
LINKUPUSDT|01010|True|0,0 - 0,25|0,25 - 0,5|0 - -0,25|0,0 - 0,25|0 - -0,25|1
LINKUPUSDT|10101|False|0,5 - 1|0,0 - 0,25|0,25 - 0,5|0 - -0,25|0,0 - 0,25|1
LINKUPUSDT|01010|False|0,5 - 1|0,5 - 1|0,0 - 0,25|0,25 - 0,5|0 - -0,25|1
LINKUPUSDT|00101|False|0,25 - 0,5|0,5 - 1|0,5 - 1|0,0 - 0,25|0,25 - 0,5|1
LINKUPUSDT|00010|False|0 - -0,25|0,25 - 0,5|0,5 - 1|0,5 - 1|0,0 - 0,25|1
LINKUPUSDT|00001|False|0 - -0,25|0 - -0,25|0,25 - 0,5|0,5 - 1|0,5 - 1|1
LINKUPUSDT|00000|False|0 - -0,25|0 - -0,25|0 - -0,25|0,25 - 0,5|0,5 - 1|1
LINKUPUSDT|00000|True|0,0 - 0,25|0 - -0,25|0 - -0,25|0 - -0,25|0,25 - 0,5|1
LINKUPUSDT|10000|True|0,25 - 0,5|0,0 - 0,25|0 - -0,25|0 - -0,25|0 - -0,25|1
LINKUPUSDT|11000|False|0,25 - 0,5|0,25 - 0,5|0,0 - 0,25|0 - -0,25|0 - -0,25|1
LINKUPUSDT|01100|False|0,25 - 0,5|0,25 - 0,5|0,25 - 0,5|0,0 - 0,25|0 - -0,25|1
LINKUPUSDT|00110|False|0 - -0,25|0,25 - 0,5|0,25 - 0,5|0,25 - 0,5|0,0 - 0,25|1
LINKUPUSDT|00011|False|0,0 - 0,25|0 - -0,25|0,25 - 0,5|0,25 - 0,5|0,25 - 0,5|1
LINKUPUSDT|00001|False|0 - -0,25|0,0 - 0,25|0 - -0,25|0,25 - 0,5|0,25 - 0,5|1
LINKUPUSDT|00000|False|0 - -0,25|0 - -0,25|0,0 - 0,25|0 - -0,25|0,25 - 0,5|1
LINKUPUSDT|00000|False|0 - -0,25|0 - -0,25|0 - -0,25|0,0 - 0,25|0 - -0,25|9
LINKUPUSDT|00000|False|0 - -0,25|0 - -0,25|0 - -0,25|0 - -0,25|0,0 - 0,25|14
LINKUPUSDT|00000|True|0 - -0,25|0 - -0,25|0 - -0,25|0 - -0,25|0 - -0,25|11
LINKUPUSDT|10000|True|0,25 - 0,5|0 - -0,25|0 - -0,25|0 - -0,25|0 - -0,25|1
LINKUPUSDT|11000|False|0,0 - 0,25|0,25 - 0,5|0 - -0,25|0 - -0,25|0 - -0,25|1
LINKUPUSDT|01100|False|0 - -0,25|0,0 - 0,25|0,25 - 0,5|0 - -0,25|0 - -0,25|1
LINKUPUSDT|00110|True|0,0 - 0,25|0 - -0,25|0,0 - 0,25|0,25 - 0,5|0 - -0,25|1
LINKUPUSDT|10011|False|0,25 - 0,5|0,0 - 0,25|0 - -0,25|0,0 - 0,25|0,25 - 0,5|1
LINKUPUSDT|01001|False|0,0 - 0,25|0,25 - 0,5|0,0 - 0,25|0 - -0,25|0,0 - 0,25|1
LINKUPUSDT|00100|False|0 - -0,25|0,0 - 0,25|0,25 - 0,5|0,0 - 0,25|0 - -0,25|1
LINKUPUSDT|00010|True|0 - -0,25|0 - -0,25|0,0 - 0,25|0,25 - 0,5|0,0 - 0,25|3
LINKUPUSDT|10001|False|0,0 - 0,25|0 - -0,25|0 - -0,25|0,0 - 0,25|0,25 - 0,5|3
LINKUPUSDT|01000|False|0 - -0,25|0,0 - 0,25|0 - -0,25|0 - -0,25|0,0 - 0,25|4
LINKUPUSDT|00100|False|0 - -0,25|0 - -0,25|0,0 - 0,25|0 - -0,25|0 - -0,25|10
LINKUPUSDT|00010|False|0 - -0,25|0 - -0,25|0 - -0,25|0,0 - 0,25|0 - -0,25|11
LINKUPUSDT|00001|False|0 - -0,25|0 - -0,25|0 - -0,25|0 - -0,25|0,0 - 0,25|13
LINKUPUSDT|10000|False|0,25 - 0,5|0 - -0,25|0 - -0,25|0 - -0,25|0 - -0,25|1
LINKUPUSDT|01000|False|0,25 - 0,5|0,25 - 0,5|0 - -0,25|0 - -0,25|0 - -0,25|1
LINKUPUSDT|00100|False|0 - -0,25|0,25 - 0,5|0,25 - 0,5|0 - -0,25|0 - -0,25|1
LINKUPUSDT|00010|False|0 - -0,25|0 - -0,25|0,25 - 0,5|0,25 - 0,5|0 - -0,25|1
LINKUPUSDT|00001|False|0,0 - 0,25|0 - -0,25|0 - -0,25|0,25 - 0,5|0,25 - 0,5|1
LINKUPUSDT|00000|False|0 - -0,25|0,0 - 0,25|0 - -0,25|0 - -0,25|0,25 - 0,5|1
LINKUPUSDT|00000|True|0,0 - 0,25|0 - -0,25|0,0 - 0,25|0 - -0,25|0 - -0,25|1
LINKUPUSDT|10000|True|0,5 - 1|0,0 - 0,25|0 - -0,25|0,0 - 0,25|0 - -0,25|1
LINKUPUSDT|11000|False|0,5 - 1|0,5 - 1|0,0 - 0,25|0 - -0,25|0,0 - 0,25|1
LINKUPUSDT|01100|True|0,0 - 0,25|0,5 - 1|0,5 - 1|0,0 - 0,25|0 - -0,25|1
LINKUPUSDT|10110|False|0,0 - 0,25|0,0 - 0,25|0,5 - 1|0,5 - 1|0,0 - 0,25|1
LINKUPUSDT|01011|False|0 - -0,25|0,0 - 0,25|0,0 - 0,25|0,5 - 1|0,5 - 1|1
LINKUPUSDT|00101|False|0,0 - 0,25|0 - -0,25|0,0 - 0,25|0,0 - 0,25|0,5 - 1|1
LINKUPUSDT|00010|False|0,5 - 1|0,0 - 0,25|0 - -0,25|0,0 - 0,25|0,0 - 0,25|2
LINKUPUSDT|00001|False|0 - -0,25|0,5 - 1|0,0 - 0,25|0 - -0,25|0,0 - 0,25|1
LINKUPUSDT|00000|False|0,25 - 0,5|0 - -0,25|0,5 - 1|0,0 - 0,25|0 - -0,25|1
LINKUPUSDT|00000|True|0,0 - 0,25|0,25 - 0,5|0 - -0,25|0,5 - 1|0,0 - 0,25|1
LINKUPUSDT|10000|True|0,0 - 0,25|0,0 - 0,25|0,25 - 0,5|0 - -0,25|0,5 - 1|1
LINKUPUSDT|11000|True|0,25 - 0,5|0,0 - 0,25|0,0 - 0,25|0,25 - 0,5|0 - -0,25|1
LINKUPUSDT|11100|False|0,0 - 0,25|0,25 - 0,5|0,0 - 0,25|0,0 - 0,25|0,25 - 0,5|1
LINKUPUSDT|01110|True|0 - -0,25|0,0 - 0,25|0,25 - 0,5|0,0 - 0,25|0,0 - 0,25|1
LINKUPUSDT|10111|False|0,25 - 0,5|0 - -0,25|0,0 - 0,25|0,25 - 0,5|0,0 - 0,25|2
LINKUPUSDT|01011|False|0,0 - 0,25|0,25 - 0,5|0 - -0,25|0,0 - 0,25|0,25 - 0,5|1
LINKUPUSDT|00101|False|0 - -0,25|0,0 - 0,25|0,25 - 0,5|0 - -0,25|0,0 - 0,25|1
LINKUPUSDT|00010|True|0 - -0,25|0 - -0,25|0,0 - 0,25|0,25 - 0,5|0 - -0,25|2
LINKUPUSDT|10001|False|0,25 - 0,5|0 - -0,25|0 - -0,25|0,0 - 0,25|0,25 - 0,5|1
LINKUPUSDT|01000|False|0 - -0,25|0,25 - 0,5|0 - -0,25|0 - -0,25|0,0 - 0,25|1
LINKUPUSDT|00100|True|0 - -0,25|0 - -0,25|0,25 - 0,5|0 - -0,25|0 - -0,25|1
LINKUPUSDT|10010|False|0,0 - 0,25|0 - -0,25|0 - -0,25|0,25 - 0,5|0 - -0,25|3
LINKUPUSDT|01001|False|0 - -0,25|0,0 - 0,25|0 - -0,25|0 - -0,25|0,25 - 0,5|2
LINKUPUSDT|10000|False|0,5 - 1|0 - -0,25|0 - -0,25|0 - -0,25|0 - -0,25|1
LINKUPUSDT|01000|False|0 - -0,25|0,5 - 1|0 - -0,25|0 - -0,25|0 - -0,25|1
LINKUPUSDT|00100|False|0 - -0,25|0 - -0,25|0,5 - 1|0 - -0,25|0 - -0,25|1
LINKUPUSDT|00010|False|0 - -0,25|0 - -0,25|0 - -0,25|0,5 - 1|0 - -0,25|1
LINKUPUSDT|00001|False|0 - -0,25|0 - -0,25|0 - -0,25|0 - -0,25|0,5 - 1|2
LINKUPUSDT|10000|False|0,0 - 0,25|0 - -0,25|0 - -0,25|0 - -0,25|0 - -0,25|7
LINKUPUSDT|01000|False|0 - -0,25|0,0 - 0,25|0 - -0,25|0 - -0,25|0 - -0,25|6
LINKUPUSDT|00001|True|0,0 - 0,25|0 - -0,25|0 - -0,25|0 - -0,25|0,0 - 0,25|1
LINKUPUSDT|10000|True|0,0 - 0,25|0,0 - 0,25|0 - -0,25|0 - -0,25|0 - -0,25|2
LINKUPUSDT|11000|False|0,0 - 0,25|0,0 - 0,25|0,0 - 0,25|0 - -0,25|0 - -0,25|3
LINKUPUSDT|01100|False|0,0 - 0,25|0,0 - 0,25|0,0 - 0,25|0,0 - 0,25|0 - -0,25|2
LINKUPUSDT|00110|False|0,0 - 0,25|0,0 - 0,25|0,0 - 0,25|0,0 - 0,25|0,0 - 0,25|1
LINKUPUSDT|00011|False|0 - -0,25|0,0 - 0,25|0,0 - 0,25|0,0 - 0,25|0,0 - 0,25|1
LINKUPUSDT|00001|False|0 - -0,25|0 - -0,25|0,0 - 0,25|0,0 - 0,25|0,0 - 0,25|4
LINKUPUSDT|00000|False|0 - -0,25|0 - -0,25|0 - -0,25|0,0 - 0,25|0,0 - 0,25|6
LINKUPUSDT|00000|True|0,0 - 0,25|0 - -0,25|0 - -0,25|0 - -0,25|0 - -0,25|3
LINKUPUSDT|10000|False|0,0 - 0,25|0,0 - 0,25|0 - -0,25|0 - -0,25|0 - -0,25|2
LINKUPUSDT|01000|False|0 - -0,25|0,0 - 0,25|0,0 - 0,25|0 - -0,25|0 - -0,25|3
LINKUPUSDT|00100|True|0,0 - 0,25|0 - -0,25|0,0 - 0,25|0,0 - 0,25|0 - -0,25|1
LINKUPUSDT|10010|False|0,0 - 0,25|0,0 - 0,25|0 - -0,25|0,0 - 0,25|0,0 - 0,25|1
LINKUPUSDT|01001|False|0 - -0,25|0,0 - 0,25|0,0 - 0,25|0 - -0,25|0,0 - 0,25|1
LINKUPUSDT|00100|True|0 - -0,25|0 - -0,25|0,0 - 0,25|0,0 - 0,25|0 - -0,25|1
LINKUPUSDT|10010|False|0,0 - 0,25|0 - -0,25|0 - -0,25|0,0 - 0,25|0,0 - 0,25|3
LINKUPUSDT|01001|False|0,0 - 0,25|0,0 - 0,25|0 - -0,25|0 - -0,25|0,0 - 0,25|2
LINKUPUSDT|00100|False|0 - -0,25|0,0 - 0,25|0,0 - 0,25|0 - -0,25|0 - -0,25|2
LINKUPUSDT|00010|True|0 - -0,25|0 - -0,25|0,0 - 0,25|0,0 - 0,25|0 - -0,25|1
LINKUPUSDT|10001|False|0,0 - 0,25|0 - -0,25|0 - -0,25|0,0 - 0,25|0,0 - 0,25|1
LINKUPUSDT|00100|True|0 - -0,25|0 - -0,25|0,0 - 0,25|0 - -0,25|0 - -0,25|1
LINKUPUSDT|10010|False|0,25 - 0,5|0 - -0,25|0 - -0,25|0,0 - 0,25|0 - -0,25|1
LINKUPUSDT|01001|False|0,0 - 0,25|0,25 - 0,5|0 - -0,25|0 - -0,25|0,0 - 0,25|2
LINKUPUSDT|00100|False|0,0 - 0,25|0,0 - 0,25|0,25 - 0,5|0 - -0,25|0 - -0,25|2
LINKUPUSDT|00010|False|0 - -0,25|0,0 - 0,25|0,0 - 0,25|0,25 - 0,5|0 - -0,25|1
LINKUPUSDT|00001|False|0 - -0,25|0 - -0,25|0,0 - 0,25|0,0 - 0,25|0,25 - 0,5|1
LINKUPUSDT|01000|True|0 - -0,25|0,0 - 0,25|0 - -0,25|0 - -0,25|0 - -0,25|1
LINKUPUSDT|10100|False|0,0 - 0,25|0 - -0,25|0,0 - 0,25|0 - -0,25|0 - -0,25|2
LINKUPUSDT|01010|True|0 - -0,25|0,0 - 0,25|0 - -0,25|0,0 - 0,25|0 - -0,25|1
LINKUPUSDT|10101|False|0,0 - 0,25|0 - -0,25|0,0 - 0,25|0 - -0,25|0,0 - 0,25|1
LINKUPUSDT|01010|False|0 - -0,25|0,0 - 0,25|0 - -0,25|0,0 - 0,25|0 - -0,25|2
LINKUPUSDT|00101|False|0 - -0,25|0 - -0,25|0,0 - 0,25|0 - -0,25|0,0 - 0,25|1
LINKUPUSDT|00010|True|0,0 - 0,25|0 - -0,25|0 - -0,25|0,0 - 0,25|0 - -0,25|2
LINKUPUSDT|10001|True|0,0 - 0,25|0,0 - 0,25|0 - -0,25|0 - -0,25|0,0 - 0,25|1
LINKUPUSDT|01100|True|0,0 - 0,25|0,0 - 0,25|0,0 - 0,25|0,0 - 0,25|0 - -0,25|1
LINKUPUSDT|10110|False|0,0 - 0,25|0,0 - 0,25|0,0 - 0,25|0,0 - 0,25|0,0 - 0,25|1
LINKUPUSDT|01011|False|0 - -0,25|0,0 - 0,25|0,0 - 0,25|0,0 - 0,25|0,0 - 0,25|1
LINKUPUSDT|00101|True|0 - -0,25|0 - -0,25|0,0 - 0,25|0,0 - 0,25|0,0 - 0,25|1
LINKUPUSDT|00010|False|0 - -0,25|0 - -0,25|0,0 - 0,25|0,0 - 0,25|0 - -0,25|1
LINKUPUSDT|00001|True|0,0 - 0,25|0 - -0,25|0 - -0,25|0,0 - 0,25|0,0 - 0,25|1
LINKUPUSDT|10000|True|0,0 - 0,25|0,0 - 0,25|0 - -0,25|0 - -0,25|0,0 - 0,25|1
LINKUPUSDT|01100|False|0 - -0,25|0,0 - 0,25|0,0 - 0,25|0,0 - 0,25|0 - -0,25|1
LINKUPUSDT|00110|False|0,0 - 0,25|0 - -0,25|0,0 - 0,25|0,0 - 0,25|0,0 - 0,25|1
LINKUPUSDT|00011|False|0 - -0,25|0,0 - 0,25|0 - -0,25|0,0 - 0,25|0,0 - 0,25|1
LINKUPUSDT|00001|False|0 - -0,25|0 - -0,25|0,0 - 0,25|0 - -0,25|0,0 - 0,25|2
LINKUPUSDT|00000|True|0,25 - 0,5|0 - -0,25|0 - -0,25|0,0 - 0,25|0 - -0,25|1
LINKUPUSDT|10000|False|0,25 - 0,5|0,25 - 0,5|0 - -0,25|0 - -0,25|0,0 - 0,25|1
LINKUPUSDT|01000|False|0,0 - 0,25|0,25 - 0,5|0,25 - 0,5|0 - -0,25|0 - -0,25|1
LINKUPUSDT|00100|False|0 - -0,25|0,0 - 0,25|0,25 - 0,5|0,25 - 0,5|0 - -0,25|1
LINKUPUSDT|00010|False|0 - -0,25|0 - -0,25|0,0 - 0,25|0,25 - 0,5|0,25 - 0,5|1
LINKUPUSDT|00001|True|0 - -0,25|0 - -0,25|0 - -0,25|0,0 - 0,25|0,25 - 0,5|2
LINKUPUSDT|10000|True|0,0 - 0,25|0 - -0,25|0 - -0,25|0 - -0,25|0,0 - 0,25|3
LINKUPUSDT|11000|False|0,0 - 0,25|0,0 - 0,25|0 - -0,25|0 - -0,25|0 - -0,25|3
LINKUPUSDT|00110|True|0 - -0,25|0 - -0,25|0,0 - 0,25|0,0 - 0,25|0 - -0,25|1
LINKUPUSDT|10011|True|0,25 - 0,5|0 - -0,25|0 - -0,25|0,0 - 0,25|0,0 - 0,25|1
LINKUPUSDT|11001|False|0,0 - 0,25|0,25 - 0,5|0 - -0,25|0 - -0,25|0,0 - 0,25|1
LINKUPUSDT|01100|False|0,25 - 0,5|0,0 - 0,25|0,25 - 0,5|0 - -0,25|0 - -0,25|1
LINKUPUSDT|00110|False|0,25 - 0,5|0,25 - 0,5|0,0 - 0,25|0,25 - 0,5|0 - -0,25|1
LINKUPUSDT|00011|False|0,25 - 0,5|0,25 - 0,5|0,25 - 0,5|0,0 - 0,25|0,25 - 0,5|1
LINKUPUSDT|00001|True|0,0 - 0,25|0,25 - 0,5|0,25 - 0,5|0,25 - 0,5|0,0 - 0,25|1
LINKUPUSDT|10000|True|0,0 - 0,25|0,0 - 0,25|0,25 - 0,5|0,25 - 0,5|0,25 - 0,5|1
LINKUPUSDT|11000|True|0,0 - 0,25|0,0 - 0,25|0,0 - 0,25|0,25 - 0,5|0,25 - 0,5|1
LINKUPUSDT|11100|False|0,0 - 0,25|0,0 - 0,25|0,0 - 0,25|0,0 - 0,25|0,25 - 0,5|2
LINKUPUSDT|01110|False|0,0 - 0,25|0,0 - 0,25|0,0 - 0,25|0,0 - 0,25|0,0 - 0,25|2
LINKUPUSDT|00111|True|0,5 - 1|0,0 - 0,25|0,0 - 0,25|0,0 - 0,25|0,0 - 0,25|1
LINKUPUSDT|10011|True|0,0 - 0,25|0,5 - 1|0,0 - 0,25|0,0 - 0,25|0,0 - 0,25|1
LINKUPUSDT|11001|False|0,0 - 0,25|0,0 - 0,25|0,5 - 1|0,0 - 0,25|0,0 - 0,25|1
LINKUPUSDT|01100|True|0 - -0,25|0,0 - 0,25|0,0 - 0,25|0,5 - 1|0,0 - 0,25|1
LINKUPUSDT|10110|False|0,25 - 0,5|0 - -0,25|0,0 - 0,25|0,0 - 0,25|0,5 - 1|1
LINKUPUSDT|01011|False|0,25 - 0,5|0,25 - 0,5|0 - -0,25|0,0 - 0,25|0,0 - 0,25|1
LINKUPUSDT|00101|False|0,25 - 0,5|0,25 - 0,5|0,25 - 0,5|0 - -0,25|0,0 - 0,25|1
LINKUPUSDT|00010|False|0,0 - 0,25|0,25 - 0,5|0,25 - 0,5|0,25 - 0,5|0 - -0,25|1
LINKUPUSDT|00001|False|0,25 - 0,5|0,0 - 0,25|0,25 - 0,5|0,25 - 0,5|0,25 - 0,5|1
LINKUPUSDT|00000|False|0,0 - 0,25|0,25 - 0,5|0,0 - 0,25|0,25 - 0,5|0,25 - 0,5|1
LINKUPUSDT|00000|False|0 - -0,25|0,0 - 0,25|0,25 - 0,5|0,0 - 0,25|0,25 - 0,5|1
LINKUPUSDT|00000|False|0 - -0,25|0 - -0,25|0,0 - 0,25|0,25 - 0,5|0,0 - 0,25|1
LINKUPUSDT|00000|False|0 - -0,25|0 - -0,25|0 - -0,25|0,0 - 0,25|0,25 - 0,5|3
LINKUPUSDT|00010|False|0,0 - 0,25|0 - -0,25|0 - -0,25|0,0 - 0,25|0 - -0,25|1
LINKUPUSDT|00001|False|0,0 - 0,25|0,0 - 0,25|0 - -0,25|0 - -0,25|0,0 - 0,25|3
LINKUPUSDT|00000|False|0 - -0,25|0,0 - 0,25|0,0 - 0,25|0 - -0,25|0 - -0,25|5
LINKUPUSDT|00000|False|0 - -0,25|0 - -0,25|0,0 - 0,25|0,0 - 0,25|0 - -0,25|3
LINKUPUSDT|00110|False|0,25 - 0,5|0 - -0,25|0,0 - 0,25|0,0 - 0,25|0 - -0,25|1
LINKUPUSDT|00011|True|0 - -0,25|0,25 - 0,5|0 - -0,25|0,0 - 0,25|0,0 - 0,25|1
LINKUPUSDT|10001|True|0,0 - 0,25|0 - -0,25|0,25 - 0,5|0 - -0,25|0,0 - 0,25|1
LINKUPUSDT|11000|False|0,0 - 0,25|0,0 - 0,25|0 - -0,25|0,25 - 0,5|0 - -0,25|1
LINKUPUSDT|01100|True|0,0 - 0,25|0,0 - 0,25|0,0 - 0,25|0 - -0,25|0,25 - 0,5|1
LINKUPUSDT|10110|False|0,25 - 0,5|0,0 - 0,25|0,0 - 0,25|0,0 - 0,25|0 - -0,25|1
LINKUPUSDT|01011|False|0,25 - 0,5|0,25 - 0,5|0,0 - 0,25|0,0 - 0,25|0,0 - 0,25|1
LINKUPUSDT|00101|True|0 - -0,25|0,25 - 0,5|0,25 - 0,5|0,0 - 0,25|0,0 - 0,25|1
LINKUPUSDT|10010|True|0,25 - 0,5|0 - -0,25|0,25 - 0,5|0,25 - 0,5|0,0 - 0,25|1
LINKUPUSDT|11001|True|0,5 - 1|0,25 - 0,5|0 - -0,25|0,25 - 0,5|0,25 - 0,5|1
LINKUPUSDT|11100|False|0,25 - 0,5|0,5 - 1|0,25 - 0,5|0 - -0,25|0,25 - 0,5|1
LINKUPUSDT|01110|True|0,25 - 0,5|0,25 - 0,5|0,5 - 1|0,25 - 0,5|0 - -0,25|1
LINKUPUSDT|10111|False|0,5 - 1|0,25 - 0,5|0,25 - 0,5|0,5 - 1|0,25 - 0,5|1
LINKUPUSDT|01011|True|0,25 - 0,5|0,5 - 1|0,25 - 0,5|0,25 - 0,5|0,5 - 1|1
LINKUPUSDT|10101|False|0,25 - 0,5|0,25 - 0,5|0,5 - 1|0,25 - 0,5|0,25 - 0,5|1
LINKUPUSDT|01010|False|0,0 - 0,25|0,25 - 0,5|0,25 - 0,5|0,5 - 1|0,25 - 0,5|1
LINKUPUSDT|00101|False|0 - -0,25|0,0 - 0,25|0,25 - 0,5|0,25 - 0,5|0,5 - 1|1
LINKUPUSDT|00010|True|0,0 - 0,25|0 - -0,25|0,0 - 0,25|0,25 - 0,5|0,25 - 0,5|1
LINKUPUSDT|10001|False|0,25 - 0,5|0,0 - 0,25|0 - -0,25|0,0 - 0,25|0,25 - 0,5|1
LINKUPUSDT|01000|True|0 - -0,25|0,25 - 0,5|0,0 - 0,25|0 - -0,25|0,0 - 0,25|1
LINKUPUSDT|10100|False|0,0 - 0,25|0 - -0,25|0,25 - 0,5|0,0 - 0,25|0 - -0,25|1
LINKUPUSDT|01010|False|0 - -0,25|0,0 - 0,25|0 - -0,25|0,25 - 0,5|0,0 - 0,25|1
LINKUPUSDT|00101|False|0 - -0,25|0 - -0,25|0,0 - 0,25|0 - -0,25|0,25 - 0,5|1
LINKUPUSDT|00000|False|0,0 - 0,25|0,0 - 0,25|0 - -0,25|0 - -0,25|0 - -0,25|5
LINKUPUSDT|01000|False|0,0 - 0,25|0,0 - 0,25|0 - -0,25|0 - -0,25|0 - -0,25|2
LINKUPUSDT|00100|False|0,0 - 0,25|0,0 - 0,25|0,0 - 0,25|0 - -0,25|0 - -0,25|2
LINKUPUSDT|00010|False|0 - -0,25|0,0 - 0,25|0,0 - 0,25|0,0 - 0,25|0 - -0,25|2
LINKUPUSDT|00000|True|0,0 - 0,25|0,0 - 0,25|0 - -0,25|0 - -0,25|0 - -0,25|1
LINKUPUSDT|10000|False|0,0 - 0,25|0,0 - 0,25|0,0 - 0,25|0 - -0,25|0 - -0,25|1
LINKUPUSDT|01000|False|0,0 - 0,25|0,0 - 0,25|0,0 - 0,25|0,0 - 0,25|0 - -0,25|1
LINKUPUSDT|00100|False|0 - -0,25|0,0 - 0,25|0,0 - 0,25|0,0 - 0,25|0,0 - 0,25|2
LINKUPUSDT|00010|False|0 - -0,25|0 - -0,25|0,0 - 0,25|0,0 - 0,25|0,0 - 0,25|3
LINKUPUSDT|00001|False|0 - -0,25|0 - -0,25|0 - -0,25|0,0 - 0,25|0,0 - 0,25|2
LINKUPUSDT|00000|False|0,0 - 0,25|0 - -0,25|0 - -0,25|0 - -0,25|0,0 - 0,25|3
LINKUPUSDT|00000|True|0 - -0,25|0 - -0,25|0,0 - 0,25|0 - -0,25|0 - -0,25|3
LINKUPUSDT|10000|False|0,0 - 0,25|0 - -0,25|0 - -0,25|0,0 - 0,25|0 - -0,25|2
LINKUPUSDT|00001|True|0 - -0,25|0 - -0,25|0 - -0,25|0 - -0,25|0,0 - 0,25|1
LINKUPUSDT|10000|False|1 - 2|0 - -0,25|0 - -0,25|0 - -0,25|0 - -0,25|1
LINKUPUSDT|01000|False|0 - -0,25|1 - 2|0 - -0,25|0 - -0,25|0 - -0,25|1
LINKUPUSDT|00100|False|0 - -0,25|0 - -0,25|1 - 2|0 - -0,25|0 - -0,25|1
LINKUPUSDT|00010|False|0,0 - 0,25|0 - -0,25|0 - -0,25|1 - 2|0 - -0,25|1
LINKUPUSDT|00001|False|0 - -0,25|0,0 - 0,25|0 - -0,25|0 - -0,25|1 - 2|1
LINKUPUSDT|00000|False|0,0 - 0,25|0 - -0,25|0 - -0,25|0,0 - 0,25|0,0 - 0,25|1
LINKUPUSDT|00000|False|0,0 - 0,25|0,0 - 0,25|0 - -0,25|0 - -0,25|0,0 - 0,25|1
LINKUPUSDT|00000|False|0,0 - 0,25|0 - -0,25|0,0 - 0,25|0,0 - 0,25|0 - -0,25|2
LINKUPUSDT|00000|False|0 - -0,25|0,0 - 0,25|0 - -0,25|0,0 - 0,25|0,0 - 0,25|2
LINKUPUSDT|00000|False|0,0 - 0,25|0 - -0,25|0,0 - 0,25|0 - -0,25|0,0 - 0,25|2
LINKUPUSDT|00000|False|0 - -0,25|0,0 - 0,25|0 - -0,25|0,0 - 0,25|0 - -0,25|3
LINKUPUSDT|00000|False|0 - -0,25|0 - -0,25|0,0 - 0,25|0 - -0,25|0,0 - 0,25|3
LINKUPUSDT|00010|False|0,0 - 0,25|0 - -0,25|0 - -0,25|0,25 - 0,5|0 - -0,25|1
LINKUPUSDT|00001|False|0 - -0,25|0,0 - 0,25|0 - -0,25|0 - -0,25|0,25 - 0,5|2
LINKUPUSDT|10000|True|0,0 - 0,25|0 - -0,25|0 - -0,25|0 - -0,25|0 - -0,25|1
LINKUPUSDT|11000|False|0,25 - 0,5|0,0 - 0,25|0 - -0,25|0 - -0,25|0 - -0,25|1
LINKUPUSDT|01100|False|0 - -0,25|0,25 - 0,5|0,0 - 0,25|0 - -0,25|0 - -0,25|1
LINKUPUSDT|00110|False|0 - -0,25|0 - -0,25|0,25 - 0,5|0,0 - 0,25|0 - -0,25|1
LINKUPUSDT|00011|False|0 - -0,25|0 - -0,25|0 - -0,25|0,25 - 0,5|0,0 - 0,25|1
LINKUPUSDT|00100|False|0,0 - 0,25|0 - -0,25|0,0 - 0,25|0,0 - 0,25|0 - -0,25|2
LINKUPUSDT|00010|True|0,0 - 0,25|0,0 - 0,25|0 - -0,25|0,0 - 0,25|0,0 - 0,25|1
LINKUPUSDT|10001|False|0,0 - 0,25|0,0 - 0,25|0,0 - 0,25|0 - -0,25|0,0 - 0,25|2
LINKUPUSDT|01000|False|0 - -0,25|0,0 - 0,25|0,0 - 0,25|0,0 - 0,25|0 - -0,25|2
LINKUPUSDT|00100|True|0 - -0,25|0 - -0,25|0,0 - 0,25|0,0 - 0,25|0,0 - 0,25|1
LINKUPUSDT|01001|True|0 - -0,25|0,0 - 0,25|0 - -0,25|0 - -0,25|0,0 - 0,25|1
LINKUPUSDT|00101|True|0 - -0,25|0 - -0,25|0,0 - 0,25|0 - -0,25|0,0 - 0,25|1
LINKUPUSDT|10010|False|0,0 - 0,25|0 - -0,25|0 - -0,25|0,0 - 0,25|0 - -0,25|1
LINKUPUSDT|01001|False|0,25 - 0,5|0,0 - 0,25|0 - -0,25|0 - -0,25|0,0 - 0,25|1
LINKUPUSDT|00100|False|0 - -0,25|0,25 - 0,5|0,0 - 0,25|0 - -0,25|0 - -0,25|1
LINKUPUSDT|00010|False|0 - -0,25|0 - -0,25|0,25 - 0,5|0,0 - 0,25|0 - -0,25|1
LINKUPUSDT|00001|False|0 - -0,25|0 - -0,25|0 - -0,25|0,25 - 0,5|0,0 - 0,25|1
LINKUPUSDT|00000|False|0 - -0,25|0 - -0,25|0 - -0,25|0 - -0,25|0,25 - 0,5|1
LINKUPUSDT|01000|True|0 - -0,25|0,0 - 0,25|0 - -0,25|0 - -0,25|0,0 - 0,25|1
LINKUPUSDT|10100|False|0,25 - 0,5|0 - -0,25|0,0 - 0,25|0 - -0,25|0 - -0,25|1
LINKUPUSDT|01010|False|0 - -0,25|0,25 - 0,5|0 - -0,25|0,0 - 0,25|0 - -0,25|1
LINKUPUSDT|00101|True|0 - -0,25|0 - -0,25|0,25 - 0,5|0 - -0,25|0,0 - 0,25|3
LINKUPUSDT|10010|True|0,0 - 0,25|0 - -0,25|0 - -0,25|0,25 - 0,5|0 - -0,25|1
LINKUPUSDT|11001|True|0,0 - 0,25|0,0 - 0,25|0 - -0,25|0 - -0,25|0,25 - 0,5|1
LINKUPUSDT|11100|False|0,0 - 0,25|0,0 - 0,25|0,0 - 0,25|0 - -0,25|0 - -0,25|1
LINKUPUSDT|01110|True|0,0 - 0,25|0,0 - 0,25|0,0 - 0,25|0,0 - 0,25|0 - -0,25|1
LINKUPUSDT|10111|False|0,25 - 0,5|0,0 - 0,25|0,0 - 0,25|0,0 - 0,25|0,0 - 0,25|1
LINKUPUSDT|01011|False|0,0 - 0,25|0,25 - 0,5|0,0 - 0,25|0,0 - 0,25|0,0 - 0,25|1
LINKUPUSDT|00101|False|0 - -0,25|0,0 - 0,25|0,25 - 0,5|0,0 - 0,25|0,0 - 0,25|1
LINKUPUSDT|00010|False|0,0 - 0,25|0 - -0,25|0,0 - 0,25|0,25 - 0,5|0,0 - 0,25|1
LINKUPUSDT|00001|False|0,0 - 0,25|0,0 - 0,25|0 - -0,25|0,0 - 0,25|0,25 - 0,5|1
LINKUPUSDT|00000|True|0 - -0,25|0,0 - 0,25|0,0 - 0,25|0 - -0,25|0,0 - 0,25|1
LINKUPUSDT|10000|False|0,25 - 0,5|0 - -0,25|0,0 - 0,25|0,0 - 0,25|0 - -0,25|1
LINKUPUSDT|01000|False|0,0 - 0,25|0,25 - 0,5|0 - -0,25|0,0 - 0,25|0,0 - 0,25|1
LINKUPUSDT|00100|False|0 - -0,25|0,0 - 0,25|0,25 - 0,5|0 - -0,25|0,0 - 0,25|1
LINKUPUSDT|01000|True|0,0 - 0,25|0,0 - 0,25|0 - -0,25|0 - -0,25|0,0 - 0,25|1
LINKUPUSDT|10100|False|0,0 - 0,25|0,0 - 0,25|0,0 - 0,25|0 - -0,25|0 - -0,25|1
LINKUPUSDT|01010|False|0 - -0,25|0,0 - 0,25|0,0 - 0,25|0,0 - 0,25|0 - -0,25|1
LINKUPUSDT|00101|False|0 - -0,25|0 - -0,25|0,0 - 0,25|0,0 - 0,25|0,0 - 0,25|1
LINKUPUSDT|00010|False|0,0 - 0,25|0 - -0,25|0 - -0,25|0,0 - 0,25|0,0 - 0,25|2
LINKUPUSDT|00000|False|0,0 - 0,25|0,0 - 0,25|0,0 - 0,25|0 - -0,25|0 - -0,25|3
LINKUPUSDT|00000|True|0 - -0,25|0,0 - 0,25|0,0 - 0,25|0,0 - 0,25|0 - -0,25|1
LINKUPUSDT|10000|True|0,0 - 0,25|0 - -0,25|0,0 - 0,25|0,0 - 0,25|0,0 - 0,25|1
LINKUPUSDT|11000|False|0,0 - 0,25|0,0 - 0,25|0 - -0,25|0,0 - 0,25|0,0 - 0,25|1
LINKUPUSDT|01100|False|0,0 - 0,25|0,0 - 0,25|0,0 - 0,25|0 - -0,25|0,0 - 0,25|1
LINKUPUSDT|00110|False|0 - -0,25|0,0 - 0,25|0,0 - 0,25|0,0 - 0,25|0 - -0,25|1
LINKUPUSDT|00011|False|0 - -0,25|0 - -0,25|0,0 - 0,25|0,0 - 0,25|0,0 - 0,25|1
LINKUPUSDT|00000|False|0,25 - 0,5|0 - -0,25|0 - -0,25|0 - -0,25|0 - -0,25|4
LINKUPUSDT|00000|False|0 - -0,25|0,25 - 0,5|0 - -0,25|0 - -0,25|0 - -0,25|4
LINKUPUSDT|00000|True|0 - -0,25|0 - -0,25|0,25 - 0,5|0 - -0,25|0 - -0,25|2
LINKUPUSDT|10000|True|0,0 - 0,25|0 - -0,25|0 - -0,25|0,25 - 0,5|0 - -0,25|1
LINKUPUSDT|11000|False|0,0 - 0,25|0,0 - 0,25|0 - -0,25|0 - -0,25|0,25 - 0,5|1
LINKUPUSDT|00000|False|0 - -0,25|0 - -0,25|0,25 - 0,5|0 - -0,25|0 - -0,25|2
LINKUPUSDT|00000|False|0 - -0,25|0 - -0,25|0 - -0,25|0,25 - 0,5|0 - -0,25|2
LINKUPUSDT|00000|False|0,0 - 0,25|0 - -0,25|0 - -0,25|0 - -0,25|0,25 - 0,5|2
LINKUPUSDT|00000|True|0 - -0,25|0,0 - 0,25|0 - -0,25|0 - -0,25|0 - -0,25|1
LINKUPUSDT|10000|False|0,0 - 0,25|0 - -0,25|0,0 - 0,25|0 - -0,25|0 - -0,25|1
LINKUPUSDT|01000|False|0 - -0,25|0,0 - 0,25|0 - -0,25|0,0 - 0,25|0 - -0,25|1
LINKUPUSDT|00100|False|0 - -0,25|0 - -0,25|0,0 - 0,25|0 - -0,25|0,0 - 0,25|3
LINKUPUSDT|00000|True|0 - -0,25|0,25 - 0,5|0 - -0,25|0 - -0,25|0 - -0,25|3
LINKUPUSDT|10000|False|0,0 - 0,25|0 - -0,25|0,25 - 0,5|0 - -0,25|0 - -0,25|1
LINKUPUSDT|01000|False|0 - -0,25|0,0 - 0,25|0 - -0,25|0,25 - 0,5|0 - -0,25|1
LINKUPUSDT|00100|False|0 - -0,25|0 - -0,25|0,0 - 0,25|0 - -0,25|0,25 - 0,5|1
LINKUPUSDT|00000|False|0,0 - 0,25|0,0 - 0,25|0,0 - 0,25|0,0 - 0,25|0 - -0,25|1
LINKUPUSDT|00000|True|0,0 - 0,25|0,0 - 0,25|0,0 - 0,25|0,0 - 0,25|0,0 - 0,25|1
LINKUPUSDT|10000|False|0,25 - 0,5|0,0 - 0,25|0,0 - 0,25|0,0 - 0,25|0,0 - 0,25|1
LINKUPUSDT|01000|False|0,0 - 0,25|0,25 - 0,5|0,0 - 0,25|0,0 - 0,25|0,0 - 0,25|1
LINKUPUSDT|00100|False|0 - -0,25|0,0 - 0,25|0,25 - 0,5|0,0 - 0,25|0,0 - 0,25|1
LINKUPUSDT|00100|False|0,0 - 0,25|0 - -0,25|0,0 - 0,25|0 - -0,25|0 - -0,25|1
LINKUPUSDT|00010|False|0 - -0,25|0,0 - 0,25|0 - -0,25|0,0 - 0,25|0 - -0,25|1
LINKUPUSDT|00000|False|0,0 - 0,25|0 - -0,25|0 - -0,25|0,0 - 0,25|0 - -0,25|2
LINKUPUSDT|00000|False|0 - -0,25|0,0 - 0,25|0 - -0,25|0 - -0,25|0,0 - 0,25|2
LINKUPUSDT|00000|True|0 - -0,25|0 - -0,25|0 - -0,25|0 - -0,25|0,0 - 0,25|1
LINKUPUSDT|00000|True|0,0 - 0,25|0 - -0,25|0 - -0,25|0,0 - 0,25|0 - -0,25|1
LINKUPUSDT|10000|False|0,0 - 0,25|0,0 - 0,25|0 - -0,25|0 - -0,25|0,0 - 0,25|1
LINKUPUSDT|00100|False|0 - -0,25|0 - -0,25|0,0 - 0,25|0,0 - 0,25|0 - -0,25|1
LINKUPUSDT|00010|False|0 - -0,25|0 - -0,25|0 - -0,25|0,0 - 0,25|0,0 - 0,25|1
LINKUPUSDT|00000|False|0,0 - 0,25|0 - -0,25|0,0 - 0,25|0 - -0,25|0 - -0,25|1
LINKUPUSDT|10000|False|0,0 - 0,25|0 - -0,25|0 - -0,25|0 - -0,25|0,0 - 0,25|3
LINKUPUSDT|00000|False|0,25 - 0,5|0 - -0,25|0 - -0,25|0,0 - 0,25|0,0 - 0,25|2
LINKUPUSDT|00000|False|0 - -0,25|0,25 - 0,5|0 - -0,25|0 - -0,25|0,0 - 0,25|2
LINKUPUSDT|00000|True|0,25 - 0,5|0 - -0,25|0,25 - 0,5|0 - -0,25|0 - -0,25|1
LINKUPUSDT|10000|False|0,0 - 0,25|0,25 - 0,5|0 - -0,25|0,25 - 0,5|0 - -0,25|1
LINKUPUSDT|01000|False|0 - -0,25|0,0 - 0,25|0,25 - 0,5|0 - -0,25|0,25 - 0,5|1
LINKUPUSDT|00100|False|0 - -0,25|0 - -0,25|0,0 - 0,25|0,25 - 0,5|0 - -0,25|1
LINKUPUSDT|00010|False|0 - -0,25|0 - -0,25|0 - -0,25|0,0 - 0,25|0,25 - 0,5|1
LINKUPUSDT|10000|False|0,0 - 0,25|0 - -0,25|0 - -0,25|0,25 - 0,5|0 - -0,25|1
LINKUPUSDT|01000|False|0,0 - 0,25|0,0 - 0,25|0 - -0,25|0 - -0,25|0,25 - 0,5|1
LINKUPUSDT|00100|True|0 - -0,25|0,0 - 0,25|0,0 - 0,25|0 - -0,25|0 - -0,25|1
LINKUPUSDT|10010|True|0,0 - 0,25|0 - -0,25|0,0 - 0,25|0,0 - 0,25|0 - -0,25|1
LINKUPUSDT|11001|True|0,0 - 0,25|0,0 - 0,25|0 - -0,25|0,0 - 0,25|0,0 - 0,25|1
LINKUPUSDT|11100|False|0,0 - 0,25|0,0 - 0,25|0,0 - 0,25|0 - -0,25|0,0 - 0,25|1
LINKUPUSDT|01110|False|0 - -0,25|0,0 - 0,25|0,0 - 0,25|0,0 - 0,25|0 - -0,25|1
LINKUPUSDT|00111|False|0,0 - 0,25|0 - -0,25|0,0 - 0,25|0,0 - 0,25|0,0 - 0,25|1
LINKUPUSDT|00011|False|0,0 - 0,25|0,0 - 0,25|0 - -0,25|0,0 - 0,25|0,0 - 0,25|1
LINKUPUSDT|00001|False|0,0 - 0,25|0,0 - 0,25|0,0 - 0,25|0 - -0,25|0,0 - 0,25|1
LINKUPUSDT|00000|False|0 - -0,25|0,0 - 0,25|0,0 - 0,25|0,0 - 0,25|0 - -0,25|2
LINKUPUSDT|00000|False|0 - -0,25|0 - -0,25|0,0 - 0,25|0,0 - 0,25|0,0 - 0,25|2
LINKUPUSDT|00010|False|0,25 - 0,5|0 - -0,25|0 - -0,25|0,0 - 0,25|0 - -0,25|1
LINKUPUSDT|00001|True|0 - -0,25|0,25 - 0,5|0 - -0,25|0 - -0,25|0,0 - 0,25|1
LINKUPUSDT|10000|False|0,25 - 0,5|0 - -0,25|0,25 - 0,5|0 - -0,25|0 - -0,25|2
LINKUPUSDT|01000|False|0,0 - 0,25|0,25 - 0,5|0 - -0,25|0,25 - 0,5|0 - -0,25|2
LINKUPUSDT|00100|False|0 - -0,25|0,0 - 0,25|0,25 - 0,5|0 - -0,25|0,25 - 0,5|1
LINKUPUSDT|00010|False|0 - -0,25|0 - -0,25|0,0 - 0,25|0,25 - 0,5|0 - -0,25|2
LINKUPUSDT|10001|False|0,0 - 0,25|0,0 - 0,25|0 - -0,25|0 - -0,25|0,0 - 0,25|2
LINKUPUSDT|01000|True|0 - -0,25|0,0 - 0,25|0,0 - 0,25|0 - -0,25|0 - -0,25|1
LINKUPUSDT|10100|False|0,25 - 0,5|0 - -0,25|0,0 - 0,25|0,0 - 0,25|0 - -0,25|1
LINKUPUSDT|01010|False|0 - -0,25|0,25 - 0,5|0 - -0,25|0,0 - 0,25|0,0 - 0,25|2
LINKUPUSDT|00010|True|0 - -0,25|0 - -0,25|0 - -0,25|0,0 - 0,25|0 - -0,25|1
LINKUPUSDT|10001|False|0,25 - 0,5|0 - -0,25|0 - -0,25|0 - -0,25|0,0 - 0,25|2
LINKUPUSDT|01000|False|0,0 - 0,25|0,25 - 0,5|0 - -0,25|0 - -0,25|0 - -0,25|1
LINKUPUSDT|00100|False|0 - -0,25|0,0 - 0,25|0,25 - 0,5|0 - -0,25|0 - -0,25|1
LINKUPUSDT|00001|False|0,25 - 0,5|0 - -0,25|0 - -0,25|0,0 - 0,25|0,25 - 0,5|1
LINKUPUSDT|00000|True|0,0 - 0,25|0 - -0,25|0,25 - 0,5|0 - -0,25|0 - -0,25|1
LINKUPUSDT|10000|False|0,25 - 0,5|0,0 - 0,25|0 - -0,25|0,25 - 0,5|0 - -0,25|1
LINKUPUSDT|01000|False|0 - -0,25|0,25 - 0,5|0,0 - 0,25|0 - -0,25|0,25 - 0,5|1
LINKUPUSDT|00100|False|0 - -0,25|0 - -0,25|0,25 - 0,5|0,0 - 0,25|0 - -0,25|1
LINKUPUSDT|00010|False|0,0 - 0,25|0 - -0,25|0 - -0,25|0,25 - 0,5|0,0 - 0,25|1
LINKUPUSDT|10000|False|0,25 - 0,5|0 - -0,25|0 - -0,25|0,0 - 0,25|0 - -0,25|1
LINKUPUSDT|01000|True|0,25 - 0,5|0,25 - 0,5|0 - -0,25|0 - -0,25|0,0 - 0,25|1
LINKUPUSDT|10100|True|0,0 - 0,25|0,25 - 0,5|0,25 - 0,5|0 - -0,25|0 - -0,25|1
LINKUPUSDT|11010|False|0,25 - 0,5|0,0 - 0,25|0,25 - 0,5|0,25 - 0,5|0 - -0,25|1
LINKUPUSDT|01101|False|0 - -0,25|0,25 - 0,5|0,0 - 0,25|0,25 - 0,5|0,25 - 0,5|1
LINKUPUSDT|00110|False|0,5 - 1|0 - -0,25|0,25 - 0,5|0,0 - 0,25|0,25 - 0,5|1
LINKUPUSDT|00011|False|0,0 - 0,25|0,5 - 1|0 - -0,25|0,25 - 0,5|0,0 - 0,25|1
LINKUPUSDT|00001|True|0,0 - 0,25|0,0 - 0,25|0,5 - 1|0 - -0,25|0,25 - 0,5|1
LINKUPUSDT|10000|False|0,0 - 0,25|0,0 - 0,25|0,0 - 0,25|0,5 - 1|0 - -0,25|1
LINKUPUSDT|01000|False|0,0 - 0,25|0,0 - 0,25|0,0 - 0,25|0,0 - 0,25|0,5 - 1|1
LINKUPUSDT|00001|False|0,0 - 0,25|0 - -0,25|0 - -0,25|0,0 - 0,25|0,0 - 0,25|1
LINKUPUSDT|00000|True|0 - -0,25|0,0 - 0,25|0 - -0,25|0 - -0,25|0,0 - 0,25|1
LINKUPUSDT|10000|False|0,25 - 0,5|0 - -0,25|0,0 - 0,25|0 - -0,25|0 - -0,25|1
LINKUPUSDT|01000|False|0 - -0,25|0,25 - 0,5|0 - -0,25|0,0 - 0,25|0 - -0,25|1
LINKUPUSDT|00100|False|0 - -0,25|0 - -0,25|0,25 - 0,5|0 - -0,25|0,0 - 0,25|1
LINKUPUSDT|00010|False|0,25 - 0,5|0 - -0,25|0 - -0,25|0,25 - 0,5|0 - -0,25|1
LINKUPUSDT|00001|False|0,0 - 0,25|0,25 - 0,5|0 - -0,25|0 - -0,25|0,25 - 0,5|1
LINKUPUSDT|00000|False|0,0 - 0,25|0,0 - 0,25|0,25 - 0,5|0 - -0,25|0 - -0,25|1
LINKUPUSDT|00000|False|0 - -0,25|0,0 - 0,25|0,0 - 0,25|0,25 - 0,5|0 - -0,25|1
LINKUPUSDT|00000|False|0,0 - 0,25|0 - -0,25|0,0 - 0,25|0,0 - 0,25|0,25 - 0,5|1
LINKUPUSDT|00000|False|0,0 - 0,25|0,0 - 0,25|0 - -0,25|0,0 - 0,25|0,0 - 0,25|1
LINKUPUSDT|00000|True|0,25 - 0,5|0,0 - 0,25|0,0 - 0,25|0 - -0,25|0,0 - 0,25|1
LINKUPUSDT|10000|False|0,0 - 0,25|0,25 - 0,5|0,0 - 0,25|0,0 - 0,25|0 - -0,25|1
LINKUPUSDT|01000|False|0,25 - 0,5|0,0 - 0,25|0,25 - 0,5|0,0 - 0,25|0,0 - 0,25|1
LINKUPUSDT|00100|False|0,0 - 0,25|0,25 - 0,5|0,0 - 0,25|0,25 - 0,5|0,0 - 0,25|1
LINKUPUSDT|00010|False|0,0 - 0,25|0,0 - 0,25|0,25 - 0,5|0,0 - 0,25|0,25 - 0,5|2
LINKUPUSDT|00001|False|0,0 - 0,25|0,0 - 0,25|0,0 - 0,25|0,25 - 0,5|0,0 - 0,25|1
LINKUPUSDT|00000|False|0 - -0,25|0,0 - 0,25|0,0 - 0,25|0,0 - 0,25|0,25 - 0,5|1
LINKUPUSDT|00000|False|0,0 - 0,25|0 - -0,25|0,0 - 0,25|0,0 - 0,25|0,0 - 0,25|1
LINKUPUSDT|00000|False|0,25 - 0,5|0,0 - 0,25|0 - -0,25|0,0 - 0,25|0,0 - 0,25|1
LINKUPUSDT|00000|False|0,0 - 0,25|0,25 - 0,5|0,0 - 0,25|0 - -0,25|0,0 - 0,25|1
LINKUPUSDT|00000|False|0 - -0,25|0,0 - 0,25|0,25 - 0,5|0,0 - 0,25|0 - -0,25|1
LINKUPUSDT|00000|True|0 - -0,25|0 - -0,25|0,0 - 0,25|0,25 - 0,5|0,0 - 0,25|1
LINKUPUSDT|10000|False|0,0 - 0,25|0 - -0,25|0 - -0,25|0,0 - 0,25|0,25 - 0,5|1
LINKUPUSDT|01000|False|0,25 - 0,5|0,0 - 0,25|0 - -0,25|0 - -0,25|0,0 - 0,25|1
LINKUPUSDT|00100|True|0,0 - 0,25|0,25 - 0,5|0,0 - 0,25|0 - -0,25|0 - -0,25|2
LINKUPUSDT|10010|False|0,25 - 0,5|0,0 - 0,25|0,25 - 0,5|0,0 - 0,25|0 - -0,25|1
LINKUPUSDT|01001|False|0,0 - 0,25|0,25 - 0,5|0,0 - 0,25|0,25 - 0,5|0,0 - 0,25|1
LINKUPUSDT|00100|False|0 - -0,25|0,0 - 0,25|0,25 - 0,5|0,0 - 0,25|0,25 - 0,5|1
LINKUPUSDT|10001|True|0,5 - 1|0 - -0,25|0 - -0,25|0,0 - 0,25|0,25 - 0,5|1
LINKUPUSDT|11000|False|0,0 - 0,25|0,5 - 1|0 - -0,25|0 - -0,25|0,0 - 0,25|1
LINKUPUSDT|01100|True|0 - -0,25|0,0 - 0,25|0,5 - 1|0 - -0,25|0 - -0,25|1
LINKUPUSDT|10110|True|0,25 - 0,5|0 - -0,25|0,0 - 0,25|0,5 - 1|0 - -0,25|1
LINKUPUSDT|11011|False|0,0 - 0,25|0,25 - 0,5|0 - -0,25|0,0 - 0,25|0,5 - 1|1
LINKUPUSDT|01101|False|0 - -0,25|0,0 - 0,25|0,25 - 0,5|0 - -0,25|0,0 - 0,25|1
LINKUPUSDT|00110|False|0 - -0,25|0 - -0,25|0,0 - 0,25|0,25 - 0,5|0 - -0,25|1
LINKUPUSDT|00011|False|0,0 - 0,25|0 - -0,25|0 - -0,25|0,0 - 0,25|0,25 - 0,5|1
LINKUPUSDT|00001|True|0,5 - 1|0,0 - 0,25|0 - -0,25|0 - -0,25|0,0 - 0,25|1
LINKUPUSDT|10000|False|0,5 - 1|0,5 - 1|0,0 - 0,25|0 - -0,25|0 - -0,25|1
LINKUPUSDT|01000|False|0 - -0,25|0,5 - 1|0,5 - 1|0,0 - 0,25|0 - -0,25|1
LINKUPUSDT|00100|False|0,5 - 1|0 - -0,25|0,5 - 1|0,5 - 1|0,0 - 0,25|1
LINKUPUSDT|00010|False|0 - -0,25|0,5 - 1|0 - -0,25|0,5 - 1|0,5 - 1|1
LINKUPUSDT|00001|True|0 - -0,25|0 - -0,25|0,5 - 1|0 - -0,25|0,5 - 1|1
LINKUPUSDT|10000|False|0,0 - 0,25|0 - -0,25|0 - -0,25|0,5 - 1|0 - -0,25|1
LINKUPUSDT|01000|False|0,25 - 0,5|0,0 - 0,25|0 - -0,25|0 - -0,25|0,5 - 1|1
LINKUPUSDT|10010|False|0,0 - 0,25|0,0 - 0,25|0,25 - 0,5|0,0 - 0,25|0 - -0,25|1
LINKUPUSDT|01001|True|0 - -0,25|0,0 - 0,25|0,0 - 0,25|0,25 - 0,5|0,0 - 0,25|1
LINKUPUSDT|10100|False|0,25 - 0,5|0 - -0,25|0,0 - 0,25|0,0 - 0,25|0,25 - 0,5|1
LINKUPUSDT|01001|True|0 - -0,25|0,0 - 0,25|0 - -0,25|0 - -0,25|0,25 - 0,5|1
LINKUPUSDT|10100|True|0,0 - 0,25|0 - -0,25|0,0 - 0,25|0 - -0,25|0 - -0,25|1
LINKUPUSDT|11010|True|0,0 - 0,25|0,0 - 0,25|0 - -0,25|0,0 - 0,25|0 - -0,25|1
LINKUPUSDT|11101|True|0,0 - 0,25|0,0 - 0,25|0,0 - 0,25|0 - -0,25|0,0 - 0,25|1
LINKUPUSDT|11110|False|0,0 - 0,25|0,0 - 0,25|0,0 - 0,25|0,0 - 0,25|0 - -0,25|1
LINKUPUSDT|01111|False|0,0 - 0,25|0,0 - 0,25|0,0 - 0,25|0,0 - 0,25|0,0 - 0,25|1
LINKUPUSDT|00111|True|0 - -0,25|0,0 - 0,25|0,0 - 0,25|0,0 - 0,25|0,0 - 0,25|2
LINKUPUSDT|10011|False|0,0 - 0,25|0 - -0,25|0,0 - 0,25|0,0 - 0,25|0,0 - 0,25|1
LINKUPUSDT|01001|False|0 - -0,25|0,0 - 0,25|0 - -0,25|0,0 - 0,25|0,0 - 0,25|2
LINKUPUSDT|00000|True|0 - -0,25|0 - -0,25|0 - -0,25|0,0 - 0,25|0,0 - 0,25|1
LINKUPUSDT|01000|True|0 - -0,25|0,25 - 0,5|0 - -0,25|0 - -0,25|0 - -0,25|1
LINKUPUSDT|10100|True|0,0 - 0,25|0 - -0,25|0,25 - 0,5|0 - -0,25|0 - -0,25|1
LINKUPUSDT|11010|False|0,0 - 0,25|0,0 - 0,25|0 - -0,25|0,25 - 0,5|0 - -0,25|1
LINKUPUSDT|01101|False|0 - -0,25|0,0 - 0,25|0,0 - 0,25|0 - -0,25|0,25 - 0,5|1
LINKUPUSDT|10000|True|0,5 - 1|0 - -0,25|0 - -0,25|0 - -0,25|0 - -0,25|1
LINKUPUSDT|11000|False|0,0 - 0,25|0,5 - 1|0 - -0,25|0 - -0,25|0 - -0,25|1
LINKUPUSDT|01100|False|0 - -0,25|0,0 - 0,25|0,5 - 1|0 - -0,25|0 - -0,25|1
LINKUPUSDT|00110|False|0 - -0,25|0 - -0,25|0,0 - 0,25|0,5 - 1|0 - -0,25|1
LINKUPUSDT|00011|True|0,0 - 0,25|0 - -0,25|0 - -0,25|0,0 - 0,25|0,5 - 1|1
LINKUPUSDT|01000|False|0,0 - 0,25|0,0 - 0,25|0,0 - 0,25|0 - -0,25|0 - -0,25|1
LINKUPUSDT|00100|False|0 - -0,25|0,0 - 0,25|0,0 - 0,25|0,0 - 0,25|0 - -0,25|1
LINKUPUSDT|00001|True|0 - -0,25|0 - -0,25|0 - -0,25|0,0 - 0,25|0,0 - 0,25|1
LINKUPUSDT|01000|False|0,25 - 0,5|0,0 - 0,25|0 - -0,25|0 - -0,25|0 - -0,25|2
LINKUPUSDT|00100|False|0,0 - 0,25|0,25 - 0,5|0,0 - 0,25|0 - -0,25|0 - -0,25|1
LINKUPUSDT|00010|False|0 - -0,25|0,0 - 0,25|0,25 - 0,5|0,0 - 0,25|0 - -0,25|1
LINKUPUSDT|00001|False|0 - -0,25|0 - -0,25|0,0 - 0,25|0,25 - 0,5|0,0 - 0,25|1
LINKUPUSDT|00000|False|0,25 - 0,5|0 - -0,25|0 - -0,25|0 - -0,25|0,0 - 0,25|2
LINKUPUSDT|00000|False|0,5 - 1|0,0 - 0,25|0 - -0,25|0 - -0,25|0 - -0,25|1
LINKUPUSDT|00000|False|0,0 - 0,25|0,5 - 1|0,0 - 0,25|0 - -0,25|0 - -0,25|1
LINKUPUSDT|00000|False|0 - -0,25|0,0 - 0,25|0,5 - 1|0,0 - 0,25|0 - -0,25|1
LINKUPUSDT|00000|True|0 - -0,25|0 - -0,25|0,0 - 0,25|0,5 - 1|0,0 - 0,25|1
LINKUPUSDT|10000|True|0,0 - 0,25|0 - -0,25|0 - -0,25|0,0 - 0,25|0,5 - 1|1
LINKUPUSDT|11000|False|0,0 - 0,25|0,0 - 0,25|0 - -0,25|0 - -0,25|0,0 - 0,25|2
LINKUPUSDT|01100|False|0,25 - 0,5|0,0 - 0,25|0,0 - 0,25|0 - -0,25|0 - -0,25|1
LINKUPUSDT|00110|False|0,0 - 0,25|0,25 - 0,5|0,0 - 0,25|0,0 - 0,25|0 - -0,25|1
LINKUPUSDT|00011|False|0 - -0,25|0,0 - 0,25|0,25 - 0,5|0,0 - 0,25|0,0 - 0,25|1
LINKUPUSDT|00001|True|0 - -0,25|0 - -0,25|0,0 - 0,25|0,25 - 0,5|0,0 - 0,25|1
LINKUPUSDT|10000|True|0,0 - 0,25|0 - -0,25|0 - -0,25|0,0 - 0,25|0,25 - 0,5|1
LINKUPUSDT|00011|True|0 - -0,25|0 - -0,25|0 - -0,25|0,0 - 0,25|0,0 - 0,25|1
LINKUPUSDT|00100|False|0,0 - 0,25|0 - -0,25|0,25 - 0,5|0 - -0,25|0 - -0,25|1
LINKUPUSDT|00010|True|0,0 - 0,25|0,0 - 0,25|0 - -0,25|0,25 - 0,5|0 - -0,25|1
LINKUPUSDT|10001|False|0,25 - 0,5|0,0 - 0,25|0,0 - 0,25|0 - -0,25|0,25 - 0,5|1
LINKUPUSDT|01000|False|0 - -0,25|0,25 - 0,5|0,0 - 0,25|0,0 - 0,25|0 - -0,25|1
LINKUPUSDT|00100|False|0 - -0,25|0 - -0,25|0,25 - 0,5|0,0 - 0,25|0,0 - 0,25|1
LINKUPUSDT|00010|False|0 - -0,25|0 - -0,25|0 - -0,25|0,25 - 0,5|0,0 - 0,25|1
LINKUPUSDT|00001|False|0,25 - 0,5|0 - -0,25|0 - -0,25|0 - -0,25|0,25 - 0,5|1
LINKUPUSDT|10000|True|0,0 - 0,25|0 - -0,25|0,25 - 0,5|0 - -0,25|0 - -0,25|1
LINKUPUSDT|11000|False|0,25 - 0,5|0,0 - 0,25|0 - -0,25|0,25 - 0,5|0 - -0,25|1
LINKUPUSDT|01100|False|0,25 - 0,5|0,25 - 0,5|0,0 - 0,25|0 - -0,25|0,25 - 0,5|1
LINKUPUSDT|00110|False|0,0 - 0,25|0,25 - 0,5|0,25 - 0,5|0,0 - 0,25|0 - -0,25|1
LINKUPUSDT|00011|False|0 - -0,25|0,0 - 0,25|0,25 - 0,5|0,25 - 0,5|0,0 - 0,25|1
LINKUPUSDT|00001|False|0 - -0,25|0 - -0,25|0,0 - 0,25|0,25 - 0,5|0,25 - 0,5|1
LINKUPUSDT|00100|True|0 - -0,25|0,0 - 0,25|0,25 - 0,5|0 - -0,25|0,25 - 0,5|1
LINKUPUSDT|10010|False|0,0 - 0,25|0 - -0,25|0,0 - 0,25|0,25 - 0,5|0 - -0,25|2
LINKUPUSDT|01001|False|0 - -0,25|0,0 - 0,25|0 - -0,25|0,0 - 0,25|0,25 - 0,5|1
LINKUPUSDT|00100|False|0,0 - 0,25|0 - -0,25|0,0 - 0,25|0 - -0,25|0,0 - 0,25|1
LINKUPUSDT|00010|False|0,0 - 0,25|0,0 - 0,25|0 - -0,25|0,0 - 0,25|0 - -0,25|1
LINKUPUSDT|00001|False|0 - -0,25|0,0 - 0,25|0,0 - 0,25|0 - -0,25|0,0 - 0,25|1
LINKUPUSDT|00000|False|0,25 - 0,5|0 - -0,25|0,0 - 0,25|0,0 - 0,25|0 - -0,25|1
LINKUPUSDT|00000|True|0,0 - 0,25|0,25 - 0,5|0 - -0,25|0,0 - 0,25|0,0 - 0,25|1
LINKUPUSDT|10000|False|0,0 - 0,25|0,0 - 0,25|0,25 - 0,5|0 - -0,25|0,0 - 0,25|1
LINKUPUSDT|01000|False|0 - -0,25|0,0 - 0,25|0,0 - 0,25|0,25 - 0,5|0 - -0,25|1
LINKUPUSDT|00100|False|0 - -0,25|0 - -0,25|0,0 - 0,25|0,0 - 0,25|0,25 - 0,5|1
LINKUPUSDT|00000|False|0,5 - 1|0,0 - 0,25|0,0 - 0,25|0 - -0,25|0 - -0,25|1
LINKUPUSDT|00000|False|0 - -0,25|0,5 - 1|0,0 - 0,25|0,0 - 0,25|0 - -0,25|1
LINKUPUSDT|00000|True|0,0 - 0,25|0 - -0,25|0,5 - 1|0,0 - 0,25|0,0 - 0,25|1
LINKUPUSDT|10000|False|0,0 - 0,25|0,0 - 0,25|0 - -0,25|0,5 - 1|0,0 - 0,25|1
LINKUPUSDT|01000|False|0 - -0,25|0,0 - 0,25|0,0 - 0,25|0 - -0,25|0,5 - 1|1
LINKUPUSDT|00100|False|0,5 - 1|0 - -0,25|0,0 - 0,25|0,0 - 0,25|0 - -0,25|1
LINKUPUSDT|00010|False|0,25 - 0,5|0,5 - 1|0 - -0,25|0,0 - 0,25|0,0 - 0,25|1
LINKUPUSDT|00001|True|2 - 3|0,25 - 0,5|0,5 - 1|0 - -0,25|0,0 - 0,25|1
LINKUPUSDT|10000|False|1 - 2|2 - 3|0,25 - 0,5|0,5 - 1|0 - -0,25|1
LINKUPUSDT|01000|True|0,5 - 1|1 - 2|2 - 3|0,25 - 0,5|0,5 - 1|1
LINKUPUSDT|10100|False|0,25 - 0,5|0,5 - 1|1 - 2|2 - 3|0,25 - 0,5|1
LINKUPUSDT|01010|False|0,5 - 1|0,25 - 0,5|0,5 - 1|1 - 2|2 - 3|1
LINKUPUSDT|00101|False|0,5 - 1|0,5 - 1|0,25 - 0,5|0,5 - 1|1 - 2|1
LINKUPUSDT|00010|True|0,5 - 1|0,5 - 1|0,5 - 1|0,25 - 0,5|0,5 - 1|1
LINKUPUSDT|10001|False|1 - 2|0,5 - 1|0,5 - 1|0,5 - 1|0,25 - 0,5|1
LINKUPUSDT|01000|False|0,5 - 1|1 - 2|0,5 - 1|0,5 - 1|0,5 - 1|1
LINKUPUSDT|00100|True|0,25 - 0,5|0,5 - 1|1 - 2|0,5 - 1|0,5 - 1|1
LINKUPUSDT|10010|True|0,5 - 1|0,25 - 0,5|0,5 - 1|1 - 2|0,5 - 1|1
LINKUPUSDT|11001|False|0,25 - 0,5|0,5 - 1|0,25 - 0,5|0,5 - 1|1 - 2|1
LINKUPUSDT|01100|True|0,0 - 0,25|0,25 - 0,5|0,5 - 1|0,25 - 0,5|0,5 - 1|1
LINKUPUSDT|10110|True|0,5 - 1|0,0 - 0,25|0,25 - 0,5|0,5 - 1|0,25 - 0,5|1
LINKUPUSDT|11011|False|0,25 - 0,5|0,5 - 1|0,0 - 0,25|0,25 - 0,5|0,5 - 1|1
LINKUPUSDT|01101|False|0,25 - 0,5|0,25 - 0,5|0,5 - 1|0,0 - 0,25|0,25 - 0,5|1
LINKUPUSDT|00110|False|0,0 - 0,25|0,25 - 0,5|0,25 - 0,5|0,5 - 1|0,0 - 0,25|1
LINKUPUSDT|00011|False|0,5 - 1|0,0 - 0,25|0,25 - 0,5|0,25 - 0,5|0,5 - 1|1
LINKUPUSDT|00001|False|0,5 - 1|0,5 - 1|0,0 - 0,25|0,25 - 0,5|0,25 - 0,5|2
LINKUPUSDT|00000|True|0,25 - 0,5|0,5 - 1|0,5 - 1|0,0 - 0,25|0,25 - 0,5|1
LINKUPUSDT|10000|False|0,25 - 0,5|0,25 - 0,5|0,5 - 1|0,5 - 1|0,0 - 0,25|1
LINKUPUSDT|01000|False|0,25 - 0,5|0,25 - 0,5|0,25 - 0,5|0,5 - 1|0,5 - 1|1
LINKUPUSDT|00100|False|0,5 - 1|0,25 - 0,5|0,25 - 0,5|0,25 - 0,5|0,5 - 1|1
LINKUPUSDT|00010|False|0,0 - 0,25|0,5 - 1|0,25 - 0,5|0,25 - 0,5|0,25 - 0,5|1
LINKUPUSDT|00001|False|0,25 - 0,5|0,0 - 0,25|0,5 - 1|0,25 - 0,5|0,25 - 0,5|1
LINKUPUSDT|00000|False|0 - -0,25|0,25 - 0,5|0,0 - 0,25|0,5 - 1|0,25 - 0,5|1
LINKUPUSDT|00000|False|0,25 - 0,5|0 - -0,25|0,25 - 0,5|0,0 - 0,25|0,5 - 1|1
LINKUPUSDT|00000|False|0,0 - 0,25|0,25 - 0,5|0 - -0,25|0,25 - 0,5|0,0 - 0,25|1
LINKUPUSDT|00000|True|0 - -0,25|0,0 - 0,25|0,25 - 0,5|0 - -0,25|0,25 - 0,5|1
LINKUPUSDT|10000|False|0,25 - 0,5|0 - -0,25|0,0 - 0,25|0,25 - 0,5|0 - -0,25|1
LINKUPUSDT|01000|True|0,25 - 0,5|0,25 - 0,5|0 - -0,25|0,0 - 0,25|0,25 - 0,5|1
LINKUPUSDT|10100|False|0,0 - 0,25|0,25 - 0,5|0,25 - 0,5|0 - -0,25|0,0 - 0,25|1
LINKUPUSDT|01010|False|0,0 - 0,25|0,0 - 0,25|0,25 - 0,5|0,25 - 0,5|0 - -0,25|1
LINKUPUSDT|00101|False|0,5 - 1|0,0 - 0,25|0,0 - 0,25|0,25 - 0,5|0,25 - 0,5|1
LINKUPUSDT|00010|False|0,0 - 0,25|0,5 - 1|0,0 - 0,25|0,0 - 0,25|0,25 - 0,5|1
LINKUPUSDT|00001|True|0,0 - 0,25|0,0 - 0,25|0,5 - 1|0,0 - 0,25|0,0 - 0,25|1
LINKUPUSDT|10000|True|0,25 - 0,5|0,0 - 0,25|0,0 - 0,25|0,5 - 1|0,0 - 0,25|1
LINKUPUSDT|11000|True|0,25 - 0,5|0,25 - 0,5|0,0 - 0,25|0,0 - 0,25|0,5 - 1|1
LINKUPUSDT|11100|False|0,5 - 1|0,25 - 0,5|0,25 - 0,5|0,0 - 0,25|0,0 - 0,25|1
LINKUPUSDT|01110|False|0,0 - 0,25|0,5 - 1|0,25 - 0,5|0,25 - 0,5|0,0 - 0,25|1
LINKUPUSDT|00111|False|0,5 - 1|0,0 - 0,25|0,5 - 1|0,25 - 0,5|0,25 - 0,5|1
LINKUPUSDT|00011|False|0,5 - 1|0,5 - 1|0,0 - 0,25|0,5 - 1|0,25 - 0,5|1
LINKUPUSDT|00001|False|0,25 - 0,5|0,5 - 1|0,5 - 1|0,0 - 0,25|0,5 - 1|1
LINKUPUSDT|00000|False|0,5 - 1|0,25 - 0,5|0,5 - 1|0,5 - 1|0,0 - 0,25|1
LINKUPUSDT|00000|False|0,5 - 1|0,5 - 1|0,25 - 0,5|0,5 - 1|0,5 - 1|1
LINKUPUSDT|00000|True|1 - 2|0,5 - 1|0,5 - 1|0,25 - 0,5|0,5 - 1|1
LINKUPUSDT|10000|True|1 - 2|1 - 2|0,5 - 1|0,5 - 1|0,25 - 0,5|1
LINKUPUSDT|11000|True|0,25 - 0,5|1 - 2|1 - 2|0,5 - 1|0,5 - 1|1
LINKUPUSDT|11100|True|0,25 - 0,5|0,25 - 0,5|1 - 2|1 - 2|0,5 - 1|1
LINKUPUSDT|11110|True|0,5 - 1|0,25 - 0,5|0,25 - 0,5|1 - 2|1 - 2|1
LINKUPUSDT|11111|True|0,0 - 0,25|0,5 - 1|0,25 - 0,5|0,25 - 0,5|1 - 2|1
LINKUPUSDT|11111|True|0,0 - 0,25|0,0 - 0,25|0,5 - 1|0,25 - 0,5|0,25 - 0,5|1
LINKUPUSDT|11111|False|0,0 - 0,25|0,0 - 0,25|0,0 - 0,25|0,5 - 1|0,25 - 0,5|2
LINKUPUSDT|01111|True|0,5 - 1|0,0 - 0,25|0,0 - 0,25|0,0 - 0,25|0,5 - 1|1
LINKUPUSDT|10111|False|0,0 - 0,25|0,5 - 1|0,0 - 0,25|0,0 - 0,25|0,0 - 0,25|1
LINKUPUSDT|01011|True|0,25 - 0,5|0,0 - 0,25|0,5 - 1|0,0 - 0,25|0,0 - 0,25|1
LINKUPUSDT|10101|False|0,25 - 0,5|0,25 - 0,5|0,0 - 0,25|0,5 - 1|0,0 - 0,25|1
LINKUPUSDT|01010|False|0,25 - 0,5|0,25 - 0,5|0,25 - 0,5|0,0 - 0,25|0,5 - 1|1
LINKUPUSDT|00101|True|0,25 - 0,5|0,25 - 0,5|0,25 - 0,5|0,25 - 0,5|0,0 - 0,25|1
LINKUPUSDT|10010|True|1 - 2|0,25 - 0,5|0,25 - 0,5|0,25 - 0,5|0,25 - 0,5|1
LINKUPUSDT|11001|True|0,0 - 0,25|1 - 2|0,25 - 0,5|0,25 - 0,5|0,25 - 0,5|1
LINKUPUSDT|11100|False|0,0 - 0,25|0,0 - 0,25|1 - 2|0,25 - 0,5|0,25 - 0,5|1
LINKUPUSDT|01110|False|0,25 - 0,5|0,0 - 0,25|0,0 - 0,25|1 - 2|0,25 - 0,5|1
LINKUPUSDT|00111|True|0 - -0,25|0,25 - 0,5|0,0 - 0,25|0,0 - 0,25|1 - 2|1
LINKUPUSDT|10011|True|0,0 - 0,25|0 - -0,25|0,25 - 0,5|0,0 - 0,25|0,0 - 0,25|1
LINKUPUSDT|11001|False|0,0 - 0,25|0,0 - 0,25|0 - -0,25|0,25 - 0,5|0,0 - 0,25|1
LINKUPUSDT|01100|True|0,5 - 1|0,0 - 0,25|0,0 - 0,25|0 - -0,25|0,25 - 0,5|1
LINKUPUSDT|10110|True|0,5 - 1|0,5 - 1|0,0 - 0,25|0,0 - 0,25|0 - -0,25|1
LINKUPUSDT|11011|True|0,5 - 1|0,5 - 1|0,5 - 1|0,0 - 0,25|0,0 - 0,25|1
LINKUPUSDT|11101|False|0,0 - 0,25|0,5 - 1|0,5 - 1|0,5 - 1|0,0 - 0,25|1
LINKUPUSDT|01110|False|0,25 - 0,5|0,0 - 0,25|0,5 - 1|0,5 - 1|0,5 - 1|1
LINKUPUSDT|00111|True|0,25 - 0,5|0,25 - 0,5|0,0 - 0,25|0,5 - 1|0,5 - 1|1
LINKUPUSDT|10011|True|0,0 - 0,25|0,25 - 0,5|0,25 - 0,5|0,0 - 0,25|0,5 - 1|1
LINKUPUSDT|11001|False|0,25 - 0,5|0,0 - 0,25|0,25 - 0,5|0,25 - 0,5|0,0 - 0,25|1
LINKUPUSDT|01100|False|0,0 - 0,25|0,25 - 0,5|0,0 - 0,25|0,25 - 0,5|0,25 - 0,5|1
LINKUPUSDT|00110|False|0,0 - 0,25|0,0 - 0,25|0,25 - 0,5|0,0 - 0,25|0,25 - 0,5|1
LINKUPUSDT|00011|False|0,5 - 1|0,0 - 0,25|0,0 - 0,25|0,25 - 0,5|0,0 - 0,25|1
LINKUPUSDT|00001|False|0,0 - 0,25|0,5 - 1|0,0 - 0,25|0,0 - 0,25|0,25 - 0,5|1
LINKUPUSDT|00000|False|0,25 - 0,5|0,0 - 0,25|0,5 - 1|0,0 - 0,25|0,0 - 0,25|1
LINKUPUSDT|00000|False|0,5 - 1|0,25 - 0,5|0,0 - 0,25|0,5 - 1|0,0 - 0,25|1
LINKUPUSDT|00000|False|0 - -0,25|0,5 - 1|0,25 - 0,5|0,0 - 0,25|0,5 - 1|1
LINKUPUSDT|00000|False|0,25 - 0,5|0 - -0,25|0,5 - 1|0,25 - 0,5|0,0 - 0,25|1
LINKUPUSDT|00000|True|0,25 - 0,5|0,25 - 0,5|0 - -0,25|0,5 - 1|0,25 - 0,5|1
LINKUPUSDT|10000|False|0,0 - 0,25|0,25 - 0,5|0,25 - 0,5|0 - -0,25|0,5 - 1|1
LINKUPUSDT|01000|False|0,25 - 0,5|0,0 - 0,25|0,25 - 0,5|0,25 - 0,5|0 - -0,25|1
LINKUPUSDT|00100|False|0,0 - 0,25|0,25 - 0,5|0,0 - 0,25|0,25 - 0,5|0,25 - 0,5|1
LINKUPUSDT|00001|True|0,25 - 0,5|0,0 - 0,25|0,0 - 0,25|0,25 - 0,5|0,0 - 0,25|1
LINKUPUSDT|10000|False|0,0 - 0,25|0,25 - 0,5|0,0 - 0,25|0,0 - 0,25|0,25 - 0,5|1
LINKUPUSDT|01000|False|0 - -0,25|0,0 - 0,25|0,25 - 0,5|0,0 - 0,25|0,0 - 0,25|1
LINKUPUSDT|00100|False|0,5 - 1|0 - -0,25|0,0 - 0,25|0,25 - 0,5|0,0 - 0,25|1
LINKUPUSDT|00010|True|0,25 - 0,5|0,5 - 1|0 - -0,25|0,0 - 0,25|0,25 - 0,5|1
LINKUPUSDT|10001|True|0,25 - 0,5|0,25 - 0,5|0,5 - 1|0 - -0,25|0,0 - 0,25|1
LINKUPUSDT|11000|False|0,25 - 0,5|0,25 - 0,5|0,25 - 0,5|0,5 - 1|0 - -0,25|1
LINKUPUSDT|01100|False|0 - -0,25|0,25 - 0,5|0,25 - 0,5|0,25 - 0,5|0,5 - 1|1
LINKUPUSDT|00110|False|0,0 - 0,25|0 - -0,25|0,25 - 0,5|0,25 - 0,5|0,25 - 0,5|1
LINKUPUSDT|00011|True|0,5 - 1|0,0 - 0,25|0 - -0,25|0,25 - 0,5|0,25 - 0,5|1
LINKUPUSDT|10001|True|0,25 - 0,5|0,5 - 1|0,0 - 0,25|0 - -0,25|0,25 - 0,5|1
LINKUPUSDT|11000|False|0,25 - 0,5|0,25 - 0,5|0,5 - 1|0,0 - 0,25|0 - -0,25|1
LINKUPUSDT|01100|False|0,0 - 0,25|0,25 - 0,5|0,25 - 0,5|0,5 - 1|0,0 - 0,25|1
LINKUPUSDT|00110|False|0,5 - 1|0,0 - 0,25|0,25 - 0,5|0,25 - 0,5|0,5 - 1|1
LINKUPUSDT|00011|True|0,0 - 0,25|0,5 - 1|0,0 - 0,25|0,25 - 0,5|0,25 - 0,5|1
LINKUPUSDT|10001|False|0,25 - 0,5|0,0 - 0,25|0,5 - 1|0,0 - 0,25|0,25 - 0,5|1
LINKUPUSDT|01000|False|0,0 - 0,25|0,25 - 0,5|0,0 - 0,25|0,5 - 1|0,0 - 0,25|1
LINKUPUSDT|00100|False|0,0 - 0,25|0,0 - 0,25|0,25 - 0,5|0,0 - 0,25|0,5 - 1|1
LINKUPUSDT|00010|True|0,25 - 0,5|0,0 - 0,25|0,0 - 0,25|0,25 - 0,5|0,0 - 0,25|1
LINKUPUSDT|10001|True|0,25 - 0,5|0,25 - 0,5|0,0 - 0,25|0,0 - 0,25|0,25 - 0,5|1
LINKUPUSDT|11000|False|0,5 - 1|0,25 - 0,5|0,25 - 0,5|0,0 - 0,25|0,0 - 0,25|1
LINKUPUSDT|01100|True|0,25 - 0,5|0,5 - 1|0,25 - 0,5|0,25 - 0,5|0,0 - 0,25|1
LINKUPUSDT|10110|False|0,0 - 0,25|0,25 - 0,5|0,5 - 1|0,25 - 0,5|0,25 - 0,5|1
LINKUPUSDT|01011|False|0,0 - 0,25|0,0 - 0,25|0,25 - 0,5|0,5 - 1|0,25 - 0,5|1
LINKUPUSDT|00101|True|0,5 - 1|0,0 - 0,25|0,0 - 0,25|0,25 - 0,5|0,5 - 1|1
LINKUPUSDT|10010|True|0,5 - 1|0,5 - 1|0,0 - 0,25|0,0 - 0,25|0,25 - 0,5|1
LINKUPUSDT|11001|True|0,0 - 0,25|0,5 - 1|0,5 - 1|0,0 - 0,25|0,0 - 0,25|1
LINKUPUSDT|11100|True|0,5 - 1|0,0 - 0,25|0,5 - 1|0,5 - 1|0,0 - 0,25|1
LINKUPUSDT|11110|True|0,25 - 0,5|0,5 - 1|0,0 - 0,25|0,5 - 1|0,5 - 1|1
LINKUPUSDT|11111|True|0,0 - 0,25|0,25 - 0,5|0,5 - 1|0,0 - 0,25|0,5 - 1|1
LINKUPUSDT|11111|True|0,25 - 0,5|0,0 - 0,25|0,25 - 0,5|0,5 - 1|0,0 - 0,25|1
LINKUPUSDT|11111|True|0,25 - 0,5|0,25 - 0,5|0,0 - 0,25|0,25 - 0,5|0,5 - 1|1
LINKUPUSDT|11111|False|0,0 - 0,25|0,25 - 0,5|0,25 - 0,5|0,0 - 0,25|0,25 - 0,5|1
LINKUPUSDT|01111|True|0,25 - 0,5|0,0 - 0,25|0,25 - 0,5|0,25 - 0,5|0,0 - 0,25|1
LINKUPUSDT|10111|False|0,0 - 0,25|0,25 - 0,5|0,0 - 0,25|0,25 - 0,5|0,25 - 0,5|1
LINKUPUSDT|01011|False|0,0 - 0,25|0,0 - 0,25|0,25 - 0,5|0,0 - 0,25|0,25 - 0,5|1
LINKUPUSDT|00101|False|0,0 - 0,25|0,0 - 0,25|0,0 - 0,25|0,25 - 0,5|0,0 - 0,25|1
LINKUPUSDT|00010|True|0,0 - 0,25|0,0 - 0,25|0,0 - 0,25|0,0 - 0,25|0,25 - 0,5|1
LINKUPUSDT|10001|True|0,0 - 0,25|0,0 - 0,25|0,0 - 0,25|0,0 - 0,25|0,0 - 0,25|1
LINKUPUSDT|11000|True|1 - 2|0,0 - 0,25|0,0 - 0,25|0,0 - 0,25|0,0 - 0,25|1
LINKUPUSDT|11100|False|0,25 - 0,5|1 - 2|0,0 - 0,25|0,0 - 0,25|0,0 - 0,25|1
LINKUPUSDT|01110|False|0,0 - 0,25|0,25 - 0,5|1 - 2|0,0 - 0,25|0,0 - 0,25|1
LINKUPUSDT|00111|False|0,25 - 0,5|0,0 - 0,25|0,25 - 0,5|1 - 2|0,0 - 0,25|1
LINKUPUSDT|00011|False|0,0 - 0,25|0,25 - 0,5|0,0 - 0,25|0,25 - 0,5|1 - 2|1
LINKUPUSDT|00001|True|0,5 - 1|0,0 - 0,25|0,25 - 0,5|0,0 - 0,25|0,25 - 0,5|1
LINKUPUSDT|10000|True|0,25 - 0,5|0,5 - 1|0,0 - 0,25|0,25 - 0,5|0,0 - 0,25|1
LINKUPUSDT|11000|True|0,5 - 1|0,25 - 0,5|0,5 - 1|0,0 - 0,25|0,25 - 0,5|1
LINKUPUSDT|11100|False|0,25 - 0,5|0,5 - 1|0,25 - 0,5|0,5 - 1|0,0 - 0,25|1
LINKUPUSDT|01110|False|0 - -0,25|0,25 - 0,5|0,5 - 1|0,25 - 0,5|0,5 - 1|1
LINKUPUSDT|00111|False|0 - -0,25|0 - -0,25|0,25 - 0,5|0,5 - 1|0,25 - 0,5|1
LINKUPUSDT|00011|True|0 - -0,25|0 - -0,25|0 - -0,25|0,25 - 0,5|0,5 - 1|1
LINKUPUSDT|10001|False|0,0 - 0,25|0 - -0,25|0 - -0,25|0 - -0,25|0,25 - 0,5|1
LINKUPUSDT|00100|False|0,25 - 0,5|0,25 - 0,5|0,0 - 0,25|0 - -0,25|0 - -0,25|1
LINKUPUSDT|00010|True|0,5 - 1|0,25 - 0,5|0,25 - 0,5|0,0 - 0,25|0 - -0,25|1
LINKUPUSDT|10001|False|0,5 - 1|0,5 - 1|0,25 - 0,5|0,25 - 0,5|0,0 - 0,25|1
LINKUPUSDT|01000|False|0,25 - 0,5|0,5 - 1|0,5 - 1|0,25 - 0,5|0,25 - 0,5|2
LINKUPUSDT|00100|False|0,5 - 1|0,25 - 0,5|0,5 - 1|0,5 - 1|0,25 - 0,5|1
LINKUPUSDT|00010|True|0,5 - 1|0,5 - 1|0,25 - 0,5|0,5 - 1|0,5 - 1|1
LINKUPUSDT|10001|False|1 - 2|0,5 - 1|0,5 - 1|0,25 - 0,5|0,5 - 1|1
LINKUPUSDT|01000|False|0,5 - 1|1 - 2|0,5 - 1|0,5 - 1|0,25 - 0,5|1
LINKUPUSDT|00100|True|1 - 2|0,5 - 1|1 - 2|0,5 - 1|0,5 - 1|1
LINKUPUSDT|10010|False|0,5 - 1|1 - 2|0,5 - 1|1 - 2|0,5 - 1|1
LINKUPUSDT|01001|False|0,5 - 1|0,5 - 1|1 - 2|0,5 - 1|1 - 2|1
LINKUPUSDT|00100|True|1 - 2|0,5 - 1|0,5 - 1|1 - 2|0,5 - 1|1
LINKUPUSDT|10010|False|1 - 2|1 - 2|0,5 - 1|0,5 - 1|1 - 2|1
LINKUPUSDT|01001|True|1 - 2|1 - 2|1 - 2|0,5 - 1|0,5 - 1|1
LINKUPUSDT|10100|False|0,5 - 1|1 - 2|1 - 2|1 - 2|0,5 - 1|1
LINKUPUSDT|01010|False|0,25 - 0,5|0,5 - 1|1 - 2|1 - 2|1 - 2|1
LINKUPUSDT|00101|False|0,25 - 0,5|0,25 - 0,5|0,5 - 1|1 - 2|1 - 2|1
LINKUPUSDT|00010|True|1 - 2|0,25 - 0,5|0,25 - 0,5|0,5 - 1|1 - 2|1
LINKUPUSDT|10001|True|1 - 2|1 - 2|0,25 - 0,5|0,25 - 0,5|0,5 - 1|1
LINKUPUSDT|11000|False|0,5 - 1|1 - 2|1 - 2|0,25 - 0,5|0,25 - 0,5|1
LINKUPUSDT|01100|False|1 - 2|0,5 - 1|1 - 2|1 - 2|0,25 - 0,5|1
LINKUPUSDT|00110|True|1 - 2|1 - 2|0,5 - 1|1 - 2|1 - 2|1
LINKUPUSDT|10011|False|1 - 2|1 - 2|1 - 2|0,5 - 1|1 - 2|1
LINKUPUSDT|01001|False|0,25 - 0,5|1 - 2|1 - 2|1 - 2|0,5 - 1|1
LINKUPUSDT|00100|False|0,5 - 1|0,25 - 0,5|1 - 2|1 - 2|1 - 2|1
LINKUPUSDT|00010|False|1 - 2|0,5 - 1|0,25 - 0,5|1 - 2|1 - 2|1
LINKUPUSDT|00001|True|3 - 4|1 - 2|0,5 - 1|0,25 - 0,5|1 - 2|1
LINKUPUSDT|10000|False|1 - 2|3 - 4|1 - 2|0,5 - 1|0,25 - 0,5|1
LINKUPUSDT|01000|True|0,5 - 1|1 - 2|3 - 4|1 - 2|0,5 - 1|1
LINKUPUSDT|10100|False|0,5 - 1|0,5 - 1|1 - 2|3 - 4|1 - 2|1
LINKUPUSDT|01010|False|0,5 - 1|0,5 - 1|0,5 - 1|1 - 2|3 - 4|1
LINKUPUSDT|00101|True|1 - 2|0,5 - 1|0,5 - 1|0,5 - 1|1 - 2|1
LINKUPUSDT|10010|True|1 - 2|1 - 2|0,5 - 1|0,5 - 1|0,5 - 1|1
LINKUPUSDT|11001|True|1 - 2|1 - 2|1 - 2|0,5 - 1|0,5 - 1|1
LINKUPUSDT|11100|False|0,25 - 0,5|1 - 2|1 - 2|1 - 2|0,5 - 1|1
LINKUPUSDT|01110|True|0,5 - 1|0,25 - 0,5|1 - 2|1 - 2|1 - 2|1
LINKUPUSDT|10111|True|0,5 - 1|0,5 - 1|0,25 - 0,5|1 - 2|1 - 2|1
LINKUPUSDT|11011|False|0,5 - 1|0,5 - 1|0,5 - 1|0,25 - 0,5|1 - 2|1
LINKUPUSDT|01101|False|0,25 - 0,5|0,5 - 1|0,5 - 1|0,5 - 1|0,25 - 0,5|1
LINKUPUSDT|00110|True|0,5 - 1|0,25 - 0,5|0,5 - 1|0,5 - 1|0,5 - 1|1
LINKUPUSDT|10011|False|1 - 2|0,5 - 1|0,25 - 0,5|0,5 - 1|0,5 - 1|1
LINKUPUSDT|01001|False|0,5 - 1|1 - 2|0,5 - 1|0,25 - 0,5|0,5 - 1|1
LINKUPUSDT|00100|True|0,5 - 1|0,5 - 1|1 - 2|0,5 - 1|0,25 - 0,5|1
LINKUPUSDT|10010|True|0,5 - 1|0,5 - 1|0,5 - 1|1 - 2|0,5 - 1|1
LINKUPUSDT|11001|True|0,25 - 0,5|0,5 - 1|0,5 - 1|0,5 - 1|1 - 2|1
LINKUPUSDT|11100|False|0,25 - 0,5|0,25 - 0,5|0,5 - 1|0,5 - 1|0,5 - 1|1
LINKUPUSDT|01110|False|0,25 - 0,5|0,25 - 0,5|0,25 - 0,5|0,5 - 1|0,5 - 1|1
LINKUPUSDT|00111|True|0,5 - 1|0,25 - 0,5|0,25 - 0,5|0,25 - 0,5|0,5 - 1|1
LINKUPUSDT|10011|False|0,25 - 0,5|0,5 - 1|0,25 - 0,5|0,25 - 0,5|0,25 - 0,5|1
LINKUPUSDT|01001|False|0,25 - 0,5|0,25 - 0,5|0,5 - 1|0,25 - 0,5|0,25 - 0,5|1
LINKUPUSDT|00100|False|0,0 - 0,25|0,25 - 0,5|0,25 - 0,5|0,5 - 1|0,25 - 0,5|1
LINKUPUSDT|00010|False|0,5 - 1|0,0 - 0,25|0,25 - 0,5|0,25 - 0,5|0,5 - 1|1
LINKUPUSDT|00000|False|0,25 - 0,5|0,5 - 1|0,5 - 1|0,0 - 0,25|0,25 - 0,5|1
LINKUPUSDT|00000|False|0,25 - 0,5|0,25 - 0,5|0,5 - 1|0,5 - 1|0,0 - 0,25|1
LINKUPUSDT|00000|True|0,5 - 1|0,25 - 0,5|0,25 - 0,5|0,5 - 1|0,5 - 1|1
LINKUPUSDT|10000|False|0,5 - 1|0,5 - 1|0,25 - 0,5|0,25 - 0,5|0,5 - 1|1
LINKUPUSDT|00100|False|0,25 - 0,5|0,25 - 0,5|0,5 - 1|0,5 - 1|0,25 - 0,5|1
LINKUPUSDT|00010|False|0,25 - 0,5|0,25 - 0,5|0,25 - 0,5|0,5 - 1|0,5 - 1|1
LINKUPUSDT|00001|False|0,5 - 1|0,25 - 0,5|0,25 - 0,5|0,25 - 0,5|0,5 - 1|1
LINKUPUSDT|00000|True|0,25 - 0,5|0,5 - 1|0,25 - 0,5|0,25 - 0,5|0,25 - 0,5|1
LINKUPUSDT|10000|True|1 - 2|0,25 - 0,5|0,5 - 1|0,25 - 0,5|0,25 - 0,5|1
LINKUPUSDT|11000|True|0,5 - 1|1 - 2|0,25 - 0,5|0,5 - 1|0,25 - 0,5|1
LINKUPUSDT|11100|False|0,5 - 1|0,5 - 1|1 - 2|0,25 - 0,5|0,5 - 1|1
LINKUPUSDT|01110|False|0,5 - 1|0,5 - 1|0,5 - 1|1 - 2|0,25 - 0,5|1
LINKUPUSDT|00111|False|0,5 - 1|0,5 - 1|0,5 - 1|0,5 - 1|1 - 2|1
LINKUPUSDT|00011|False|0,25 - 0,5|0,5 - 1|0,5 - 1|0,5 - 1|0,5 - 1|1
LINKUPUSDT|00001|False|0,25 - 0,5|0,25 - 0,5|0,5 - 1|0,5 - 1|0,5 - 1|1
LINKUPUSDT|00000|True|0,0 - 0,25|0,25 - 0,5|0,25 - 0,5|0,5 - 1|0,5 - 1|1
LINKUPUSDT|10000|True|1 - 2|0,0 - 0,25|0,25 - 0,5|0,25 - 0,5|0,5 - 1|1
LINKUPUSDT|11000|True|0,5 - 1|1 - 2|0,0 - 0,25|0,25 - 0,5|0,25 - 0,5|1
LINKUPUSDT|11100|True|0,25 - 0,5|0,5 - 1|1 - 2|0,0 - 0,25|0,25 - 0,5|1
LINKUPUSDT|11110|True|0,5 - 1|0,25 - 0,5|0,5 - 1|1 - 2|0,0 - 0,25|1
LINKUPUSDT|11111|True|0,25 - 0,5|0,5 - 1|0,25 - 0,5|0,5 - 1|1 - 2|1
LINKUPUSDT|11111|False|0,0 - 0,25|0,25 - 0,5|0,5 - 1|0,25 - 0,5|0,5 - 1|1
LINKUPUSDT|01111|True|0,5 - 1|0,0 - 0,25|0,25 - 0,5|0,5 - 1|0,25 - 0,5|1
LINKUPUSDT|10111|True|0,25 - 0,5|0,5 - 1|0,0 - 0,25|0,25 - 0,5|0,5 - 1|1
LINKUPUSDT|11011|True|0,25 - 0,5|0,25 - 0,5|0,5 - 1|0,0 - 0,25|0,25 - 0,5|1
LINKUPUSDT|11101|False|0,0 - 0,25|0,25 - 0,5|0,25 - 0,5|0,5 - 1|0,0 - 0,25|1
LINKUPUSDT|01110|False|0,5 - 1|0,0 - 0,25|0,25 - 0,5|0,25 - 0,5|0,5 - 1|1
LINKUPUSDT|00111|True|0 - -0,25|0,5 - 1|0,0 - 0,25|0,25 - 0,5|0,25 - 0,5|1
LINKUPUSDT|10011|False|0,25 - 0,5|0 - -0,25|0,5 - 1|0,0 - 0,25|0,25 - 0,5|1
LINKUPUSDT|01001|False|0,0 - 0,25|0,25 - 0,5|0 - -0,25|0,5 - 1|0,0 - 0,25|1
LINKUPUSDT|00100|True|0 - -0,25|0,0 - 0,25|0,25 - 0,5|0 - -0,25|0,5 - 1|1
LINKUPUSDT|01001|True|0,25 - 0,5|0,0 - 0,25|0 - -0,25|0,0 - 0,25|0,25 - 0,5|1
LINKUPUSDT|10100|False|0,5 - 1|0,25 - 0,5|0,0 - 0,25|0 - -0,25|0,0 - 0,25|1
LINKUPUSDT|01010|True|0,0 - 0,25|0,5 - 1|0,25 - 0,5|0,0 - 0,25|0 - -0,25|1
LINKUPUSDT|10101|True|0,5 - 1|0,0 - 0,25|0,5 - 1|0,25 - 0,5|0,0 - 0,25|1
LINKUPUSDT|11010|False|0,5 - 1|0,5 - 1|0,0 - 0,25|0,5 - 1|0,25 - 0,5|1
LINKUPUSDT|01101|True|0,5 - 1|0,5 - 1|0,5 - 1|0,0 - 0,25|0,5 - 1|1
LINKUPUSDT|10110|True|0,0 - 0,25|0,5 - 1|0,5 - 1|0,5 - 1|0,0 - 0,25|1
LINKUPUSDT|11011|True|0,25 - 0,5|0,0 - 0,25|0,5 - 1|0,5 - 1|0,5 - 1|1
LINKUPUSDT|11101|False|0,0 - 0,25|0,25 - 0,5|0,0 - 0,25|0,5 - 1|0,5 - 1|1
LINKUPUSDT|01110|True|0 - -0,25|0,0 - 0,25|0,25 - 0,5|0,0 - 0,25|0,5 - 1|1
LINKUPUSDT|01011|True|0 - -0,25|0,25 - 0,5|0 - -0,25|0,0 - 0,25|0,25 - 0,5|1
LINKUPUSDT|10101|True|0,0 - 0,25|0 - -0,25|0,25 - 0,5|0 - -0,25|0,0 - 0,25|1
LINKUPUSDT|11010|False|0,25 - 0,5|0,0 - 0,25|0 - -0,25|0,25 - 0,5|0 - -0,25|1
LINKUPUSDT|01101|False|0,5 - 1|0,25 - 0,5|0,0 - 0,25|0 - -0,25|0,25 - 0,5|1
LINKUPUSDT|00110|False|0,25 - 0,5|0,5 - 1|0,25 - 0,5|0,0 - 0,25|0 - -0,25|1
LINKUPUSDT|00011|True|0,5 - 1|0,25 - 0,5|0,5 - 1|0,25 - 0,5|0,0 - 0,25|1
LINKUPUSDT|10001|True|0,5 - 1|0,5 - 1|0,25 - 0,5|0,5 - 1|0,25 - 0,5|1
LINKUPUSDT|11000|False|0,5 - 1|0,5 - 1|0,5 - 1|0,25 - 0,5|0,5 - 1|1
LINKUPUSDT|01100|False|0,5 - 1|0,5 - 1|0,5 - 1|0,5 - 1|0,25 - 0,5|1
LINKUPUSDT|00110|True|0,0 - 0,25|0,5 - 1|0,5 - 1|0,5 - 1|0,5 - 1|1
LINKUPUSDT|10011|False|0,25 - 0,5|0,0 - 0,25|0,5 - 1|0,5 - 1|0,5 - 1|1
LINKUPUSDT|01001|False|0 - -0,25|0,25 - 0,5|0,0 - 0,25|0,5 - 1|0,5 - 1|1
LINKUPUSDT|00100|True|0,0 - 0,25|0 - -0,25|0,25 - 0,5|0,0 - 0,25|0,5 - 1|1
LINKUPUSDT|10010|True|0,0 - 0,25|0,0 - 0,25|0 - -0,25|0,25 - 0,5|0,0 - 0,25|1
LINKUPUSDT|11001|False|0,0 - 0,25|0,0 - 0,25|0,0 - 0,25|0 - -0,25|0,25 - 0,5|1
LINKUPUSDT|00110|True|0,25 - 0,5|0,0 - 0,25|0,0 - 0,25|0,0 - 0,25|0,0 - 0,25|1
LINKUPUSDT|10011|False|0,25 - 0,5|0,25 - 0,5|0,0 - 0,25|0,0 - 0,25|0,0 - 0,25|1
LINKUPUSDT|01001|True|0,5 - 1|0,25 - 0,5|0,25 - 0,5|0,0 - 0,25|0,0 - 0,25|1
LINKUPUSDT|10100|False|0,0 - 0,25|0,5 - 1|0,25 - 0,5|0,25 - 0,5|0,0 - 0,25|1
LINKUPUSDT|01010|True|0,0 - 0,25|0,0 - 0,25|0,5 - 1|0,25 - 0,5|0,25 - 0,5|1
LINKUPUSDT|10101|True|0,5 - 1|0,0 - 0,25|0,0 - 0,25|0,5 - 1|0,25 - 0,5|1
LINKUPUSDT|11010|True|0,25 - 0,5|0,5 - 1|0,0 - 0,25|0,0 - 0,25|0,5 - 1|1
LINKUPUSDT|11101|False|0,0 - 0,25|0,25 - 0,5|0,5 - 1|0,0 - 0,25|0,0 - 0,25|1
LINKUPUSDT|01110|False|1 - 2|0,0 - 0,25|0,25 - 0,5|0,5 - 1|0,0 - 0,25|1
LINKUPUSDT|00111|True|0,0 - 0,25|1 - 2|0,0 - 0,25|0,25 - 0,5|0,5 - 1|1
LINKUPUSDT|10011|True|0,0 - 0,25|0,0 - 0,25|1 - 2|0,0 - 0,25|0,25 - 0,5|1
LINKUPUSDT|11001|True|0,25 - 0,5|0,0 - 0,25|0,0 - 0,25|1 - 2|0,0 - 0,25|1
LINKUPUSDT|11100|True|0,25 - 0,5|0,25 - 0,5|0,0 - 0,25|0,0 - 0,25|1 - 2|1
LINKUPUSDT|11110|False|0,25 - 0,5|0,25 - 0,5|0,25 - 0,5|0,0 - 0,25|0,0 - 0,25|1
LINKUPUSDT|01111|True|0,0 - 0,25|0,25 - 0,5|0,25 - 0,5|0,25 - 0,5|0,0 - 0,25|1
LINKUPUSDT|10111|False|0,5 - 1|0,0 - 0,25|0,25 - 0,5|0,25 - 0,5|0,25 - 0,5|1
LINKUPUSDT|01011|True|1 - 2|0,5 - 1|0,0 - 0,25|0,25 - 0,5|0,25 - 0,5|1
LINKUPUSDT|10101|False|0,25 - 0,5|1 - 2|0,5 - 1|0,0 - 0,25|0,25 - 0,5|1
LINKUPUSDT|01010|False|0 - -0,25|0,25 - 0,5|1 - 2|0,5 - 1|0,0 - 0,25|1
LINKUPUSDT|00101|False|0,5 - 1|0 - -0,25|0,25 - 0,5|1 - 2|0,5 - 1|1
LINKUPUSDT|00010|False|0,5 - 1|0,5 - 1|0 - -0,25|0,25 - 0,5|1 - 2|1
LINKUPUSDT|00001|True|0,25 - 0,5|0,5 - 1|0,5 - 1|0 - -0,25|0,25 - 0,5|1
LINKUPUSDT|10000|True|0,5 - 1|0,25 - 0,5|0,5 - 1|0,5 - 1|0 - -0,25|1
LINKUPUSDT|11000|False|0,25 - 0,5|0,5 - 1|0,25 - 0,5|0,5 - 1|0,5 - 1|1
LINKUPUSDT|01100|True|0 - -0,25|0,25 - 0,5|0,5 - 1|0,25 - 0,5|0,5 - 1|1
LINKUPUSDT|10110|True|0,0 - 0,25|0 - -0,25|0,25 - 0,5|0,5 - 1|0,25 - 0,5|1
LINKUPUSDT|11011|False|0,25 - 0,5|0,0 - 0,25|0 - -0,25|0,25 - 0,5|0,5 - 1|1
LINKUPUSDT|01101|True|0,5 - 1|0,25 - 0,5|0,0 - 0,25|0 - -0,25|0,25 - 0,5|1
LINKUPUSDT|10110|False|0,25 - 0,5|0,5 - 1|0,25 - 0,5|0,0 - 0,25|0 - -0,25|1
LINKUPUSDT|01011|False|0,25 - 0,5|0,25 - 0,5|0,5 - 1|0,25 - 0,5|0,0 - 0,25|1
LINKUPUSDT|00101|False|0,25 - 0,5|0,25 - 0,5|0,25 - 0,5|0,5 - 1|0,25 - 0,5|1
LINKUPUSDT|00010|True|0,5 - 1|0,25 - 0,5|0,25 - 0,5|0,25 - 0,5|0,5 - 1|1
LINKUPUSDT|10001|True|0,5 - 1|0,5 - 1|0,25 - 0,5|0,25 - 0,5|0,25 - 0,5|1
LINKUPUSDT|11000|True|0,5 - 1|0,5 - 1|0,5 - 1|0,25 - 0,5|0,25 - 0,5|1
LINKUPUSDT|11100|True|0,0 - 0,25|0,5 - 1|0,5 - 1|0,5 - 1|0,25 - 0,5|1
LINKUPUSDT|11110|False|0,5 - 1|0,0 - 0,25|0,5 - 1|0,5 - 1|0,5 - 1|1
LINKUPUSDT|01111|False|0,25 - 0,5|0,5 - 1|0,0 - 0,25|0,5 - 1|0,5 - 1|1
LINKUPUSDT|00111|False|0,0 - 0,25|0,25 - 0,5|0,5 - 1|0,0 - 0,25|0,5 - 1|1
LINKUPUSDT|00011|False|0,0 - 0,25|0,0 - 0,25|0,25 - 0,5|0,5 - 1|0,0 - 0,25|1
LINKUPUSDT|00001|True|0,0 - 0,25|0,0 - 0,25|0,0 - 0,25|0,25 - 0,5|0,5 - 1|1
LINKUPUSDT|10000|False|0,0 - 0,25|0,0 - 0,25|0,0 - 0,25|0,0 - 0,25|0,25 - 0,5|1
LINKUPUSDT|01000|True|1 - 2|0,0 - 0,25|0,0 - 0,25|0,0 - 0,25|0,0 - 0,25|1
LINKUPUSDT|10100|False|0,25 - 0,5|1 - 2|0,0 - 0,25|0,0 - 0,25|0,0 - 0,25|1
LINKUPUSDT|01010|False|0,25 - 0,5|0,25 - 0,5|1 - 2|0,0 - 0,25|0,0 - 0,25|1
LINKUPUSDT|00101|False|0,5 - 1|0,25 - 0,5|0,25 - 0,5|1 - 2|0,0 - 0,25|1
LINKUPUSDT|00010|True|0,25 - 0,5|0,5 - 1|0,25 - 0,5|0,25 - 0,5|1 - 2|1
LINKUPUSDT|10001|False|0,5 - 1|0,25 - 0,5|0,5 - 1|0,25 - 0,5|0,25 - 0,5|1
LINKUPUSDT|01000|True|0,5 - 1|0,5 - 1|0,25 - 0,5|0,5 - 1|0,25 - 0,5|1
LINKUPUSDT|10100|False|0,25 - 0,5|0,5 - 1|0,5 - 1|0,25 - 0,5|0,5 - 1|1
LINKUPUSDT|01010|True|1 - 2|0,25 - 0,5|0,5 - 1|0,5 - 1|0,25 - 0,5|1
LINKUPUSDT|10101|False|0,5 - 1|1 - 2|0,25 - 0,5|0,5 - 1|0,5 - 1|1
LINKUPUSDT|01010|True|0,5 - 1|0,5 - 1|1 - 2|0,25 - 0,5|0,5 - 1|1
LINKUPUSDT|10101|True|0,5 - 1|0,5 - 1|0,5 - 1|1 - 2|0,25 - 0,5|1
LINKUPUSDT|11010|False|0,25 - 0,5|0,5 - 1|0,5 - 1|0,5 - 1|1 - 2|1
LINKUPUSDT|01101|True|0,0 - 0,25|0,25 - 0,5|0,5 - 1|0,5 - 1|0,5 - 1|1
LINKUPUSDT|10110|True|0,25 - 0,5|0,0 - 0,25|0,25 - 0,5|0,5 - 1|0,5 - 1|1
LINKUPUSDT|11011|True|0,0 - 0,25|0,25 - 0,5|0,0 - 0,25|0,25 - 0,5|0,5 - 1|1
LINKUPUSDT|11101|True|0,25 - 0,5|0,0 - 0,25|0,25 - 0,5|0,0 - 0,25|0,25 - 0,5|1
LINKUPUSDT|11110|True|0,5 - 1|0,25 - 0,5|0,0 - 0,25|0,25 - 0,5|0,0 - 0,25|1
LINKUPUSDT|11111|True|0,0 - 0,25|0,5 - 1|0,25 - 0,5|0,0 - 0,25|0,25 - 0,5|1
LINKUPUSDT|11111|True|0,0 - 0,25|0,0 - 0,25|0,5 - 1|0,25 - 0,5|0,0 - 0,25|1
LINKUPUSDT|01111|False|0,5 - 1|0,0 - 0,25|0,0 - 0,25|0,0 - 0,25|0,5 - 1|1
LINKUPUSDT|00111|False|0,5 - 1|0,5 - 1|0,0 - 0,25|0,0 - 0,25|0,0 - 0,25|1
LINKUPUSDT|00011|False|0,25 - 0,5|0,5 - 1|0,5 - 1|0,0 - 0,25|0,0 - 0,25|1
LINKUPUSDT|00001|True|0,25 - 0,5|0,25 - 0,5|0,5 - 1|0,5 - 1|0,0 - 0,25|1
LINKUPUSDT|10000|True|0,5 - 1|0,25 - 0,5|0,25 - 0,5|0,5 - 1|0,5 - 1|1
LINKUPUSDT|11000|True|0,0 - 0,25|0,5 - 1|0,25 - 0,5|0,25 - 0,5|0,5 - 1|1
LINKUPUSDT|11100|False|1 - 2|0,0 - 0,25|0,5 - 1|0,25 - 0,5|0,25 - 0,5|1
LINKUPUSDT|01110|True|0,25 - 0,5|1 - 2|0,0 - 0,25|0,5 - 1|0,25 - 0,5|1
LINKUPUSDT|10111|True|0,25 - 0,5|0,25 - 0,5|1 - 2|0,0 - 0,25|0,5 - 1|1
LINKUPUSDT|11011|False|0,5 - 1|0,25 - 0,5|0,25 - 0,5|1 - 2|0,0 - 0,25|1
LINKUPUSDT|01101|True|0,25 - 0,5|0,5 - 1|0,25 - 0,5|0,25 - 0,5|1 - 2|1
LINKUPUSDT|10110|True|0,25 - 0,5|0,25 - 0,5|0,5 - 1|0,25 - 0,5|0,25 - 0,5|1
LINKUPUSDT|11011|False|0,5 - 1|0,25 - 0,5|0,25 - 0,5|0,5 - 1|0,25 - 0,5|1
LINKUPUSDT|01101|False|0 - -0,25|0,5 - 1|0,25 - 0,5|0,25 - 0,5|0,5 - 1|1
LINKUPUSDT|00110|True|0,0 - 0,25|0 - -0,25|0,5 - 1|0,25 - 0,5|0,25 - 0,5|1
LINKUPUSDT|10011|False|0,0 - 0,25|0,0 - 0,25|0 - -0,25|0,5 - 1|0,25 - 0,5|1
LINKUPUSDT|01001|True|0,0 - 0,25|0,0 - 0,25|0,0 - 0,25|0 - -0,25|0,5 - 1|1
LINKUPUSDT|10100|False|0,0 - 0,25|0,0 - 0,25|0,0 - 0,25|0,0 - 0,25|0 - -0,25|1
LINKUPUSDT|01010|False|0,0 - 0,25|0,0 - 0,25|0,0 - 0,25|0,0 - 0,25|0,0 - 0,25|1
LINKUPUSDT|00101|False|0 - -0,25|0,0 - 0,25|0,0 - 0,25|0,0 - 0,25|0,0 - 0,25|1
LINKUPUSDT|00010|False|0,0 - 0,25|0 - -0,25|0,0 - 0,25|0,0 - 0,25|0,0 - 0,25|1
LINKUPUSDT|00001|True|0,25 - 0,5|0,0 - 0,25|0 - -0,25|0,0 - 0,25|0,0 - 0,25|1
LINKUPUSDT|10000|False|0,0 - 0,25|0,25 - 0,5|0,0 - 0,25|0 - -0,25|0,0 - 0,25|1
LINKUPUSDT|01000|False|0 - -0,25|0,0 - 0,25|0,25 - 0,5|0,0 - 0,25|0 - -0,25|1
LINKUPUSDT|00100|True|0 - -0,25|0 - -0,25|0,0 - 0,25|0,25 - 0,5|0,0 - 0,25|1
LINKUPUSDT|10010|False|0,25 - 0,5|0 - -0,25|0 - -0,25|0,0 - 0,25|0,25 - 0,5|1
LINKUPUSDT|00010|True|0,5 - 1|0,0 - 0,25|0,0 - 0,25|0,25 - 0,5|0 - -0,25|1
LINKUPUSDT|10001|False|0,0 - 0,25|0,5 - 1|0,0 - 0,25|0,0 - 0,25|0,25 - 0,5|1
LINKUPUSDT|01000|True|0,25 - 0,5|0,0 - 0,25|0,5 - 1|0,0 - 0,25|0,0 - 0,25|1
LINKUPUSDT|10100|True|0,0 - 0,25|0,25 - 0,5|0,0 - 0,25|0,5 - 1|0,0 - 0,25|1
LINKUPUSDT|11010|True|0,0 - 0,25|0,0 - 0,25|0,25 - 0,5|0,0 - 0,25|0,5 - 1|1
LINKUPUSDT|11101|False|0,0 - 0,25|0,0 - 0,25|0,0 - 0,25|0,25 - 0,5|0,0 - 0,25|1
LINKUPUSDT|01110|False|0 - -0,25|0,0 - 0,25|0,0 - 0,25|0,0 - 0,25|0,25 - 0,5|1
LINKUPUSDT|00111|False|0,25 - 0,5|0 - -0,25|0,0 - 0,25|0,0 - 0,25|0,0 - 0,25|1
LINKUPUSDT|00011|True|0,25 - 0,5|0,25 - 0,5|0 - -0,25|0,0 - 0,25|0,0 - 0,25|1
LINKUPUSDT|10001|True|0,0 - 0,25|0,25 - 0,5|0,25 - 0,5|0 - -0,25|0,0 - 0,25|1
LINKUPUSDT|11000|False|0,0 - 0,25|0,0 - 0,25|0,25 - 0,5|0,25 - 0,5|0 - -0,25|1
LINKUPUSDT|01100|False|0,25 - 0,5|0,0 - 0,25|0,0 - 0,25|0,25 - 0,5|0,25 - 0,5|1
LINKUPUSDT|00110|False|0,0 - 0,25|0,25 - 0,5|0,0 - 0,25|0,0 - 0,25|0,25 - 0,5|1
LINKUPUSDT|00011|True|0,5 - 1|0,0 - 0,25|0,25 - 0,5|0,0 - 0,25|0,0 - 0,25|1
LINKUPUSDT|10001|False|0,25 - 0,5|0,5 - 1|0,0 - 0,25|0,25 - 0,5|0,0 - 0,25|1
LINKUPUSDT|01000|False|0 - -0,25|0,25 - 0,5|0,5 - 1|0,0 - 0,25|0,25 - 0,5|1
LINKUPUSDT|00100|False|0,25 - 0,5|0 - -0,25|0,25 - 0,5|0,5 - 1|0,0 - 0,25|1
LINKUPUSDT|00010|False|0,5 - 1|0,25 - 0,5|0 - -0,25|0,25 - 0,5|0,5 - 1|1
LINKUPUSDT|00001|True|0,25 - 0,5|0,5 - 1|0,25 - 0,5|0 - -0,25|0,25 - 0,5|1
LINKUPUSDT|10000|True|0,25 - 0,5|0,25 - 0,5|0,5 - 1|0,25 - 0,5|0 - -0,25|1
LINKUPUSDT|11000|True|0,25 - 0,5|0,25 - 0,5|0,25 - 0,5|0,5 - 1|0,25 - 0,5|1
LINKUPUSDT|11100|True|0,25 - 0,5|0,25 - 0,5|0,25 - 0,5|0,25 - 0,5|0,5 - 1|1
LINKUPUSDT|11110|True|0,5 - 1|0,25 - 0,5|0,25 - 0,5|0,25 - 0,5|0,25 - 0,5|1
LINKUPUSDT|11111|False|0,5 - 1|0,5 - 1|0,25 - 0,5|0,25 - 0,5|0,25 - 0,5|1
LINKUPUSDT|01111|False|0,5 - 1|0,5 - 1|0,5 - 1|0,25 - 0,5|0,25 - 0,5|1
LINKUPUSDT|00111|True|0,25 - 0,5|0,5 - 1|0,5 - 1|0,5 - 1|0,25 - 0,5|1
LINKUPUSDT|10011|False|0,5 - 1|0,25 - 0,5|0,5 - 1|0,5 - 1|0,5 - 1|1
LINKUPUSDT|01001|True|0,5 - 1|0,5 - 1|0,25 - 0,5|0,5 - 1|0,5 - 1|1
LINKUPUSDT|10100|True|0,5 - 1|0,5 - 1|0,5 - 1|0,25 - 0,5|0,5 - 1|1
LINKUPUSDT|11010|False|0,25 - 0,5|0,5 - 1|0,5 - 1|0,5 - 1|0,25 - 0,5|1
LINKUPUSDT|01101|True|0,25 - 0,5|0,25 - 0,5|0,5 - 1|0,5 - 1|0,5 - 1|1
LINKUPUSDT|10110|True|0,0 - 0,25|0,25 - 0,5|0,25 - 0,5|0,5 - 1|0,5 - 1|1
LINKUPUSDT|11011|False|0,5 - 1|0,0 - 0,25|0,25 - 0,5|0,25 - 0,5|0,5 - 1|1
LINKUPUSDT|01101|True|0,25 - 0,5|0,5 - 1|0,0 - 0,25|0,25 - 0,5|0,25 - 0,5|1
LINKUPUSDT|10110|False|0,5 - 1|0,25 - 0,5|0,5 - 1|0,0 - 0,25|0,25 - 0,5|1
LINKUPUSDT|01011|False|0,0 - 0,25|0,5 - 1|0,25 - 0,5|0,5 - 1|0,0 - 0,25|1
LINKUPUSDT|00101|True|0,25 - 0,5|0,0 - 0,25|0,5 - 1|0,25 - 0,5|0,5 - 1|1
LINKUPUSDT|10010|True|0,0 - 0,25|0,25 - 0,5|0,0 - 0,25|0,5 - 1|0,25 - 0,5|1
LINKUPUSDT|11001|True|0,5 - 1|0,0 - 0,25|0,25 - 0,5|0,0 - 0,25|0,5 - 1|1
LINKUPUSDT|11100|True|1 - 2|0,5 - 1|0,0 - 0,25|0,25 - 0,5|0,0 - 0,25|1
LINKUPUSDT|11110|True|0,25 - 0,5|1 - 2|0,5 - 1|0,0 - 0,25|0,25 - 0,5|1
LINKUPUSDT|11111|False|0,25 - 0,5|0,25 - 0,5|1 - 2|0,5 - 1|0,0 - 0,25|1
LINKUPUSDT|01111|False|0,0 - 0,25|0,25 - 0,5|0,25 - 0,5|1 - 2|0,5 - 1|1
LINKUPUSDT|00111|False|0 - -0,25|0,0 - 0,25|0,25 - 0,5|0,25 - 0,5|1 - 2|1
LINKUPUSDT|00011|False|0,0 - 0,25|0 - -0,25|0,0 - 0,25|0,25 - 0,5|0,25 - 0,5|1
LINKUPUSDT|00001|True|0,0 - 0,25|0,0 - 0,25|0 - -0,25|0,0 - 0,25|0,25 - 0,5|1
LINKUPUSDT|10000|False|0,25 - 0,5|0,0 - 0,25|0,0 - 0,25|0 - -0,25|0,0 - 0,25|1
LINKUPUSDT|01000|False|1 - 2|0,25 - 0,5|0,0 - 0,25|0,0 - 0,25|0 - -0,25|1
LINKUPUSDT|00100|False|0,5 - 1|1 - 2|0,25 - 0,5|0,0 - 0,25|0,0 - 0,25|1
LINKUPUSDT|00010|True|0,5 - 1|0,5 - 1|1 - 2|0,25 - 0,5|0,0 - 0,25|1
LINKUPUSDT|10001|False|0,0 - 0,25|0,5 - 1|0,5 - 1|1 - 2|0,25 - 0,5|1
LINKUPUSDT|01000|False|0,0 - 0,25|0,0 - 0,25|0,5 - 1|0,5 - 1|1 - 2|1
LINKUPUSDT|00100|False|0,0 - 0,25|0,0 - 0,25|0,0 - 0,25|0,5 - 1|0,5 - 1|1
LINKUPUSDT|00010|False|0 - -0,25|0,0 - 0,25|0,0 - 0,25|0,0 - 0,25|0,5 - 1|1
LINKUPUSDT|00000|False|0,0 - 0,25|0,25 - 0,5|0 - -0,25|0 - -0,25|0,0 - 0,25|1
LINKUPUSDT|00000|True|0 - -0,25|0,0 - 0,25|0,25 - 0,5|0 - -0,25|0 - -0,25|1
LINKUPUSDT|10000|True|0,0 - 0,25|0 - -0,25|0,0 - 0,25|0,25 - 0,5|0 - -0,25|1
LINKUPUSDT|11000|True|0,25 - 0,5|0,0 - 0,25|0 - -0,25|0,0 - 0,25|0,25 - 0,5|1
LINKUPUSDT|11100|True|0,25 - 0,5|0,25 - 0,5|0,0 - 0,25|0 - -0,25|0,0 - 0,25|1
LINKUPUSDT|11110|False|0,5 - 1|0,25 - 0,5|0,25 - 0,5|0,0 - 0,25|0 - -0,25|1
LINKUPUSDT|01111|True|0,5 - 1|0,5 - 1|0,25 - 0,5|0,25 - 0,5|0,0 - 0,25|1
LINKUPUSDT|10111|False|0,0 - 0,25|0,5 - 1|0,5 - 1|0,25 - 0,5|0,25 - 0,5|1
LINKUPUSDT|01011|False|0,0 - 0,25|0,0 - 0,25|0,5 - 1|0,5 - 1|0,25 - 0,5|1
LINKUPUSDT|00101|True|0 - -0,25|0,0 - 0,25|0,0 - 0,25|0,5 - 1|0,5 - 1|1
LINKUPUSDT|10010|False|0,0 - 0,25|0 - -0,25|0,0 - 0,25|0,0 - 0,25|0,5 - 1|1
LINKUPUSDT|00100|True|0,0 - 0,25|0 - -0,25|0,0 - 0,25|0 - -0,25|0,0 - 0,25|1
LINKUPUSDT|10010|True|0,25 - 0,5|0,0 - 0,25|0 - -0,25|0,0 - 0,25|0 - -0,25|1
LINKUPUSDT|11001|True|0,25 - 0,5|0,25 - 0,5|0,0 - 0,25|0 - -0,25|0,0 - 0,25|1
LINKUPUSDT|11100|False|0,0 - 0,25|0,25 - 0,5|0,25 - 0,5|0,0 - 0,25|0 - -0,25|1
LINKUPUSDT|01110|True|0 - -0,25|0,0 - 0,25|0,25 - 0,5|0,25 - 0,5|0,0 - 0,25|1
LINKUPUSDT|10111|True|0,0 - 0,25|0 - -0,25|0,0 - 0,25|0,25 - 0,5|0,25 - 0,5|1
LINKUPUSDT|11011|True|0,5 - 1|0,0 - 0,25|0 - -0,25|0,0 - 0,25|0,25 - 0,5|1
LINKUPUSDT|11101|True|0,0 - 0,25|0,5 - 1|0,0 - 0,25|0 - -0,25|0,0 - 0,25|1
LINKUPUSDT|11110|True|0,0 - 0,25|0,0 - 0,25|0,5 - 1|0,0 - 0,25|0 - -0,25|1
LINKUPUSDT|11111|False|0,5 - 1|0,0 - 0,25|0,0 - 0,25|0,5 - 1|0,0 - 0,25|1
LINKUPUSDT|01111|True|0,25 - 0,5|0,5 - 1|0,0 - 0,25|0,0 - 0,25|0,5 - 1|1
LINKUPUSDT|10111|True|0,5 - 1|0,25 - 0,5|0,5 - 1|0,0 - 0,25|0,0 - 0,25|1
LINKUPUSDT|11011|False|0,25 - 0,5|0,5 - 1|0,25 - 0,5|0,5 - 1|0,0 - 0,25|1
LINKUPUSDT|01101|False|0,25 - 0,5|0,25 - 0,5|0,5 - 1|0,25 - 0,5|0,5 - 1|1
LINKUPUSDT|00110|False|0,5 - 1|0,25 - 0,5|0,25 - 0,5|0,5 - 1|0,25 - 0,5|1
LINKUPUSDT|00011|False|0,5 - 1|0,5 - 1|0,25 - 0,5|0,25 - 0,5|0,5 - 1|1
LINKUPUSDT|00001|False|0,25 - 0,5|0,5 - 1|0,5 - 1|0,25 - 0,5|0,25 - 0,5|1
LINKUPUSDT|00000|True|0 - -0,25|0,25 - 0,5|0,5 - 1|0,5 - 1|0,25 - 0,5|1
LINKUPUSDT|10000|False|0,25 - 0,5|0 - -0,25|0,25 - 0,5|0,5 - 1|0,5 - 1|1
LINKUPUSDT|01000|True|0,0 - 0,25|0,25 - 0,5|0 - -0,25|0,25 - 0,5|0,5 - 1|1
LINKUPUSDT|10100|False|0,5 - 1|0,0 - 0,25|0,25 - 0,5|0 - -0,25|0,25 - 0,5|1
LINKUPUSDT|01010|True|0 - -0,25|0,5 - 1|0,0 - 0,25|0,25 - 0,5|0 - -0,25|1
LINKUPUSDT|10101|True|0,0 - 0,25|0 - -0,25|0,5 - 1|0,0 - 0,25|0,25 - 0,5|1
LINKUPUSDT|11010|False|0,5 - 1|0,0 - 0,25|0 - -0,25|0,5 - 1|0,0 - 0,25|1
LINKUPUSDT|01101|False|0,25 - 0,5|0,5 - 1|0,0 - 0,25|0 - -0,25|0,5 - 1|1
LINKUPUSDT|00110|False|0,25 - 0,5|0,25 - 0,5|0,5 - 1|0,0 - 0,25|0 - -0,25|1
LINKUPUSDT|00011|True|0,0 - 0,25|0,25 - 0,5|0,25 - 0,5|0,5 - 1|0,0 - 0,25|1
LINKUPUSDT|10001|False|0,0 - 0,25|0,0 - 0,25|0,25 - 0,5|0,25 - 0,5|0,5 - 1|1
LINKUPUSDT|01000|True|0 - -0,25|0,0 - 0,25|0,0 - 0,25|0,25 - 0,5|0,25 - 0,5|1
LINKUPUSDT|10100|False|0,0 - 0,25|0 - -0,25|0,0 - 0,25|0,0 - 0,25|0,25 - 0,5|1
LINKUPUSDT|01010|True|0,25 - 0,5|0,0 - 0,25|0 - -0,25|0,0 - 0,25|0,0 - 0,25|1
LINKUPUSDT|10101|True|0,0 - 0,25|0,25 - 0,5|0,0 - 0,25|0 - -0,25|0,0 - 0,25|1
LINKUPUSDT|11010|True|0,0 - 0,25|0,0 - 0,25|0,25 - 0,5|0,0 - 0,25|0 - -0,25|1
LINKUPUSDT|11101|True|0,25 - 0,5|0,0 - 0,25|0,0 - 0,25|0,25 - 0,5|0,0 - 0,25|1
LINKUPUSDT|11110|False|0,0 - 0,25|0,25 - 0,5|0,0 - 0,25|0,0 - 0,25|0,25 - 0,5|1
LINKUPUSDT|01111|False|0 - -0,25|0,0 - 0,25|0,25 - 0,5|0,0 - 0,25|0,0 - 0,25|1
LINKUPUSDT|00111|False|0 - -0,25|0 - -0,25|0,0 - 0,25|0,25 - 0,5|0,0 - 0,25|1
LINKUPUSDT|00011|False|0,25 - 0,5|0 - -0,25|0 - -0,25|0,0 - 0,25|0,25 - 0,5|1
LINKUPUSDT|00001|True|0,25 - 0,5|0,25 - 0,5|0 - -0,25|0 - -0,25|0,0 - 0,25|1
LINKUPUSDT|10000|False|0,0 - 0,25|0,25 - 0,5|0,25 - 0,5|0 - -0,25|0 - -0,25|1
LINKUPUSDT|01000|True|0,25 - 0,5|0,0 - 0,25|0,25 - 0,5|0,25 - 0,5|0 - -0,25|1
LINKUPUSDT|10100|False|0,25 - 0,5|0,25 - 0,5|0,0 - 0,25|0,25 - 0,5|0,25 - 0,5|1
LINKUPUSDT|01010|False|0,0 - 0,25|0,25 - 0,5|0,25 - 0,5|0,0 - 0,25|0,25 - 0,5|1
LINKUPUSDT|00101|False|0,0 - 0,25|0,0 - 0,25|0,25 - 0,5|0,25 - 0,5|0,0 - 0,25|1
LINKUPUSDT|00010|False|0 - -0,25|0,0 - 0,25|0,0 - 0,25|0,25 - 0,5|0,25 - 0,5|1
LINKUPUSDT|00001|True|0,0 - 0,25|0 - -0,25|0,0 - 0,25|0,0 - 0,25|0,25 - 0,5|1
LINKUPUSDT|10000|False|0,0 - 0,25|0,0 - 0,25|0 - -0,25|0,0 - 0,25|0,0 - 0,25|1
LINKUPUSDT|01000|False|0 - -0,25|0,0 - 0,25|0,0 - 0,25|0 - -0,25|0,0 - 0,25|1
LINKUPUSDT|00001|False|0,25 - 0,5|0,5 - 1|0,0 - 0,25|0 - -0,25|0,0 - 0,25|1
LINKUPUSDT|00000|True|0,5 - 1|0,25 - 0,5|0,5 - 1|0,0 - 0,25|0 - -0,25|1
LINKUPUSDT|10000|False|0,0 - 0,25|0,5 - 1|0,25 - 0,5|0,5 - 1|0,0 - 0,25|1
LINKUPUSDT|01000|True|0,0 - 0,25|0,0 - 0,25|0,5 - 1|0,25 - 0,5|0,5 - 1|1
LINKUPUSDT|10100|False|0,25 - 0,5|0,0 - 0,25|0,0 - 0,25|0,5 - 1|0,25 - 0,5|1
LINKUPUSDT|01010|False|0,0 - 0,25|0,25 - 0,5|0,0 - 0,25|0,0 - 0,25|0,5 - 1|1
LINKUPUSDT|00101|False|1 - 2|0,0 - 0,25|0,25 - 0,5|0,0 - 0,25|0,0 - 0,25|1
LINKUPUSDT|00010|True|0,5 - 1|1 - 2|0,0 - 0,25|0,25 - 0,5|0,0 - 0,25|1
LINKUPUSDT|10001|True|0,0 - 0,25|0,5 - 1|1 - 2|0,0 - 0,25|0,25 - 0,5|1
LINKUPUSDT|11000|True|0,5 - 1|0,0 - 0,25|0,5 - 1|1 - 2|0,0 - 0,25|1
LINKUPUSDT|11100|False|0,25 - 0,5|0,5 - 1|0,0 - 0,25|0,5 - 1|1 - 2|1
LINKUPUSDT|01110|False|0,0 - 0,25|0,25 - 0,5|0,5 - 1|0,0 - 0,25|0,5 - 1|1
LINKUPUSDT|00111|False|0,5 - 1|0,0 - 0,25|0,25 - 0,5|0,5 - 1|0,0 - 0,25|1
LINKUPUSDT|00011|False|0,25 - 0,5|0,5 - 1|0,0 - 0,25|0,25 - 0,5|0,5 - 1|1
LINKUPUSDT|00001|True|0,0 - 0,25|0,25 - 0,5|0,5 - 1|0,0 - 0,25|0,25 - 0,5|1
LINKUPUSDT|10000|True|0,0 - 0,25|0,0 - 0,25|0,25 - 0,5|0,5 - 1|0,0 - 0,25|1
LINKUPUSDT|11000|True|0,0 - 0,25|0,0 - 0,25|0,0 - 0,25|0,25 - 0,5|0,5 - 1|1
LINKUPUSDT|10011|False|0,25 - 0,5|0 - -0,25|0,0 - 0,25|0,0 - 0,25|0,0 - 0,25|1
LINKUPUSDT|01001|False|0,25 - 0,5|0,25 - 0,5|0 - -0,25|0,0 - 0,25|0,0 - 0,25|1
LINKUPUSDT|00100|False|0,0 - 0,25|0,25 - 0,5|0,25 - 0,5|0 - -0,25|0,0 - 0,25|1
LINKUPUSDT|00010|True|0,25 - 0,5|0,0 - 0,25|0,25 - 0,5|0,25 - 0,5|0 - -0,25|1
LINKUPUSDT|10001|True|0,25 - 0,5|0,25 - 0,5|0,0 - 0,25|0,25 - 0,5|0,25 - 0,5|1
LINKUPUSDT|11000|False|0,25 - 0,5|0,25 - 0,5|0,25 - 0,5|0,0 - 0,25|0,25 - 0,5|1
LINKUPUSDT|01100|True|0 - -0,25|0,25 - 0,5|0,25 - 0,5|0,25 - 0,5|0,0 - 0,25|1
LINKUPUSDT|10110|False|0,0 - 0,25|0 - -0,25|0,25 - 0,5|0,25 - 0,5|0,25 - 0,5|2
LINKUPUSDT|01011|False|0 - -0,25|0,0 - 0,25|0 - -0,25|0,25 - 0,5|0,25 - 0,5|1
LINKUPUSDT|00101|True|0 - -0,25|0 - -0,25|0,0 - 0,25|0 - -0,25|0,25 - 0,5|1
LINKUPUSDT|10010|True|0,25 - 0,5|0 - -0,25|0 - -0,25|0,0 - 0,25|0 - -0,25|1
LINKUPUSDT|11001|True|0,25 - 0,5|0,25 - 0,5|0 - -0,25|0 - -0,25|0,0 - 0,25|1
LINKUPUSDT|11100|False|0,0 - 0,25|0,25 - 0,5|0,25 - 0,5|0 - -0,25|0 - -0,25|1
LINKUPUSDT|01110|False|0,5 - 1|0,0 - 0,25|0,25 - 0,5|0,25 - 0,5|0 - -0,25|1
LINKUPUSDT|00111|False|0,0 - 0,25|0,5 - 1|0,0 - 0,25|0,25 - 0,5|0,25 - 0,5|1
LINKUPUSDT|00011|False|0,5 - 1|0,0 - 0,25|0,5 - 1|0,0 - 0,25|0,25 - 0,5|1
LINKUPUSDT|00001|False|0,25 - 0,5|0,5 - 1|0,0 - 0,25|0,5 - 1|0,0 - 0,25|1
LINKUPUSDT|00000|False|1 - 2|0,25 - 0,5|0,5 - 1|0,0 - 0,25|0,5 - 1|1
LINKUPUSDT|00000|False|0,5 - 1|1 - 2|0,25 - 0,5|0,5 - 1|0,0 - 0,25|1
LINKUPUSDT|00000|True|0,5 - 1|0,5 - 1|1 - 2|0,25 - 0,5|0,5 - 1|1
LINKUPUSDT|10000|True|1 - 2|0,5 - 1|0,5 - 1|1 - 2|0,25 - 0,5|1
LINKUPUSDT|11000|True|1 - 2|1 - 2|0,5 - 1|0,5 - 1|1 - 2|1
LINKUPUSDT|11100|False|0,5 - 1|1 - 2|1 - 2|0,5 - 1|0,5 - 1|1
LINKUPUSDT|01110|True|1 - 2|0,5 - 1|1 - 2|1 - 2|0,5 - 1|1
LINKUPUSDT|10111|True|0,5 - 1|1 - 2|0,5 - 1|1 - 2|1 - 2|1
LINKUPUSDT|11011|True|0,25 - 0,5|0,5 - 1|1 - 2|0,5 - 1|1 - 2|1
LINKUPUSDT|11101|True|0,0 - 0,25|0,25 - 0,5|0,5 - 1|1 - 2|0,5 - 1|1
LINKUPUSDT|11110|False|0,0 - 0,25|0,0 - 0,25|0,25 - 0,5|0,5 - 1|1 - 2|1
LINKUPUSDT|01111|True|0 - -0,25|0,0 - 0,25|0,0 - 0,25|0,25 - 0,5|0,5 - 1|1
LINKUPUSDT|10111|False|0,5 - 1|0 - -0,25|0,0 - 0,25|0,0 - 0,25|0,25 - 0,5|1
LINKUPUSDT|01011|True|0,25 - 0,5|0,5 - 1|0 - -0,25|0,0 - 0,25|0,0 - 0,25|1
LINKUPUSDT|10101|True|0,25 - 0,5|0,25 - 0,5|0,5 - 1|0 - -0,25|0,0 - 0,25|1
LINKUPUSDT|11010|False|0,25 - 0,5|0,25 - 0,5|0,25 - 0,5|0,5 - 1|0 - -0,25|1
LINKUPUSDT|01101|True|0 - -0,25|0,25 - 0,5|0,25 - 0,5|0,25 - 0,5|0,5 - 1|1
LINKUPUSDT|01011|True|0 - -0,25|0,0 - 0,25|0 - -0,25|0,25 - 0,5|0,25 - 0,5|1
LINKUPUSDT|10101|False|0,25 - 0,5|0 - -0,25|0,0 - 0,25|0 - -0,25|0,25 - 0,5|1
LINKUPUSDT|01010|True|0,25 - 0,5|0,25 - 0,5|0 - -0,25|0,0 - 0,25|0 - -0,25|1
LINKUPUSDT|10101|False|0,0 - 0,25|0,25 - 0,5|0,25 - 0,5|0 - -0,25|0,0 - 0,25|1
LINKUPUSDT|01010|False|0 - -0,25|0,0 - 0,25|0,25 - 0,5|0,25 - 0,5|0 - -0,25|1
LINKUPUSDT|00101|False|0,5 - 1|0 - -0,25|0,0 - 0,25|0,25 - 0,5|0,25 - 0,5|1
LINKUPUSDT|00010|True|0,0 - 0,25|0,5 - 1|0 - -0,25|0,0 - 0,25|0,25 - 0,5|1
LINKUPUSDT|10001|False|0,0 - 0,25|0,0 - 0,25|0,5 - 1|0 - -0,25|0,0 - 0,25|1
LINKUPUSDT|01000|True|0 - -0,25|0,0 - 0,25|0,0 - 0,25|0,5 - 1|0 - -0,25|1
LINKUPUSDT|10100|True|1 - 2|0 - -0,25|0,0 - 0,25|0,0 - 0,25|0,5 - 1|1
LINKUPUSDT|11010|False|1 - 2|1 - 2|0 - -0,25|0,0 - 0,25|0,0 - 0,25|1
LINKUPUSDT|01101|True|0,5 - 1|1 - 2|1 - 2|0 - -0,25|0,0 - 0,25|1
LINKUPUSDT|10110|False|0,5 - 1|0,5 - 1|1 - 2|1 - 2|0 - -0,25|1
LINKUPUSDT|01011|False|0,5 - 1|0,5 - 1|0,5 - 1|1 - 2|1 - 2|1
LINKUPUSDT|00101|True|0,0 - 0,25|0,5 - 1|0,5 - 1|0,5 - 1|1 - 2|1
LINKUPUSDT|10010|False|0,0 - 0,25|0,0 - 0,25|0,5 - 1|0,5 - 1|0,5 - 1|1
LINKUPUSDT|01001|False|0,0 - 0,25|0,0 - 0,25|0,0 - 0,25|0,5 - 1|0,5 - 1|1
LINKUPUSDT|00100|True|0,25 - 0,5|0,0 - 0,25|0,0 - 0,25|0,0 - 0,25|0,5 - 1|1
LINKUPUSDT|10010|True|0,25 - 0,5|0,25 - 0,5|0,0 - 0,25|0,0 - 0,25|0,0 - 0,25|1
LINKUPUSDT|11001|False|0,0 - 0,25|0,25 - 0,5|0,25 - 0,5|0,0 - 0,25|0,0 - 0,25|1
LINKUPUSDT|01100|False|0,25 - 0,5|0,0 - 0,25|0,25 - 0,5|0,25 - 0,5|0,0 - 0,25|1
LINKUPUSDT|00110|True|0,0 - 0,25|0,25 - 0,5|0,0 - 0,25|0,25 - 0,5|0,25 - 0,5|1
LINKUPUSDT|01001|False|0,25 - 0,5|0,25 - 0,5|0,0 - 0,25|0,25 - 0,5|0,0 - 0,25|1
LINKUPUSDT|00100|False|0,25 - 0,5|0,25 - 0,5|0,25 - 0,5|0,0 - 0,25|0,25 - 0,5|1
LINKUPUSDT|00010|False|0,0 - 0,25|0,25 - 0,5|0,25 - 0,5|0,25 - 0,5|0,0 - 0,25|1
LINKUPUSDT|00001|False|0,5 - 1|0,0 - 0,25|0,25 - 0,5|0,25 - 0,5|0,25 - 0,5|1
LINKUPUSDT|00000|False|0,0 - 0,25|0,5 - 1|0,0 - 0,25|0,25 - 0,5|0,25 - 0,5|1
LINKUPUSDT|00000|False|0 - -0,25|0,0 - 0,25|0,5 - 1|0,0 - 0,25|0,25 - 0,5|1
LINKUPUSDT|00000|False|0,5 - 1|0 - -0,25|0,0 - 0,25|0,5 - 1|0,0 - 0,25|1
LINKUPUSDT|00000|False|0 - -0,25|0,5 - 1|0 - -0,25|0,0 - 0,25|0,5 - 1|1
LINKUPUSDT|00000|False|0 - -0,25|0 - -0,25|0,5 - 1|0 - -0,25|0,0 - 0,25|2
LINKUPUSDT|00000|True|0,25 - 0,5|0 - -0,25|0 - -0,25|0,5 - 1|0 - -0,25|2
LINKUPUSDT|10000|False|0,5 - 1|0,25 - 0,5|0 - -0,25|0 - -0,25|0,5 - 1|1
LINKUPUSDT|01000|False|0 - -0,25|0,5 - 1|0,25 - 0,5|0 - -0,25|0 - -0,25|1
LINKUPUSDT|00100|False|0 - -0,25|0 - -0,25|0,5 - 1|0,25 - 0,5|0 - -0,25|1
LINKUPUSDT|00010|False|0 - -0,25|0 - -0,25|0 - -0,25|0,5 - 1|0,25 - 0,5|1
LINKUPUSDT|00000|False|0,5 - 1|0 - -0,25|0,0 - 0,25|0 - -0,25|0 - -0,25|1
LINKUPUSDT|00000|False|0 - -0,25|0,5 - 1|0 - -0,25|0,0 - 0,25|0 - -0,25|1
LINKUPUSDT|10000|True|0,0 - 0,25|0,25 - 0,5|0 - -0,25|0 - -0,25|0,5 - 1|1
LINKUPUSDT|11000|True|0,25 - 0,5|0,0 - 0,25|0,25 - 0,5|0 - -0,25|0 - -0,25|1
LINKUPUSDT|11100|True|0,25 - 0,5|0,25 - 0,5|0,0 - 0,25|0,25 - 0,5|0 - -0,25|1
LINKUPUSDT|11110|False|0,0 - 0,25|0,25 - 0,5|0,25 - 0,5|0,0 - 0,25|0,25 - 0,5|1
LINKUPUSDT|01111|True|0 - -0,25|0,0 - 0,25|0,25 - 0,5|0,25 - 0,5|0,0 - 0,25|1
LINKUPUSDT|10111|True|0,25 - 0,5|0 - -0,25|0,0 - 0,25|0,25 - 0,5|0,25 - 0,5|1
LINKUPUSDT|11011|True|0,0 - 0,25|0,25 - 0,5|0 - -0,25|0,0 - 0,25|0,25 - 0,5|1
LINKUPUSDT|11101|False|0,0 - 0,25|0,0 - 0,25|0,25 - 0,5|0 - -0,25|0,0 - 0,25|1
LINKUPUSDT|01110|True|0 - -0,25|0,0 - 0,25|0,0 - 0,25|0,25 - 0,5|0 - -0,25|1
LINKUPUSDT|10111|False|0,25 - 0,5|0 - -0,25|0,0 - 0,25|0,0 - 0,25|0,25 - 0,5|1
LINKUPUSDT|01011|True|0,5 - 1|0,25 - 0,5|0 - -0,25|0,0 - 0,25|0,0 - 0,25|1
LINKUPUSDT|10101|False|0,0 - 0,25|0,5 - 1|0,25 - 0,5|0 - -0,25|0,0 - 0,25|1
LINKUPUSDT|01010|False|0,0 - 0,25|0,0 - 0,25|0,5 - 1|0,25 - 0,5|0 - -0,25|1
LINKUPUSDT|00101|False|0,0 - 0,25|0,0 - 0,25|0,0 - 0,25|0,5 - 1|0,25 - 0,5|1
LINKUPUSDT|00010|True|0 - -0,25|0,0 - 0,25|0,0 - 0,25|0,0 - 0,25|0,5 - 1|1
LINKUPUSDT|10001|False|0,0 - 0,25|0 - -0,25|0,0 - 0,25|0,0 - 0,25|0,0 - 0,25|1
LINKUPUSDT|01000|False|0 - -0,25|0,0 - 0,25|0 - -0,25|0,0 - 0,25|0,0 - 0,25|1
LINKUPUSDT|11000|True|0,0 - 0,25|0,0 - 0,25|0,0 - 0,25|0 - -0,25|0 - -0,25|1
LINKUPUSDT|11100|False|0,0 - 0,25|0,0 - 0,25|0,0 - 0,25|0,0 - 0,25|0 - -0,25|1
LINKUPUSDT|01110|False|0 - -0,25|0,0 - 0,25|0,0 - 0,25|0,0 - 0,25|0,0 - 0,25|1
LINKUPUSDT|00111|True|0,0 - 0,25|0 - -0,25|0,0 - 0,25|0,0 - 0,25|0,0 - 0,25|1
LINKUPUSDT|10011|True|0,25 - 0,5|0,0 - 0,25|0 - -0,25|0,0 - 0,25|0,0 - 0,25|1
LINKUPUSDT|11001|False|0,0 - 0,25|0,25 - 0,5|0,0 - 0,25|0 - -0,25|0,0 - 0,25|1
LINKUPUSDT|01100|False|1 - 2|0,0 - 0,25|0,25 - 0,5|0,0 - 0,25|0 - -0,25|1
LINKUPUSDT|00110|False|0,5 - 1|1 - 2|0,0 - 0,25|0,25 - 0,5|0,0 - 0,25|1
LINKUPUSDT|00011|False|0,5 - 1|0,5 - 1|1 - 2|0,0 - 0,25|0,25 - 0,5|1
LINKUPUSDT|00001|False|0,0 - 0,25|0,5 - 1|0,5 - 1|1 - 2|0,0 - 0,25|1
LINKUPUSDT|00000|False|0,5 - 1|0,0 - 0,25|0,5 - 1|0,5 - 1|1 - 2|1
LINKUPUSDT|00000|True|0,5 - 1|0,5 - 1|0,0 - 0,25|0,5 - 1|0,5 - 1|1
LINKUPUSDT|10000|False|0,0 - 0,25|0,5 - 1|0,5 - 1|0,0 - 0,25|0,5 - 1|1
LINKUPUSDT|01000|False|0,25 - 0,5|0,0 - 0,25|0,5 - 1|0,5 - 1|0,0 - 0,25|1
LINKUPUSDT|00100|True|0,25 - 0,5|0,25 - 0,5|0,0 - 0,25|0,5 - 1|0,5 - 1|1
LINKUPUSDT|10010|True|0,25 - 0,5|0,25 - 0,5|0,25 - 0,5|0,0 - 0,25|0,5 - 1|1
LINKUPUSDT|11001|True|0,25 - 0,5|0,25 - 0,5|0,25 - 0,5|0,25 - 0,5|0,0 - 0,25|1
LINKUPUSDT|11100|True|0,0 - 0,25|0,25 - 0,5|0,25 - 0,5|0,25 - 0,5|0,25 - 0,5|1
LINKUPUSDT|11110|False|0,0 - 0,25|0,0 - 0,25|0,25 - 0,5|0,25 - 0,5|0,25 - 0,5|1
LINKUPUSDT|01111|False|0 - -0,25|0,0 - 0,25|0,0 - 0,25|0,25 - 0,5|0,25 - 0,5|1
LINKUPUSDT|00111|False|0,0 - 0,25|0 - -0,25|0,0 - 0,25|0,0 - 0,25|0,25 - 0,5|1
LINKUPUSDT|00011|True|0,0 - 0,25|0,0 - 0,25|0 - -0,25|0,0 - 0,25|0,0 - 0,25|1
LINKUPUSDT|00100|False|0,25 - 0,5|0 - -0,25|0,0 - 0,25|0,0 - 0,25|0,0 - 0,25|1
LINKUPUSDT|00010|False|0,25 - 0,5|0,25 - 0,5|0 - -0,25|0,0 - 0,25|0,0 - 0,25|1
LINKUPUSDT|00001|False|0,25 - 0,5|0,25 - 0,5|0,25 - 0,5|0 - -0,25|0,0 - 0,25|1
LINKUPUSDT|00000|False|0,0 - 0,25|0,25 - 0,5|0,25 - 0,5|0,25 - 0,5|0 - -0,25|1
LINKUPUSDT|00000|False|0,5 - 1|0,0 - 0,25|0,25 - 0,5|0,25 - 0,5|0,25 - 0,5|1
LINKUPUSDT|00000|True|0,5 - 1|0,5 - 1|0,0 - 0,25|0,25 - 0,5|0,25 - 0,5|1
LINKUPUSDT|10000|False|0,5 - 1|0,5 - 1|0,5 - 1|0,0 - 0,25|0,25 - 0,5|1
LINKUPUSDT|01000|False|0,25 - 0,5|0,5 - 1|0,5 - 1|0,5 - 1|0,0 - 0,25|1
LINKUPUSDT|00100|True|0,25 - 0,5|0,25 - 0,5|0,5 - 1|0,5 - 1|0,5 - 1|1
LINKUPUSDT|10010|False|0,25 - 0,5|0,25 - 0,5|0,25 - 0,5|0,5 - 1|0,5 - 1|1
LINKUPUSDT|01001|True|0,5 - 1|0,25 - 0,5|0,25 - 0,5|0,25 - 0,5|0,5 - 1|1
LINKUPUSDT|10100|True|0,5 - 1|0,5 - 1|0,25 - 0,5|0,25 - 0,5|0,25 - 0,5|1
LINKUPUSDT|11010|False|0,5 - 1|0,5 - 1|0,5 - 1|0,25 - 0,5|0,25 - 0,5|1
LINKUPUSDT|01101|False|0,5 - 1|0,5 - 1|0,5 - 1|0,5 - 1|0,25 - 0,5|1
LINKUPUSDT|00110|False|0,0 - 0,25|0,5 - 1|0,5 - 1|0,5 - 1|0,5 - 1|1
LINKUPUSDT|00011|True|0,25 - 0,5|0,0 - 0,25|0,5 - 1|0,5 - 1|0,5 - 1|1
LINKUPUSDT|10001|True|0,5 - 1|0,25 - 0,5|0,0 - 0,25|0,5 - 1|0,5 - 1|1
LINKUPUSDT|11000|True|0,0 - 0,25|0,5 - 1|0,25 - 0,5|0,0 - 0,25|0,5 - 1|1
LINKUPUSDT|11100|False|0,25 - 0,5|0,0 - 0,25|0,5 - 1|0,25 - 0,5|0,0 - 0,25|1
LINKUPUSDT|01110|False|0,5 - 1|0,25 - 0,5|0,0 - 0,25|0,5 - 1|0,25 - 0,5|1
