MINAUSDT||True||||||4
MINAUSDT||False||||||1
MINAUSDT|11011|False|0,25 - 0,5|0,5 - 1|0,0 - 0,25|0,0 - 0,25|0,0 - 0,25|1
MINAUSDT|01101|True|0,25 - 0,5|0,25 - 0,5|0,5 - 1|0,0 - 0,25|0,0 - 0,25|1
MINAUSDT|10110|False|0,25 - 0,5|0,25 - 0,5|0,25 - 0,5|0,5 - 1|0,0 - 0,25|1
MINAUSDT|01011|False|0,0 - 0,25|0,25 - 0,5|0,25 - 0,5|0,25 - 0,5|0,5 - 1|1
MINAUSDT|00101|True|0,0 - 0,25|0,0 - 0,25|0,25 - 0,5|0,25 - 0,5|0,25 - 0,5|1
MINAUSDT|10010|True|0,0 - 0,25|0,0 - 0,25|0,0 - 0,25|0,25 - 0,5|0,25 - 0,5|1
MINAUSDT|11001|True|0,0 - 0,25|0,0 - 0,25|0,0 - 0,25|0,0 - 0,25|0,25 - 0,5|1
MINAUSDT|11100|False|0,5 - 1|0,0 - 0,25|0,0 - 0,25|0,0 - 0,25|0,0 - 0,25|2
MINAUSDT|01110|True|0,25 - 0,5|0,5 - 1|0,0 - 0,25|0,0 - 0,25|0,0 - 0,25|1
MINAUSDT|10111|False|0,25 - 0,5|0,25 - 0,5|0,5 - 1|0,0 - 0,25|0,0 - 0,25|1
MINAUSDT|01011|True|0,25 - 0,5|0,25 - 0,5|0,25 - 0,5|0,5 - 1|0,0 - 0,25|1
MINAUSDT|10101|False|0,25 - 0,5|0,25 - 0,5|0,25 - 0,5|0,25 - 0,5|0,5 - 1|1
MINAUSDT|01010|False|0,0 - 0,25|0,25 - 0,5|0,25 - 0,5|0,25 - 0,5|0,25 - 0,5|1
MINAUSDT|00101|False|0,0 - 0,25|0,0 - 0,25|0,25 - 0,5|0,25 - 0,5|0,25 - 0,5|1
MINAUSDT|00010|False|0,0 - 0,25|0,0 - 0,25|0,0 - 0,25|0,25 - 0,5|0,25 - 0,5|1
MINAUSDT|00001|True|0,0 - 0,25|0,0 - 0,25|0,0 - 0,25|0,0 - 0,25|0,25 - 0,5|1
MINAUSDT|10000|True|0,0 - 0,25|0,0 - 0,25|0,0 - 0,25|0,0 - 0,25|0,0 - 0,25|9
MINAUSDT|11000|False|0,0 - 0,25|0,0 - 0,25|0,0 - 0,25|0,0 - 0,25|0,0 - 0,25|5
MINAUSDT|01100|True|0,5 - 1|0,0 - 0,25|0,0 - 0,25|0,0 - 0,25|0,0 - 0,25|1
MINAUSDT|10110|True|0,5 - 1|0,5 - 1|0,0 - 0,25|0,0 - 0,25|0,0 - 0,25|1
MINAUSDT|11011|False|0,25 - 0,5|0,5 - 1|0,5 - 1|0,0 - 0,25|0,0 - 0,25|1
MINAUSDT|01101|True|0,0 - 0,25|0,25 - 0,5|0,5 - 1|0,5 - 1|0,0 - 0,25|1
MINAUSDT|10110|False|0,25 - 0,5|0,0 - 0,25|0,25 - 0,5|0,5 - 1|0,5 - 1|1
MINAUSDT|01011|False|0,0 - 0,25|0,25 - 0,5|0,0 - 0,25|0,25 - 0,5|0,5 - 1|1
MINAUSDT|00101|False|0,0 - 0,25|0,0 - 0,25|0,25 - 0,5|0,0 - 0,25|0,25 - 0,5|1
MINAUSDT|00010|False|0,0 - 0,25|0,0 - 0,25|0,0 - 0,25|0,25 - 0,5|0,0 - 0,25|2
MINAUSDT|00001|False|0,0 - 0,25|0,0 - 0,25|0,0 - 0,25|0,0 - 0,25|0,25 - 0,5|1
MINAUSDT|00000|False|0,25 - 0,5|0,0 - 0,25|0,0 - 0,25|0,0 - 0,25|0,0 - 0,25|4
MINAUSDT|00000|False|0,0 - 0,25|0,25 - 0,5|0,0 - 0,25|0,0 - 0,25|0,0 - 0,25|3
MINAUSDT|00000|False|0,0 - 0,25|0,0 - 0,25|0,25 - 0,5|0,0 - 0,25|0,0 - 0,25|3
MINAUSDT|00000|True|0,0 - 0,25|0,0 - 0,25|0,0 - 0,25|0,25 - 0,5|0,0 - 0,25|2
MINAUSDT|10000|True|0,25 - 0,5|0,0 - 0,25|0,0 - 0,25|0,0 - 0,25|0,25 - 0,5|1
MINAUSDT|11000|True|0,0 - 0,25|0,25 - 0,5|0,0 - 0,25|0,0 - 0,25|0,0 - 0,25|1
MINAUSDT|11100|False|0,25 - 0,5|0,0 - 0,25|0,25 - 0,5|0,0 - 0,25|0,0 - 0,25|1
MINAUSDT|01110|False|0,0 - 0,25|0,25 - 0,5|0,0 - 0,25|0,25 - 0,5|0,0 - 0,25|1
MINAUSDT|00111|True|0,0 - 0,25|0,0 - 0,25|0,25 - 0,5|0,0 - 0,25|0,25 - 0,5|1
MINAUSDT|10011|False|0,0 - 0,25|0,0 - 0,25|0,0 - 0,25|0,25 - 0,5|0,0 - 0,25|1
MINAUSDT|01001|False|0,0 - 0,25|0,0 - 0,25|0,0 - 0,25|0,0 - 0,25|0,25 - 0,5|1
MINAUSDT|00100|False|0,0 - 0,25|0,0 - 0,25|0,0 - 0,25|0,0 - 0,25|0,0 - 0,25|15
MINAUSDT|00010|False|0,0 - 0,25|0,0 - 0,25|0,0 - 0,25|0,0 - 0,25|0,0 - 0,25|13
MINAUSDT|00001|False|0,0 - 0,25|0,0 - 0,25|0,0 - 0,25|0,0 - 0,25|0,0 - 0,25|10
MINAUSDT|00000|True|0,0 - 0,25|0,0 - 0,25|0,0 - 0,25|0,0 - 0,25|0,0 - 0,25|8
MINAUSDT|01100|False|0,0 - 0,25|0,0 - 0,25|0,0 - 0,25|0,0 - 0,25|0,0 - 0,25|8
MINAUSDT|00110|False|0,0 - 0,25|0,0 - 0,25|0,0 - 0,25|0,0 - 0,25|0,0 - 0,25|7
MINAUSDT|00011|True|0,0 - 0,25|0,0 - 0,25|0,0 - 0,25|0,0 - 0,25|0,0 - 0,25|4
MINAUSDT|10001|False|0,0 - 0,25|0,0 - 0,25|0,0 - 0,25|0,0 - 0,25|0,0 - 0,25|6
MINAUSDT|01000|False|0,0 - 0,25|0,0 - 0,25|0,0 - 0,25|0,0 - 0,25|0,0 - 0,25|10
MINAUSDT|00100|True|0,0 - 0,25|0,0 - 0,25|0,0 - 0,25|0,0 - 0,25|0,0 - 0,25|8
MINAUSDT|10010|False|0,0 - 0,25|0,0 - 0,25|0,0 - 0,25|0,0 - 0,25|0,0 - 0,25|12
MINAUSDT|01001|True|0,0 - 0,25|0,0 - 0,25|0,0 - 0,25|0,0 - 0,25|0,0 - 0,25|3
MINAUSDT|10100|True|0,0 - 0,25|0,0 - 0,25|0,0 - 0,25|0,0 - 0,25|0,0 - 0,25|4
MINAUSDT|11010|False|0,0 - 0,25|0,0 - 0,25|0,0 - 0,25|0,0 - 0,25|0,0 - 0,25|6
MINAUSDT|01101|True|0,0 - 0,25|0,0 - 0,25|0,0 - 0,25|0,0 - 0,25|0,0 - 0,25|4
MINAUSDT|10110|False|0,0 - 0,25|0,0 - 0,25|0,0 - 0,25|0,0 - 0,25|0,0 - 0,25|4
MINAUSDT|01011|False|0,25 - 0,5|0,0 - 0,25|0,0 - 0,25|0,0 - 0,25|0,0 - 0,25|1
MINAUSDT|00101|False|0,25 - 0,5|0,25 - 0,5|0,0 - 0,25|0,0 - 0,25|0,0 - 0,25|1
MINAUSDT|00010|False|0,0 - 0,25|0,25 - 0,5|0,25 - 0,5|0,0 - 0,25|0,0 - 0,25|1
MINAUSDT|00001|True|0,0 - 0,25|0,0 - 0,25|0,25 - 0,5|0,25 - 0,5|0,0 - 0,25|1
MINAUSDT|10000|False|0,0 - 0,25|0,0 - 0,25|0,0 - 0,25|0,25 - 0,5|0,25 - 0,5|2
MINAUSDT|01000|False|0,0 - 0,25|0,0 - 0,25|0,0 - 0,25|0,0 - 0,25|0,25 - 0,5|3
MINAUSDT|00100|False|0 - -0,25|0,0 - 0,25|0,0 - 0,25|0,0 - 0,25|0,0 - 0,25|3
MINAUSDT|00010|True|0,0 - 0,25|0 - -0,25|0,0 - 0,25|0,0 - 0,25|0,0 - 0,25|1
MINAUSDT|10001|True|0,0 - 0,25|0,0 - 0,25|0 - -0,25|0,0 - 0,25|0,0 - 0,25|3
MINAUSDT|11000|False|0,25 - 0,5|0,0 - 0,25|0,0 - 0,25|0 - -0,25|0,0 - 0,25|1
MINAUSDT|01100|False|0,0 - 0,25|0,25 - 0,5|0,0 - 0,25|0,0 - 0,25|0 - -0,25|1
MINAUSDT|00110|False|0 - -0,25|0,0 - 0,25|0,25 - 0,5|0,0 - 0,25|0,0 - 0,25|1
MINAUSDT|00011|False|0,0 - 0,25|0 - -0,25|0,0 - 0,25|0,25 - 0,5|0,0 - 0,25|1
MINAUSDT|00001|False|0,0 - 0,25|0,0 - 0,25|0 - -0,25|0,0 - 0,25|0,25 - 0,5|2
MINAUSDT|00000|True|0 - -0,25|0,0 - 0,25|0,0 - 0,25|0 - -0,25|0,0 - 0,25|1
MINAUSDT|10000|True|0,0 - 0,25|0 - -0,25|0,0 - 0,25|0,0 - 0,25|0 - -0,25|1
MINAUSDT|11000|False|0,0 - 0,25|0,0 - 0,25|0 - -0,25|0,0 - 0,25|0,0 - 0,25|1
MINAUSDT|01100|True|0,0 - 0,25|0,0 - 0,25|0,0 - 0,25|0 - -0,25|0,0 - 0,25|1
MINAUSDT|10110|True|0,25 - 0,5|0,0 - 0,25|0,0 - 0,25|0,0 - 0,25|0 - -0,25|1
MINAUSDT|11011|True|0,0 - 0,25|0,25 - 0,5|0,0 - 0,25|0,0 - 0,25|0,0 - 0,25|1
MINAUSDT|11101|True|0,5 - 1|0,0 - 0,25|0,25 - 0,5|0,0 - 0,25|0,0 - 0,25|1
MINAUSDT|11110|True|0,25 - 0,5|0,5 - 1|0,0 - 0,25|0,25 - 0,5|0,0 - 0,25|1
MINAUSDT|11111|True|0,0 - 0,25|0,25 - 0,5|0,5 - 1|0,0 - 0,25|0,25 - 0,5|1
MINAUSDT|11111|True|0,0 - 0,25|0,0 - 0,25|0,25 - 0,5|0,5 - 1|0,0 - 0,25|1
MINAUSDT|11111|True|0,25 - 0,5|0,0 - 0,25|0,0 - 0,25|0,25 - 0,5|0,5 - 1|1
MINAUSDT|11111|False|0,0 - 0,25|0,25 - 0,5|0,0 - 0,25|0,0 - 0,25|0,25 - 0,5|1
MINAUSDT|01111|False|0,25 - 0,5|0,0 - 0,25|0,25 - 0,5|0,0 - 0,25|0,0 - 0,25|1
MINAUSDT|00111|False|0,0 - 0,25|0,25 - 0,5|0,0 - 0,25|0,25 - 0,5|0,0 - 0,25|1
MINAUSDT|00011|True|0,5 - 1|0,0 - 0,25|0,25 - 0,5|0,0 - 0,25|0,25 - 0,5|1
MINAUSDT|10001|True|0,0 - 0,25|0,5 - 1|0,0 - 0,25|0,25 - 0,5|0,0 - 0,25|1
MINAUSDT|11000|False|0,0 - 0,25|0,0 - 0,25|0,5 - 1|0,0 - 0,25|0,25 - 0,5|1
MINAUSDT|01100|True|0,0 - 0,25|0,0 - 0,25|0,0 - 0,25|0,5 - 1|0,0 - 0,25|1
MINAUSDT|10110|False|0,0 - 0,25|0,0 - 0,25|0,0 - 0,25|0,0 - 0,25|0,5 - 1|1
MINAUSDT|01011|False|0,0 - 0,25|0,0 - 0,25|0,0 - 0,25|0,0 - 0,25|0,0 - 0,25|5
MINAUSDT|00101|True|0 - -0,25|0,0 - 0,25|0,0 - 0,25|0,0 - 0,25|0,0 - 0,25|1
MINAUSDT|10010|False|0,0 - 0,25|0 - -0,25|0,0 - 0,25|0,0 - 0,25|0,0 - 0,25|1
MINAUSDT|01001|True|0,0 - 0,25|0,0 - 0,25|0 - -0,25|0,0 - 0,25|0,0 - 0,25|3
MINAUSDT|10100|True|0,0 - 0,25|0,0 - 0,25|0,0 - 0,25|0 - -0,25|0,0 - 0,25|1
MINAUSDT|11010|True|0,0 - 0,25|0,0 - 0,25|0,0 - 0,25|0,0 - 0,25|0 - -0,25|1
MINAUSDT|11101|False|0,25 - 0,5|0,0 - 0,25|0,0 - 0,25|0,0 - 0,25|0,0 - 0,25|1
MINAUSDT|01110|True|0,5 - 1|0,25 - 0,5|0,0 - 0,25|0,0 - 0,25|0,0 - 0,25|1
MINAUSDT|10111|True|0,25 - 0,5|0,5 - 1|0,25 - 0,5|0,0 - 0,25|0,0 - 0,25|1
MINAUSDT|11011|True|0,0 - 0,25|0,25 - 0,5|0,5 - 1|0,25 - 0,5|0,0 - 0,25|1
MINAUSDT|11101|True|0,0 - 0,25|0,0 - 0,25|0,25 - 0,5|0,5 - 1|0,25 - 0,5|1
MINAUSDT|11110|False|0,0 - 0,25|0,0 - 0,25|0,0 - 0,25|0,25 - 0,5|0,5 - 1|1
MINAUSDT|01111|False|0,0 - 0,25|0,0 - 0,25|0,0 - 0,25|0,0 - 0,25|0,25 - 0,5|2
MINAUSDT|00111|True|0,0 - 0,25|0,0 - 0,25|0,0 - 0,25|0,0 - 0,25|0,0 - 0,25|2
MINAUSDT|10011|True|0,0 - 0,25|0,0 - 0,25|0,0 - 0,25|0,0 - 0,25|0,0 - 0,25|4
MINAUSDT|11001|False|0,0 - 0,25|0,0 - 0,25|0,0 - 0,25|0,0 - 0,25|0,0 - 0,25|7
MINAUSDT|00011|False|0 - -0,25|0,0 - 0,25|0,0 - 0,25|0,0 - 0,25|0,0 - 0,25|1
MINAUSDT|00001|True|0,0 - 0,25|0 - -0,25|0,0 - 0,25|0,0 - 0,25|0,0 - 0,25|1
MINAUSDT|10000|False|0,0 - 0,25|0,0 - 0,25|0 - -0,25|0,0 - 0,25|0,0 - 0,25|1
MINAUSDT|01000|False|0,0 - 0,25|0,0 - 0,25|0,0 - 0,25|0 - -0,25|0,0 - 0,25|1
MINAUSDT|00100|True|0,0 - 0,25|0,0 - 0,25|0,0 - 0,25|0,0 - 0,25|0 - -0,25|1
MINAUSDT|01001|True|0,5 - 1|0,0 - 0,25|0,0 - 0,25|0,0 - 0,25|0,0 - 0,25|1
MINAUSDT|10100|True|0,5 - 1|0,5 - 1|0,0 - 0,25|0,0 - 0,25|0,0 - 0,25|1
MINAUSDT|11010|True|0,0 - 0,25|0,5 - 1|0,5 - 1|0,0 - 0,25|0,0 - 0,25|1
MINAUSDT|11101|False|0,0 - 0,25|0,0 - 0,25|0,5 - 1|0,5 - 1|0,0 - 0,25|1
MINAUSDT|01110|False|0,0 - 0,25|0,0 - 0,25|0,0 - 0,25|0,5 - 1|0,5 - 1|1
MINAUSDT|00111|False|0,25 - 0,5|0,0 - 0,25|0,0 - 0,25|0,0 - 0,25|0,5 - 1|1
MINAUSDT|00011|False|0,0 - 0,25|0,25 - 0,5|0,0 - 0,25|0,0 - 0,25|0,0 - 0,25|1
MINAUSDT|00001|True|0,0 - 0,25|0,0 - 0,25|0,25 - 0,5|0,0 - 0,25|0,0 - 0,25|1
MINAUSDT|10000|False|0,0 - 0,25|0,0 - 0,25|0,0 - 0,25|0,25 - 0,5|0,0 - 0,25|2
MINAUSDT|01000|True|0,0 - 0,25|0,0 - 0,25|0,0 - 0,25|0,0 - 0,25|0,25 - 0,5|2
MINAUSDT|10100|False|0,25 - 0,5|0,0 - 0,25|0,0 - 0,25|0,0 - 0,25|0,0 - 0,25|2
MINAUSDT|01010|False|0,25 - 0,5|0,25 - 0,5|0,0 - 0,25|0,0 - 0,25|0,0 - 0,25|2
MINAUSDT|00101|False|0,0 - 0,25|0,25 - 0,5|0,25 - 0,5|0,0 - 0,25|0,0 - 0,25|2
MINAUSDT|00010|True|0 - -0,25|0,0 - 0,25|0,25 - 0,5|0,25 - 0,5|0,0 - 0,25|1
MINAUSDT|10001|True|0,0 - 0,25|0 - -0,25|0,0 - 0,25|0,25 - 0,5|0,25 - 0,5|1
MINAUSDT|11000|False|0,25 - 0,5|0,0 - 0,25|0 - -0,25|0,0 - 0,25|0,25 - 0,5|1
MINAUSDT|01100|True|0,0 - 0,25|0,25 - 0,5|0,0 - 0,25|0 - -0,25|0,0 - 0,25|1
MINAUSDT|10110|False|0,25 - 0,5|0,0 - 0,25|0,25 - 0,5|0,0 - 0,25|0 - -0,25|1
MINAUSDT|01011|False|0,25 - 0,5|0,25 - 0,5|0,0 - 0,25|0,25 - 0,5|0,0 - 0,25|1
MINAUSDT|00101|False|0,0 - 0,25|0,25 - 0,5|0,25 - 0,5|0,0 - 0,25|0,25 - 0,5|2
MINAUSDT|00010|False|0,0 - 0,25|0,0 - 0,25|0,25 - 0,5|0,25 - 0,5|0,0 - 0,25|1
MINAUSDT|00001|False|0,0 - 0,25|0,0 - 0,25|0,0 - 0,25|0,25 - 0,5|0,25 - 0,5|2
MINAUSDT|00000|True|0,0 - 0,25|0,0 - 0,25|0,0 - 0,25|0,0 - 0,25|0,25 - 0,5|1
MINAUSDT|10000|False|0,0 - 0,25|0,0 - 0,25|0,0 - 0,25|0,0 - 0,25|0,0 - 0,25|12
MINAUSDT|00010|True|0,25 - 0,5|0,0 - 0,25|0,0 - 0,25|0,0 - 0,25|0,0 - 0,25|1
MINAUSDT|10001|True|0,0 - 0,25|0,25 - 0,5|0,0 - 0,25|0,0 - 0,25|0,0 - 0,25|1
MINAUSDT|11000|True|0,0 - 0,25|0,0 - 0,25|0,25 - 0,5|0,0 - 0,25|0,0 - 0,25|1
MINAUSDT|11100|False|0,25 - 0,5|0,0 - 0,25|0,0 - 0,25|0,25 - 0,5|0,0 - 0,25|1
MINAUSDT|01110|False|0,0 - 0,25|0,25 - 0,5|0,0 - 0,25|0,0 - 0,25|0,25 - 0,5|1
MINAUSDT|00111|False|0,0 - 0,25|0,0 - 0,25|0,25 - 0,5|0,0 - 0,25|0,0 - 0,25|1
MINAUSDT|00011|True|0,0 - 0,25|0,0 - 0,25|0,0 - 0,25|0,25 - 0,5|0,0 - 0,25|1
MINAUSDT|10001|False|0,0 - 0,25|0,0 - 0,25|0,0 - 0,25|0,0 - 0,25|0,25 - 0,5|2
MINAUSDT|00000|False|0,0 - 0,25|0,0 - 0,25|0,0 - 0,25|0,0 - 0,25|0,0 - 0,25|21
MINAUSDT|10000|True|0,5 - 1|0,0 - 0,25|0,0 - 0,25|0,0 - 0,25|0,0 - 0,25|1
MINAUSDT|11000|False|0,0 - 0,25|0,5 - 1|0,0 - 0,25|0,0 - 0,25|0,0 - 0,25|1
MINAUSDT|01100|False|0,0 - 0,25|0,0 - 0,25|0,5 - 1|0,0 - 0,25|0,0 - 0,25|1
MINAUSDT|00110|True|0,0 - 0,25|0,0 - 0,25|0,0 - 0,25|0,5 - 1|0,0 - 0,25|1
MINAUSDT|10011|True|0,0 - 0,25|0,0 - 0,25|0,0 - 0,25|0,0 - 0,25|0,5 - 1|1
MINAUSDT|11001|True|0,25 - 0,5|0,0 - 0,25|0,0 - 0,25|0,0 - 0,25|0,0 - 0,25|1
MINAUSDT|11100|True|1 - 2|0,25 - 0,5|0,0 - 0,25|0,0 - 0,25|0,0 - 0,25|1
MINAUSDT|11110|True|0,5 - 1|1 - 2|0,25 - 0,5|0,0 - 0,25|0,0 - 0,25|1
MINAUSDT|11111|False|0,25 - 0,5|0,5 - 1|1 - 2|0,25 - 0,5|0,0 - 0,25|1
MINAUSDT|01111|False|0,0 - 0,25|0,25 - 0,5|0,5 - 1|1 - 2|0,25 - 0,5|1
MINAUSDT|00111|True|0,0 - 0,25|0,0 - 0,25|0,25 - 0,5|0,5 - 1|1 - 2|1
MINAUSDT|10011|False|0,0 - 0,25|0,0 - 0,25|0,0 - 0,25|0,25 - 0,5|0,5 - 1|1
MINAUSDT|01001|True|0,25 - 0,5|0,0 - 0,25|0,0 - 0,25|0,0 - 0,25|0,25 - 0,5|1
MINAUSDT|10100|False|0,5 - 1|0,25 - 0,5|0,0 - 0,25|0,0 - 0,25|0,0 - 0,25|1
MINAUSDT|01010|False|0,0 - 0,25|0,5 - 1|0,25 - 0,5|0,0 - 0,25|0,0 - 0,25|1
MINAUSDT|00101|False|0,0 - 0,25|0,0 - 0,25|0,5 - 1|0,25 - 0,5|0,0 - 0,25|1
MINAUSDT|00010|True|0,5 - 1|0,0 - 0,25|0,0 - 0,25|0,5 - 1|0,25 - 0,5|1
MINAUSDT|10001|False|0,25 - 0,5|0,5 - 1|0,0 - 0,25|0,0 - 0,25|0,5 - 1|1
MINAUSDT|01000|False|0,0 - 0,25|0,25 - 0,5|0,5 - 1|0,0 - 0,25|0,0 - 0,25|1
MINAUSDT|00100|False|0,0 - 0,25|0,0 - 0,25|0,25 - 0,5|0,5 - 1|0,0 - 0,25|1
MINAUSDT|00010|True|0,5 - 1|0,0 - 0,25|0,0 - 0,25|0,25 - 0,5|0,5 - 1|1
MINAUSDT|10001|False|0,0 - 0,25|0,5 - 1|0,0 - 0,25|0,0 - 0,25|0,25 - 0,5|1
MINAUSDT|01000|False|0,0 - 0,25|0,0 - 0,25|0,5 - 1|0,0 - 0,25|0,0 - 0,25|1
MINAUSDT|00100|False|0,5 - 1|0,0 - 0,25|0,0 - 0,25|0,5 - 1|0,0 - 0,25|1
MINAUSDT|00010|False|0,25 - 0,5|0,5 - 1|0,0 - 0,25|0,0 - 0,25|0,5 - 1|1
MINAUSDT|00001|True|0,25 - 0,5|0,25 - 0,5|0,5 - 1|0,0 - 0,25|0,0 - 0,25|1
MINAUSDT|10000|True|0,5 - 1|0,25 - 0,5|0,25 - 0,5|0,5 - 1|0,0 - 0,25|1
MINAUSDT|11000|False|0,5 - 1|0,5 - 1|0,25 - 0,5|0,25 - 0,5|0,5 - 1|1
MINAUSDT|01100|False|0,0 - 0,25|0,5 - 1|0,5 - 1|0,25 - 0,5|0,25 - 0,5|1
MINAUSDT|00110|True|0,0 - 0,25|0,0 - 0,25|0,5 - 1|0,5 - 1|0,25 - 0,5|1
MINAUSDT|10011|False|0,25 - 0,5|0,0 - 0,25|0,0 - 0,25|0,5 - 1|0,5 - 1|1
MINAUSDT|01001|True|0,0 - 0,25|0,25 - 0,5|0,0 - 0,25|0,0 - 0,25|0,5 - 1|1
MINAUSDT|10100|False|0,25 - 0,5|0,0 - 0,25|0,25 - 0,5|0,0 - 0,25|0,0 - 0,25|1
MINAUSDT|01010|True|0,0 - 0,25|0,25 - 0,5|0,0 - 0,25|0,25 - 0,5|0,0 - 0,25|1
MINAUSDT|10101|False|0,0 - 0,25|0,0 - 0,25|0,25 - 0,5|0,0 - 0,25|0,25 - 0,5|1
MINAUSDT|01010|True|0,0 - 0,25|0,0 - 0,25|0,0 - 0,25|0,25 - 0,5|0,0 - 0,25|2
MINAUSDT|10101|False|0,25 - 0,5|0,0 - 0,25|0,0 - 0,25|0,0 - 0,25|0,25 - 0,5|2
MINAUSDT|00010|False|1 - 2|0,0 - 0,25|0,25 - 0,5|0,25 - 0,5|0,0 - 0,25|1
MINAUSDT|00001|False|1 - 2|1 - 2|0,0 - 0,25|0,25 - 0,5|0,25 - 0,5|1
MINAUSDT|00000|False|0,5 - 1|1 - 2|1 - 2|0,0 - 0,25|0,25 - 0,5|1
MINAUSDT|00000|False|0,5 - 1|0,5 - 1|1 - 2|1 - 2|0,0 - 0,25|1
MINAUSDT|00000|True|0,5 - 1|0,5 - 1|0,5 - 1|1 - 2|1 - 2|1
MINAUSDT|10000|True|0,5 - 1|0,5 - 1|0,5 - 1|0,5 - 1|1 - 2|1
MINAUSDT|11000|False|0,5 - 1|0,5 - 1|0,5 - 1|0,5 - 1|0,5 - 1|1
MINAUSDT|01100|False|0,5 - 1|0,5 - 1|0,5 - 1|0,5 - 1|0,5 - 1|1
MINAUSDT|00110|False|0,5 - 1|0,5 - 1|0,5 - 1|0,5 - 1|0,5 - 1|1
MINAUSDT|00011|True|0,0 - 0,25|0,5 - 1|0,5 - 1|0,5 - 1|0,5 - 1|1
MINAUSDT|10001|False|0,0 - 0,25|0,0 - 0,25|0,5 - 1|0,5 - 1|0,5 - 1|1
MINAUSDT|01000|True|0,0 - 0,25|0,0 - 0,25|0,0 - 0,25|0,5 - 1|0,5 - 1|1
MINAUSDT|10100|False|0,25 - 0,5|0,0 - 0,25|0,0 - 0,25|0,0 - 0,25|0,5 - 1|1
MINAUSDT|01010|False|0,0 - 0,25|0,25 - 0,5|0,0 - 0,25|0,0 - 0,25|0,0 - 0,25|2
MINAUSDT|00101|False|0,5 - 1|0,0 - 0,25|0,25 - 0,5|0,0 - 0,25|0,0 - 0,25|1
MINAUSDT|00010|True|0,0 - 0,25|0,5 - 1|0,0 - 0,25|0,25 - 0,5|0,0 - 0,25|1
MINAUSDT|10001|True|0,25 - 0,5|0,0 - 0,25|0,5 - 1|0,0 - 0,25|0,25 - 0,5|1
MINAUSDT|11000|True|0,0 - 0,25|0,25 - 0,5|0,0 - 0,25|0,5 - 1|0,0 - 0,25|1
MINAUSDT|11100|True|1 - 2|0,0 - 0,25|0,25 - 0,5|0,0 - 0,25|0,5 - 1|1
MINAUSDT|11110|False|0,25 - 0,5|1 - 2|0,0 - 0,25|0,25 - 0,5|0,0 - 0,25|1
MINAUSDT|01111|True|0,25 - 0,5|0,25 - 0,5|1 - 2|0,0 - 0,25|0,25 - 0,5|1
MINAUSDT|10111|False|0,5 - 1|0,25 - 0,5|0,25 - 0,5|1 - 2|0,0 - 0,25|1
MINAUSDT|01011|True|0,25 - 0,5|0,5 - 1|0,25 - 0,5|0,25 - 0,5|1 - 2|1
MINAUSDT|10101|False|0,25 - 0,5|0,25 - 0,5|0,5 - 1|0,25 - 0,5|0,25 - 0,5|1
MINAUSDT|01010|True|0,25 - 0,5|0,25 - 0,5|0,25 - 0,5|0,5 - 1|0,25 - 0,5|1
MINAUSDT|10101|True|0,25 - 0,5|0,25 - 0,5|0,25 - 0,5|0,25 - 0,5|0,5 - 1|1
MINAUSDT|11010|False|0,0 - 0,25|0,25 - 0,5|0,25 - 0,5|0,25 - 0,5|0,25 - 0,5|1
MINAUSDT|01101|True|0,0 - 0,25|0,0 - 0,25|0,25 - 0,5|0,25 - 0,5|0,25 - 0,5|1
MINAUSDT|10110|False|0,5 - 1|0,0 - 0,25|0,0 - 0,25|0,25 - 0,5|0,25 - 0,5|2
MINAUSDT|01011|False|0,25 - 0,5|0,5 - 1|0,0 - 0,25|0,0 - 0,25|0,25 - 0,5|2
MINAUSDT|00101|False|0,25 - 0,5|0,25 - 0,5|0,5 - 1|0,0 - 0,25|0,0 - 0,25|1
MINAUSDT|00010|False|0,0 - 0,25|0,25 - 0,5|0,25 - 0,5|0,5 - 1|0,0 - 0,25|1
MINAUSDT|00001|False|0,25 - 0,5|0,0 - 0,25|0,25 - 0,5|0,25 - 0,5|0,5 - 1|1
MINAUSDT|00000|True|0,25 - 0,5|0,25 - 0,5|0,0 - 0,25|0,25 - 0,5|0,25 - 0,5|1
MINAUSDT|10000|False|0,25 - 0,5|0,25 - 0,5|0,25 - 0,5|0,0 - 0,25|0,25 - 0,5|1
MINAUSDT|01000|False|0,25 - 0,5|0,25 - 0,5|0,25 - 0,5|0,25 - 0,5|0,0 - 0,25|1
MINAUSDT|00100|True|0,25 - 0,5|0,25 - 0,5|0,25 - 0,5|0,25 - 0,5|0,25 - 0,5|1
MINAUSDT|10010|True|0,0 - 0,25|0,25 - 0,5|0,25 - 0,5|0,25 - 0,5|0,25 - 0,5|1
MINAUSDT|11001|True|0,0 - 0,25|0,0 - 0,25|0,25 - 0,5|0,25 - 0,5|0,25 - 0,5|1
MINAUSDT|11100|True|0,25 - 0,5|0,0 - 0,25|0,0 - 0,25|0,25 - 0,5|0,25 - 0,5|1
MINAUSDT|11110|False|0,0 - 0,25|0,25 - 0,5|0,0 - 0,25|0,0 - 0,25|0,25 - 0,5|1
MINAUSDT|01111|False|0,0 - 0,25|0,0 - 0,25|0,25 - 0,5|0,0 - 0,25|0,0 - 0,25|1
MINAUSDT|00111|True|0,25 - 0,5|0,0 - 0,25|0,0 - 0,25|0,25 - 0,5|0,0 - 0,25|1
MINAUSDT|10011|True|0,0 - 0,25|0,25 - 0,5|0,0 - 0,25|0,0 - 0,25|0,25 - 0,5|1
MINAUSDT|11001|False|0,0 - 0,25|0,0 - 0,25|0,25 - 0,5|0,0 - 0,25|0,0 - 0,25|2
MINAUSDT|01100|False|0,25 - 0,5|0,0 - 0,25|0,0 - 0,25|0,25 - 0,5|0,0 - 0,25|2
MINAUSDT|00110|False|0,0 - 0,25|0,25 - 0,5|0,0 - 0,25|0,0 - 0,25|0,25 - 0,5|2
MINAUSDT|00011|False|0,0 - 0,25|0,0 - 0,25|0,25 - 0,5|0,0 - 0,25|0,0 - 0,25|2
MINAUSDT|00001|False|0,0 - 0,25|0,0 - 0,25|0,0 - 0,25|0,25 - 0,5|0,0 - 0,25|1
MINAUSDT|00000|True|0,25 - 0,5|0,0 - 0,25|0,0 - 0,25|0,0 - 0,25|0,25 - 0,5|2
MINAUSDT|10000|False|0,0 - 0,25|0,25 - 0,5|0,0 - 0,25|0,0 - 0,25|0,0 - 0,25|2
MINAUSDT|01000|False|0,25 - 0,5|0,0 - 0,25|0,25 - 0,5|0,0 - 0,25|0,0 - 0,25|1
MINAUSDT|00100|False|0,5 - 1|0,25 - 0,5|0,0 - 0,25|0,25 - 0,5|0,0 - 0,25|1
MINAUSDT|00010|False|0,0 - 0,25|0,5 - 1|0,25 - 0,5|0,0 - 0,25|0,25 - 0,5|1
MINAUSDT|00001|True|1 - 2|0,0 - 0,25|0,5 - 1|0,25 - 0,5|0,0 - 0,25|1
MINAUSDT|10000|True|0,5 - 1|1 - 2|0,0 - 0,25|0,5 - 1|0,25 - 0,5|1
MINAUSDT|11000|True|0,0 - 0,25|0,5 - 1|1 - 2|0,0 - 0,25|0,5 - 1|1
MINAUSDT|11100|True|0,0 - 0,25|0,0 - 0,25|0,5 - 1|1 - 2|0,0 - 0,25|1
MINAUSDT|11110|True|0,0 - 0,25|0,0 - 0,25|0,0 - 0,25|0,5 - 1|1 - 2|1
MINAUSDT|11111|True|0,0 - 0,25|0,0 - 0,25|0,0 - 0,25|0,0 - 0,25|0,5 - 1|1
MINAUSDT|11111|True|0,0 - 0,25|0,0 - 0,25|0,0 - 0,25|0,0 - 0,25|0,0 - 0,25|6
MINAUSDT|11111|True|0,25 - 0,5|0,0 - 0,25|0,0 - 0,25|0,0 - 0,25|0,0 - 0,25|2
MINAUSDT|11111|True|0,0 - 0,25|0,25 - 0,5|0,0 - 0,25|0,0 - 0,25|0,0 - 0,25|2
MINAUSDT|11111|True|0,5 - 1|0,0 - 0,25|0,25 - 0,5|0,0 - 0,25|0,0 - 0,25|1
MINAUSDT|11111|True|0,25 - 0,5|0,5 - 1|0,0 - 0,25|0,25 - 0,5|0,0 - 0,25|1
MINAUSDT|11111|True|0,25 - 0,5|0,25 - 0,5|0,5 - 1|0,0 - 0,25|0,25 - 0,5|1
MINAUSDT|11111|False|0,25 - 0,5|0,25 - 0,5|0,25 - 0,5|0,5 - 1|0,0 - 0,25|1
MINAUSDT|01111|True|0,25 - 0,5|0,25 - 0,5|0,25 - 0,5|0,25 - 0,5|0,5 - 1|1
MINAUSDT|10111|True|0,25 - 0,5|0,25 - 0,5|0,25 - 0,5|0,25 - 0,5|0,25 - 0,5|1
MINAUSDT|11011|False|0,25 - 0,5|0,25 - 0,5|0,25 - 0,5|0,25 - 0,5|0,25 - 0,5|1
MINAUSDT|01101|True|0,0 - 0,25|0,25 - 0,5|0,25 - 0,5|0,25 - 0,5|0,25 - 0,5|1
MINAUSDT|10110|True|0,0 - 0,25|0,0 - 0,25|0,25 - 0,5|0,25 - 0,5|0,25 - 0,5|1
MINAUSDT|11011|False|0,0 - 0,25|0,0 - 0,25|0,0 - 0,25|0,25 - 0,5|0,25 - 0,5|2
MINAUSDT|01101|True|0,0 - 0,25|0,0 - 0,25|0,0 - 0,25|0,0 - 0,25|0,25 - 0,5|1
MINAUSDT|01011|True|0,0 - 0,25|0,0 - 0,25|0,0 - 0,25|0,0 - 0,25|0,0 - 0,25|4
MINAUSDT|10101|False|0,0 - 0,25|0,0 - 0,25|0,0 - 0,25|0,0 - 0,25|0,0 - 0,25|7
MINAUSDT|01010|False|0,0 - 0,25|0,0 - 0,25|0,0 - 0,25|0,0 - 0,25|0,0 - 0,25|6
MINAUSDT|00101|False|0,0 - 0,25|0,0 - 0,25|0,0 - 0,25|0,0 - 0,25|0,0 - 0,25|5
MINAUSDT|00010|True|0,5 - 1|0,0 - 0,25|0,0 - 0,25|0,0 - 0,25|0,0 - 0,25|1
MINAUSDT|10001|True|0,0 - 0,25|0,5 - 1|0,0 - 0,25|0,0 - 0,25|0,0 - 0,25|1
MINAUSDT|11000|False|0,25 - 0,5|0,0 - 0,25|0,5 - 1|0,0 - 0,25|0,0 - 0,25|1
MINAUSDT|01100|True|0,25 - 0,5|0,25 - 0,5|0,0 - 0,25|0,5 - 1|0,0 - 0,25|1
MINAUSDT|10110|True|0,0 - 0,25|0,25 - 0,5|0,25 - 0,5|0,0 - 0,25|0,5 - 1|1
MINAUSDT|11011|False|0,25 - 0,5|0,0 - 0,25|0,25 - 0,5|0,25 - 0,5|0,0 - 0,25|1
MINAUSDT|01101|False|0,0 - 0,25|0,25 - 0,5|0,0 - 0,25|0,25 - 0,5|0,25 - 0,5|1
MINAUSDT|00110|False|0,25 - 0,5|0,0 - 0,25|0,25 - 0,5|0,0 - 0,25|0,25 - 0,5|1
MINAUSDT|00011|False|0,0 - 0,25|0,25 - 0,5|0,0 - 0,25|0,25 - 0,5|0,0 - 0,25|2
MINAUSDT|00001|True|0,25 - 0,5|0,0 - 0,25|0,25 - 0,5|0,0 - 0,25|0,25 - 0,5|1
MINAUSDT|10000|False|0,25 - 0,5|0,25 - 0,5|0,0 - 0,25|0,25 - 0,5|0,0 - 0,25|1
MINAUSDT|01000|False|0,25 - 0,5|0,25 - 0,5|0,25 - 0,5|0,0 - 0,25|0,25 - 0,5|1
MINAUSDT|00100|False|0,0 - 0,25|0,25 - 0,5|0,25 - 0,5|0,25 - 0,5|0,0 - 0,25|1
MINAUSDT|00010|False|0,0 - 0,25|0,0 - 0,25|0,25 - 0,5|0,25 - 0,5|0,25 - 0,5|1
MINAUSDT|00000|False|0,0 - 0,25|0,0 - 0,25|0,0 - 0,25|0,0 - 0,25|0,25 - 0,5|4
MINAUSDT|00000|False|0,25 - 0,5|0,25 - 0,5|0,0 - 0,25|0,0 - 0,25|0,0 - 0,25|4
MINAUSDT|00000|False|0,0 - 0,25|0,25 - 0,5|0,25 - 0,5|0,0 - 0,25|0,0 - 0,25|2
MINAUSDT|00000|True|0,0 - 0,25|0,0 - 0,25|0,25 - 0,5|0,25 - 0,5|0,0 - 0,25|1
MINAUSDT|00001|True|0,25 - 0,5|0,0 - 0,25|0,0 - 0,25|0,0 - 0,25|0,0 - 0,25|1
MINAUSDT|10000|True|0,0 - 0,25|0,25 - 0,5|0,0 - 0,25|0,0 - 0,25|0,0 - 0,25|2
MINAUSDT|11000|False|0,0 - 0,25|0,0 - 0,25|0,25 - 0,5|0,0 - 0,25|0,0 - 0,25|2
MINAUSDT|00001|False|0,25 - 0,5|0,0 - 0,25|0,0 - 0,25|0,25 - 0,5|0,0 - 0,25|1
MINAUSDT|00000|False|0,5 - 1|0,25 - 0,5|0,0 - 0,25|0,0 - 0,25|0,25 - 0,5|1
MINAUSDT|00000|False|0,25 - 0,5|0,5 - 1|0,25 - 0,5|0,0 - 0,25|0,0 - 0,25|1
MINAUSDT|00000|False|0,0 - 0,25|0,25 - 0,5|0,5 - 1|0,25 - 0,5|0,0 - 0,25|1
MINAUSDT|00000|True|0,0 - 0,25|0,0 - 0,25|0,25 - 0,5|0,5 - 1|0,25 - 0,5|1
MINAUSDT|10000|True|0,0 - 0,25|0,0 - 0,25|0,0 - 0,25|0,25 - 0,5|0,5 - 1|1
MINAUSDT|11000|True|0,25 - 0,5|0,0 - 0,25|0,0 - 0,25|0,0 - 0,25|0,25 - 0,5|1
MINAUSDT|11100|True|0,25 - 0,5|0,25 - 0,5|0,0 - 0,25|0,0 - 0,25|0,0 - 0,25|2
MINAUSDT|11110|False|0,25 - 0,5|0,25 - 0,5|0,25 - 0,5|0,0 - 0,25|0,0 - 0,25|1
MINAUSDT|01111|True|0,0 - 0,25|0,25 - 0,5|0,25 - 0,5|0,25 - 0,5|0,0 - 0,25|1
MINAUSDT|10111|True|0,0 - 0,25|0,0 - 0,25|0,25 - 0,5|0,25 - 0,5|0,25 - 0,5|1
MINAUSDT|11011|True|0,0 - 0,25|0,0 - 0,25|0,0 - 0,25|0,25 - 0,5|0,25 - 0,5|1
MINAUSDT|11101|False|0,0 - 0,25|0,0 - 0,25|0,0 - 0,25|0,0 - 0,25|0,25 - 0,5|1
MINAUSDT|01110|True|0,0 - 0,25|0,0 - 0,25|0,0 - 0,25|0,0 - 0,25|0,0 - 0,25|2
MINAUSDT|10111|True|0,0 - 0,25|0,0 - 0,25|0,0 - 0,25|0,0 - 0,25|0,0 - 0,25|2
MINAUSDT|11011|True|0,0 - 0,25|0,0 - 0,25|0,0 - 0,25|0,0 - 0,25|0,0 - 0,25|2
MINAUSDT|11101|True|0,0 - 0,25|0,0 - 0,25|0,0 - 0,25|0,0 - 0,25|0,0 - 0,25|3
MINAUSDT|11110|True|0,0 - 0,25|0,0 - 0,25|0,0 - 0,25|0,0 - 0,25|0,0 - 0,25|4
MINAUSDT|11111|False|0,0 - 0,25|0,0 - 0,25|0,0 - 0,25|0,0 - 0,25|0,0 - 0,25|2
MINAUSDT|01111|False|0,0 - 0,25|0,0 - 0,25|0,0 - 0,25|0,0 - 0,25|0,0 - 0,25|1
MINAUSDT|00111|False|0,0 - 0,25|0,0 - 0,25|0,0 - 0,25|0,0 - 0,25|0,0 - 0,25|2
MINAUSDT|00011|False|0,0 - 0,25|0,0 - 0,25|0,0 - 0,25|0,0 - 0,25|0,0 - 0,25|6
MINAUSDT|00001|True|0,0 - 0,25|0,0 - 0,25|0,0 - 0,25|0,0 - 0,25|0,0 - 0,25|9
MINAUSDT|11000|True|0,0 - 0,25|0,0 - 0,25|0,0 - 0,25|0,0 - 0,25|0,0 - 0,25|6
MINAUSDT|11100|False|0,0 - 0,25|0,0 - 0,25|0,0 - 0,25|0,0 - 0,25|0,0 - 0,25|3
MINAUSDT|01110|False|0,0 - 0,25|0,0 - 0,25|0,0 - 0,25|0,0 - 0,25|0,0 - 0,25|4
MINAUSDT|00111|False|0,25 - 0,5|0,0 - 0,25|0,0 - 0,25|0,0 - 0,25|0,0 - 0,25|1
MINAUSDT|00011|True|0,0 - 0,25|0,25 - 0,5|0,0 - 0,25|0,0 - 0,25|0,0 - 0,25|1
MINAUSDT|10001|False|0,0 - 0,25|0,0 - 0,25|0,25 - 0,5|0,0 - 0,25|0,0 - 0,25|2
MINAUSDT|01000|True|0,0 - 0,25|0,0 - 0,25|0,0 - 0,25|0,25 - 0,5|0,0 - 0,25|2
MINAUSDT|10100|False|0,0 - 0,25|0,0 - 0,25|0,0 - 0,25|0,0 - 0,25|0,25 - 0,5|3
MINAUSDT|01010|False|0,25 - 0,5|0,0 - 0,25|0,0 - 0,25|0,0 - 0,25|0,0 - 0,25|4
MINAUSDT|00101|False|0,5 - 1|0,25 - 0,5|0,0 - 0,25|0,0 - 0,25|0,0 - 0,25|1
MINAUSDT|00010|False|0,25 - 0,5|0,5 - 1|0,25 - 0,5|0,0 - 0,25|0,0 - 0,25|1
MINAUSDT|00001|False|0,5 - 1|0,25 - 0,5|0,5 - 1|0,25 - 0,5|0,0 - 0,25|1
MINAUSDT|00000|False|0,5 - 1|0,5 - 1|0,25 - 0,5|0,5 - 1|0,25 - 0,5|1
MINAUSDT|00000|True|0,0 - 0,25|0,5 - 1|0,5 - 1|0,25 - 0,5|0,5 - 1|1
MINAUSDT|10000|True|0,5 - 1|0,0 - 0,25|0,5 - 1|0,5 - 1|0,25 - 0,5|1
MINAUSDT|11000|False|0,25 - 0,5|0,5 - 1|0,0 - 0,25|0,5 - 1|0,5 - 1|1
MINAUSDT|01100|False|0,5 - 1|0,25 - 0,5|0,5 - 1|0,0 - 0,25|0,5 - 1|1
MINAUSDT|00110|True|0,25 - 0,5|0,5 - 1|0,25 - 0,5|0,5 - 1|0,0 - 0,25|1
MINAUSDT|10011|False|0,25 - 0,5|0,25 - 0,5|0,5 - 1|0,25 - 0,5|0,5 - 1|1
MINAUSDT|01001|True|0,25 - 0,5|0,25 - 0,5|0,25 - 0,5|0,5 - 1|0,25 - 0,5|1
MINAUSDT|10100|True|0,0 - 0,25|0,25 - 0,5|0,25 - 0,5|0,25 - 0,5|0,5 - 1|1
MINAUSDT|11010|True|0,0 - 0,25|0,0 - 0,25|0,25 - 0,5|0,25 - 0,5|0,25 - 0,5|1
MINAUSDT|11101|True|0,25 - 0,5|0,0 - 0,25|0,0 - 0,25|0,25 - 0,5|0,25 - 0,5|1
MINAUSDT|11110|False|0,25 - 0,5|0,25 - 0,5|0,0 - 0,25|0,0 - 0,25|0,25 - 0,5|1
MINAUSDT|01111|True|0,0 - 0,25|0,25 - 0,5|0,25 - 0,5|0,0 - 0,25|0,0 - 0,25|1
MINAUSDT|10111|True|0,0 - 0,25|0,0 - 0,25|0,25 - 0,5|0,25 - 0,5|0,0 - 0,25|1
MINAUSDT|01101|False|0,25 - 0,5|0,0 - 0,25|0,0 - 0,25|0,0 - 0,25|0,25 - 0,5|1
MINAUSDT|00110|False|0,0 - 0,25|0,25 - 0,5|0,0 - 0,25|0,0 - 0,25|0,0 - 0,25|2
MINAUSDT|00011|True|0,0 - 0,25|0,0 - 0,25|0,25 - 0,5|0,0 - 0,25|0,0 - 0,25|2
MINAUSDT|10001|False|0,0 - 0,25|0,0 - 0,25|0,0 - 0,25|0,25 - 0,5|0,0 - 0,25|2
MINAUSDT|01000|False|0,5 - 1|0,0 - 0,25|0,0 - 0,25|0,0 - 0,25|0,25 - 0,5|1
MINAUSDT|00100|True|0,25 - 0,5|0,5 - 1|0,0 - 0,25|0,0 - 0,25|0,0 - 0,25|1
MINAUSDT|10010|False|0,0 - 0,25|0,25 - 0,5|0,5 - 1|0,0 - 0,25|0,0 - 0,25|1
MINAUSDT|01001|True|0,0 - 0,25|0,0 - 0,25|0,25 - 0,5|0,5 - 1|0,0 - 0,25|1
MINAUSDT|10100|False|0,25 - 0,5|0,0 - 0,25|0,0 - 0,25|0,25 - 0,5|0,5 - 1|1
MINAUSDT|01010|True|0,0 - 0,25|0,25 - 0,5|0,0 - 0,25|0,0 - 0,25|0,25 - 0,5|2
MINAUSDT|10101|False|0,0 - 0,25|0,0 - 0,25|0,25 - 0,5|0,0 - 0,25|0,0 - 0,25|2
MINAUSDT|00101|False|0,25 - 0,5|0,0 - 0,25|0,25 - 0,5|0,0 - 0,25|0,0 - 0,25|1
MINAUSDT|00010|True|0,0 - 0,25|0,25 - 0,5|0,0 - 0,25|0,25 - 0,5|0,0 - 0,25|1
MINAUSDT|10001|False|0,0 - 0,25|0,0 - 0,25|0,25 - 0,5|0,0 - 0,25|0,25 - 0,5|1
MINAUSDT|01000|False|0,0 - 0,25|0,0 - 0,25|0,0 - 0,25|0,25 - 0,5|0,0 - 0,25|1
MINAUSDT|00100|True|0,0 - 0,25|0,0 - 0,25|0,0 - 0,25|0,0 - 0,25|0,25 - 0,5|2
MINAUSDT|10010|True|0,0 - 0,25|0,0 - 0,25|0,0 - 0,25|0,0 - 0,25|0,0 - 0,25|3
MINAUSDT|00001|False|0,25 - 0,5|0,0 - 0,25|0,0 - 0,25|0,0 - 0,25|0,0 - 0,25|3
MINAUSDT|00000|False|0,25 - 0,5|0,0 - 0,25|0,0 - 0,25|0,25 - 0,5|0,0 - 0,25|1
MINAUSDT|00000|True|0,25 - 0,5|0,25 - 0,5|0,0 - 0,25|0,0 - 0,25|0,25 - 0,5|1
MINAUSDT|10000|True|0,25 - 0,5|0,25 - 0,5|0,25 - 0,5|0,0 - 0,25|0,0 - 0,25|1
MINAUSDT|11000|False|0,0 - 0,25|0,25 - 0,5|0,25 - 0,5|0,25 - 0,5|0,0 - 0,25|1
MINAUSDT|01100|True|0,0 - 0,25|0,0 - 0,25|0,25 - 0,5|0,25 - 0,5|0,25 - 0,5|1
MINAUSDT|10110|False|0,25 - 0,5|0,0 - 0,25|0,0 - 0,25|0,25 - 0,5|0,25 - 0,5|1
MINAUSDT|01011|True|0,25 - 0,5|0,25 - 0,5|0,0 - 0,25|0,0 - 0,25|0,25 - 0,5|1
MINAUSDT|10101|False|0,5 - 1|0,25 - 0,5|0,25 - 0,5|0,0 - 0,25|0,0 - 0,25|1
MINAUSDT|01010|True|0,0 - 0,25|0,5 - 1|0,25 - 0,5|0,25 - 0,5|0,0 - 0,25|1
MINAUSDT|10101|True|0,25 - 0,5|0,0 - 0,25|0,5 - 1|0,25 - 0,5|0,25 - 0,5|1
MINAUSDT|11010|False|0,25 - 0,5|0,25 - 0,5|0,0 - 0,25|0,5 - 1|0,25 - 0,5|1
MINAUSDT|01101|False|0,25 - 0,5|0,25 - 0,5|0,25 - 0,5|0,0 - 0,25|0,5 - 1|1
MINAUSDT|00110|True|0,0 - 0,25|0,25 - 0,5|0,25 - 0,5|0,25 - 0,5|0,0 - 0,25|2
MINAUSDT|10011|False|0,0 - 0,25|0,0 - 0,25|0,25 - 0,5|0,25 - 0,5|0,25 - 0,5|1
MINAUSDT|01001|True|0,5 - 1|0,0 - 0,25|0,0 - 0,25|0,25 - 0,5|0,25 - 0,5|1
MINAUSDT|10100|True|0,0 - 0,25|0,5 - 1|0,0 - 0,25|0,0 - 0,25|0,25 - 0,5|1
MINAUSDT|11010|False|0,0 - 0,25|0,0 - 0,25|0,5 - 1|0,0 - 0,25|0,0 - 0,25|1
MINAUSDT|01101|False|0,0 - 0,25|0,0 - 0,25|0,0 - 0,25|0,5 - 1|0,0 - 0,25|1
MINAUSDT|00110|True|0,0 - 0,25|0,0 - 0,25|0,0 - 0,25|0,0 - 0,25|0,5 - 1|1
MINAUSDT|10011|True|0,25 - 0,5|0,0 - 0,25|0,0 - 0,25|0,0 - 0,25|0,0 - 0,25|1
MINAUSDT|11001|True|0,0 - 0,25|0,25 - 0,5|0,0 - 0,25|0,0 - 0,25|0,0 - 0,25|2
MINAUSDT|11100|True|0,25 - 0,5|0,0 - 0,25|0,25 - 0,5|0,0 - 0,25|0,0 - 0,25|1
MINAUSDT|11110|False|0,0 - 0,25|0,25 - 0,5|0,0 - 0,25|0,25 - 0,5|0,0 - 0,25|1
MINAUSDT|01111|False|0,0 - 0,25|0,0 - 0,25|0,25 - 0,5|0,0 - 0,25|0,25 - 0,5|1
MINAUSDT|00111|False|0,25 - 0,5|0,0 - 0,25|0,0 - 0,25|0,25 - 0,5|0,0 - 0,25|1
MINAUSDT|00011|True|0,0 - 0,25|0,25 - 0,5|0,0 - 0,25|0,0 - 0,25|0,25 - 0,5|1
MINAUSDT|00101|True|0,0 - 0,25|0,0 - 0,25|0,0 - 0,25|0,0 - 0,25|0,0 - 0,25|5
MINAUSDT|10010|True|0,25 - 0,5|0,0 - 0,25|0,0 - 0,25|0,0 - 0,25|0,0 - 0,25|1
MINAUSDT|11100|True|0,0 - 0,25|0,0 - 0,25|0,25 - 0,5|0,0 - 0,25|0,0 - 0,25|1
MINAUSDT|11110|True|4 - 5|0,0 - 0,25|0,0 - 0,25|0,25 - 0,5|0,0 - 0,25|1
MINAUSDT|11111|False|1 - 2|4 - 5|0,0 - 0,25|0,0 - 0,25|0,25 - 0,5|1
MINAUSDT|01111|False|1 - 2|1 - 2|4 - 5|0,0 - 0,25|0,0 - 0,25|1
MINAUSDT|00111|False|0,25 - 0,5|1 - 2|1 - 2|4 - 5|0,0 - 0,25|1
MINAUSDT|00011|True|0,5 - 1|0,25 - 0,5|1 - 2|1 - 2|4 - 5|1
MINAUSDT|10001|False|0,5 - 1|0,5 - 1|0,25 - 0,5|1 - 2|1 - 2|1
MINAUSDT|01000|True|0,5 - 1|0,5 - 1|0,5 - 1|0,25 - 0,5|1 - 2|1
MINAUSDT|10100|False|0,25 - 0,5|0,5 - 1|0,5 - 1|0,5 - 1|0,25 - 0,5|1
MINAUSDT|01010|True|0,0 - 0,25|0,25 - 0,5|0,5 - 1|0,5 - 1|0,5 - 1|1
MINAUSDT|10101|False|0,25 - 0,5|0,0 - 0,25|0,25 - 0,5|0,5 - 1|0,5 - 1|1
MINAUSDT|01010|False|0,25 - 0,5|0,25 - 0,5|0,0 - 0,25|0,25 - 0,5|0,5 - 1|1
MINAUSDT|00010|True|0,25 - 0,5|0,0 - 0,25|0,25 - 0,5|0,25 - 0,5|0,0 - 0,25|1
MINAUSDT|10001|True|0,5 - 1|0,25 - 0,5|0,0 - 0,25|0,25 - 0,5|0,25 - 0,5|1
MINAUSDT|11000|False|0,5 - 1|0,5 - 1|0,25 - 0,5|0,0 - 0,25|0,25 - 0,5|1
MINAUSDT|01100|False|0,0 - 0,25|0,5 - 1|0,5 - 1|0,25 - 0,5|0,0 - 0,25|1
MINAUSDT|00110|True|0,25 - 0,5|0,0 - 0,25|0,5 - 1|0,5 - 1|0,25 - 0,5|1
MINAUSDT|10011|True|0,5 - 1|0,25 - 0,5|0,0 - 0,25|0,5 - 1|0,5 - 1|1
MINAUSDT|11001|False|0,5 - 1|0,5 - 1|0,25 - 0,5|0,0 - 0,25|0,5 - 1|1
MINAUSDT|01100|False|0,5 - 1|0,5 - 1|0,5 - 1|0,25 - 0,5|0,0 - 0,25|1
MINAUSDT|00110|False|1 - 2|0,5 - 1|0,5 - 1|0,5 - 1|0,25 - 0,5|1
MINAUSDT|00011|False|0,5 - 1|1 - 2|0,5 - 1|0,5 - 1|0,5 - 1|1
MINAUSDT|00001|False|0,5 - 1|0,5 - 1|1 - 2|0,5 - 1|0,5 - 1|1
MINAUSDT|00000|False|0,25 - 0,5|0,5 - 1|0,5 - 1|1 - 2|0,5 - 1|1
MINAUSDT|00000|True|0,0 - 0,25|0,25 - 0,5|0,5 - 1|0,5 - 1|1 - 2|1
MINAUSDT|10000|False|0,25 - 0,5|0,0 - 0,25|0,25 - 0,5|0,5 - 1|0,5 - 1|1
MINAUSDT|01000|False|0,5 - 1|0,25 - 0,5|0,0 - 0,25|0,25 - 0,5|0,5 - 1|1
MINAUSDT|00100|False|0,25 - 0,5|0,5 - 1|0,25 - 0,5|0,0 - 0,25|0,25 - 0,5|1
MINAUSDT|00010|False|0,25 - 0,5|0,25 - 0,5|0,5 - 1|0,25 - 0,5|0,0 - 0,25|1
MINAUSDT|00001|False|0,5 - 1|0,25 - 0,5|0,25 - 0,5|0,5 - 1|0,25 - 0,5|1
MINAUSDT|00000|False|0,0 - 0,25|0,5 - 1|0,25 - 0,5|0,25 - 0,5|0,5 - 1|1
MINAUSDT|00000|False|0,0 - 0,25|0,0 - 0,25|0,5 - 1|0,25 - 0,5|0,25 - 0,5|1
MINAUSDT|00000|False|0,0 - 0,25|0,0 - 0,25|0,0 - 0,25|0,5 - 1|0,25 - 0,5|1
MINAUSDT|00000|False|0,25 - 0,5|0,0 - 0,25|0,0 - 0,25|0,0 - 0,25|0,5 - 1|1
MINAUSDT|00000|True|0,25 - 0,5|0,25 - 0,5|0,25 - 0,5|0,0 - 0,25|0,0 - 0,25|1
MINAUSDT|10000|False|0,25 - 0,5|0,25 - 0,5|0,25 - 0,5|0,25 - 0,5|0,0 - 0,25|1
MINAUSDT|01000|True|0,0 - 0,25|0,25 - 0,5|0,25 - 0,5|0,25 - 0,5|0,25 - 0,5|1
MINAUSDT|10100|True|0,0 - 0,25|0,0 - 0,25|0,25 - 0,5|0,25 - 0,5|0,25 - 0,5|1
MINAUSDT|11010|True|0,0 - 0,25|0,0 - 0,25|0,0 - 0,25|0,25 - 0,5|0,25 - 0,5|1
MINAUSDT|11101|False|0,25 - 0,5|0,0 - 0,25|0,0 - 0,25|0,0 - 0,25|0,25 - 0,5|1
MINAUSDT|01110|False|0,0 - 0,25|0,25 - 0,5|0,0 - 0,25|0,0 - 0,25|0,0 - 0,25|1
MINAUSDT|00111|True|0,0 - 0,25|0,0 - 0,25|0,25 - 0,5|0,0 - 0,25|0,0 - 0,25|1
MINAUSDT|10011|True|0,25 - 0,5|0,0 - 0,25|0,0 - 0,25|0,25 - 0,5|0,0 - 0,25|1
MINAUSDT|11001|True|0,25 - 0,5|0,25 - 0,5|0,0 - 0,25|0,0 - 0,25|0,25 - 0,5|1
MINAUSDT|11100|False|0,0 - 0,25|0,25 - 0,5|0,25 - 0,5|0,0 - 0,25|0,0 - 0,25|1
MINAUSDT|01110|True|0,0 - 0,25|0,0 - 0,25|0,25 - 0,5|0,25 - 0,5|0,0 - 0,25|1
MINAUSDT|10111|False|0,0 - 0,25|0,0 - 0,25|0,0 - 0,25|0,25 - 0,5|0,25 - 0,5|1
MINAUSDT|01011|True|0,0 - 0,25|0,0 - 0,25|0,0 - 0,25|0,0 - 0,25|0,25 - 0,5|1
MINAUSDT|00101|True|0,0 - 0,25|0,25 - 0,5|0,0 - 0,25|0,0 - 0,25|0,0 - 0,25|3
MINAUSDT|10010|True|0,0 - 0,25|0,0 - 0,25|0,25 - 0,5|0,0 - 0,25|0,0 - 0,25|1
MINAUSDT|11001|True|0,25 - 0,5|0,0 - 0,25|0,0 - 0,25|0,25 - 0,5|0,0 - 0,25|2
MINAUSDT|11100|False|0,0 - 0,25|0,25 - 0,5|0,0 - 0,25|0,0 - 0,25|0,25 - 0,5|2
MINAUSDT|01110|True|0,0 - 0,25|0,0 - 0,25|0,25 - 0,5|0,0 - 0,25|0,0 - 0,25|2
MINAUSDT|10111|False|0,0 - 0,25|0,0 - 0,25|0,0 - 0,25|0,25 - 0,5|0,0 - 0,25|1
MINAUSDT|01011|False|0,0 - 0,25|0,0 - 0,25|0,0 - 0,25|0,0 - 0,25|0,25 - 0,5|1
MINAUSDT|01001|False|0,0 - 0,25|0,0 - 0,25|0,0 - 0,25|0,0 - 0,25|0,0 - 0,25|11
MINAUSDT|00010|True|0,0 - 0,25|0,0 - 0,25|0,0 - 0,25|0,0 - 0,25|0,0 - 0,25|2
MINAUSDT|10001|True|0,0 - 0,25|0,0 - 0,25|0,0 - 0,25|0,0 - 0,25|0,0 - 0,25|2
MINAUSDT|11100|True|0,25 - 0,5|0,0 - 0,25|0,0 - 0,25|0,0 - 0,25|0,0 - 0,25|1
MINAUSDT|11110|True|0,0 - 0,25|0,25 - 0,5|0,0 - 0,25|0,0 - 0,25|0,0 - 0,25|1
MINAUSDT|11111|True|0,25 - 0,5|0,0 - 0,25|0,25 - 0,5|0,0 - 0,25|0,0 - 0,25|1
MINAUSDT|11111|True|0,25 - 0,5|0,25 - 0,5|0,0 - 0,25|0,25 - 0,5|0,0 - 0,25|1
MINAUSDT|11111|True|0,0 - 0,25|0,25 - 0,5|0,25 - 0,5|0,0 - 0,25|0,25 - 0,5|1
MINAUSDT|11111|False|0,0 - 0,25|0,0 - 0,25|0,25 - 0,5|0,25 - 0,5|0,0 - 0,25|2
MINAUSDT|01111|False|0,0 - 0,25|0,0 - 0,25|0,0 - 0,25|0,25 - 0,5|0,25 - 0,5|2
MINAUSDT|00111|False|0,0 - 0,25|0,0 - 0,25|0,0 - 0,25|0,0 - 0,25|0,25 - 0,5|2
MINAUSDT|11000|False|0,25 - 0,5|0,0 - 0,25|0,0 - 0,25|0,0 - 0,25|0,0 - 0,25|1
MINAUSDT|01100|True|0,25 - 0,5|0,25 - 0,5|0,0 - 0,25|0,0 - 0,25|0,0 - 0,25|1
MINAUSDT|10110|True|0,25 - 0,5|0,25 - 0,5|0,25 - 0,5|0,0 - 0,25|0,0 - 0,25|1
MINAUSDT|11011|True|0,0 - 0,25|0,25 - 0,5|0,25 - 0,5|0,25 - 0,5|0,0 - 0,25|1
MINAUSDT|11101|False|0,25 - 0,5|0,0 - 0,25|0,25 - 0,5|0,25 - 0,5|0,25 - 0,5|1
MINAUSDT|01110|True|0,25 - 0,5|0,25 - 0,5|0,0 - 0,25|0,25 - 0,5|0,25 - 0,5|1
MINAUSDT|10111|False|0,0 - 0,25|0,25 - 0,5|0,25 - 0,5|0,0 - 0,25|0,25 - 0,5|1
MINAUSDT|01011|False|0,25 - 0,5|0,0 - 0,25|0,25 - 0,5|0,25 - 0,5|0,0 - 0,25|1
MINAUSDT|00101|True|0,0 - 0,25|0,25 - 0,5|0,0 - 0,25|0,25 - 0,5|0,25 - 0,5|1
MINAUSDT|10010|False|0,0 - 0,25|0,0 - 0,25|0,25 - 0,5|0,0 - 0,25|0,25 - 0,5|1
MINAUSDT|01001|True|0,0 - 0,25|0,0 - 0,25|0,0 - 0,25|0,25 - 0,5|0,0 - 0,25|2
MINAUSDT|01010|True|0,0 - 0,25|0,0 - 0,25|0,0 - 0,25|0,0 - 0,25|0,0 - 0,25|5
MINAUSDT|10101|True|0,25 - 0,5|0,0 - 0,25|0,0 - 0,25|0,0 - 0,25|0,0 - 0,25|1
MINAUSDT|11010|False|0,0 - 0,25|0,25 - 0,5|0,0 - 0,25|0,0 - 0,25|0,0 - 0,25|1
MINAUSDT|01101|True|0,0 - 0,25|0,0 - 0,25|0,25 - 0,5|0,0 - 0,25|0,0 - 0,25|1
MINAUSDT|10110|True|0,0 - 0,25|0,0 - 0,25|0,0 - 0,25|0,25 - 0,5|0,0 - 0,25|1
MINAUSDT|11011|True|0,5 - 1|0,0 - 0,25|0,0 - 0,25|0,0 - 0,25|0,25 - 0,5|1
MINAUSDT|11101|True|0,5 - 1|0,5 - 1|0,0 - 0,25|0,0 - 0,25|0,0 - 0,25|1
MINAUSDT|11110|False|0,25 - 0,5|0,5 - 1|0,5 - 1|0,0 - 0,25|0,0 - 0,25|1
MINAUSDT|01111|True|0,5 - 1|0,25 - 0,5|0,5 - 1|0,5 - 1|0,0 - 0,25|1
MINAUSDT|10111|False|0,0 - 0,25|0,5 - 1|0,25 - 0,5|0,5 - 1|0,5 - 1|1
MINAUSDT|01011|False|0,25 - 0,5|0,0 - 0,25|0,5 - 1|0,25 - 0,5|0,5 - 1|1
MINAUSDT|00101|True|0,0 - 0,25|0,25 - 0,5|0,0 - 0,25|0,5 - 1|0,25 - 0,5|1
MINAUSDT|10010|False|0,5 - 1|0,0 - 0,25|0,25 - 0,5|0,0 - 0,25|0,5 - 1|1
MINAUSDT|01001|False|0,5 - 1|0,5 - 1|0,0 - 0,25|0,25 - 0,5|0,0 - 0,25|1
MINAUSDT|00100|False|0,5 - 1|0,5 - 1|0,5 - 1|0,0 - 0,25|0,25 - 0,5|1
MINAUSDT|00010|True|0,0 - 0,25|0,5 - 1|0,5 - 1|0,5 - 1|0,0 - 0,25|1
MINAUSDT|10001|True|0,25 - 0,5|0,0 - 0,25|0,5 - 1|0,5 - 1|0,5 - 1|1
MINAUSDT|11000|False|0,25 - 0,5|0,25 - 0,5|0,0 - 0,25|0,5 - 1|0,5 - 1|1
MINAUSDT|01100|False|0,25 - 0,5|0,25 - 0,5|0,25 - 0,5|0,0 - 0,25|0,5 - 1|1
MINAUSDT|10011|False|0,25 - 0,5|0,0 - 0,25|0,25 - 0,5|0,25 - 0,5|0,25 - 0,5|1
MINAUSDT|01001|False|0,25 - 0,5|0,25 - 0,5|0,0 - 0,25|0,25 - 0,5|0,25 - 0,5|1
MINAUSDT|00100|False|0,25 - 0,5|0,25 - 0,5|0,25 - 0,5|0,0 - 0,25|0,25 - 0,5|1
MINAUSDT|00010|True|0,0 - 0,25|0,25 - 0,5|0,25 - 0,5|0,25 - 0,5|0,0 - 0,25|1
MINAUSDT|10001|False|0,0 - 0,25|0,0 - 0,25|0,25 - 0,5|0,25 - 0,5|0,25 - 0,5|1
MINAUSDT|01000|False|0,0 - 0,25|0,0 - 0,25|0,0 - 0,25|0,25 - 0,5|0,25 - 0,5|1
MINAUSDT|00100|False|0,0 - 0,25|0,0 - 0,25|0,0 - 0,25|0,0 - 0,25|0,25 - 0,5|1
MINAUSDT|00000|True|0,25 - 0,5|0,0 - 0,25|0,0 - 0,25|0,0 - 0,25|0,0 - 0,25|1
MINAUSDT|01000|False|0,0 - 0,25|0,0 - 0,25|0,25 - 0,5|0,0 - 0,25|0,0 - 0,25|1
MINAUSDT|00100|True|0,0 - 0,25|0,0 - 0,25|0,0 - 0,25|0,25 - 0,5|0,0 - 0,25|1
MINAUSDT|10010|False|0,0 - 0,25|0,0 - 0,25|0,0 - 0,25|0,0 - 0,25|0,25 - 0,5|1
MINAUSDT|10100|False|0,0 - 0,25|0,0 - 0,25|0,0 - 0,25|0,0 - 0,25|0,0 - 0,25|6
MINAUSDT|00101|False|0,25 - 0,5|0,0 - 0,25|0,0 - 0,25|0,0 - 0,25|0,0 - 0,25|2
MINAUSDT|00010|False|0,0 - 0,25|0,25 - 0,5|0,0 - 0,25|0,0 - 0,25|0,0 - 0,25|1
MINAUSDT|00001|False|0,0 - 0,25|0,0 - 0,25|0,25 - 0,5|0,0 - 0,25|0,0 - 0,25|1
MINAUSDT|00000|True|0,25 - 0,5|0,0 - 0,25|0,0 - 0,25|0,25 - 0,5|0,0 - 0,25|1
MINAUSDT|10000|True|0,25 - 0,5|0,25 - 0,5|0,0 - 0,25|0,0 - 0,25|0,25 - 0,5|1
MINAUSDT|11000|False|0,0 - 0,25|0,25 - 0,5|0,25 - 0,5|0,0 - 0,25|0,0 - 0,25|2
MINAUSDT|01100|False|0,0 - 0,25|0,0 - 0,25|0,25 - 0,5|0,25 - 0,5|0,0 - 0,25|2
MINAUSDT|00110|False|0,0 - 0,25|0,0 - 0,25|0,0 - 0,25|0,25 - 0,5|0,25 - 0,5|2
MINAUSDT|00011|True|0,0 - 0,25|0,0 - 0,25|0,0 - 0,25|0,0 - 0,25|0,25 - 0,5|1
MINAUSDT|01000|True|0,0 - 0,25|0,0 - 0,25|0,0 - 0,25|0,0 - 0,25|0,0 - 0,25|6
MINAUSDT|01010|True|0,25 - 0,5|0,0 - 0,25|0,0 - 0,25|0,0 - 0,25|0,0 - 0,25|1
MINAUSDT|10101|False|0,0 - 0,25|0,25 - 0,5|0,0 - 0,25|0,0 - 0,25|0,0 - 0,25|1
MINAUSDT|01010|False|0,0 - 0,25|0,0 - 0,25|0,25 - 0,5|0,0 - 0,25|0,0 - 0,25|2
MINAUSDT|00101|False|0,0 - 0,25|0,0 - 0,25|0,0 - 0,25|0,25 - 0,5|0,0 - 0,25|2
MINAUSDT|00010|False|0,0 - 0,25|0,0 - 0,25|0,0 - 0,25|0,0 - 0,25|0,25 - 0,5|2
MINAUSDT|00100|False|0,25 - 0,5|0,0 - 0,25|0,0 - 0,25|0,0 - 0,25|0,0 - 0,25|2
MINAUSDT|00010|True|0,25 - 0,5|0,25 - 0,5|0,0 - 0,25|0,0 - 0,25|0,0 - 0,25|2
MINAUSDT|10001|False|0,0 - 0,25|0,25 - 0,5|0,25 - 0,5|0,0 - 0,25|0,0 - 0,25|2
MINAUSDT|01000|True|0,25 - 0,5|0,0 - 0,25|0,25 - 0,5|0,25 - 0,5|0,0 - 0,25|1
MINAUSDT|10100|True|0,25 - 0,5|0,25 - 0,5|0,0 - 0,25|0,25 - 0,5|0,25 - 0,5|1
MINAUSDT|11010|True|0,25 - 0,5|0,25 - 0,5|0,25 - 0,5|0,0 - 0,25|0,25 - 0,5|1
MINAUSDT|11101|False|0,0 - 0,25|0,25 - 0,5|0,25 - 0,5|0,25 - 0,5|0,0 - 0,25|1
MINAUSDT|01110|True|0,0 - 0,25|0,0 - 0,25|0,25 - 0,5|0,25 - 0,5|0,25 - 0,5|1
MINAUSDT|10111|True|0,0 - 0,25|0,0 - 0,25|0,0 - 0,25|0,25 - 0,5|0,25 - 0,5|1
MINAUSDT|11011|True|0,0 - 0,25|0,0 - 0,25|0,0 - 0,25|0,0 - 0,25|0,25 - 0,5|1
MINAUSDT|11110|False|0,0 - 0,25|0,0 - 0,25|0,0 - 0,25|0,0 - 0,25|0,0 - 0,25|2
MINAUSDT|01111|True|0,0 - 0,25|0,0 - 0,25|0,0 - 0,25|0,0 - 0,25|0,0 - 0,25|2
MINAUSDT|10111|False|0,0 - 0,25|0,0 - 0,25|0,0 - 0,25|0,0 - 0,25|0,0 - 0,25|4
MINAUSDT|10010|False|0,0 - 0,25|0,0 - 0,25|0,25 - 0,5|0,0 - 0,25|0,0 - 0,25|2
MINAUSDT|10100|True|0,0 - 0,25|0,0 - 0,25|0,0 - 0,25|0,0 - 0,25|0,25 - 0,5|1
MINAUSDT|01101|False|0,25 - 0,5|0,0 - 0,25|0,0 - 0,25|0,0 - 0,25|0,0 - 0,25|2
MINAUSDT|00010|False|0,0 - 0,25|0 - -0,25|0,0 - 0,25|0,0 - 0,25|0,0 - 0,25|4
MINAUSDT|00001|False|0,0 - 0,25|0,0 - 0,25|0 - -0,25|0,0 - 0,25|0,0 - 0,25|1
MINAUSDT|00000|False|0,0 - 0,25|0,0 - 0,25|0,0 - 0,25|0 - -0,25|0,0 - 0,25|3
MINAUSDT|00000|True|0,0 - 0,25|0,0 - 0,25|0,0 - 0,25|0,0 - 0,25|0 - -0,25|2
MINAUSDT|01001|False|0,5 - 1|0,0 - 0,25|0,0 - 0,25|0,25 - 0,5|0,0 - 0,25|1
MINAUSDT|00100|False|0,25 - 0,5|0,5 - 1|0,0 - 0,25|0,0 - 0,25|0,25 - 0,5|1
MINAUSDT|00010|False|0,25 - 0,5|0,25 - 0,5|0,5 - 1|0,0 - 0,25|0,0 - 0,25|1
MINAUSDT|00001|False|0,0 - 0,25|0,25 - 0,5|0,25 - 0,5|0,5 - 1|0,0 - 0,25|1
MINAUSDT|00000|True|0,0 - 0,25|0,0 - 0,25|0,25 - 0,5|0,25 - 0,5|0,5 - 1|1
MINAUSDT|10000|True|0,0 - 0,25|0,0 - 0,25|0,0 - 0,25|0,25 - 0,5|0,25 - 0,5|1
MINAUSDT|11000|True|0,0 - 0,25|0,0 - 0,25|0,0 - 0,25|0,0 - 0,25|0,25 - 0,5|1
MINAUSDT|11100|False|0,25 - 0,5|0,0 - 0,25|0,0 - 0,25|0,0 - 0,25|0,0 - 0,25|1
MINAUSDT|01110|True|0,0 - 0,25|0,25 - 0,5|0,0 - 0,25|0,0 - 0,25|0,0 - 0,25|1
MINAUSDT|10111|True|0,0 - 0,25|0,0 - 0,25|0,25 - 0,5|0,0 - 0,25|0,0 - 0,25|1
MINAUSDT|11011|False|0,25 - 0,5|0,0 - 0,25|0,0 - 0,25|0,25 - 0,5|0,0 - 0,25|1
MINAUSDT|01101|True|0,5 - 1|0,25 - 0,5|0,0 - 0,25|0,0 - 0,25|0,25 - 0,5|1
MINAUSDT|10110|False|0,25 - 0,5|0,5 - 1|0,25 - 0,5|0,0 - 0,25|0,0 - 0,25|1
MINAUSDT|01011|False|0,0 - 0,25|0,25 - 0,5|0,5 - 1|0,25 - 0,5|0,0 - 0,25|1
MINAUSDT|00101|False|0,0 - 0,25|0,0 - 0,25|0,25 - 0,5|0,5 - 1|0,25 - 0,5|1
MINAUSDT|00010|True|0,0 - 0,25|0,0 - 0,25|0,0 - 0,25|0,25 - 0,5|0,5 - 1|1
MINAUSDT|01000|True|0,25 - 0,5|0,0 - 0,25|0,0 - 0,25|0,0 - 0,25|0,0 - 0,25|2
MINAUSDT|10100|False|0,0 - 0,25|0,25 - 0,5|0,0 - 0,25|0,0 - 0,25|0,0 - 0,25|1
MINAUSDT|01010|True|0,0 - 0,25|0,0 - 0,25|0,25 - 0,5|0,0 - 0,25|0,0 - 0,25|1
MINAUSDT|10101|True|0,0 - 0,25|0,0 - 0,25|0,0 - 0,25|0,25 - 0,5|0,0 - 0,25|1
MINAUSDT|11010|False|0,0 - 0,25|0,0 - 0,25|0,0 - 0,25|0,0 - 0,25|0,25 - 0,5|1
MINAUSDT|00110|True|0,0 - 0,25|0,25 - 0,5|0,0 - 0,25|0,0 - 0,25|0,0 - 0,25|2
MINAUSDT|10011|True|0,0 - 0,25|0,0 - 0,25|0,25 - 0,5|0,0 - 0,25|0,0 - 0,25|2
MINAUSDT|11100|False|0,5 - 1|0,25 - 0,5|0,0 - 0,25|0,0 - 0,25|0,25 - 0,5|1
MINAUSDT|01110|False|0,0 - 0,25|0,5 - 1|0,25 - 0,5|0,0 - 0,25|0,0 - 0,25|1
MINAUSDT|00111|False|0,0 - 0,25|0,0 - 0,25|0,5 - 1|0,25 - 0,5|0,0 - 0,25|1
MINAUSDT|00011|False|0,0 - 0,25|0,0 - 0,25|0,0 - 0,25|0,5 - 1|0,25 - 0,5|1
MINAUSDT|00001|True|0,0 - 0,25|0,0 - 0,25|0,0 - 0,25|0,0 - 0,25|0,5 - 1|1
MINAUSDT|00111|True|0,25 - 0,5|0,0 - 0,25|0,0 - 0,25|0,0 - 0,25|0,0 - 0,25|2
MINAUSDT|10011|True|0,25 - 0,5|0,25 - 0,5|0,0 - 0,25|0,0 - 0,25|0,0 - 0,25|1
MINAUSDT|11001|False|0,0 - 0,25|0,25 - 0,5|0,25 - 0,5|0,0 - 0,25|0,0 - 0,25|2
MINAUSDT|00011|True|0 - -0,25|0,0 - 0,25|0,0 - 0,25|0,0 - 0,25|0,25 - 0,5|1
MINAUSDT|10001|True|0,25 - 0,5|0 - -0,25|0,0 - 0,25|0,0 - 0,25|0,0 - 0,25|1
MINAUSDT|11000|True|0,0 - 0,25|0,25 - 0,5|0 - -0,25|0,0 - 0,25|0,0 - 0,25|1
MINAUSDT|11100|True|0,0 - 0,25|0,0 - 0,25|0,25 - 0,5|0 - -0,25|0,0 - 0,25|1
MINAUSDT|11110|True|0,25 - 0,5|0,0 - 0,25|0,0 - 0,25|0,25 - 0,5|0 - -0,25|1
MINAUSDT|11111|True|0,0 - 0,25|0,25 - 0,5|0,0 - 0,25|0,0 - 0,25|0,25 - 0,5|1
MINAUSDT|11111|False|0,0 - 0,25|0,0 - 0,25|0,25 - 0,5|0,0 - 0,25|0,0 - 0,25|2
MINAUSDT|01111|False|0,0 - 0,25|0,0 - 0,25|0,0 - 0,25|0,25 - 0,5|0,0 - 0,25|1
MINAUSDT|00111|True|0,0 - 0,25|0,0 - 0,25|0,0 - 0,25|0,0 - 0,25|0,25 - 0,5|1
MINAUSDT|10011|False|0,0 - 0,25|0,0 - 0,25|0,0 - 0,25|0,0 - 0,25|0,0 - 0,25|3
MINAUSDT|11100|True|0,0 - 0,25|0,0 - 0,25|0,0 - 0,25|0,0 - 0,25|0,0 - 0,25|3
MINAUSDT|00101|False|0,5 - 1|0,0 - 0,25|0,0 - 0,25|0,0 - 0,25|0,0 - 0,25|1
MINAUSDT|00010|True|0,0 - 0,25|0,5 - 1|0,0 - 0,25|0,0 - 0,25|0,0 - 0,25|1
MINAUSDT|10001|False|0,25 - 0,5|0,0 - 0,25|0,5 - 1|0,0 - 0,25|0,0 - 0,25|1
MINAUSDT|01000|True|0,25 - 0,5|0,25 - 0,5|0,0 - 0,25|0,5 - 1|0,0 - 0,25|1
MINAUSDT|10100|False|0,0 - 0,25|0,25 - 0,5|0,25 - 0,5|0,0 - 0,25|0,5 - 1|1
MINAUSDT|01010|False|0,0 - 0,25|0,0 - 0,25|0,25 - 0,5|0,25 - 0,5|0,0 - 0,25|1
MINAUSDT|00101|True|0,25 - 0,5|0,0 - 0,25|0,0 - 0,25|0,25 - 0,5|0,25 - 0,5|1
MINAUSDT|10010|True|0,25 - 0,5|0,25 - 0,5|0,0 - 0,25|0,0 - 0,25|0,25 - 0,5|1
MINAUSDT|01100|True|0,0 - 0,25|0,0 - 0,25|0,25 - 0,5|0,25 - 0,5|0,0 - 0,25|2
MINAUSDT|00101|True|0,0 - 0,25|0,25 - 0,5|0,5 - 1|0,0 - 0,25|0,0 - 0,25|1
MINAUSDT|10010|True|0,25 - 0,5|0,0 - 0,25|0,25 - 0,5|0,5 - 1|0,0 - 0,25|1
MINAUSDT|11001|False|0,0 - 0,25|0,25 - 0,5|0,0 - 0,25|0,25 - 0,5|0,5 - 1|1
MINAUSDT|01100|False|0,0 - 0,25|0,0 - 0,25|0,25 - 0,5|0,0 - 0,25|0,25 - 0,5|1
MINAUSDT|00110|True|0,0 - 0,25|0,0 - 0,25|0,0 - 0,25|0,25 - 0,5|0,0 - 0,25|1
MINAUSDT|10011|True|0,0 - 0,25|0,0 - 0,25|0,0 - 0,25|0,0 - 0,25|0,25 - 0,5|1
MINAUSDT|01100|True|0,25 - 0,5|0,0 - 0,25|0,0 - 0,25|0,0 - 0,25|0,0 - 0,25|1
MINAUSDT|10110|True|0,0 - 0,25|0,25 - 0,5|0,0 - 0,25|0,0 - 0,25|0,0 - 0,25|1
MINAUSDT|11011|True|0,0 - 0,25|0,0 - 0,25|0,25 - 0,5|0,0 - 0,25|0,0 - 0,25|1
MINAUSDT|11101|False|0,0 - 0,25|0,0 - 0,25|0,0 - 0,25|0,25 - 0,5|0,0 - 0,25|1
MINAUSDT|01110|True|0,0 - 0,25|0,0 - 0,25|0,0 - 0,25|0,0 - 0,25|0,25 - 0,5|1
MINAUSDT|01011|False|0 - -0,25|0,0 - 0,25|0,0 - 0,25|0,0 - 0,25|0,0 - 0,25|1
MINAUSDT|00101|False|0,25 - 0,5|0 - -0,25|0,0 - 0,25|0,0 - 0,25|0,0 - 0,25|1
MINAUSDT|00010|False|0,0 - 0,25|0,25 - 0,5|0 - -0,25|0,0 - 0,25|0,0 - 0,25|1
MINAUSDT|00001|True|0 - -0,25|0,0 - 0,25|0,25 - 0,5|0 - -0,25|0,0 - 0,25|1
MINAUSDT|10000|False|0,0 - 0,25|0 - -0,25|0,0 - 0,25|0,25 - 0,5|0 - -0,25|1
MINAUSDT|01000|False|0,0 - 0,25|0,0 - 0,25|0 - -0,25|0,0 - 0,25|0,25 - 0,5|1
MINAUSDT|00100|False|0,0 - 0,25|0,0 - 0,25|0,0 - 0,25|0 - -0,25|0,0 - 0,25|4
MINAUSDT|00010|False|0,0 - 0,25|0,0 - 0,25|0,0 - 0,25|0,0 - 0,25|0 - -0,25|5
MINAUSDT|10101|False|0,25 - 0,5|0,0 - 0,25|0,0 - 0,25|0,0 - 0,25|0,0 - 0,25|1
MINAUSDT|01010|True|0,0 - 0,25|0,25 - 0,5|0,0 - 0,25|0,0 - 0,25|0,0 - 0,25|2
MINAUSDT|10101|True|0,0 - 0,25|0,0 - 0,25|0,25 - 0,5|0,0 - 0,25|0,0 - 0,25|1
MINAUSDT|11010|False|0,0 - 0,25|0,0 - 0,25|0,0 - 0,25|0,25 - 0,5|0,0 - 0,25|1
MINAUSDT|01101|False|0,0 - 0,25|0,0 - 0,25|0,0 - 0,25|0,0 - 0,25|0,25 - 0,5|1
MINAUSDT|00110|True|0,0 - 0,25|0,0 - 0,25|0,0 - 0,25|0,0 - 0,25|0,0 - 0,25|2
MINAUSDT|01100|False|0,25 - 0,5|0,0 - 0,25|0,0 - 0,25|0,0 - 0,25|0,0 - 0,25|1
MINAUSDT|11001|False|0,0 - 0,25|0,0 - 0,25|0,0 - 0,25|0,25 - 0,5|0,0 - 0,25|1
MINAUSDT|01100|False|0,0 - 0,25|0,0 - 0,25|0,0 - 0,25|0,0 - 0,25|0,25 - 0,5|2
MINAUSDT|00110|False|0 - -0,25|0,0 - 0,25|0,0 - 0,25|0,0 - 0,25|0,0 - 0,25|3
MINAUSDT|00011|True|0 - -0,25|0 - -0,25|0,0 - 0,25|0,0 - 0,25|0,0 - 0,25|1
MINAUSDT|10001|False|0,0 - 0,25|0 - -0,25|0 - -0,25|0,0 - 0,25|0,0 - 0,25|1
MINAUSDT|01000|False|0,0 - 0,25|0,0 - 0,25|0 - -0,25|0 - -0,25|0,0 - 0,25|1
MINAUSDT|00100|False|0,0 - 0,25|0,0 - 0,25|0,0 - 0,25|0 - -0,25|0 - -0,25|1
MINAUSDT|00001|True|0 - -0,25|0,0 - 0,25|0,0 - 0,25|0,0 - 0,25|0,0 - 0,25|2
MINAUSDT|10000|False|0,0 - 0,25|0 - -0,25|0,0 - 0,25|0,0 - 0,25|0,0 - 0,25|3
MINAUSDT|01000|True|0,0 - 0,25|0,0 - 0,25|0 - -0,25|0,0 - 0,25|0,0 - 0,25|1
MINAUSDT|10100|False|0,25 - 0,5|0,0 - 0,25|0,0 - 0,25|0 - -0,25|0,0 - 0,25|1
MINAUSDT|01010|False|0,0 - 0,25|0,25 - 0,5|0,0 - 0,25|0,0 - 0,25|0 - -0,25|1
MINAUSDT|00101|True|0,25 - 0,5|0,0 - 0,25|0,25 - 0,5|0,0 - 0,25|0,0 - 0,25|1
MINAUSDT|10010|False|0,0 - 0,25|0,25 - 0,5|0,0 - 0,25|0,25 - 0,5|0,0 - 0,25|1
MINAUSDT|01001|True|0,0 - 0,25|0,0 - 0,25|0,25 - 0,5|0,0 - 0,25|0,25 - 0,5|1
MINAUSDT|10100|False|0,0 - 0,25|0,0 - 0,25|0,0 - 0,25|0,25 - 0,5|0,0 - 0,25|1
MINAUSDT|01010|False|0,0 - 0,25|0,0 - 0,25|0,0 - 0,25|0,0 - 0,25|0,25 - 0,5|2
MINAUSDT|00010|True|0,0 - 0,25|0,25 - 0,5|0,0 - 0,25|0,0 - 0,25|0,0 - 0,25|1
MINAUSDT|10001|True|0,0 - 0,25|0,0 - 0,25|0,25 - 0,5|0,0 - 0,25|0,0 - 0,25|1
MINAUSDT|11000|False|0,25 - 0,5|0,0 - 0,25|0,0 - 0,25|0,25 - 0,5|0,0 - 0,25|1
MINAUSDT|01100|False|0,0 - 0,25|0,25 - 0,5|0,0 - 0,25|0,0 - 0,25|0,25 - 0,5|1
MINAUSDT|00110|False|0,5 - 1|0,0 - 0,25|0,25 - 0,5|0,0 - 0,25|0,0 - 0,25|1
MINAUSDT|00011|False|0,0 - 0,25|0,5 - 1|0,0 - 0,25|0,25 - 0,5|0,0 - 0,25|1
MINAUSDT|00001|True|0,0 - 0,25|0,0 - 0,25|0,5 - 1|0,0 - 0,25|0,25 - 0,5|1
MINAUSDT|10000|False|0,0 - 0,25|0,0 - 0,25|0,0 - 0,25|0,5 - 1|0,0 - 0,25|2
MINAUSDT|01000|False|0,0 - 0,25|0,0 - 0,25|0,0 - 0,25|0,0 - 0,25|0,5 - 1|2
MINAUSDT|00010|False|0,25 - 0,5|0,0 - 0,25|0,0 - 0,25|0,0 - 0,25|0,0 - 0,25|1
MINAUSDT|00001|False|0,0 - 0,25|0,25 - 0,5|0,0 - 0,25|0,0 - 0,25|0,0 - 0,25|2
MINAUSDT|00000|True|0,0 - 0,25|0,0 - 0,25|0,25 - 0,5|0,0 - 0,25|0,0 - 0,25|1
MINAUSDT|10100|True|0,25 - 0,5|0,0 - 0,25|0,0 - 0,25|0,0 - 0,25|0,0 - 0,25|1
MINAUSDT|11010|True|0,0 - 0,25|0,25 - 0,5|0,0 - 0,25|0,0 - 0,25|0,0 - 0,25|1
MINAUSDT|11101|True|0,0 - 0,25|0,0 - 0,25|0,25 - 0,5|0,0 - 0,25|0,0 - 0,25|1
MINAUSDT|11110|False|0,0 - 0,25|0,0 - 0,25|0,0 - 0,25|0,25 - 0,5|0,0 - 0,25|2
MINAUSDT|01111|True|0,0 - 0,25|0,0 - 0,25|0,0 - 0,25|0,0 - 0,25|0,25 - 0,5|1
MINAUSDT|01111|True|0,0 - 0,25|0,0 - 0,25|0,0 - 0,25|0,25 - 0,5|0,0 - 0,25|1
MINAUSDT|10111|False|0,0 - 0,25|0,0 - 0,25|0,0 - 0,25|0,0 - 0,25|0,25 - 0,5|1
MINAUSDT|00000|True|0,25 - 0,5|0,25 - 0,5|0,0 - 0,25|0,0 - 0,25|0,0 - 0,25|1
MINAUSDT|10000|False|0,25 - 0,5|0,25 - 0,5|0,25 - 0,5|0,0 - 0,25|0,0 - 0,25|1
MINAUSDT|01000|False|0,0 - 0,25|0,25 - 0,5|0,25 - 0,5|0,25 - 0,5|0,0 - 0,25|2
MINAUSDT|00100|False|0,25 - 0,5|0,0 - 0,25|0,25 - 0,5|0,25 - 0,5|0,25 - 0,5|1
MINAUSDT|00010|False|0,0 - 0,25|0,25 - 0,5|0,0 - 0,25|0,25 - 0,5|0,25 - 0,5|1
MINAUSDT|00001|False|0,0 - 0,25|0,0 - 0,25|0,25 - 0,5|0,0 - 0,25|0,25 - 0,5|2
MINAUSDT|00000|False|0,0 - 0,25|0,0 - 0,25|0,0 - 0,25|0,25 - 0,5|0,0 - 0,25|2
MINAUSDT|10000|True|0,0 - 0,25|0,0 - 0,25|0,0 - 0,25|0,0 - 0,25|0,25 - 0,5|1
MINAUSDT|11010|False|0,25 - 0,5|0,0 - 0,25|0,0 - 0,25|0,0 - 0,25|0,0 - 0,25|1
MINAUSDT|01101|False|0,0 - 0,25|0,25 - 0,5|0,0 - 0,25|0,0 - 0,25|0,0 - 0,25|1
MINAUSDT|00110|True|0,25 - 0,5|0,0 - 0,25|0,25 - 0,5|0,0 - 0,25|0,0 - 0,25|1
MINAUSDT|10011|True|0,0 - 0,25|0,25 - 0,5|0,0 - 0,25|0,25 - 0,5|0,0 - 0,25|1
MINAUSDT|11001|True|1 - 2|0,0 - 0,25|0,25 - 0,5|0,0 - 0,25|0,25 - 0,5|1
MINAUSDT|11100|True|0,0 - 0,25|1 - 2|0,0 - 0,25|0,25 - 0,5|0,0 - 0,25|1
MINAUSDT|11110|True|0,0 - 0,25|0,0 - 0,25|1 - 2|0,0 - 0,25|0,25 - 0,5|1
MINAUSDT|11111|False|0,25 - 0,5|0,0 - 0,25|0,0 - 0,25|1 - 2|0,0 - 0,25|1
MINAUSDT|01111|False|0,5 - 1|0,25 - 0,5|0,0 - 0,25|0,0 - 0,25|1 - 2|1
MINAUSDT|00111|True|0,5 - 1|0,5 - 1|0,25 - 0,5|0,0 - 0,25|0,0 - 0,25|1
MINAUSDT|10011|False|0,25 - 0,5|0,5 - 1|0,5 - 1|0,25 - 0,5|0,0 - 0,25|1
MINAUSDT|01001|True|0,0 - 0,25|0,25 - 0,5|0,5 - 1|0,5 - 1|0,25 - 0,5|1
MINAUSDT|10100|False|0,25 - 0,5|0,0 - 0,25|0,25 - 0,5|0,5 - 1|0,5 - 1|1
MINAUSDT|01010|False|0,5 - 1|0,25 - 0,5|0,0 - 0,25|0,25 - 0,5|0,5 - 1|1
MINAUSDT|00101|True|0,0 - 0,25|0,5 - 1|0,25 - 0,5|0,0 - 0,25|0,25 - 0,5|1
MINAUSDT|10010|True|0,25 - 0,5|0,0 - 0,25|0,5 - 1|0,25 - 0,5|0,0 - 0,25|1
MINAUSDT|11001|True|0,0 - 0,25|0,25 - 0,5|0,0 - 0,25|0,5 - 1|0,25 - 0,5|1
MINAUSDT|11100|True|0,0 - 0,25|0,0 - 0,25|0,25 - 0,5|0,0 - 0,25|0,5 - 1|1
MINAUSDT|10011|True|0,0 - 0,25|0,25 - 0,5|0,0 - 0,25|0,0 - 0,25|0,0 - 0,25|2
MINAUSDT|01100|False|0,0 - 0,25|0,0 - 0,25|0,0 - 0,25|0,25 - 0,5|0,0 - 0,25|1
MINAUSDT|00110|False|0,25 - 0,5|0,0 - 0,25|0,0 - 0,25|0,0 - 0,25|0,25 - 0,5|1
MINAUSDT|00011|False|0 - -0,25|0,25 - 0,5|0,0 - 0,25|0,0 - 0,25|0,0 - 0,25|1
MINAUSDT|00001|False|0,25 - 0,5|0 - -0,25|0,25 - 0,5|0,0 - 0,25|0,0 - 0,25|1
MINAUSDT|00000|True|0,0 - 0,25|0,25 - 0,5|0 - -0,25|0,25 - 0,5|0,0 - 0,25|1
MINAUSDT|10000|True|0,0 - 0,25|0,0 - 0,25|0,25 - 0,5|0 - -0,25|0,25 - 0,5|1
MINAUSDT|11000|False|0,0 - 0,25|0,0 - 0,25|0,0 - 0,25|0,25 - 0,5|0 - -0,25|1
MINAUSDT|00110|True|0 - -0,25|0,0 - 0,25|0,0 - 0,25|0,0 - 0,25|0,0 - 0,25|1
MINAUSDT|10011|False|0,0 - 0,25|0 - -0,25|0,0 - 0,25|0,0 - 0,25|0,0 - 0,25|3
MINAUSDT|10100|False|0,0 - 0,25|0,0 - 0,25|0,0 - 0,25|0 - -0,25|0,0 - 0,25|2
MINAUSDT|01010|False|0 - -0,25|0,0 - 0,25|0,0 - 0,25|0,0 - 0,25|0 - -0,25|1
MINAUSDT|00101|False|0,0 - 0,25|0 - -0,25|0,0 - 0,25|0,0 - 0,25|0,0 - 0,25|1
MINAUSDT|00010|False|0,0 - 0,25|0,0 - 0,25|0 - -0,25|0,0 - 0,25|0,0 - 0,25|1
MINAUSDT|00001|False|0,5 - 1|0,0 - 0,25|0,0 - 0,25|0 - -0,25|0,0 - 0,25|1
MINAUSDT|00000|False|0,25 - 0,5|0,5 - 1|0,0 - 0,25|0,0 - 0,25|0 - -0,25|1
MINAUSDT|00000|True|0,25 - 0,5|0,25 - 0,5|0,5 - 1|0,0 - 0,25|0,0 - 0,25|2
MINAUSDT|10000|True|0,25 - 0,5|0,25 - 0,5|0,25 - 0,5|0,5 - 1|0,0 - 0,25|1
MINAUSDT|11000|True|0,25 - 0,5|0,25 - 0,5|0,25 - 0,5|0,25 - 0,5|0,5 - 1|1
MINAUSDT|11100|False|0,0 - 0,25|0,25 - 0,5|0,25 - 0,5|0,25 - 0,5|0,25 - 0,5|1
MINAUSDT|01110|False|0,25 - 0,5|0,0 - 0,25|0,25 - 0,5|0,25 - 0,5|0,25 - 0,5|1
MINAUSDT|00111|True|0,25 - 0,5|0,25 - 0,5|0,0 - 0,25|0,25 - 0,5|0,25 - 0,5|1
MINAUSDT|10011|True|0,25 - 0,5|0,25 - 0,5|0,25 - 0,5|0,0 - 0,25|0,25 - 0,5|1
MINAUSDT|11001|True|0,0 - 0,25|0,25 - 0,5|0,25 - 0,5|0,25 - 0,5|0,0 - 0,25|1
MINAUSDT|11100|False|0,25 - 0,5|0,0 - 0,25|0,25 - 0,5|0,25 - 0,5|0,25 - 0,5|1
MINAUSDT|01110|False|0,0 - 0,25|0,25 - 0,5|0,0 - 0,25|0,25 - 0,5|0,25 - 0,5|1
MINAUSDT|00111|False|0,25 - 0,5|0,0 - 0,25|0,25 - 0,5|0,0 - 0,25|0,25 - 0,5|1
MINAUSDT|00000|False|0,0 - 0,25|0,0 - 0,25|0,25 - 0,5|0,25 - 0,5|0,0 - 0,25|1
MINAUSDT|00000|False|0,5 - 1|0,0 - 0,25|0,0 - 0,25|0,25 - 0,5|0,25 - 0,5|1
MINAUSDT|00000|False|0,25 - 0,5|0,5 - 1|0,0 - 0,25|0,0 - 0,25|0,25 - 0,5|1
MINAUSDT|00000|False|0,0 - 0,25|0,25 - 0,5|0,5 - 1|0,0 - 0,25|0,0 - 0,25|1
MINAUSDT|00000|False|0,0 - 0,25|0,0 - 0,25|0,25 - 0,5|0,5 - 1|0,0 - 0,25|1
MINAUSDT|00000|False|0,0 - 0,25|0,0 - 0,25|0,0 - 0,25|0,25 - 0,5|0,5 - 1|1
MINAUSDT|10000|True|0,25 - 0,5|0,25 - 0,5|0,0 - 0,25|0,0 - 0,25|0,0 - 0,25|1
MINAUSDT|10110|True|0,25 - 0,5|0,0 - 0,25|0,0 - 0,25|0,25 - 0,5|0,25 - 0,5|1
MINAUSDT|11011|False|0,25 - 0,5|0,25 - 0,5|0,0 - 0,25|0,0 - 0,25|0,25 - 0,5|1
MINAUSDT|01101|False|0,0 - 0,25|0,25 - 0,5|0,25 - 0,5|0,0 - 0,25|0,0 - 0,25|1
MINAUSDT|00110|True|0,25 - 0,5|0,0 - 0,25|0,25 - 0,5|0,25 - 0,5|0,0 - 0,25|1
MINAUSDT|10011|False|0,0 - 0,25|0,25 - 0,5|0,0 - 0,25|0,25 - 0,5|0,25 - 0,5|1
MINAUSDT|01001|True|0,25 - 0,5|0,0 - 0,25|0,25 - 0,5|0,0 - 0,25|0,25 - 0,5|1
MINAUSDT|10100|True|0,0 - 0,25|0,25 - 0,5|0,0 - 0,25|0,25 - 0,5|0,0 - 0,25|1
MINAUSDT|11010|False|0,0 - 0,25|0,0 - 0,25|0,25 - 0,5|0,0 - 0,25|0,25 - 0,5|1
MINAUSDT|01101|True|0,0 - 0,25|0,0 - 0,25|0,0 - 0,25|0,25 - 0,5|0,0 - 0,25|1
MINAUSDT|10110|True|0,25 - 0,5|0,0 - 0,25|0,0 - 0,25|0,0 - 0,25|0,25 - 0,5|1
MINAUSDT|11011|False|0,0 - 0,25|0,25 - 0,5|0,0 - 0,25|0,0 - 0,25|0,0 - 0,25|1
MINAUSDT|01101|False|0,0 - 0,25|0,0 - 0,25|0,25 - 0,5|0,0 - 0,25|0,0 - 0,25|1
MINAUSDT|00110|False|0,0 - 0,25|0,0 - 0,25|0,0 - 0,25|0,25 - 0,5|0,0 - 0,25|1
MINAUSDT|00011|False|0,25 - 0,5|0,0 - 0,25|0,0 - 0,25|0,0 - 0,25|0,25 - 0,5|1
MINAUSDT|00000|False|0,25 - 0,5|0,0 - 0,25|0,25 - 0,5|0,0 - 0,25|0,0 - 0,25|1
MINAUSDT|00000|False|0,0 - 0,25|0,25 - 0,5|0,0 - 0,25|0,25 - 0,5|0,0 - 0,25|1
MINAUSDT|00000|True|0,5 - 1|0,0 - 0,25|0,25 - 0,5|0,0 - 0,25|0,25 - 0,5|1
MINAUSDT|10000|False|0,5 - 1|0,5 - 1|0,0 - 0,25|0,25 - 0,5|0,0 - 0,25|1
MINAUSDT|01000|False|0,0 - 0,25|0,5 - 1|0,5 - 1|0,0 - 0,25|0,25 - 0,5|1
MINAUSDT|00100|False|0,25 - 0,5|0,0 - 0,25|0,5 - 1|0,5 - 1|0,0 - 0,25|1
MINAUSDT|00010|True|0,0 - 0,25|0,25 - 0,5|0,0 - 0,25|0,5 - 1|0,5 - 1|1
MINAUSDT|10001|False|0,25 - 0,5|0,0 - 0,25|0,25 - 0,5|0,0 - 0,25|0,5 - 1|1
MINAUSDT|01000|True|0,25 - 0,5|0,25 - 0,5|0,0 - 0,25|0,25 - 0,5|0,0 - 0,25|1
MINAUSDT|10100|True|0,5 - 1|0,25 - 0,5|0,25 - 0,5|0,0 - 0,25|0,25 - 0,5|1
MINAUSDT|11010|True|0,5 - 1|0,5 - 1|0,25 - 0,5|0,25 - 0,5|0,0 - 0,25|1
MINAUSDT|11101|True|0,25 - 0,5|0,5 - 1|0,5 - 1|0,25 - 0,5|0,25 - 0,5|1
MINAUSDT|11110|True|0,25 - 0,5|0,25 - 0,5|0,5 - 1|0,5 - 1|0,25 - 0,5|1
MINAUSDT|11111|True|0,25 - 0,5|0,25 - 0,5|0,25 - 0,5|0,5 - 1|0,5 - 1|1
MINAUSDT|11111|False|0,25 - 0,5|0,25 - 0,5|0,25 - 0,5|0,25 - 0,5|0,5 - 1|1
MINAUSDT|01111|False|0,0 - 0,25|0,25 - 0,5|0,25 - 0,5|0,25 - 0,5|0,25 - 0,5|1
MINAUSDT|00111|False|0,25 - 0,5|0,0 - 0,25|0,25 - 0,5|0,25 - 0,5|0,25 - 0,5|1
MINAUSDT|00011|True|0,25 - 0,5|0,25 - 0,5|0,0 - 0,25|0,25 - 0,5|0,25 - 0,5|1
MINAUSDT|10001|False|0,25 - 0,5|0,25 - 0,5|0,25 - 0,5|0,0 - 0,25|0,25 - 0,5|1
MINAUSDT|00100|True|0,0 - 0,25|0,0 - 0,25|0,25 - 0,5|0,25 - 0,5|0,25 - 0,5|1
MINAUSDT|10010|True|0,5 - 1|0,0 - 0,25|0,0 - 0,25|0,25 - 0,5|0,25 - 0,5|1
MINAUSDT|11001|False|0,25 - 0,5|0,5 - 1|0,0 - 0,25|0,0 - 0,25|0,25 - 0,5|1
MINAUSDT|01100|True|0,5 - 1|0,25 - 0,5|0,5 - 1|0,0 - 0,25|0,0 - 0,25|1
MINAUSDT|10110|True|0,5 - 1|0,5 - 1|0,25 - 0,5|0,5 - 1|0,0 - 0,25|1
MINAUSDT|11011|True|0,0 - 0,25|0,5 - 1|0,5 - 1|0,25 - 0,5|0,5 - 1|1
MINAUSDT|11101|False|0,0 - 0,25|0,0 - 0,25|0,5 - 1|0,5 - 1|0,25 - 0,5|1
MINAUSDT|01110|True|0,0 - 0,25|0,0 - 0,25|0,0 - 0,25|0,5 - 1|0,5 - 1|1
MINAUSDT|10111|False|0,0 - 0,25|0,0 - 0,25|0,0 - 0,25|0,0 - 0,25|0,5 - 1|1
MINAUSDT|01000|False|0,0 - 0,25|0,0 - 0,25|0,25 - 0,5|0,25 - 0,5|0,0 - 0,25|1
MINAUSDT|00100|False|0,25 - 0,5|0,0 - 0,25|0,0 - 0,25|0,25 - 0,5|0,25 - 0,5|1
MINAUSDT|00010|False|0,25 - 0,5|0,25 - 0,5|0,0 - 0,25|0,0 - 0,25|0,25 - 0,5|1
MINAUSDT|00001|True|0,25 - 0,5|0,25 - 0,5|0,25 - 0,5|0,0 - 0,25|0,0 - 0,25|1
MINAUSDT|10000|True|0,0 - 0,25|0,25 - 0,5|0,25 - 0,5|0,25 - 0,5|0,0 - 0,25|1
MINAUSDT|11000|False|0,0 - 0,25|0,0 - 0,25|0,25 - 0,5|0,25 - 0,5|0,25 - 0,5|1
MINAUSDT|01100|False|0,0 - 0,25|0,0 - 0,25|0,0 - 0,25|0,25 - 0,5|0,25 - 0,5|2
MINAUSDT|00110|False|0,0 - 0,25|0,0 - 0,25|0,0 - 0,25|0,0 - 0,25|0,25 - 0,5|1
MINAUSDT|00011|True|0,25 - 0,5|0,0 - 0,25|0,0 - 0,25|0,0 - 0,25|0,0 - 0,25|1
MINAUSDT|10001|True|0,25 - 0,5|0,25 - 0,5|0,0 - 0,25|0,0 - 0,25|0,0 - 0,25|1
MINAUSDT|11000|False|0,5 - 1|0,25 - 0,5|0,25 - 0,5|0,0 - 0,25|0,0 - 0,25|1
MINAUSDT|01100|False|0,25 - 0,5|0,5 - 1|0,25 - 0,5|0,25 - 0,5|0,0 - 0,25|1
MINAUSDT|00110|True|0,0 - 0,25|0,25 - 0,5|0,5 - 1|0,25 - 0,5|0,25 - 0,5|1
MINAUSDT|10011|True|0,25 - 0,5|0,0 - 0,25|0,25 - 0,5|0,5 - 1|0,25 - 0,5|1
MINAUSDT|11001|True|0,0 - 0,25|0,25 - 0,5|0,0 - 0,25|0,25 - 0,5|0,5 - 1|1
MINAUSDT|11100|False|0,0 - 0,25|0,0 - 0,25|0,25 - 0,5|0,0 - 0,25|0,25 - 0,5|1
MINAUSDT|01110|False|0,0 - 0,25|0,0 - 0,25|0,0 - 0,25|0,25 - 0,5|0,0 - 0,25|1
MINAUSDT|00111|True|0,25 - 0,5|0,0 - 0,25|0,0 - 0,25|0,0 - 0,25|0,25 - 0,5|1
MINAUSDT|11001|False|0,5 - 1|0,0 - 0,25|0,25 - 0,5|0,0 - 0,25|0,0 - 0,25|1
MINAUSDT|01100|False|0,25 - 0,5|0,5 - 1|0,0 - 0,25|0,25 - 0,5|0,0 - 0,25|1
MINAUSDT|00110|False|0,0 - 0,25|0,25 - 0,5|0,5 - 1|0,0 - 0,25|0,25 - 0,5|1
MINAUSDT|00011|False|0,0 - 0,25|0,0 - 0,25|0,25 - 0,5|0,5 - 1|0,0 - 0,25|1
MINAUSDT|00001|True|0,0 - 0,25|0,0 - 0,25|0,0 - 0,25|0,25 - 0,5|0,5 - 1|1
MINAUSDT|10000|False|0,0 - 0,25|0,0 - 0,25|0,0 - 0,25|0,0 - 0,25|0,25 - 0,5|1
MINAUSDT|10100|True|0,0 - 0,25|0,25 - 0,5|0,0 - 0,25|0,0 - 0,25|0,0 - 0,25|1
MINAUSDT|11010|False|0,25 - 0,5|0,0 - 0,25|0,25 - 0,5|0,0 - 0,25|0,0 - 0,25|1
MINAUSDT|01101|False|0,0 - 0,25|0,25 - 0,5|0,0 - 0,25|0,25 - 0,5|0,0 - 0,25|1
MINAUSDT|00110|True|0 - -0,25|0,0 - 0,25|0,25 - 0,5|0,0 - 0,25|0,25 - 0,5|1
MINAUSDT|10011|True|0,0 - 0,25|0 - -0,25|0,0 - 0,25|0,25 - 0,5|0,0 - 0,25|1
MINAUSDT|11001|False|1 - 2|0,0 - 0,25|0 - -0,25|0,0 - 0,25|0,25 - 0,5|1
MINAUSDT|01100|False|0,25 - 0,5|1 - 2|0,0 - 0,25|0 - -0,25|0,0 - 0,25|1
MINAUSDT|00110|True|0,0 - 0,25|0,25 - 0,5|1 - 2|0,0 - 0,25|0 - -0,25|1
MINAUSDT|10011|False|0,0 - 0,25|0,0 - 0,25|0,25 - 0,5|1 - 2|0,0 - 0,25|1
MINAUSDT|01001|True|0 - -0,25|0,0 - 0,25|0,0 - 0,25|0,25 - 0,5|1 - 2|1
MINAUSDT|10100|False|0,0 - 0,25|0 - -0,25|0,0 - 0,25|0,0 - 0,25|0,25 - 0,5|1
MINAUSDT|01010|False|0,25 - 0,5|0,0 - 0,25|0 - -0,25|0,0 - 0,25|0,0 - 0,25|1
MINAUSDT|00101|True|0,0 - 0,25|0,25 - 0,5|0,0 - 0,25|0 - -0,25|0,0 - 0,25|1
MINAUSDT|10010|True|0,0 - 0,25|0,0 - 0,25|0,25 - 0,5|0,0 - 0,25|0 - -0,25|1
MINAUSDT|11001|True|0,0 - 0,25|0,0 - 0,25|0,0 - 0,25|0,25 - 0,5|0,0 - 0,25|1
MINAUSDT|11100|False|0,0 - 0,25|0,0 - 0,25|0,0 - 0,25|0,0 - 0,25|0,25 - 0,5|1
MINAUSDT|10011|True|0,5 - 1|0,0 - 0,25|0,0 - 0,25|0,0 - 0,25|0,0 - 0,25|1
MINAUSDT|11001|True|0,25 - 0,5|0,5 - 1|0,0 - 0,25|0,0 - 0,25|0,0 - 0,25|1
MINAUSDT|11100|True|0,25 - 0,5|0,25 - 0,5|0,5 - 1|0,0 - 0,25|0,0 - 0,25|1
MINAUSDT|11110|True|0,0 - 0,25|0,25 - 0,5|0,25 - 0,5|0,5 - 1|0,0 - 0,25|1
MINAUSDT|11111|False|0,0 - 0,25|0,0 - 0,25|0,25 - 0,5|0,25 - 0,5|0,5 - 1|1
MINAUSDT|00001|False|0,5 - 1|0,0 - 0,25|0,0 - 0,25|0,0 - 0,25|0,0 - 0,25|1
MINAUSDT|00000|False|0,0 - 0,25|0,5 - 1|0,0 - 0,25|0,0 - 0,25|0,0 - 0,25|1
MINAUSDT|00000|True|0,0 - 0,25|0,0 - 0,25|0,5 - 1|0,0 - 0,25|0,0 - 0,25|1
MINAUSDT|01001|True|0 - -0,25|0,0 - 0,25|0,0 - 0,25|0,0 - 0,25|0,0 - 0,25|1
MINAUSDT|10100|False|0,0 - 0,25|0 - -0,25|0,0 - 0,25|0,0 - 0,25|0,0 - 0,25|3
MINAUSDT|01010|False|0,0 - 0,25|0,0 - 0,25|0 - -0,25|0,0 - 0,25|0,0 - 0,25|3
MINAUSDT|00101|False|0,0 - 0,25|0,0 - 0,25|0,0 - 0,25|0 - -0,25|0,0 - 0,25|2
MINAUSDT|00010|True|0,0 - 0,25|0,0 - 0,25|0,0 - 0,25|0,0 - 0,25|0 - -0,25|1
MINAUSDT|00000|False|0,25 - 0,5|0,25 - 0,5|0,25 - 0,5|0,0 - 0,25|0,0 - 0,25|1
MINAUSDT|00000|True|0,25 - 0,5|0,25 - 0,5|0,25 - 0,5|0,25 - 0,5|0,0 - 0,25|1
MINAUSDT|10000|False|0,0 - 0,25|0,25 - 0,5|0,25 - 0,5|0,25 - 0,5|0,25 - 0,5|1
MINAUSDT|01000|False|0 - -0,25|0,0 - 0,25|0,25 - 0,5|0,25 - 0,5|0,25 - 0,5|1
MINAUSDT|00100|False|0,0 - 0,25|0 - -0,25|0,0 - 0,25|0,25 - 0,5|0,25 - 0,5|1
MINAUSDT|00010|False|0,0 - 0,25|0,0 - 0,25|0 - -0,25|0,0 - 0,25|0,25 - 0,5|1
MINAUSDT|00001|False|0,0 - 0,25|0,0 - 0,25|0,0 - 0,25|0 - -0,25|0,0 - 0,25|1
MINAUSDT|00000|True|0,25 - 0,5|0,0 - 0,25|0,0 - 0,25|0,0 - 0,25|0 - -0,25|1
MINAUSDT|01100|True|0,0 - 0,25|0,0 - 0,25|0,0 - 0,25|0,25 - 0,5|0,0 - 0,25|1
MINAUSDT|10110|True|1 - 2|0,0 - 0,25|0,0 - 0,25|0,0 - 0,25|0,25 - 0,5|1
MINAUSDT|11011|False|0,5 - 1|1 - 2|0,0 - 0,25|0,0 - 0,25|0,0 - 0,25|1
MINAUSDT|01101|False|0,0 - 0,25|0,5 - 1|1 - 2|0,0 - 0,25|0,0 - 0,25|1
MINAUSDT|00110|False|0,0 - 0,25|0,0 - 0,25|0,5 - 1|1 - 2|0,0 - 0,25|1
MINAUSDT|00011|True|0,0 - 0,25|0,0 - 0,25|0,0 - 0,25|0,5 - 1|1 - 2|1
MINAUSDT|10001|False|0,0 - 0,25|0,0 - 0,25|0,0 - 0,25|0,0 - 0,25|0,5 - 1|1
MINAUSDT|10101|False|0,5 - 1|0,0 - 0,25|0,25 - 0,5|0,0 - 0,25|0,0 - 0,25|1
MINAUSDT|01010|True|0,0 - 0,25|0,5 - 1|0,0 - 0,25|0,25 - 0,5|0,0 - 0,25|1
MINAUSDT|10101|False|0,25 - 0,5|0,0 - 0,25|0,5 - 1|0,0 - 0,25|0,25 - 0,5|1
MINAUSDT|01010|False|0,0 - 0,25|0,25 - 0,5|0,0 - 0,25|0,5 - 1|0,0 - 0,25|1
MINAUSDT|00101|False|0,0 - 0,25|0,0 - 0,25|0,25 - 0,5|0,0 - 0,25|0,5 - 1|1
MINAUSDT|00001|False|0,5 - 1|0,0 - 0,25|0,0 - 0,25|0,0 - 0,25|0,25 - 0,5|1
MINAUSDT|00000|True|0 - -0,25|0,5 - 1|0,0 - 0,25|0,0 - 0,25|0,0 - 0,25|1
MINAUSDT|10000|False|0,0 - 0,25|0 - -0,25|0,5 - 1|0,0 - 0,25|0,0 - 0,25|1
MINAUSDT|01000|True|0,0 - 0,25|0,0 - 0,25|0 - -0,25|0,5 - 1|0,0 - 0,25|1
MINAUSDT|10100|False|0,0 - 0,25|0,0 - 0,25|0,0 - 0,25|0 - -0,25|0,5 - 1|1
MINAUSDT|01010|False|0,0 - 0,25|0,0 - 0,25|0,0 - 0,25|0,0 - 0,25|0 - -0,25|1
MINAUSDT|10010|False|1 - 2|0,0 - 0,25|0,0 - 0,25|0,0 - 0,25|0,0 - 0,25|1
MINAUSDT|01001|True|0,25 - 0,5|1 - 2|0,0 - 0,25|0,0 - 0,25|0,0 - 0,25|1
MINAUSDT|10100|False|0,0 - 0,25|0,25 - 0,5|1 - 2|0,0 - 0,25|0,0 - 0,25|1
MINAUSDT|01010|True|0 - -0,25|0,0 - 0,25|0,25 - 0,5|1 - 2|0,0 - 0,25|1
MINAUSDT|10101|False|0,25 - 0,5|0 - -0,25|0,0 - 0,25|0,25 - 0,5|1 - 2|1
MINAUSDT|01010|False|0 - -0,25|0,25 - 0,5|0 - -0,25|0,0 - 0,25|0,25 - 0,5|1
MINAUSDT|00101|True|0,25 - 0,5|0 - -0,25|0,25 - 0,5|0 - -0,25|0,0 - 0,25|1
MINAUSDT|10010|True|0,0 - 0,25|0,25 - 0,5|0 - -0,25|0,25 - 0,5|0 - -0,25|1
MINAUSDT|11001|False|0,0 - 0,25|0,0 - 0,25|0,25 - 0,5|0 - -0,25|0,25 - 0,5|1
MINAUSDT|01100|False|0,0 - 0,25|0,0 - 0,25|0,0 - 0,25|0,25 - 0,5|0 - -0,25|1
MINAUSDT|00110|True|0,0 - 0,25|0,0 - 0,25|0,0 - 0,25|0,0 - 0,25|0,25 - 0,5|2
MINAUSDT|00010|False|0 - -0,25|0,0 - 0,25|0,0 - 0,25|0,0 - 0,25|0,0 - 0,25|3
MINAUSDT|00001|False|0,25 - 0,5|0 - -0,25|0,0 - 0,25|0,0 - 0,25|0,0 - 0,25|1
MINAUSDT|00000|True|0,0 - 0,25|0,25 - 0,5|0 - -0,25|0,0 - 0,25|0,0 - 0,25|1
MINAUSDT|10000|False|0,0 - 0,25|0,0 - 0,25|0,25 - 0,5|0 - -0,25|0,0 - 0,25|1
MINAUSDT|01000|True|0,25 - 0,5|0,0 - 0,25|0,0 - 0,25|0,25 - 0,5|0 - -0,25|1
MINAUSDT|10100|False|0,25 - 0,5|0,25 - 0,5|0,0 - 0,25|0,0 - 0,25|0,25 - 0,5|1
MINAUSDT|01010|True|0,0 - 0,25|0,25 - 0,5|0,25 - 0,5|0,0 - 0,25|0,0 - 0,25|1
MINAUSDT|10101|False|0,0 - 0,25|0,0 - 0,25|0,25 - 0,5|0,25 - 0,5|0,0 - 0,25|1
MINAUSDT|01010|False|0,0 - 0,25|0,0 - 0,25|0,0 - 0,25|0,25 - 0,5|0,25 - 0,5|1
MINAUSDT|00101|True|0,0 - 0,25|0,0 - 0,25|0,0 - 0,25|0,0 - 0,25|0,25 - 0,5|1
MINAUSDT|00010|True|0 - -0,25|0,0 - 0,25|0,0 - 0,25|0,0 - 0,25|0,0 - 0,25|1
MINAUSDT|10001|False|0,0 - 0,25|0 - -0,25|0,0 - 0,25|0,0 - 0,25|0,0 - 0,25|2
MINAUSDT|01000|False|0,0 - 0,25|0,0 - 0,25|0 - -0,25|0,0 - 0,25|0,0 - 0,25|3
MINAUSDT|00000|False|0 - -0,25|0,0 - 0,25|0,0 - 0,25|0,0 - 0,25|0,0 - 0,25|2
MINAUSDT|00000|False|0 - -0,25|0 - -0,25|0,0 - 0,25|0,0 - 0,25|0,0 - 0,25|1
MINAUSDT|00000|False|0,0 - 0,25|0 - -0,25|0 - -0,25|0,0 - 0,25|0,0 - 0,25|1
MINAUSDT|00000|True|0,0 - 0,25|0,0 - 0,25|0 - -0,25|0 - -0,25|0,0 - 0,25|1
MINAUSDT|10000|True|0,0 - 0,25|0,0 - 0,25|0,0 - 0,25|0 - -0,25|0 - -0,25|1
MINAUSDT|11000|True|0,25 - 0,5|0,0 - 0,25|0,0 - 0,25|0,0 - 0,25|0 - -0,25|1
MINAUSDT|11100|False|0,25 - 0,5|0,25 - 0,5|0,0 - 0,25|0,0 - 0,25|0,0 - 0,25|1
MINAUSDT|01110|False|0,0 - 0,25|0,25 - 0,5|0,25 - 0,5|0,0 - 0,25|0,0 - 0,25|1
MINAUSDT|00111|False|0 - -0,25|0,0 - 0,25|0,25 - 0,5|0,25 - 0,5|0,0 - 0,25|1
MINAUSDT|00011|False|0,0 - 0,25|0 - -0,25|0,0 - 0,25|0,25 - 0,5|0,25 - 0,5|1
MINAUSDT|00000|False|0 - -0,25|0,0 - 0,25|0,0 - 0,25|0,0 - 0,25|0 - -0,25|1
MINAUSDT|00000|False|0,0 - 0,25|0 - -0,25|0,0 - 0,25|0,0 - 0,25|0,0 - 0,25|1
MINAUSDT|00000|True|0,25 - 0,5|0,0 - 0,25|0 - -0,25|0,0 - 0,25|0,0 - 0,25|1
MINAUSDT|10000|False|0,0 - 0,25|0,25 - 0,5|0,0 - 0,25|0 - -0,25|0,0 - 0,25|1
MINAUSDT|01000|True|0,0 - 0,25|0,0 - 0,25|0,25 - 0,5|0,0 - 0,25|0 - -0,25|1
MINAUSDT|10100|False|0,25 - 0,5|0,0 - 0,25|0,0 - 0,25|0,25 - 0,5|0,0 - 0,25|1
MINAUSDT|01010|False|0,0 - 0,25|0,0 - 0,25|0,0 - 0,25|0,25 - 0,5|0,0 - 0,25|1
MINAUSDT|00101|False|0,0 - 0,25|0,0 - 0,25|0,0 - 0,25|0,0 - 0,25|0,25 - 0,5|1
MINAUSDT|00001|False|0,0 - 0,25|0 - -0,25|0,0 - 0,25|0,0 - 0,25|0,0 - 0,25|2
MINAUSDT|00000|False|0 - -0,25|0,0 - 0,25|0 - -0,25|0,0 - 0,25|0,0 - 0,25|1
MINAUSDT|00000|False|0,0 - 0,25|0 - -0,25|0,0 - 0,25|0 - -0,25|0,0 - 0,25|1
MINAUSDT|00000|False|0,0 - 0,25|0,0 - 0,25|0 - -0,25|0,0 - 0,25|0 - -0,25|1
MINAUSDT|00000|True|0,0 - 0,25|0,0 - 0,25|0,0 - 0,25|0 - -0,25|0,0 - 0,25|1
MINAUSDT|10000|True|0,0 - 0,25|0,0 - 0,25|0,0 - 0,25|0,0 - 0,25|0 - -0,25|1
MINAUSDT|11000|True|0,25 - 0,5|0,0 - 0,25|0,0 - 0,25|0,0 - 0,25|0,0 - 0,25|1
MINAUSDT|11110|True|0,0 - 0,25|0,25 - 0,5|0,25 - 0,5|0,0 - 0,25|0,0 - 0,25|1
MINAUSDT|01111|True|0,25 - 0,5|0,0 - 0,25|0,0 - 0,25|0,25 - 0,5|0,25 - 0,5|1
MINAUSDT|10111|False|0,0 - 0,25|0,25 - 0,5|0,0 - 0,25|0,0 - 0,25|0,25 - 0,5|1
MINAUSDT|01011|True|0,0 - 0,25|0,0 - 0,25|0,25 - 0,5|0,0 - 0,25|0,0 - 0,25|1
MINAUSDT|10101|False|0,0 - 0,25|0,0 - 0,25|0,0 - 0,25|0,25 - 0,5|0,0 - 0,25|1
MINAUSDT|01000|True|0 - -0,25|0,0 - 0,25|0,0 - 0,25|0,0 - 0,25|0,0 - 0,25|3
MINAUSDT|00010|True|0 - -0,25|0,0 - 0,25|0,0 - 0,25|0,0 - 0,25|0 - -0,25|1
MINAUSDT|10001|True|0,0 - 0,25|0 - -0,25|0,0 - 0,25|0,0 - 0,25|0,0 - 0,25|1
MINAUSDT|11000|True|0,25 - 0,5|0,0 - 0,25|0 - -0,25|0,0 - 0,25|0,0 - 0,25|1
MINAUSDT|11100|False|0,25 - 0,5|0,25 - 0,5|0,0 - 0,25|0 - -0,25|0,0 - 0,25|1
MINAUSDT|01110|True|0,0 - 0,25|0,25 - 0,5|0,25 - 0,5|0,0 - 0,25|0 - -0,25|1
MINAUSDT|10111|False|0,0 - 0,25|0,0 - 0,25|0,25 - 0,5|0,25 - 0,5|0,0 - 0,25|1
MINAUSDT|01011|False|0,0 - 0,25|0,0 - 0,25|0,0 - 0,25|0,25 - 0,5|0,25 - 0,5|1
MINAUSDT|00101|False|0 - -0,25|0,0 - 0,25|0,0 - 0,25|0,0 - 0,25|0,25 - 0,5|2
MINAUSDT|00001|True|0,0 - 0,25|0,0 - 0,25|0 - -0,25|0,0 - 0,25|0,0 - 0,25|1
MINAUSDT|10000|False|0,0 - 0,25|0,0 - 0,25|0,0 - 0,25|0 - -0,25|0,0 - 0,25|1
MINAUSDT|01000|True|0,0 - 0,25|0,0 - 0,25|0,0 - 0,25|0,0 - 0,25|0 - -0,25|2
MINAUSDT|01101|False|0 - -0,25|0,0 - 0,25|0,0 - 0,25|0,0 - 0,25|0,0 - 0,25|2
MINAUSDT|00110|False|0,0 - 0,25|0 - -0,25|0,0 - 0,25|0,0 - 0,25|0,0 - 0,25|1
MINAUSDT|00011|False|0,0 - 0,25|0,0 - 0,25|0 - -0,25|0,0 - 0,25|0,0 - 0,25|1
MINAUSDT|00001|False|0,25 - 0,5|0,0 - 0,25|0,0 - 0,25|0 - -0,25|0,0 - 0,25|1
MINAUSDT|00000|False|0,25 - 0,5|0,25 - 0,5|0,0 - 0,25|0,0 - 0,25|0 - -0,25|1
MINAUSDT|00000|False|0 - -0,25|0,25 - 0,5|0,25 - 0,5|0,0 - 0,25|0,0 - 0,25|1
MINAUSDT|00000|True|0,0 - 0,25|0 - -0,25|0,25 - 0,5|0,25 - 0,5|0,0 - 0,25|1
MINAUSDT|10000|False|0,0 - 0,25|0,0 - 0,25|0 - -0,25|0,25 - 0,5|0,25 - 0,5|1
MINAUSDT|01000|True|0,25 - 0,5|0,0 - 0,25|0,0 - 0,25|0 - -0,25|0,25 - 0,5|1
MINAUSDT|10100|False|0,0 - 0,25|0,25 - 0,5|0,0 - 0,25|0,0 - 0,25|0 - -0,25|1
MINAUSDT|00010|False|0,5 - 1|0,0 - 0,25|0,0 - 0,25|0,0 - 0,25|0,25 - 0,5|1
MINAUSDT|00001|False|0,25 - 0,5|0,5 - 1|0,0 - 0,25|0,0 - 0,25|0,0 - 0,25|1
MINAUSDT|10000|True|0,0 - 0,25|0,25 - 0,5|0,25 - 0,5|0,5 - 1|0,0 - 0,25|1
MINAUSDT|11000|False|0,0 - 0,25|0,0 - 0,25|0,25 - 0,5|0,25 - 0,5|0,5 - 1|1
MINAUSDT|10110|True|0,0 - 0,25|0,0 - 0,25|0,0 - 0,25|0,0 - 0,25|0,0 - 0,25|2
MINAUSDT|11011|False|0,0 - 0,25|0,0 - 0,25|0,0 - 0,25|0,0 - 0,25|0,0 - 0,25|2
MINAUSDT|00110|True|0,0 - 0,25|0 - -0,25|0,0 - 0,25|0,0 - 0,25|0,0 - 0,25|1
MINAUSDT|10011|False|0,0 - 0,25|0,0 - 0,25|0 - -0,25|0,0 - 0,25|0,0 - 0,25|1
MINAUSDT|01001|True|0,0 - 0,25|0,0 - 0,25|0,0 - 0,25|0 - -0,25|0,0 - 0,25|2
MINAUSDT|10100|True|0,0 - 0,25|0,0 - 0,25|0,0 - 0,25|0,0 - 0,25|0 - -0,25|2
MINAUSDT|01101|False|0,0 - 0,25|0,0 - 0,25|0,0 - 0,25|0,0 - 0,25|0,0 - 0,25|2
MINAUSDT|00001|False|0 - -0,25|0,0 - 0,25|0 - -0,25|0,0 - 0,25|0,0 - 0,25|2
MINAUSDT|00000|True|0,0 - 0,25|0 - -0,25|0,0 - 0,25|0 - -0,25|0,0 - 0,25|2
MINAUSDT|10000|False|0,0 - 0,25|0,0 - 0,25|0 - -0,25|0,0 - 0,25|0 - -0,25|1
MINAUSDT|01000|False|0 - -0,25|0,0 - 0,25|0,0 - 0,25|0 - -0,25|0,0 - 0,25|1
MINAUSDT|00100|True|0,0 - 0,25|0 - -0,25|0,0 - 0,25|0,0 - 0,25|0 - -0,25|1
MINAUSDT|10010|False|0,0 - 0,25|0,0 - 0,25|0 - -0,25|0,0 - 0,25|0,0 - 0,25|1
MINAUSDT|11010|False|0,5 - 1|0,0 - 0,25|0,0 - 0,25|0,0 - 0,25|0,0 - 0,25|1
MINAUSDT|01101|True|0,5 - 1|0,5 - 1|0,0 - 0,25|0,0 - 0,25|0,0 - 0,25|1
MINAUSDT|10110|True|0,0 - 0,25|0,5 - 1|0,5 - 1|0,0 - 0,25|0,0 - 0,25|1
MINAUSDT|11011|False|0,0 - 0,25|0,0 - 0,25|0,5 - 1|0,5 - 1|0,0 - 0,25|1
MINAUSDT|01101|False|0,25 - 0,5|0,0 - 0,25|0,0 - 0,25|0,5 - 1|0,5 - 1|1
MINAUSDT|00110|True|0,0 - 0,25|0,25 - 0,5|0,0 - 0,25|0,0 - 0,25|0,5 - 1|1
MINAUSDT|10011|False|0,0 - 0,25|0,0 - 0,25|0,25 - 0,5|0,0 - 0,25|0,0 - 0,25|1
MINAUSDT|01001|False|0,0 - 0,25|0,0 - 0,25|0,0 - 0,25|0,25 - 0,5|0,0 - 0,25|1
MINAUSDT|00101|False|0 - -0,25|0,0 - 0,25|0,0 - 0,25|0 - -0,25|0,0 - 0,25|1
MINAUSDT|00010|True|0,0 - 0,25|0 - -0,25|0,0 - 0,25|0,0 - 0,25|0 - -0,25|2
MINAUSDT|11000|False|0,0 - 0,25|0,0 - 0,25|0,0 - 0,25|0 - -0,25|0,0 - 0,25|2
MINAUSDT|01100|True|0,0 - 0,25|0,0 - 0,25|0,0 - 0,25|0,0 - 0,25|0 - -0,25|1
MINAUSDT|10110|False|0,5 - 1|0,0 - 0,25|0,0 - 0,25|0,0 - 0,25|0,0 - 0,25|2
MINAUSDT|01011|False|0,25 - 0,5|0,5 - 1|0,0 - 0,25|0,0 - 0,25|0,0 - 0,25|1
MINAUSDT|00101|False|0,0 - 0,25|0,25 - 0,5|0,5 - 1|0,0 - 0,25|0,0 - 0,25|1
MINAUSDT|00010|True|0,0 - 0,25|0,0 - 0,25|0,25 - 0,5|0,5 - 1|0,0 - 0,25|1
MINAUSDT|10001|True|0,0 - 0,25|0,0 - 0,25|0,0 - 0,25|0,25 - 0,5|0,5 - 1|1
MINAUSDT|11000|False|0,0 - 0,25|0,0 - 0,25|0,0 - 0,25|0,0 - 0,25|0,25 - 0,5|1
MINAUSDT|00000|False|0,0 - 0,25|0,0 - 0,25|0 - -0,25|0,0 - 0,25|0,0 - 0,25|1
MINAUSDT|00000|False|0,0 - 0,25|0,0 - 0,25|0,0 - 0,25|0,0 - 0,25|0 - -0,25|1
MINAUSDT|11111|True|1 - 2|0,0 - 0,25|0,0 - 0,25|0,0 - 0,25|0,0 - 0,25|1
MINAUSDT|11111|False|0,5 - 1|1 - 2|0,0 - 0,25|0,0 - 0,25|0,0 - 0,25|1
MINAUSDT|01111|False|0,25 - 0,5|0,5 - 1|1 - 2|0,0 - 0,25|0,0 - 0,25|1
MINAUSDT|00111|False|0,25 - 0,5|0,25 - 0,5|0,5 - 1|1 - 2|0,0 - 0,25|1
MINAUSDT|00011|False|0,25 - 0,5|0,25 - 0,5|0,25 - 0,5|0,5 - 1|1 - 2|1
MINAUSDT|00001|True|0,0 - 0,25|0,25 - 0,5|0,25 - 0,5|0,25 - 0,5|0,5 - 1|1
MINAUSDT|10000|True|0,0 - 0,25|0,0 - 0,25|0,25 - 0,5|0,25 - 0,5|0,25 - 0,5|1
MINAUSDT|11000|True|0,25 - 0,5|0,0 - 0,25|0,0 - 0,25|0,25 - 0,5|0,25 - 0,5|1
MINAUSDT|10111|True|0,0 - 0,25|0,0 - 0,25|0,0 - 0,25|0,25 - 0,5|0,0 - 0,25|1
MINAUSDT|11011|False|0,0 - 0,25|0,0 - 0,25|0,0 - 0,25|0,0 - 0,25|0,25 - 0,5|1
MINAUSDT|10110|False|0,25 - 0,5|0,0 - 0,25|0,0 - 0,25|0,0 - 0,25|0,0 - 0,25|1
MINAUSDT|01011|False|0,0 - 0,25|0,25 - 0,5|0,0 - 0,25|0,0 - 0,25|0,0 - 0,25|1
MINAUSDT|00101|True|0,0 - 0,25|0,0 - 0,25|0,25 - 0,5|0,0 - 0,25|0,0 - 0,25|1
MINAUSDT|10010|True|0,0 - 0,25|0,0 - 0,25|0,0 - 0,25|0,25 - 0,5|0,0 - 0,25|1
MINAUSDT|11001|False|0,0 - 0,25|0,0 - 0,25|0,0 - 0,25|0,0 - 0,25|0,25 - 0,5|1
MINAUSDT|01100|True|0,0 - 0,25|0,0 - 0,25|0,0 - 0,25|0,0 - 0,25|0,0 - 0,25|3
MINAUSDT|00000|True|0,5 - 1|0,0 - 0,25|0,0 - 0,25|0,0 - 0,25|0,0 - 0,25|1
MINAUSDT|10000|True|0,0 - 0,25|0,5 - 1|0,0 - 0,25|0,0 - 0,25|0,0 - 0,25|1
MINAUSDT|11000|False|0,0 - 0,25|0,0 - 0,25|0,5 - 1|0,0 - 0,25|0,0 - 0,25|1
MINAUSDT|01100|False|0,0 - 0,25|0,0 - 0,25|0,0 - 0,25|0,5 - 1|0,0 - 0,25|1
MINAUSDT|00110|True|0 - -0,25|0,0 - 0,25|0,0 - 0,25|0,0 - 0,25|0,5 - 1|1
MINAUSDT|01001|False|0,0 - 0,25|0,0 - 0,25|0 - -0,25|0,0 - 0,25|0,0 - 0,25|1
MINAUSDT|00100|False|0 - -0,25|0,0 - 0,25|0,0 - 0,25|0 - -0,25|0,0 - 0,25|1
MINAUSDT|01100|True|0 - -0,25|0,0 - 0,25|0,0 - 0,25|0,0 - 0,25|0 - -0,25|1
MINAUSDT|10110|True|0,0 - 0,25|0 - -0,25|0,0 - 0,25|0,0 - 0,25|0,0 - 0,25|1
MINAUSDT|11011|False|0,0 - 0,25|0,0 - 0,25|0 - -0,25|0,0 - 0,25|0,0 - 0,25|1
MINAUSDT|01101|False|0,0 - 0,25|0,0 - 0,25|0,0 - 0,25|0 - -0,25|0,0 - 0,25|2
MINAUSDT|00110|True|0,0 - 0,25|0,0 - 0,25|0,0 - 0,25|0,0 - 0,25|0 - -0,25|1
MINAUSDT|01011|True|0,25 - 0,5|0,5 - 1|0,0 - 0,25|0,0 - 0,25|0,0 - 0,25|1
MINAUSDT|10101|False|0,0 - 0,25|0,25 - 0,5|0,5 - 1|0,0 - 0,25|0,0 - 0,25|1
MINAUSDT|01010|False|0,0 - 0,25|0,0 - 0,25|0,25 - 0,5|0,5 - 1|0,0 - 0,25|1
MINAUSDT|00101|False|0,0 - 0,25|0,0 - 0,25|0,0 - 0,25|0,25 - 0,5|0,5 - 1|1
MINAUSDT|00000|False|0,25 - 0,5|0 - -0,25|0,0 - 0,25|0,0 - 0,25|0,0 - 0,25|1
MINAUSDT|00000|False|0,0 - 0,25|0,25 - 0,5|0 - -0,25|0,0 - 0,25|0,0 - 0,25|1
MINAUSDT|00000|False|0,0 - 0,25|0,0 - 0,25|0,25 - 0,5|0 - -0,25|0,0 - 0,25|1
MINAUSDT|00000|False|0,0 - 0,25|0,0 - 0,25|0,0 - 0,25|0,25 - 0,5|0 - -0,25|1
MINAUSDT|01110|False|0,0 - 0,25|0,5 - 1|0,0 - 0,25|0,0 - 0,25|0,0 - 0,25|1
MINAUSDT|00111|True|0,0 - 0,25|0,0 - 0,25|0,5 - 1|0,0 - 0,25|0,0 - 0,25|1
MINAUSDT|10011|False|0,0 - 0,25|0,0 - 0,25|0,0 - 0,25|0,5 - 1|0,0 - 0,25|1
MINAUSDT|01001|False|0,0 - 0,25|0,0 - 0,25|0,0 - 0,25|0,0 - 0,25|0,5 - 1|1
MINAUSDT|11001|True|0,0 - 0,25|0,0 - 0,25|0,0 - 0,25|0,0 - 0,25|0,0 - 0,25|1
MINAUSDT|00011|False|0,0 - 0,25|0 - -0,25|0,0 - 0,25|0,0 - 0,25|0,0 - 0,25|1
MINAUSDT|10000|True|0,0 - 0,25|0,0 - 0,25|0 - -0,25|0,0 - 0,25|0 - -0,25|1
MINAUSDT|11000|True|0,0 - 0,25|0,0 - 0,25|0,0 - 0,25|0 - -0,25|0,0 - 0,25|1
MINAUSDT|11100|False|0,0 - 0,25|0,0 - 0,25|0,0 - 0,25|0,0 - 0,25|0 - -0,25|2
MINAUSDT|10100|True|0,0 - 0,25|0 - -0,25|0,0 - 0,25|0,0 - 0,25|0,0 - 0,25|1
MINAUSDT|11010|False|0,0 - 0,25|0,0 - 0,25|0 - -0,25|0,0 - 0,25|0,0 - 0,25|1
MINAUSDT|00110|False|0,0 - 0,25|0,0 - 0,25|0,0 - 0,25|0,0 - 0,25|0 - -0,25|1
MINAUSDT|00011|True|0 - -0,25|0,0 - 0,25|0,0 - 0,25|0,0 - 0,25|0,0 - 0,25|1
MINAUSDT|01000|False|0 - -0,25|0,0 - 0,25|0 - -0,25|0,0 - 0,25|0,0 - 0,25|1
MINAUSDT|00100|False|0,0 - 0,25|0 - -0,25|0,0 - 0,25|0 - -0,25|0,0 - 0,25|1
MINAUSDT|00010|True|0,0 - 0,25|0,0 - 0,25|0 - -0,25|0,0 - 0,25|0 - -0,25|1
MINAUSDT|10001|True|0,0 - 0,25|0,0 - 0,25|0,0 - 0,25|0 - -0,25|0,0 - 0,25|1
MINAUSDT|11000|True|0,0 - 0,25|0,0 - 0,25|0,0 - 0,25|0,0 - 0,25|0 - -0,25|1
MINAUSDT|01111|False|0 - -0,25|0,0 - 0,25|0,0 - 0,25|0,0 - 0,25|0,0 - 0,25|1
MINAUSDT|00111|False|0,0 - 0,25|0 - -0,25|0,0 - 0,25|0,0 - 0,25|0,0 - 0,25|1
MINAUSDT|00011|True|0,0 - 0,25|0,0 - 0,25|0 - -0,25|0,0 - 0,25|0,0 - 0,25|1
MINAUSDT|10001|False|0,0 - 0,25|0,0 - 0,25|0,0 - 0,25|0 - -0,25|0,0 - 0,25|1
MINAUSDT|10101|True|0,0 - 0,25|0,0 - 0,25|0,0 - 0,25|0,0 - 0,25|0,0 - 0,25|1
MINAUSDT|00011|False|0 - -0,25|0 - -0,25|0,0 - 0,25|0,0 - 0,25|0,0 - 0,25|1
MINAUSDT|00001|False|0,0 - 0,25|0 - -0,25|0 - -0,25|0,0 - 0,25|0,0 - 0,25|2
MINAUSDT|00000|True|0 - -0,25|0,0 - 0,25|0 - -0,25|0 - -0,25|0,0 - 0,25|1
MINAUSDT|10000|False|0,25 - 0,5|0 - -0,25|0,0 - 0,25|0 - -0,25|0 - -0,25|1
MINAUSDT|01000|True|0,0 - 0,25|0,25 - 0,5|0 - -0,25|0,0 - 0,25|0 - -0,25|1
MINAUSDT|10100|False|0,0 - 0,25|0,0 - 0,25|0,25 - 0,5|0 - -0,25|0,0 - 0,25|1
MINAUSDT|01010|False|0,0 - 0,25|0,0 - 0,25|0,0 - 0,25|0,25 - 0,5|0 - -0,25|1
MINAUSDT|00001|True|0 - -0,25|0,0 - 0,25|0 - -0,25|0,0 - 0,25|0,0 - 0,25|1
MINAUSDT|10000|True|0,0 - 0,25|0 - -0,25|0,0 - 0,25|0 - -0,25|0,0 - 0,25|1
MINAUSDT|11000|False|0,0 - 0,25|0,0 - 0,25|0 - -0,25|0,0 - 0,25|0 - -0,25|1
MINAUSDT|01100|False|0,0 - 0,25|0,0 - 0,25|0,0 - 0,25|0 - -0,25|0,0 - 0,25|1
MINAUSDT|00110|True|0 - -0,25|0,0 - 0,25|0,0 - 0,25|0,0 - 0,25|0 - -0,25|1
MINAUSDT|01010|True|0 - -0,25|0,0 - 0,25|0,0 - 0,25|0,0 - 0,25|0 - -0,25|1
MINAUSDT|10101|False|0,25 - 0,5|0 - -0,25|0,0 - 0,25|0,0 - 0,25|0,0 - 0,25|1
MINAUSDT|01010|False|0,0 - 0,25|0,25 - 0,5|0 - -0,25|0,0 - 0,25|0,0 - 0,25|1
MINAUSDT|00101|False|0,0 - 0,25|0,0 - 0,25|0,25 - 0,5|0 - -0,25|0,0 - 0,25|1
MINAUSDT|00010|False|0,0 - 0,25|0,0 - 0,25|0,0 - 0,25|0,25 - 0,5|0 - -0,25|1
MINAUSDT|00001|True|0 - -0,25|0,0 - 0,25|0,0 - 0,25|0,0 - 0,25|0,25 - 0,5|1
MINAUSDT|00101|False|0 - -0,25|0,0 - 0,25|0,0 - 0,25|0,0 - 0,25|0,0 - 0,25|1
MINAUSDT|00010|False|0 - -0,25|0 - -0,25|0,0 - 0,25|0,0 - 0,25|0,0 - 0,25|1
MINAUSDT|00000|False|0,0 - 0,25|0,0 - 0,25|0 - -0,25|0 - -0,25|0,0 - 0,25|1
MINAUSDT|00000|False|0,0 - 0,25|0,0 - 0,25|0,0 - 0,25|0 - -0,25|0 - -0,25|1
MINAUSDT|01000|False|0 - -0,25|0,0 - 0,25|0,0 - 0,25|0,0 - 0,25|0,0 - 0,25|1
MINAUSDT|00100|False|0 - -0,25|0 - -0,25|0,0 - 0,25|0,0 - 0,25|0,0 - 0,25|1
MINAUSDT|00010|True|0,0 - 0,25|0 - -0,25|0 - -0,25|0,0 - 0,25|0,0 - 0,25|1
MINAUSDT|10001|True|0,0 - 0,25|0,0 - 0,25|0 - -0,25|0 - -0,25|0,0 - 0,25|1
MINAUSDT|11000|True|0,0 - 0,25|0,0 - 0,25|0,0 - 0,25|0 - -0,25|0 - -0,25|1
