PSGUSDT||False||||||4
PSGUSDT||True||||||1
PSGUSDT|00010|True|0,0 - 0,25|0,0 - 0,25|0,0 - 0,25|0,0 - 0,25|0,25 - 0,5|2
PSGUSDT|10001|False|0,0 - 0,25|0,0 - 0,25|0,0 - 0,25|0,0 - 0,25|0,0 - 0,25|11
PSGUSDT|01000|False|0,0 - 0,25|0,0 - 0,25|0,0 - 0,25|0,0 - 0,25|0,0 - 0,25|11
PSGUSDT|00100|True|0,25 - 0,5|0,0 - 0,25|0,0 - 0,25|0,0 - 0,25|0,0 - 0,25|1
PSGUSDT|10010|False|0,0 - 0,25|0,25 - 0,5|0,0 - 0,25|0,0 - 0,25|0,0 - 0,25|1
PSGUSDT|01001|True|0,0 - 0,25|0,0 - 0,25|0,25 - 0,5|0,0 - 0,25|0,0 - 0,25|3
PSGUSDT|10100|False|0,0 - 0,25|0,0 - 0,25|0,0 - 0,25|0,25 - 0,5|0,0 - 0,25|3
PSGUSDT|01010|False|0,25 - 0,5|0,0 - 0,25|0,0 - 0,25|0,0 - 0,25|0,25 - 0,5|1
PSGUSDT|00101|False|0,0 - 0,25|0,25 - 0,5|0,0 - 0,25|0,0 - 0,25|0,0 - 0,25|1
PSGUSDT|00010|False|0,0 - 0,25|0,0 - 0,25|0,25 - 0,5|0,0 - 0,25|0,0 - 0,25|2
PSGUSDT|00001|False|0,0 - 0,25|0,0 - 0,25|0,0 - 0,25|0,25 - 0,5|0,0 - 0,25|1
PSGUSDT|00000|True|0,0 - 0,25|0,0 - 0,25|0,0 - 0,25|0,0 - 0,25|0,25 - 0,5|1
PSGUSDT|10000|False|0,0 - 0,25|0,0 - 0,25|0,0 - 0,25|0,0 - 0,25|0,0 - 0,25|11
PSGUSDT|01000|True|0,0 - 0,25|0,0 - 0,25|0,0 - 0,25|0,0 - 0,25|0,0 - 0,25|11
PSGUSDT|10100|False|0,0 - 0,25|0,0 - 0,25|0,0 - 0,25|0,0 - 0,25|0,0 - 0,25|13
PSGUSDT|01010|False|0,0 - 0,25|0,0 - 0,25|0,0 - 0,25|0,0 - 0,25|0,0 - 0,25|18
PSGUSDT|00101|True|0,0 - 0,25|0,0 - 0,25|0,0 - 0,25|0,0 - 0,25|0,0 - 0,25|11
PSGUSDT|10010|True|0,0 - 0,25|0,0 - 0,25|0,0 - 0,25|0,0 - 0,25|0,0 - 0,25|9
PSGUSDT|11001|False|0,0 - 0,25|0,0 - 0,25|0,0 - 0,25|0,0 - 0,25|0,0 - 0,25|11
PSGUSDT|01100|False|0,0 - 0,25|0,0 - 0,25|0,0 - 0,25|0,0 - 0,25|0,0 - 0,25|8
PSGUSDT|00110|True|0,0 - 0,25|0,0 - 0,25|0,0 - 0,25|0,0 - 0,25|0,0 - 0,25|6
PSGUSDT|10011|False|0,0 - 0,25|0,0 - 0,25|0,0 - 0,25|0,0 - 0,25|0,0 - 0,25|7
PSGUSDT|01001|False|0,0 - 0,25|0,0 - 0,25|0,0 - 0,25|0,0 - 0,25|0,0 - 0,25|11
PSGUSDT|00100|False|0,0 - 0,25|0,0 - 0,25|0,0 - 0,25|0,0 - 0,25|0,0 - 0,25|11
PSGUSDT|00010|True|0,0 - 0,25|0,0 - 0,25|0,0 - 0,25|0,0 - 0,25|0,0 - 0,25|12
PSGUSDT|10100|False|0,25 - 0,5|0,0 - 0,25|0,0 - 0,25|0,0 - 0,25|0,0 - 0,25|1
PSGUSDT|01010|False|0,0 - 0,25|0,25 - 0,5|0,0 - 0,25|0,0 - 0,25|0,0 - 0,25|2
PSGUSDT|00101|False|0,0 - 0,25|0,0 - 0,25|0,25 - 0,5|0,0 - 0,25|0,0 - 0,25|3
PSGUSDT|00010|False|0,0 - 0,25|0,0 - 0,25|0,0 - 0,25|0,25 - 0,5|0,0 - 0,25|4
PSGUSDT|00001|False|0,0 - 0,25|0,0 - 0,25|0,0 - 0,25|0,0 - 0,25|0,25 - 0,5|4
PSGUSDT|00000|True|0,0 - 0,25|0,0 - 0,25|0,0 - 0,25|0,0 - 0,25|0,0 - 0,25|14
PSGUSDT|10100|True|0,25 - 0,5|0,0 - 0,25|0,0 - 0,25|0,0 - 0,25|0,0 - 0,25|2
PSGUSDT|11010|False|0,0 - 0,25|0,25 - 0,5|0,0 - 0,25|0,0 - 0,25|0,0 - 0,25|1
PSGUSDT|01101|False|0,0 - 0,25|0,0 - 0,25|0,25 - 0,5|0,0 - 0,25|0,0 - 0,25|1
PSGUSDT|00110|True|0,0 - 0,25|0,0 - 0,25|0,0 - 0,25|0,25 - 0,5|0,0 - 0,25|2
PSGUSDT|10011|True|0,0 - 0,25|0,0 - 0,25|0,0 - 0,25|0,0 - 0,25|0,25 - 0,5|1
PSGUSDT|00110|False|0,0 - 0,25|0,0 - 0,25|0,0 - 0,25|0,0 - 0,25|0,0 - 0,25|6
PSGUSDT|00011|True|0 - -0,25|0,0 - 0,25|0,0 - 0,25|0,0 - 0,25|0,0 - 0,25|2
PSGUSDT|10001|False|0,0 - 0,25|0 - -0,25|0,0 - 0,25|0,0 - 0,25|0,0 - 0,25|2
PSGUSDT|01000|False|0,0 - 0,25|0,0 - 0,25|0 - -0,25|0,0 - 0,25|0,0 - 0,25|3
PSGUSDT|00100|False|0,0 - 0,25|0,0 - 0,25|0,0 - 0,25|0 - -0,25|0,0 - 0,25|3
PSGUSDT|00010|False|0 - -0,25|0,0 - 0,25|0,0 - 0,25|0,0 - 0,25|0 - -0,25|1
PSGUSDT|00001|False|0,0 - 0,25|0 - -0,25|0,0 - 0,25|0,0 - 0,25|0,0 - 0,25|3
PSGUSDT|00000|False|0,0 - 0,25|0,0 - 0,25|0 - -0,25|0,0 - 0,25|0,0 - 0,25|2
PSGUSDT|00000|True|0 - -0,25|0,0 - 0,25|0,0 - 0,25|0 - -0,25|0,0 - 0,25|1
PSGUSDT|10000|True|0,0 - 0,25|0 - -0,25|0,0 - 0,25|0,0 - 0,25|0 - -0,25|1
PSGUSDT|11000|False|0,0 - 0,25|0,0 - 0,25|0 - -0,25|0,0 - 0,25|0,0 - 0,25|4
PSGUSDT|01100|True|0 - -0,25|0,0 - 0,25|0,0 - 0,25|0 - -0,25|0,0 - 0,25|1
PSGUSDT|10110|True|0,0 - 0,25|0 - -0,25|0,0 - 0,25|0,0 - 0,25|0 - -0,25|1
PSGUSDT|11011|False|0,0 - 0,25|0,0 - 0,25|0 - -0,25|0,0 - 0,25|0,0 - 0,25|1
PSGUSDT|01101|True|0,0 - 0,25|0,0 - 0,25|0,0 - 0,25|0 - -0,25|0,0 - 0,25|1
PSGUSDT|10110|True|0,0 - 0,25|0,0 - 0,25|0,0 - 0,25|0,0 - 0,25|0 - -0,25|2
PSGUSDT|11011|True|0,0 - 0,25|0,0 - 0,25|0,0 - 0,25|0,0 - 0,25|0,0 - 0,25|10
PSGUSDT|11101|False|0,0 - 0,25|0,0 - 0,25|0,0 - 0,25|0,0 - 0,25|0,0 - 0,25|5
PSGUSDT|01110|False|0,0 - 0,25|0,0 - 0,25|0,0 - 0,25|0,0 - 0,25|0,0 - 0,25|9
PSGUSDT|00111|False|0,0 - 0,25|0,0 - 0,25|0,0 - 0,25|0,0 - 0,25|0,0 - 0,25|9
PSGUSDT|00011|True|0,0 - 0,25|0,0 - 0,25|0,0 - 0,25|0,0 - 0,25|0,0 - 0,25|7
PSGUSDT|10001|True|0,0 - 0,25|0,0 - 0,25|0,0 - 0,25|0,0 - 0,25|0,0 - 0,25|10
PSGUSDT|11000|False|0,0 - 0,25|0,0 - 0,25|0,0 - 0,25|0,0 - 0,25|0,0 - 0,25|5
PSGUSDT|10011|True|0,0 - 0,25|0,0 - 0,25|0,0 - 0,25|0,0 - 0,25|0,0 - 0,25|8
PSGUSDT|11001|True|0,0 - 0,25|0,0 - 0,25|0,0 - 0,25|0,0 - 0,25|0,0 - 0,25|4
PSGUSDT|11100|False|0,0 - 0,25|0,0 - 0,25|0,0 - 0,25|0,0 - 0,25|0,0 - 0,25|8
PSGUSDT|00111|True|0,0 - 0,25|0,0 - 0,25|0,0 - 0,25|0,0 - 0,25|0,0 - 0,25|6
PSGUSDT|11001|False|0,5 - 1|0,0 - 0,25|0,0 - 0,25|0,0 - 0,25|0,0 - 0,25|1
PSGUSDT|01100|False|0,0 - 0,25|0,5 - 1|0,0 - 0,25|0,0 - 0,25|0,0 - 0,25|1
PSGUSDT|00110|False|0,0 - 0,25|0,0 - 0,25|0,5 - 1|0,0 - 0,25|0,0 - 0,25|1
PSGUSDT|00011|True|0,0 - 0,25|0,0 - 0,25|0,0 - 0,25|0,5 - 1|0,0 - 0,25|1
PSGUSDT|10001|True|0,5 - 1|0,0 - 0,25|0,0 - 0,25|0,0 - 0,25|0,5 - 1|1
PSGUSDT|11000|True|0,25 - 0,5|0,5 - 1|0,0 - 0,25|0,0 - 0,25|0,0 - 0,25|1
PSGUSDT|11100|False|0,25 - 0,5|0,25 - 0,5|0,5 - 1|0,0 - 0,25|0,0 - 0,25|1
PSGUSDT|01110|False|0,0 - 0,25|0,25 - 0,5|0,25 - 0,5|0,5 - 1|0,0 - 0,25|1
PSGUSDT|00111|True|0,0 - 0,25|0,0 - 0,25|0,25 - 0,5|0,25 - 0,5|0,5 - 1|1
PSGUSDT|10011|True|0,0 - 0,25|0,0 - 0,25|0,0 - 0,25|0,25 - 0,5|0,25 - 0,5|2
PSGUSDT|11001|True|0,0 - 0,25|0,0 - 0,25|0,0 - 0,25|0,0 - 0,25|0,25 - 0,5|3
PSGUSDT|00111|False|0,5 - 1|0,0 - 0,25|0,0 - 0,25|0,0 - 0,25|0,0 - 0,25|1
PSGUSDT|00011|False|0,0 - 0,25|0,5 - 1|0,0 - 0,25|0,0 - 0,25|0,0 - 0,25|1
PSGUSDT|00001|False|0,0 - 0,25|0,0 - 0,25|0,5 - 1|0,0 - 0,25|0,0 - 0,25|1
PSGUSDT|00000|False|0,0 - 0,25|0,0 - 0,25|0,0 - 0,25|0,5 - 1|0,0 - 0,25|1
PSGUSDT|00000|True|0,0 - 0,25|0,0 - 0,25|0,0 - 0,25|0,0 - 0,25|0,5 - 1|1
PSGUSDT|11010|True|0,0 - 0,25|0,25 - 0,5|0,0 - 0,25|0,0 - 0,25|0,0 - 0,25|1
PSGUSDT|11101|True|0,0 - 0,25|0,0 - 0,25|0,25 - 0,5|0,0 - 0,25|0,0 - 0,25|2
PSGUSDT|11110|False|0,0 - 0,25|0,0 - 0,25|0,0 - 0,25|0,25 - 0,5|0,0 - 0,25|2
PSGUSDT|01111|True|0,0 - 0,25|0,0 - 0,25|0,0 - 0,25|0,0 - 0,25|0,25 - 0,5|2
PSGUSDT|10111|False|0,0 - 0,25|0,0 - 0,25|0,0 - 0,25|0,0 - 0,25|0,0 - 0,25|12
PSGUSDT|01011|False|0,0 - 0,25|0,0 - 0,25|0,0 - 0,25|0,0 - 0,25|0,0 - 0,25|9
PSGUSDT|00101|False|0,0 - 0,25|0,0 - 0,25|0,0 - 0,25|0,0 - 0,25|0,0 - 0,25|17
PSGUSDT|00010|False|0,0 - 0,25|0,0 - 0,25|0,0 - 0,25|0,0 - 0,25|0,0 - 0,25|15
PSGUSDT|00001|False|0,0 - 0,25|0,0 - 0,25|0,0 - 0,25|0,0 - 0,25|0,0 - 0,25|16
PSGUSDT|10000|True|0,25 - 0,5|0,0 - 0,25|0,0 - 0,25|0,0 - 0,25|0,0 - 0,25|6
PSGUSDT|11000|False|0,0 - 0,25|0,25 - 0,5|0,0 - 0,25|0,0 - 0,25|0,0 - 0,25|3
PSGUSDT|01100|True|0,0 - 0,25|0,0 - 0,25|0,25 - 0,5|0,0 - 0,25|0,0 - 0,25|1
PSGUSDT|10110|True|0,0 - 0,25|0,0 - 0,25|0,0 - 0,25|0,25 - 0,5|0,0 - 0,25|1
PSGUSDT|11011|True|0,25 - 0,5|0,0 - 0,25|0,0 - 0,25|0,0 - 0,25|0,25 - 0,5|2
PSGUSDT|11101|False|0,25 - 0,5|0,25 - 0,5|0,0 - 0,25|0,0 - 0,25|0,0 - 0,25|3
PSGUSDT|01110|True|0,0 - 0,25|0,25 - 0,5|0,25 - 0,5|0,0 - 0,25|0,0 - 0,25|1
PSGUSDT|10111|True|0,0 - 0,25|0,0 - 0,25|0,25 - 0,5|0,25 - 0,5|0,0 - 0,25|1
PSGUSDT|11011|True|0,0 - 0,25|0,0 - 0,25|0,0 - 0,25|0,25 - 0,5|0,25 - 0,5|1
PSGUSDT|11101|True|0,0 - 0,25|0,0 - 0,25|0,0 - 0,25|0,0 - 0,25|0,25 - 0,5|1
PSGUSDT|11110|False|0,0 - 0,25|0,0 - 0,25|0,0 - 0,25|0,0 - 0,25|0,0 - 0,25|12
PSGUSDT|01111|False|0,0 - 0,25|0,0 - 0,25|0,0 - 0,25|0,0 - 0,25|0,0 - 0,25|11
PSGUSDT|00011|False|0,0 - 0,25|0,0 - 0,25|0,0 - 0,25|0,0 - 0,25|0,0 - 0,25|9
PSGUSDT|00001|True|0,0 - 0,25|0,0 - 0,25|0,0 - 0,25|0,0 - 0,25|0,0 - 0,25|10
PSGUSDT|01100|False|0,0 - 0,25|0,0 - 0,25|0,25 - 0,5|0,0 - 0,25|0,0 - 0,25|2
PSGUSDT|10011|False|0,0 - 0,25|0,0 - 0,25|0,0 - 0,25|0,0 - 0,25|0,25 - 0,5|1
PSGUSDT|00100|True|0,0 - 0,25|0,0 - 0,25|0,0 - 0,25|0,0 - 0,25|0,0 - 0,25|11
PSGUSDT|11100|True|0,0 - 0,25|0,0 - 0,25|0,0 - 0,25|0,0 - 0,25|0,0 - 0,25|10
PSGUSDT|00111|True|0,25 - 0,5|0,0 - 0,25|0,0 - 0,25|0,0 - 0,25|0,0 - 0,25|3
PSGUSDT|10011|False|0,0 - 0,25|0,25 - 0,5|0,0 - 0,25|0,0 - 0,25|0,0 - 0,25|3
PSGUSDT|01001|True|1 - 2|0,0 - 0,25|0,25 - 0,5|0,0 - 0,25|0,0 - 0,25|1
PSGUSDT|10100|True|0,25 - 0,5|1 - 2|0,0 - 0,25|0,25 - 0,5|0,0 - 0,25|1
PSGUSDT|11010|True|0,0 - 0,25|0,25 - 0,5|1 - 2|0,0 - 0,25|0,25 - 0,5|1
PSGUSDT|11101|False|0,0 - 0,25|0,0 - 0,25|0,25 - 0,5|1 - 2|0,0 - 0,25|1
PSGUSDT|01110|False|0,0 - 0,25|0,0 - 0,25|0,0 - 0,25|0,25 - 0,5|1 - 2|1
PSGUSDT|00111|False|0,0 - 0,25|0,0 - 0,25|0,0 - 0,25|0,0 - 0,25|0,25 - 0,5|2
PSGUSDT|00011|False|0 - -0,25|0,0 - 0,25|0,0 - 0,25|0,0 - 0,25|0,0 - 0,25|1
PSGUSDT|00000|False|0,25 - 0,5|0,0 - 0,25|0 - -0,25|0,0 - 0,25|0,0 - 0,25|1
PSGUSDT|00000|True|0,25 - 0,5|0,25 - 0,5|0,0 - 0,25|0 - -0,25|0,0 - 0,25|1
PSGUSDT|10000|False|0,0 - 0,25|0,25 - 0,5|0,25 - 0,5|0,0 - 0,25|0 - -0,25|1
PSGUSDT|01000|False|0,0 - 0,25|0,0 - 0,25|0,25 - 0,5|0,25 - 0,5|0,0 - 0,25|2
PSGUSDT|00100|False|0,0 - 0,25|0,0 - 0,25|0,0 - 0,25|0,25 - 0,5|0,25 - 0,5|1
PSGUSDT|00010|False|0,0 - 0,25|0,0 - 0,25|0,0 - 0,25|0,0 - 0,25|0,25 - 0,5|1
PSGUSDT|00000|False|0,0 - 0,25|0,0 - 0,25|0,0 - 0,25|0,0 - 0,25|0,0 - 0,25|13
PSGUSDT|10000|True|0,0 - 0,25|0,0 - 0,25|0,0 - 0,25|0,0 - 0,25|0,0 - 0,25|10
PSGUSDT|11000|True|0,0 - 0,25|0,0 - 0,25|0,0 - 0,25|0,0 - 0,25|0,0 - 0,25|12
PSGUSDT|01110|True|0,25 - 0,5|0,0 - 0,25|0,0 - 0,25|0,0 - 0,25|0,0 - 0,25|2
PSGUSDT|10111|True|0,25 - 0,5|0,25 - 0,5|0,0 - 0,25|0,0 - 0,25|0,0 - 0,25|1
PSGUSDT|11011|True|0,0 - 0,25|0,25 - 0,5|0,25 - 0,5|0,0 - 0,25|0,0 - 0,25|1
PSGUSDT|11101|False|0,0 - 0,25|0,0 - 0,25|0,25 - 0,5|0,25 - 0,5|0,0 - 0,25|1
PSGUSDT|01110|False|0,0 - 0,25|0,0 - 0,25|0,0 - 0,25|0,25 - 0,5|0,25 - 0,5|1
PSGUSDT|00111|False|0,25 - 0,5|0,0 - 0,25|0,0 - 0,25|0,0 - 0,25|0,25 - 0,5|2
PSGUSDT|00011|True|0,25 - 0,5|0,25 - 0,5|0,0 - 0,25|0,0 - 0,25|0,0 - 0,25|1
PSGUSDT|10001|True|0,25 - 0,5|0,25 - 0,5|0,25 - 0,5|0,0 - 0,25|0,0 - 0,25|1
PSGUSDT|11000|True|0,25 - 0,5|0,25 - 0,5|0,25 - 0,5|0,25 - 0,5|0,0 - 0,25|1
PSGUSDT|11100|False|0,25 - 0,5|0,25 - 0,5|0,25 - 0,5|0,25 - 0,5|0,25 - 0,5|1
PSGUSDT|01110|False|0,25 - 0,5|0,25 - 0,5|0,25 - 0,5|0,25 - 0,5|0,25 - 0,5|1
PSGUSDT|00111|False|0,0 - 0,25|0,25 - 0,5|0,25 - 0,5|0,25 - 0,5|0,25 - 0,5|1
PSGUSDT|00011|False|0,0 - 0,25|0,0 - 0,25|0,25 - 0,5|0,25 - 0,5|0,25 - 0,5|1
PSGUSDT|00001|True|0,0 - 0,25|0,0 - 0,25|0,0 - 0,25|0,25 - 0,5|0,25 - 0,5|1
PSGUSDT|10000|True|0,0 - 0,25|0,0 - 0,25|0,0 - 0,25|0,0 - 0,25|0,25 - 0,5|2
PSGUSDT|11000|True|0,5 - 1|0,0 - 0,25|0,0 - 0,25|0,0 - 0,25|0,0 - 0,25|1
PSGUSDT|11100|True|0,0 - 0,25|0,5 - 1|0,0 - 0,25|0,0 - 0,25|0,0 - 0,25|1
PSGUSDT|11110|True|0,0 - 0,25|0,0 - 0,25|0,5 - 1|0,0 - 0,25|0,0 - 0,25|1
PSGUSDT|11111|True|0,0 - 0,25|0,0 - 0,25|0,0 - 0,25|0,5 - 1|0,0 - 0,25|1
PSGUSDT|11111|False|0,0 - 0,25|0,0 - 0,25|0,0 - 0,25|0,0 - 0,25|0,5 - 1|1
PSGUSDT|10011|True|0,0 - 0,25|0,25 - 0,5|0,0 - 0,25|0,0 - 0,25|0,0 - 0,25|2
PSGUSDT|11001|False|0,0 - 0,25|0,0 - 0,25|0,25 - 0,5|0,0 - 0,25|0,0 - 0,25|1
PSGUSDT|01100|False|0,5 - 1|0,0 - 0,25|0,0 - 0,25|0,25 - 0,5|0,0 - 0,25|1
PSGUSDT|00110|True|0,0 - 0,25|0,5 - 1|0,0 - 0,25|0,0 - 0,25|0,25 - 0,5|1
PSGUSDT|10011|False|0,0 - 0,25|0,0 - 0,25|0,5 - 1|0,0 - 0,25|0,0 - 0,25|1
PSGUSDT|01001|False|0,0 - 0,25|0,0 - 0,25|0,0 - 0,25|0,5 - 1|0,0 - 0,25|1
PSGUSDT|00100|True|0,25 - 0,5|0,0 - 0,25|0,0 - 0,25|0,0 - 0,25|0,5 - 1|1
PSGUSDT|10010|True|0,0 - 0,25|0,25 - 0,5|0,0 - 0,25|0,0 - 0,25|0,0 - 0,25|2
PSGUSDT|11001|True|0,0 - 0,25|0,0 - 0,25|0,25 - 0,5|0,0 - 0,25|0,0 - 0,25|2
PSGUSDT|11100|True|0,0 - 0,25|0,0 - 0,25|0,0 - 0,25|0,25 - 0,5|0,0 - 0,25|2
PSGUSDT|11110|False|0,0 - 0,25|0,0 - 0,25|0,0 - 0,25|0,0 - 0,25|0,25 - 0,5|2
PSGUSDT|01111|True|0,5 - 1|0,0 - 0,25|0,0 - 0,25|0,0 - 0,25|0,0 - 0,25|1
PSGUSDT|10111|False|0,0 - 0,25|0,5 - 1|0,0 - 0,25|0,0 - 0,25|0,0 - 0,25|1
PSGUSDT|01011|True|0,0 - 0,25|0,0 - 0,25|0,5 - 1|0,0 - 0,25|0,0 - 0,25|1
PSGUSDT|10101|False|0,5 - 1|0,0 - 0,25|0,0 - 0,25|0,5 - 1|0,0 - 0,25|1
PSGUSDT|01010|False|0,0 - 0,25|0,5 - 1|0,0 - 0,25|0,0 - 0,25|0,5 - 1|1
PSGUSDT|00101|False|0 - -0,25|0,0 - 0,25|0,5 - 1|0,0 - 0,25|0,0 - 0,25|1
PSGUSDT|00010|False|0,0 - 0,25|0 - -0,25|0,0 - 0,25|0,5 - 1|0,0 - 0,25|1
PSGUSDT|00001|False|0 - -0,25|0,0 - 0,25|0 - -0,25|0,0 - 0,25|0,5 - 1|1
PSGUSDT|00000|False|0,0 - 0,25|0 - -0,25|0,0 - 0,25|0 - -0,25|0,0 - 0,25|1
PSGUSDT|00000|False|0,0 - 0,25|0,0 - 0,25|0 - -0,25|0,0 - 0,25|0 - -0,25|1
PSGUSDT|00000|True|0,0 - 0,25|0,0 - 0,25|0,0 - 0,25|0 - -0,25|0,0 - 0,25|2
PSGUSDT|10000|False|0,0 - 0,25|0,0 - 0,25|0,0 - 0,25|0,0 - 0,25|0 - -0,25|2
PSGUSDT|10010|False|0,0 - 0,25|0,0 - 0,25|0,0 - 0,25|0,0 - 0,25|0,0 - 0,25|12
PSGUSDT|10001|False|0,25 - 0,5|0,0 - 0,25|0,0 - 0,25|0,0 - 0,25|0,0 - 0,25|1
PSGUSDT|01000|True|0,0 - 0,25|0,25 - 0,5|0,0 - 0,25|0,0 - 0,25|0,0 - 0,25|2
PSGUSDT|10100|False|0,0 - 0,25|0,0 - 0,25|0,25 - 0,5|0,0 - 0,25|0,0 - 0,25|2
PSGUSDT|01010|True|0,0 - 0,25|0,0 - 0,25|0,0 - 0,25|0,25 - 0,5|0,0 - 0,25|2
PSGUSDT|10101|True|0,0 - 0,25|0,0 - 0,25|0,0 - 0,25|0,0 - 0,25|0,25 - 0,5|2
PSGUSDT|11010|False|0,0 - 0,25|0,0 - 0,25|0,0 - 0,25|0,0 - 0,25|0,0 - 0,25|9
PSGUSDT|01101|False|0,0 - 0,25|0,0 - 0,25|0,0 - 0,25|0,0 - 0,25|0,0 - 0,25|5
PSGUSDT|00110|True|0,25 - 0,5|0,0 - 0,25|0,0 - 0,25|0,0 - 0,25|0,0 - 0,25|1
PSGUSDT|11001|False|0,5 - 1|0,0 - 0,25|0,25 - 0,5|0,0 - 0,25|0,0 - 0,25|1
PSGUSDT|01100|True|0,0 - 0,25|0,5 - 1|0,0 - 0,25|0,25 - 0,5|0,0 - 0,25|1
PSGUSDT|10110|False|0,0 - 0,25|0,0 - 0,25|0,5 - 1|0,0 - 0,25|0,25 - 0,5|1
PSGUSDT|01011|True|0,0 - 0,25|0,0 - 0,25|0,0 - 0,25|0,5 - 1|0,0 - 0,25|1
PSGUSDT|10101|False|0,0 - 0,25|0,0 - 0,25|0,0 - 0,25|0,0 - 0,25|0,5 - 1|1
PSGUSDT|11100|False|0,25 - 0,5|0,0 - 0,25|0,0 - 0,25|0,0 - 0,25|0,0 - 0,25|2
PSGUSDT|01110|False|0,0 - 0,25|0,25 - 0,5|0,0 - 0,25|0,0 - 0,25|0,0 - 0,25|2
PSGUSDT|00111|False|0,0 - 0,25|0,0 - 0,25|0,25 - 0,5|0,0 - 0,25|0,0 - 0,25|2
PSGUSDT|00011|True|0,0 - 0,25|0,0 - 0,25|0,0 - 0,25|0,25 - 0,5|0,0 - 0,25|1
PSGUSDT|10001|False|0,25 - 0,5|0,0 - 0,25|0,0 - 0,25|0,0 - 0,25|0,25 - 0,5|1
PSGUSDT|01010|False|0,0 - 0,25|0,0 - 0,25|0,0 - 0,25|0,25 - 0,5|0,0 - 0,25|1
PSGUSDT|00101|False|0,0 - 0,25|0,0 - 0,25|0,0 - 0,25|0,0 - 0,25|0,25 - 0,5|2
PSGUSDT|11110|True|0,0 - 0,25|0,0 - 0,25|0,0 - 0,25|0,0 - 0,25|0,0 - 0,25|4
PSGUSDT|11111|False|0,0 - 0,25|0,0 - 0,25|0,0 - 0,25|0,0 - 0,25|0,0 - 0,25|5
PSGUSDT|01100|True|0,0 - 0,25|0,0 - 0,25|0,0 - 0,25|0,0 - 0,25|0,0 - 0,25|8
PSGUSDT|10110|False|0,0 - 0,25|0,0 - 0,25|0,0 - 0,25|0,0 - 0,25|0,0 - 0,25|9
PSGUSDT|01011|False|0 - -0,25|0,0 - 0,25|0,0 - 0,25|0,0 - 0,25|0,0 - 0,25|2
PSGUSDT|00101|True|0,0 - 0,25|0 - -0,25|0,0 - 0,25|0,0 - 0,25|0,0 - 0,25|1
PSGUSDT|10010|False|0,0 - 0,25|0,0 - 0,25|0 - -0,25|0,0 - 0,25|0,0 - 0,25|1
PSGUSDT|01001|True|0,0 - 0,25|0,0 - 0,25|0,0 - 0,25|0 - -0,25|0,0 - 0,25|1
PSGUSDT|10100|True|0,0 - 0,25|0,0 - 0,25|0,0 - 0,25|0,0 - 0,25|0 - -0,25|2
PSGUSDT|11010|False|0,25 - 0,5|0,0 - 0,25|0,0 - 0,25|0,0 - 0,25|0,0 - 0,25|6
PSGUSDT|01101|True|0,0 - 0,25|0,25 - 0,5|0,0 - 0,25|0,0 - 0,25|0,0 - 0,25|2
PSGUSDT|10110|False|0,0 - 0,25|0,0 - 0,25|0,25 - 0,5|0,0 - 0,25|0,0 - 0,25|2
PSGUSDT|01011|False|0,0 - 0,25|0,0 - 0,25|0,0 - 0,25|0,25 - 0,5|0,0 - 0,25|2
PSGUSDT|01011|True|0,0 - 0,25|0,0 - 0,25|0,0 - 0,25|0,0 - 0,25|0,0 - 0,25|9
PSGUSDT|10101|False|0,0 - 0,25|0,0 - 0,25|0,0 - 0,25|0,0 - 0,25|0,0 - 0,25|13
PSGUSDT|01110|True|0,0 - 0,25|0,0 - 0,25|0,0 - 0,25|0,0 - 0,25|0,0 - 0,25|5
PSGUSDT|01001|False|0 - -0,25|0,0 - 0,25|0,0 - 0,25|0,0 - 0,25|0,0 - 0,25|1
PSGUSDT|00100|False|0,0 - 0,25|0 - -0,25|0,0 - 0,25|0,0 - 0,25|0,0 - 0,25|1
PSGUSDT|00010|False|0,0 - 0,25|0,0 - 0,25|0 - -0,25|0,0 - 0,25|0,0 - 0,25|2
PSGUSDT|00001|True|0,0 - 0,25|0,0 - 0,25|0,0 - 0,25|0 - -0,25|0,0 - 0,25|1
PSGUSDT|10000|True|0,25 - 0,5|0,0 - 0,25|0,0 - 0,25|0,0 - 0,25|0 - -0,25|1
PSGUSDT|11000|True|0,25 - 0,5|0,25 - 0,5|0,0 - 0,25|0,0 - 0,25|0,0 - 0,25|1
PSGUSDT|11100|True|0,0 - 0,25|0,25 - 0,5|0,25 - 0,5|0,0 - 0,25|0,0 - 0,25|1
PSGUSDT|11110|False|0,0 - 0,25|0,0 - 0,25|0,25 - 0,5|0,25 - 0,5|0,0 - 0,25|1
PSGUSDT|01111|True|0,0 - 0,25|0,0 - 0,25|0,0 - 0,25|0,25 - 0,5|0,25 - 0,5|1
PSGUSDT|10111|True|0,25 - 0,5|0,0 - 0,25|0,0 - 0,25|0,0 - 0,25|0,25 - 0,5|1
PSGUSDT|11011|True|0,0 - 0,25|0,25 - 0,5|0,0 - 0,25|0,0 - 0,25|0,0 - 0,25|1
PSGUSDT|11110|True|0,0 - 0,25|0,0 - 0,25|0,0 - 0,25|0,25 - 0,5|0,0 - 0,25|3
PSGUSDT|11111|False|0,0 - 0,25|0,0 - 0,25|0,0 - 0,25|0,0 - 0,25|0,25 - 0,5|2
PSGUSDT|01111|True|0,0 - 0,25|0,0 - 0,25|0,0 - 0,25|0,0 - 0,25|0,0 - 0,25|9
PSGUSDT|10111|True|0,0 - 0,25|0,0 - 0,25|0,0 - 0,25|0,0 - 0,25|0,0 - 0,25|6
PSGUSDT|11011|True|0,25 - 0,5|0,0 - 0,25|0,0 - 0,25|0,0 - 0,25|0,0 - 0,25|1
PSGUSDT|11101|False|0,0 - 0,25|0,25 - 0,5|0,0 - 0,25|0,0 - 0,25|0,0 - 0,25|2
PSGUSDT|01110|True|0,0 - 0,25|0,0 - 0,25|0,25 - 0,5|0,0 - 0,25|0,0 - 0,25|2
PSGUSDT|10111|True|0,0 - 0,25|0,0 - 0,25|0,0 - 0,25|0,25 - 0,5|0,0 - 0,25|1
PSGUSDT|11011|False|0,0 - 0,25|0,0 - 0,25|0,0 - 0,25|0,0 - 0,25|0,25 - 0,5|1
PSGUSDT|01010|True|0,0 - 0,25|0,0 - 0,25|0,0 - 0,25|0,0 - 0,25|0,0 - 0,25|9
PSGUSDT|00000|True|0 - -0,25|0,0 - 0,25|0,0 - 0,25|0,0 - 0,25|0,0 - 0,25|3
PSGUSDT|10000|False|0,0 - 0,25|0 - -0,25|0,0 - 0,25|0,0 - 0,25|0,0 - 0,25|2
PSGUSDT|01000|False|0,25 - 0,5|0,0 - 0,25|0 - -0,25|0,0 - 0,25|0,0 - 0,25|1
PSGUSDT|00100|True|0,0 - 0,25|0,25 - 0,5|0,0 - 0,25|0 - -0,25|0,0 - 0,25|1
PSGUSDT|10010|False|0,0 - 0,25|0,0 - 0,25|0,25 - 0,5|0,0 - 0,25|0 - -0,25|1
PSGUSDT|01001|False|0,0 - 0,25|0,0 - 0,25|0,0 - 0,25|0,25 - 0,5|0,0 - 0,25|2
PSGUSDT|00100|False|0,0 - 0,25|0,0 - 0,25|0,0 - 0,25|0,0 - 0,25|0,25 - 0,5|2
PSGUSDT|00000|True|0,25 - 0,5|0,0 - 0,25|0,0 - 0,25|0,0 - 0,25|0,0 - 0,25|1
PSGUSDT|10000|False|0,0 - 0,25|0,25 - 0,5|0,0 - 0,25|0,0 - 0,25|0,0 - 0,25|1
PSGUSDT|01000|True|0,0 - 0,25|0,0 - 0,25|0,25 - 0,5|0,0 - 0,25|0,0 - 0,25|2
PSGUSDT|10100|True|0,0 - 0,25|0,0 - 0,25|0,0 - 0,25|0,25 - 0,5|0,0 - 0,25|1
PSGUSDT|11010|True|0,0 - 0,25|0,0 - 0,25|0,0 - 0,25|0,0 - 0,25|0,25 - 0,5|1
PSGUSDT|11101|True|0,0 - 0,25|0,0 - 0,25|0,0 - 0,25|0,0 - 0,25|0,0 - 0,25|6
PSGUSDT|01111|False|0,25 - 0,5|0,0 - 0,25|0,0 - 0,25|0,0 - 0,25|0,0 - 0,25|1
PSGUSDT|00111|True|0,0 - 0,25|0,25 - 0,5|0,0 - 0,25|0,0 - 0,25|0,0 - 0,25|2
PSGUSDT|10011|False|0,25 - 0,5|0,0 - 0,25|0,25 - 0,5|0,0 - 0,25|0,0 - 0,25|1
PSGUSDT|01001|True|0,0 - 0,25|0,25 - 0,5|0,0 - 0,25|0,25 - 0,5|0,0 - 0,25|1
PSGUSDT|10100|False|0,0 - 0,25|0,0 - 0,25|0,25 - 0,5|0,0 - 0,25|0,25 - 0,5|1
PSGUSDT|01010|False|0 - -0,25|0,0 - 0,25|0,0 - 0,25|0,25 - 0,5|0,0 - 0,25|1
PSGUSDT|00101|False|0,0 - 0,25|0 - -0,25|0,0 - 0,25|0,0 - 0,25|0,25 - 0,5|1
PSGUSDT|00001|False|0,0 - 0,25|0,0 - 0,25|0,0 - 0,25|0 - -0,25|0,0 - 0,25|1
PSGUSDT|00000|False|0,0 - 0,25|0,0 - 0,25|0,0 - 0,25|0,0 - 0,25|0 - -0,25|1
PSGUSDT|00000|False|0 - -0,25|0,0 - 0,25|0,0 - 0,25|0,0 - 0,25|0,0 - 0,25|2
PSGUSDT|00000|False|0,0 - 0,25|0 - -0,25|0,0 - 0,25|0,0 - 0,25|0,0 - 0,25|2
PSGUSDT|00000|True|0,0 - 0,25|0,0 - 0,25|0 - -0,25|0,0 - 0,25|0,0 - 0,25|2
PSGUSDT|10000|False|0,0 - 0,25|0,0 - 0,25|0,0 - 0,25|0 - -0,25|0,0 - 0,25|2
PSGUSDT|01000|False|0,0 - 0,25|0,0 - 0,25|0,0 - 0,25|0,0 - 0,25|0 - -0,25|3
PSGUSDT|10010|False|0,25 - 0,5|0,0 - 0,25|0,0 - 0,25|0,0 - 0,25|0,0 - 0,25|2
PSGUSDT|01001|True|0 - -0,25|0,25 - 0,5|0,0 - 0,25|0,0 - 0,25|0,0 - 0,25|1
PSGUSDT|10100|False|0,0 - 0,25|0 - -0,25|0,25 - 0,5|0,0 - 0,25|0,0 - 0,25|1
PSGUSDT|01010|False|0,0 - 0,25|0,0 - 0,25|0 - -0,25|0,25 - 0,5|0,0 - 0,25|1
PSGUSDT|00101|False|0,0 - 0,25|0,0 - 0,25|0,0 - 0,25|0 - -0,25|0,25 - 0,5|1
PSGUSDT|00010|False|0,0 - 0,25|0,0 - 0,25|0,0 - 0,25|0,0 - 0,25|0 - -0,25|2
PSGUSDT|10100|True|0,0 - 0,25|0,0 - 0,25|0,0 - 0,25|0,0 - 0,25|0,0 - 0,25|5
PSGUSDT|01101|True|0,0 - 0,25|0,0 - 0,25|0,0 - 0,25|0,0 - 0,25|0,0 - 0,25|10
PSGUSDT|10110|True|0,0 - 0,25|0,0 - 0,25|0,0 - 0,25|0,0 - 0,25|0,0 - 0,25|9
PSGUSDT|11001|True|0,25 - 0,5|0,0 - 0,25|0,0 - 0,25|0,0 - 0,25|0,0 - 0,25|2
PSGUSDT|11100|False|0,0 - 0,25|0,25 - 0,5|0,0 - 0,25|0,0 - 0,25|0,0 - 0,25|2
PSGUSDT|10111|False|0,0 - 0,25|0,0 - 0,25|0,0 - 0,25|0,25 - 0,5|0,0 - 0,25|1
PSGUSDT|01011|True|0,0 - 0,25|0,0 - 0,25|0,0 - 0,25|0,0 - 0,25|0,25 - 0,5|1
PSGUSDT|10101|True|0,0 - 0,25|0,0 - 0,25|0,0 - 0,25|0,0 - 0,25|0,0 - 0,25|7
PSGUSDT|11011|False|0,0 - 0,25|0,0 - 0,25|0,0 - 0,25|0,0 - 0,25|0,0 - 0,25|6
PSGUSDT|01101|False|0 - -0,25|0,0 - 0,25|0,0 - 0,25|0,0 - 0,25|0,0 - 0,25|1
PSGUSDT|00110|False|0,0 - 0,25|0 - -0,25|0,0 - 0,25|0,0 - 0,25|0,0 - 0,25|2
PSGUSDT|00011|True|0,0 - 0,25|0,0 - 0,25|0 - -0,25|0,0 - 0,25|0,0 - 0,25|1
PSGUSDT|10001|True|0,0 - 0,25|0,0 - 0,25|0,0 - 0,25|0 - -0,25|0,0 - 0,25|1
PSGUSDT|11000|True|0,0 - 0,25|0,0 - 0,25|0,0 - 0,25|0,0 - 0,25|0 - -0,25|1
PSGUSDT|10001|True|0,5 - 1|0,0 - 0,25|0,0 - 0,25|0,0 - 0,25|0,0 - 0,25|1
PSGUSDT|11000|False|0,25 - 0,5|0,5 - 1|0,0 - 0,25|0,0 - 0,25|0,0 - 0,25|1
PSGUSDT|01100|True|0,25 - 0,5|0,25 - 0,5|0,5 - 1|0,0 - 0,25|0,0 - 0,25|1
PSGUSDT|10110|False|0,0 - 0,25|0,25 - 0,5|0,25 - 0,5|0,5 - 1|0,0 - 0,25|1
PSGUSDT|01011|True|0,0 - 0,25|0,0 - 0,25|0,25 - 0,5|0,25 - 0,5|0,5 - 1|1
PSGUSDT|10101|False|0,25 - 0,5|0,0 - 0,25|0,0 - 0,25|0,25 - 0,5|0,25 - 0,5|1
PSGUSDT|01010|False|0,0 - 0,25|0,25 - 0,5|0,0 - 0,25|0,0 - 0,25|0,25 - 0,5|1
PSGUSDT|11000|True|0,25 - 0,5|0,0 - 0,25|0,0 - 0,25|0,0 - 0,25|0,0 - 0,25|2
PSGUSDT|11100|False|0,25 - 0,5|0,25 - 0,5|0,0 - 0,25|0,0 - 0,25|0,0 - 0,25|1
PSGUSDT|01110|False|0,0 - 0,25|0,25 - 0,5|0,25 - 0,5|0,0 - 0,25|0,0 - 0,25|1
PSGUSDT|00111|False|0,0 - 0,25|0,0 - 0,25|0,25 - 0,5|0,25 - 0,5|0,0 - 0,25|1
PSGUSDT|00011|False|0,0 - 0,25|0,0 - 0,25|0,0 - 0,25|0,25 - 0,5|0,25 - 0,5|1
PSGUSDT|00001|True|0,0 - 0,25|0,0 - 0,25|0,0 - 0,25|0,0 - 0,25|0,25 - 0,5|1
PSGUSDT|01000|False|0,25 - 0,5|0,0 - 0,25|0,0 - 0,25|0,0 - 0,25|0,0 - 0,25|1
PSGUSDT|00100|True|0,0 - 0,25|0,25 - 0,5|0,0 - 0,25|0,0 - 0,25|0,0 - 0,25|1
PSGUSDT|10010|False|0,0 - 0,25|0,0 - 0,25|0,25 - 0,5|0,0 - 0,25|0,0 - 0,25|1
PSGUSDT|00100|True|0,0 - 0,25|0,0 - 0,25|0,0 - 0,25|0,0 - 0,25|0,25 - 0,5|1
PSGUSDT|00111|False|0,25 - 0,5|0,0 - 0,25|0,0 - 0,25|0,0 - 0,25|0,0 - 0,25|1
PSGUSDT|00011|False|0,0 - 0,25|0,25 - 0,5|0,0 - 0,25|0,0 - 0,25|0,0 - 0,25|2
PSGUSDT|00001|False|0,0 - 0,25|0,0 - 0,25|0,25 - 0,5|0,0 - 0,25|0,0 - 0,25|1
PSGUSDT|00000|True|0,0 - 0,25|0,0 - 0,25|0,0 - 0,25|0,25 - 0,5|0,0 - 0,25|1
PSGUSDT|00001|True|0 - -0,25|0,0 - 0,25|0,0 - 0,25|0,0 - 0,25|0,0 - 0,25|1
PSGUSDT|10000|True|0,0 - 0,25|0 - -0,25|0,0 - 0,25|0,0 - 0,25|0,0 - 0,25|3
PSGUSDT|01100|True|0,0 - 0,25|0,0 - 0,25|0,0 - 0,25|0 - -0,25|0,0 - 0,25|2
PSGUSDT|01000|True|0,25 - 0,5|0,0 - 0,25|0,0 - 0,25|0,0 - 0,25|0,0 - 0,25|1
PSGUSDT|10100|False|0,0 - 0,25|0,25 - 0,5|0,0 - 0,25|0,0 - 0,25|0,0 - 0,25|1
PSGUSDT|01010|False|0,0 - 0,25|0,0 - 0,25|0,25 - 0,5|0,0 - 0,25|0,0 - 0,25|3
PSGUSDT|00101|True|0,0 - 0,25|0,0 - 0,25|0,0 - 0,25|0,25 - 0,5|0,0 - 0,25|1
PSGUSDT|10010|False|0,0 - 0,25|0,0 - 0,25|0,0 - 0,25|0,0 - 0,25|0,25 - 0,5|2
PSGUSDT|01001|True|0,0 - 0,25|0,0 - 0,25|0,0 - 0,25|0,0 - 0,25|0,0 - 0,25|8
PSGUSDT|01100|False|0,0 - 0,25|0,0 - 0,25|0,0 - 0,25|0 - -0,25|0,0 - 0,25|3
PSGUSDT|00110|True|0,0 - 0,25|0,0 - 0,25|0,0 - 0,25|0,0 - 0,25|0 - -0,25|2
PSGUSDT|01011|True|0 - -0,25|0,0 - 0,25|0,0 - 0,25|0,0 - 0,25|0,0 - 0,25|2
PSGUSDT|10101|False|0,0 - 0,25|0 - -0,25|0,0 - 0,25|0,0 - 0,25|0,0 - 0,25|2
PSGUSDT|01010|True|0,0 - 0,25|0,0 - 0,25|0 - -0,25|0,0 - 0,25|0,0 - 0,25|1
PSGUSDT|10101|True|0,0 - 0,25|0,0 - 0,25|0,0 - 0,25|0 - -0,25|0,0 - 0,25|1
PSGUSDT|11010|False|0,0 - 0,25|0,0 - 0,25|0,0 - 0,25|0,0 - 0,25|0 - -0,25|1
PSGUSDT|10110|False|0,25 - 0,5|0,0 - 0,25|0,0 - 0,25|0,0 - 0,25|0,0 - 0,25|1
PSGUSDT|01011|False|0,0 - 0,25|0,25 - 0,5|0,0 - 0,25|0,0 - 0,25|0,0 - 0,25|2
PSGUSDT|01010|False|0,0 - 0,25|0,0 - 0,25|0 - -0,25|0,0 - 0,25|0,0 - 0,25|1
PSGUSDT|00101|False|0,0 - 0,25|0,0 - 0,25|0,0 - 0,25|0 - -0,25|0,0 - 0,25|1
PSGUSDT|00010|True|0,0 - 0,25|0,0 - 0,25|0,0 - 0,25|0,0 - 0,25|0 - -0,25|2
PSGUSDT|00010|False|0,25 - 0,5|0,0 - 0,25|0,0 - 0,25|0,0 - 0,25|0,0 - 0,25|2
PSGUSDT|00001|False|0,0 - 0,25|0,25 - 0,5|0,0 - 0,25|0,0 - 0,25|0,0 - 0,25|2
PSGUSDT|00000|True|0,0 - 0,25|0,0 - 0,25|0,25 - 0,5|0,0 - 0,25|0,0 - 0,25|2
PSGUSDT|10000|True|0,0 - 0,25|0,0 - 0,25|0,0 - 0,25|0,25 - 0,5|0,0 - 0,25|1
PSGUSDT|11000|False|0,0 - 0,25|0,0 - 0,25|0,0 - 0,25|0,0 - 0,25|0,25 - 0,5|1
PSGUSDT|10001|True|0,0 - 0,25|0 - -0,25|0,0 - 0,25|0,0 - 0,25|0,0 - 0,25|1
PSGUSDT|11000|True|0,0 - 0,25|0,0 - 0,25|0 - -0,25|0,0 - 0,25|0,0 - 0,25|1
PSGUSDT|11100|False|0,0 - 0,25|0,0 - 0,25|0,0 - 0,25|0 - -0,25|0,0 - 0,25|2
PSGUSDT|01110|True|0,0 - 0,25|0,0 - 0,25|0,0 - 0,25|0,0 - 0,25|0 - -0,25|2
PSGUSDT|10111|False|0,0 - 0,25|0,25 - 0,5|0,0 - 0,25|0,0 - 0,25|0,0 - 0,25|1
PSGUSDT|01011|True|0,0 - 0,25|0,0 - 0,25|0,25 - 0,5|0,0 - 0,25|0,0 - 0,25|1
PSGUSDT|10101|False|0,0 - 0,25|0,0 - 0,25|0,0 - 0,25|0,25 - 0,5|0,0 - 0,25|1
PSGUSDT|01010|True|0,0 - 0,25|0,0 - 0,25|0,0 - 0,25|0,0 - 0,25|0,25 - 0,5|2
PSGUSDT|11010|True|0,0 - 0,25|0,0 - 0,25|0,0 - 0,25|0,0 - 0,25|0,0 - 0,25|1
PSGUSDT|11111|True|0,0 - 0,25|0,0 - 0,25|0,0 - 0,25|0,0 - 0,25|0,0 - 0,25|2
PSGUSDT|01101|False|0,0 - 0,25|0,25 - 0,5|0,0 - 0,25|0,0 - 0,25|0,0 - 0,25|3
PSGUSDT|00110|True|0,0 - 0,25|0,0 - 0,25|0,25 - 0,5|0,0 - 0,25|0,0 - 0,25|2
PSGUSDT|10011|True|0,0 - 0,25|0,0 - 0,25|0,0 - 0,25|0,25 - 0,5|0,0 - 0,25|2
PSGUSDT|00000|False|0,25 - 0,5|0,0 - 0,25|0,0 - 0,25|0,0 - 0,25|0,0 - 0,25|1
PSGUSDT|00000|False|0,0 - 0,25|0,25 - 0,5|0,0 - 0,25|0,0 - 0,25|0,0 - 0,25|1
PSGUSDT|00000|True|0,25 - 0,5|0,0 - 0,25|0,25 - 0,5|0,0 - 0,25|0,0 - 0,25|1
PSGUSDT|10000|True|0,25 - 0,5|0,25 - 0,5|0,0 - 0,25|0,25 - 0,5|0,0 - 0,25|1
PSGUSDT|11000|True|0,0 - 0,25|0,25 - 0,5|0,25 - 0,5|0,0 - 0,25|0,25 - 0,5|1
PSGUSDT|11100|True|0,25 - 0,5|0,0 - 0,25|0,25 - 0,5|0,25 - 0,5|0,0 - 0,25|1
PSGUSDT|11110|True|0,25 - 0,5|0,25 - 0,5|0,0 - 0,25|0,25 - 0,5|0,25 - 0,5|1
PSGUSDT|11111|True|0,0 - 0,25|0,25 - 0,5|0,25 - 0,5|0,0 - 0,25|0,25 - 0,5|1
PSGUSDT|11111|False|0,0 - 0,25|0,0 - 0,25|0,25 - 0,5|0,25 - 0,5|0,0 - 0,25|1
PSGUSDT|01111|False|0,0 - 0,25|0,0 - 0,25|0,0 - 0,25|0,25 - 0,5|0,25 - 0,5|1
PSGUSDT|00111|True|0,25 - 0,5|0,0 - 0,25|0,0 - 0,25|0,0 - 0,25|0,25 - 0,5|1
PSGUSDT|10100|False|0,25 - 0,5|0,0 - 0,25|0,0 - 0,25|0,25 - 0,5|0,0 - 0,25|1
PSGUSDT|01010|True|0,25 - 0,5|0,25 - 0,5|0,0 - 0,25|0,0 - 0,25|0,25 - 0,5|1
PSGUSDT|10101|True|0,0 - 0,25|0,25 - 0,5|0,25 - 0,5|0,0 - 0,25|0,0 - 0,25|1
PSGUSDT|11010|False|0,0 - 0,25|0,0 - 0,25|0,25 - 0,5|0,25 - 0,5|0,0 - 0,25|2
PSGUSDT|01101|False|0,0 - 0,25|0,0 - 0,25|0,0 - 0,25|0,25 - 0,5|0,25 - 0,5|1
PSGUSDT|00110|False|0,0 - 0,25|0,0 - 0,25|0,0 - 0,25|0,0 - 0,25|0,25 - 0,5|1
PSGUSDT|00100|True|0 - -0,25|0,0 - 0,25|0,0 - 0,25|0,0 - 0,25|0,0 - 0,25|3
PSGUSDT|10010|True|0,0 - 0,25|0 - -0,25|0,0 - 0,25|0,0 - 0,25|0,0 - 0,25|3
PSGUSDT|11001|False|0,0 - 0,25|0,0 - 0,25|0 - -0,25|0,0 - 0,25|0,0 - 0,25|2
PSGUSDT|10110|False|0,0 - 0,25|0,0 - 0,25|0,0 - 0,25|0,0 - 0,25|0 - -0,25|1
PSGUSDT|00101|False|0 - -0,25|0 - -0,25|0,0 - 0,25|0,0 - 0,25|0,0 - 0,25|1
PSGUSDT|00010|False|0,0 - 0,25|0 - -0,25|0 - -0,25|0,0 - 0,25|0,0 - 0,25|1
PSGUSDT|00001|True|0,0 - 0,25|0,0 - 0,25|0 - -0,25|0 - -0,25|0,0 - 0,25|2
PSGUSDT|10000|False|0,0 - 0,25|0,0 - 0,25|0,0 - 0,25|0 - -0,25|0 - -0,25|2
PSGUSDT|01000|True|0 - -0,25|0,0 - 0,25|0,0 - 0,25|0,0 - 0,25|0,0 - 0,25|1
PSGUSDT|10100|False|0,5 - 1|0 - -0,25|0,0 - 0,25|0,0 - 0,25|0,0 - 0,25|1
PSGUSDT|01010|True|0,0 - 0,25|0,5 - 1|0 - -0,25|0,0 - 0,25|0,0 - 0,25|1
PSGUSDT|10101|True|0,0 - 0,25|0,0 - 0,25|0,5 - 1|0 - -0,25|0,0 - 0,25|1
PSGUSDT|11010|True|0,0 - 0,25|0,0 - 0,25|0,0 - 0,25|0,5 - 1|0 - -0,25|1
PSGUSDT|11101|False|0,0 - 0,25|0,0 - 0,25|0,0 - 0,25|0,0 - 0,25|0,5 - 1|1
PSGUSDT|10111|False|0,25 - 0,5|0,0 - 0,25|0,0 - 0,25|0,0 - 0,25|0,0 - 0,25|1
PSGUSDT|00101|False|0,25 - 0,5|0,0 - 0,25|0,25 - 0,5|0,0 - 0,25|0,0 - 0,25|1
PSGUSDT|00010|True|0,25 - 0,5|0,25 - 0,5|0,0 - 0,25|0,25 - 0,5|0,0 - 0,25|1
PSGUSDT|10001|False|0,0 - 0,25|0,25 - 0,5|0,25 - 0,5|0,0 - 0,25|0,25 - 0,5|1
PSGUSDT|01000|True|0,0 - 0,25|0,0 - 0,25|0,25 - 0,5|0,25 - 0,5|0,0 - 0,25|1
PSGUSDT|10100|False|0,0 - 0,25|0,0 - 0,25|0,0 - 0,25|0,25 - 0,5|0,25 - 0,5|1
PSGUSDT|01010|False|0,0 - 0,25|0,0 - 0,25|0,0 - 0,25|0,0 - 0,25|0,25 - 0,5|2
PSGUSDT|01110|False|0,25 - 0,5|0,0 - 0,25|0,25 - 0,5|0,0 - 0,25|0,0 - 0,25|1
PSGUSDT|00111|True|0,25 - 0,5|0,25 - 0,5|0,0 - 0,25|0,25 - 0,5|0,0 - 0,25|1
PSGUSDT|10011|False|0,0 - 0,25|0,25 - 0,5|0,25 - 0,5|0,0 - 0,25|0,25 - 0,5|1
PSGUSDT|01001|True|0,0 - 0,25|0,0 - 0,25|0,25 - 0,5|0,25 - 0,5|0,0 - 0,25|1
PSGUSDT|10100|True|0,0 - 0,25|0,0 - 0,25|0,0 - 0,25|0,25 - 0,5|0,25 - 0,5|1
PSGUSDT|11010|False|0,25 - 0,5|0,0 - 0,25|0,0 - 0,25|0,0 - 0,25|0,25 - 0,5|1
PSGUSDT|10011|False|0,0 - 0,25|0,0 - 0,25|0,0 - 0,25|0,25 - 0,5|0,0 - 0,25|2
PSGUSDT|01001|True|0,0 - 0,25|0,0 - 0,25|0,0 - 0,25|0,0 - 0,25|0,25 - 0,5|1
PSGUSDT|00101|True|0 - -0,25|0,0 - 0,25|0,0 - 0,25|0,0 - 0,25|0,0 - 0,25|1
PSGUSDT|11001|True|0,0 - 0,25|0,0 - 0,25|0 - -0,25|0,0 - 0,25|0,0 - 0,25|1
PSGUSDT|01101|False|0,25 - 0,5|0,0 - 0,25|0,0 - 0,25|0,0 - 0,25|0,0 - 0,25|1
PSGUSDT|00110|True|0,0 - 0,25|0,25 - 0,5|0,0 - 0,25|0,0 - 0,25|0,0 - 0,25|2
PSGUSDT|10011|True|0,0 - 0,25|0,0 - 0,25|0,25 - 0,5|0,0 - 0,25|0,0 - 0,25|3
PSGUSDT|11001|True|0,0 - 0,25|0,0 - 0,25|0,0 - 0,25|0,25 - 0,5|0,0 - 0,25|3
PSGUSDT|11100|True|0,0 - 0,25|0,0 - 0,25|0,0 - 0,25|0,0 - 0,25|0,25 - 0,5|1
PSGUSDT|11110|True|0,25 - 0,5|0,0 - 0,25|0,0 - 0,25|0,0 - 0,25|0,0 - 0,25|2
PSGUSDT|11111|True|0,0 - 0,25|0,25 - 0,5|0,0 - 0,25|0,0 - 0,25|0,0 - 0,25|2
PSGUSDT|11111|False|0,0 - 0,25|0,0 - 0,25|0,25 - 0,5|0,0 - 0,25|0,0 - 0,25|2
PSGUSDT|01111|False|0,0 - 0,25|0,0 - 0,25|0,0 - 0,25|0,25 - 0,5|0,0 - 0,25|3
PSGUSDT|00111|True|0,0 - 0,25|0,0 - 0,25|0,0 - 0,25|0,0 - 0,25|0,25 - 0,5|2
PSGUSDT|01110|False|0,25 - 0,5|0,0 - 0,25|0,0 - 0,25|0,0 - 0,25|0,0 - 0,25|1
PSGUSDT|11100|False|0,0 - 0,25|0,0 - 0,25|0,0 - 0,25|0,0 - 0,25|0,25 - 0,5|2
PSGUSDT|10010|False|0,0 - 0,25|0 - -0,25|0,0 - 0,25|0,0 - 0,25|0,0 - 0,25|1
PSGUSDT|01001|False|0 - -0,25|0,0 - 0,25|0 - -0,25|0,0 - 0,25|0,0 - 0,25|1
PSGUSDT|00100|False|0 - -0,25|0 - -0,25|0,0 - 0,25|0 - -0,25|0,0 - 0,25|1
PSGUSDT|00010|False|0,0 - 0,25|0 - -0,25|0 - -0,25|0,0 - 0,25|0 - -0,25|1
PSGUSDT|01000|True|0 - -0,25|0,0 - 0,25|0,0 - 0,25|0,0 - 0,25|0 - -0,25|1
PSGUSDT|10100|False|0,0 - 0,25|0 - -0,25|0,0 - 0,25|0,0 - 0,25|0,0 - 0,25|1
PSGUSDT|01010|True|0,25 - 0,5|0,0 - 0,25|0 - -0,25|0,0 - 0,25|0,0 - 0,25|1
PSGUSDT|10101|True|0,0 - 0,25|0,25 - 0,5|0,0 - 0,25|0 - -0,25|0,0 - 0,25|1
PSGUSDT|11010|True|0,0 - 0,25|0,0 - 0,25|0,25 - 0,5|0,0 - 0,25|0 - -0,25|1
PSGUSDT|11101|True|0,0 - 0,25|0,0 - 0,25|0,0 - 0,25|0,25 - 0,5|0,0 - 0,25|1
PSGUSDT|11110|True|0,0 - 0,25|0,0 - 0,25|0,0 - 0,25|0,0 - 0,25|0,25 - 0,5|1
PSGUSDT|00101|True|0,25 - 0,5|0,0 - 0,25|0,0 - 0,25|0,0 - 0,25|0,25 - 0,5|1
PSGUSDT|00001|True|0,25 - 0,5|0,25 - 0,5|0,0 - 0,25|0,0 - 0,25|0,0 - 0,25|1
PSGUSDT|10000|False|0,0 - 0,25|0,25 - 0,5|0,25 - 0,5|0,0 - 0,25|0,0 - 0,25|1
PSGUSDT|00100|True|0,0 - 0,25|0,0 - 0,25|0,0 - 0,25|0,25 - 0,5|0,25 - 0,5|1
PSGUSDT|01010|False|0,25 - 0,5|0,0 - 0,25|0,0 - 0,25|0,0 - 0,25|0,0 - 0,25|1
PSGUSDT|00101|True|0,0 - 0,25|0,25 - 0,5|0,0 - 0,25|0,0 - 0,25|0,0 - 0,25|1
PSGUSDT|10010|True|0,0 - 0,25|0,0 - 0,25|0,25 - 0,5|0,0 - 0,25|0,0 - 0,25|1
PSGUSDT|11100|False|0,25 - 0,5|0,0 - 0,25|0,0 - 0,25|0,0 - 0,25|0,25 - 0,5|1
PSGUSDT|00011|False|0,25 - 0,5|0,0 - 0,25|0,0 - 0,25|0,25 - 0,5|0,0 - 0,25|1
PSGUSDT|00001|False|0,0 - 0,25|0,25 - 0,5|0,0 - 0,25|0,0 - 0,25|0,25 - 0,5|1
PSGUSDT|00000|False|0,25 - 0,5|0,0 - 0,25|0,25 - 0,5|0,0 - 0,25|0,0 - 0,25|1
PSGUSDT|00000|True|0,0 - 0,25|0,25 - 0,5|0,0 - 0,25|0,25 - 0,5|0,0 - 0,25|1
PSGUSDT|10000|True|0,0 - 0,25|0,0 - 0,25|0,25 - 0,5|0,0 - 0,25|0,25 - 0,5|1
PSGUSDT|11000|True|0,0 - 0,25|0,0 - 0,25|0,0 - 0,25|0,25 - 0,5|0,0 - 0,25|1
PSGUSDT|10111|True|0,5 - 1|0,0 - 0,25|0,0 - 0,25|0,0 - 0,25|0,0 - 0,25|1
PSGUSDT|11011|True|0,0 - 0,25|0,5 - 1|0,0 - 0,25|0,0 - 0,25|0,0 - 0,25|1
PSGUSDT|11101|False|0,0 - 0,25|0,0 - 0,25|0,5 - 1|0,0 - 0,25|0,0 - 0,25|1
PSGUSDT|01110|True|0,0 - 0,25|0,0 - 0,25|0,0 - 0,25|0,5 - 1|0,0 - 0,25|1
PSGUSDT|10111|True|0,25 - 0,5|0,0 - 0,25|0,0 - 0,25|0,0 - 0,25|0,5 - 1|1
PSGUSDT|11011|True|0,5 - 1|0,25 - 0,5|0,0 - 0,25|0,0 - 0,25|0,0 - 0,25|1
PSGUSDT|11101|False|0,25 - 0,5|0,5 - 1|0,25 - 0,5|0,0 - 0,25|0,0 - 0,25|1
PSGUSDT|01110|False|0,0 - 0,25|0,25 - 0,5|0,5 - 1|0,25 - 0,5|0,0 - 0,25|1
PSGUSDT|00111|True|1 - 2|0,0 - 0,25|0,25 - 0,5|0,5 - 1|0,25 - 0,5|1
PSGUSDT|10011|True|0,0 - 0,25|1 - 2|0,0 - 0,25|0,25 - 0,5|0,5 - 1|1
PSGUSDT|11001|False|0,0 - 0,25|0,0 - 0,25|1 - 2|0,0 - 0,25|0,25 - 0,5|1
PSGUSDT|01100|True|0,0 - 0,25|0,0 - 0,25|0,0 - 0,25|1 - 2|0,0 - 0,25|1
PSGUSDT|10110|False|0,0 - 0,25|0,0 - 0,25|0,0 - 0,25|0,0 - 0,25|1 - 2|1
PSGUSDT|10010|True|0,25 - 0,5|0,0 - 0,25|0,0 - 0,25|0,0 - 0,25|0,0 - 0,25|1
PSGUSDT|11001|True|0,0 - 0,25|0,25 - 0,5|0,0 - 0,25|0,0 - 0,25|0,0 - 0,25|2
PSGUSDT|11100|True|0,0 - 0,25|0,0 - 0,25|0,25 - 0,5|0,0 - 0,25|0,0 - 0,25|3
PSGUSDT|11101|True|0,5 - 1|0,0 - 0,25|0,0 - 0,25|0,0 - 0,25|0,0 - 0,25|1
PSGUSDT|11110|False|0,0 - 0,25|0,5 - 1|0,0 - 0,25|0,0 - 0,25|0,0 - 0,25|1
PSGUSDT|01111|False|0,0 - 0,25|0,0 - 0,25|0,5 - 1|0,0 - 0,25|0,0 - 0,25|1
PSGUSDT|00111|False|0,0 - 0,25|0,0 - 0,25|0,0 - 0,25|0,5 - 1|0,0 - 0,25|1
PSGUSDT|00011|False|0,25 - 0,5|0,0 - 0,25|0,0 - 0,25|0,0 - 0,25|0,5 - 1|1
PSGUSDT|10000|False|0,0 - 0,25|0,0 - 0,25|0,0 - 0,25|0,25 - 0,5|0,0 - 0,25|1
PSGUSDT|01000|True|0,0 - 0,25|0,0 - 0,25|0,0 - 0,25|0,0 - 0,25|0,25 - 0,5|1
PSGUSDT|01101|False|0 - -0,25|0,25 - 0,5|0,0 - 0,25|0,0 - 0,25|0,0 - 0,25|1
PSGUSDT|00110|True|0,0 - 0,25|0 - -0,25|0,25 - 0,5|0,0 - 0,25|0,0 - 0,25|1
PSGUSDT|10011|False|0,0 - 0,25|0,0 - 0,25|0 - -0,25|0,25 - 0,5|0,0 - 0,25|1
PSGUSDT|01001|True|0,0 - 0,25|0,0 - 0,25|0,0 - 0,25|0 - -0,25|0,25 - 0,5|1
PSGUSDT|11000|True|0,0 - 0,25|0,25 - 0,5|0,0 - 0,25|0,0 - 0,25|0,0 - 0,25|3
PSGUSDT|11111|False|0,25 - 0,5|0,0 - 0,25|0,0 - 0,25|0,0 - 0,25|0,25 - 0,5|1
PSGUSDT|01111|False|0,0 - 0,25|0,25 - 0,5|0,0 - 0,25|0,0 - 0,25|0,0 - 0,25|1
PSGUSDT|00111|True|0,25 - 0,5|0,0 - 0,25|0,25 - 0,5|0,0 - 0,25|0,0 - 0,25|1
PSGUSDT|10011|True|0,0 - 0,25|0,25 - 0,5|0,0 - 0,25|0,25 - 0,5|0,0 - 0,25|1
PSGUSDT|11001|True|0,0 - 0,25|0,0 - 0,25|0,25 - 0,5|0,0 - 0,25|0,25 - 0,5|1
PSGUSDT|11100|False|0,0 - 0,25|0,0 - 0,25|0,0 - 0,25|0,25 - 0,5|0,0 - 0,25|1
PSGUSDT|01110|True|0,0 - 0,25|0,0 - 0,25|0,0 - 0,25|0,0 - 0,25|0,25 - 0,5|2
PSGUSDT|10101|True|0,25 - 0,5|0,0 - 0,25|0,0 - 0,25|0,0 - 0,25|0,0 - 0,25|1
PSGUSDT|11010|True|0,25 - 0,5|0,25 - 0,5|0,0 - 0,25|0,0 - 0,25|0,0 - 0,25|1
PSGUSDT|11101|True|0,0 - 0,25|0,25 - 0,5|0,25 - 0,5|0,0 - 0,25|0,0 - 0,25|1
PSGUSDT|11110|True|0,0 - 0,25|0,0 - 0,25|0,25 - 0,5|0,25 - 0,5|0,0 - 0,25|1
PSGUSDT|11111|True|0,0 - 0,25|0,0 - 0,25|0,0 - 0,25|0,25 - 0,5|0,25 - 0,5|1
PSGUSDT|00110|False|0,0 - 0,25|0,0 - 0,25|0,0 - 0,25|0,25 - 0,5|0,0 - 0,25|1
PSGUSDT|00011|True|0,25 - 0,5|0,0 - 0,25|0,0 - 0,25|0,0 - 0,25|0,25 - 0,5|1
PSGUSDT|10001|False|0,0 - 0,25|0,25 - 0,5|0,0 - 0,25|0,0 - 0,25|0,0 - 0,25|1
PSGUSDT|11100|False|0,0 - 0,25|0,0 - 0,25|0,25 - 0,5|0,0 - 0,25|0,0 - 0,25|1
PSGUSDT|01110|False|0,0 - 0,25|0,0 - 0,25|0,0 - 0,25|0,25 - 0,5|0,0 - 0,25|1
PSGUSDT|00011|True|0,0 - 0,25|0,25 - 0,5|0,0 - 0,25|0,0 - 0,25|0,0 - 0,25|1
PSGUSDT|10001|False|0,0 - 0,25|0,0 - 0,25|0,25 - 0,5|0,0 - 0,25|0,0 - 0,25|1
PSGUSDT|01000|False|0,0 - 0,25|0,0 - 0,25|0,0 - 0,25|0,25 - 0,5|0,0 - 0,25|1
PSGUSDT|00110|False|0,0 - 0,25|0,0 - 0,25|0,0 - 0,25|0,0 - 0,25|0 - -0,25|1
PSGUSDT|01100|False|0 - -0,25|0,0 - 0,25|0,0 - 0,25|0,0 - 0,25|0,0 - 0,25|1
PSGUSDT|00011|True|0 - -0,25|0,0 - 0,25|0 - -0,25|0,0 - 0,25|0,0 - 0,25|1
PSGUSDT|10001|False|0,5 - 1|0 - -0,25|0,0 - 0,25|0 - -0,25|0,0 - 0,25|1
PSGUSDT|01000|False|0,0 - 0,25|0,5 - 1|0 - -0,25|0,0 - 0,25|0 - -0,25|1
PSGUSDT|00100|True|0,25 - 0,5|0,0 - 0,25|0,5 - 1|0 - -0,25|0,0 - 0,25|1
PSGUSDT|10010|True|0,0 - 0,25|0,25 - 0,5|0,0 - 0,25|0,5 - 1|0 - -0,25|1
PSGUSDT|11001|True|0,0 - 0,25|0,0 - 0,25|0,25 - 0,5|0,0 - 0,25|0,5 - 1|1
PSGUSDT|11100|False|0,25 - 0,5|0,0 - 0,25|0,0 - 0,25|0,25 - 0,5|0,0 - 0,25|1
PSGUSDT|01110|False|0,0 - 0,25|0,25 - 0,5|0,0 - 0,25|0,0 - 0,25|0,25 - 0,5|2
PSGUSDT|00111|True|0,0 - 0,25|0,0 - 0,25|0,25 - 0,5|0,0 - 0,25|0,0 - 0,25|2
PSGUSDT|01001|False|0,0 - 0,25|0,0 - 0,25|0,0 - 0,25|0,0 - 0,25|0,25 - 0,5|1
PSGUSDT|00010|True|0 - -0,25|0,0 - 0,25|0,0 - 0,25|0,0 - 0,25|0,0 - 0,25|1
PSGUSDT|01001|False|0,25 - 0,5|0,0 - 0,25|0,0 - 0,25|0,0 - 0,25|0,0 - 0,25|2
PSGUSDT|00100|False|0,0 - 0,25|0,25 - 0,5|0,0 - 0,25|0,0 - 0,25|0,0 - 0,25|2
PSGUSDT|00001|True|0,0 - 0,25|0,0 - 0,25|0,0 - 0,25|0,25 - 0,5|0,0 - 0,25|1
PSGUSDT|10000|False|0,0 - 0,25|0,0 - 0,25|0,0 - 0,25|0,0 - 0,25|0,25 - 0,5|1
PSGUSDT|11000|True|1 - 2|0,0 - 0,25|0,0 - 0,25|0,0 - 0,25|0,0 - 0,25|1
PSGUSDT|11100|True|0,25 - 0,5|1 - 2|0,0 - 0,25|0,0 - 0,25|0,0 - 0,25|1
PSGUSDT|11110|False|0,25 - 0,5|0,25 - 0,5|1 - 2|0,0 - 0,25|0,0 - 0,25|1
PSGUSDT|01111|True|0,0 - 0,25|0,25 - 0,5|0,25 - 0,5|1 - 2|0,0 - 0,25|1
PSGUSDT|10111|False|0,25 - 0,5|0,0 - 0,25|0,25 - 0,5|0,25 - 0,5|1 - 2|1
PSGUSDT|01011|True|0,0 - 0,25|0,25 - 0,5|0,0 - 0,25|0,25 - 0,5|0,25 - 0,5|1
PSGUSDT|10101|False|0,0 - 0,25|0,0 - 0,25|0,25 - 0,5|0,0 - 0,25|0,25 - 0,5|1
PSGUSDT|10101|False|0,0 - 0,25|0,0 - 0,25|0,0 - 0,25|0,0 - 0,25|0,25 - 0,5|1
PSGUSDT|00010|False|0 - -0,25|0,0 - 0,25|0,0 - 0,25|0,0 - 0,25|0,0 - 0,25|2
PSGUSDT|00001|True|0,0 - 0,25|0 - -0,25|0,0 - 0,25|0,0 - 0,25|0,0 - 0,25|1
PSGUSDT|10000|True|0,0 - 0,25|0,0 - 0,25|0 - -0,25|0,0 - 0,25|0,0 - 0,25|1
PSGUSDT|11000|True|0,0 - 0,25|0,0 - 0,25|0,0 - 0,25|0 - -0,25|0,0 - 0,25|1
PSGUSDT|11100|False|0,0 - 0,25|0,0 - 0,25|0,0 - 0,25|0,0 - 0,25|0 - -0,25|1
PSGUSDT|00110|False|0,0 - 0,25|0,0 - 0,25|0,25 - 0,5|0,0 - 0,25|0,0 - 0,25|1
PSGUSDT|00011|True|0 - -0,25|0,0 - 0,25|0,0 - 0,25|0,25 - 0,5|0,0 - 0,25|1
PSGUSDT|10001|False|0,0 - 0,25|0 - -0,25|0,0 - 0,25|0,0 - 0,25|0,25 - 0,5|1
PSGUSDT|01110|True|0,0 - 0,25|0,25 - 0,5|0,0 - 0,25|0,0 - 0,25|0,0 - 0,25|1
PSGUSDT|10111|False|0,0 - 0,25|0,0 - 0,25|0,25 - 0,5|0,0 - 0,25|0,0 - 0,25|1
PSGUSDT|01011|True|0,0 - 0,25|0,0 - 0,25|0,0 - 0,25|0,25 - 0,5|0,0 - 0,25|1
PSGUSDT|10101|False|0,25 - 0,5|0,0 - 0,25|0,0 - 0,25|0,0 - 0,25|0,25 - 0,5|1
PSGUSDT|00101|True|0,0 - 0,25|0,0 - 0,25|0,25 - 0,5|0,0 - 0,25|0,0 - 0,25|1
PSGUSDT|10010|True|0,0 - 0,25|0,0 - 0,25|0,0 - 0,25|0,25 - 0,5|0,0 - 0,25|1
PSGUSDT|11001|False|0,0 - 0,25|0,0 - 0,25|0,0 - 0,25|0,0 - 0,25|0,25 - 0,5|2
PSGUSDT|01100|True|0,25 - 0,5|0,0 - 0,25|0,0 - 0,25|0,0 - 0,25|0,0 - 0,25|1
PSGUSDT|10110|True|0,0 - 0,25|0,25 - 0,5|0,0 - 0,25|0,0 - 0,25|0,0 - 0,25|1
PSGUSDT|11011|True|0,0 - 0,25|0,0 - 0,25|0,25 - 0,5|0,0 - 0,25|0,0 - 0,25|2
PSGUSDT|11101|False|0,25 - 0,5|0,0 - 0,25|0,0 - 0,25|0,25 - 0,5|0,0 - 0,25|1
PSGUSDT|11000|False|0,25 - 0,5|0,0 - 0,25|0,0 - 0,25|0,0 - 0,25|0,0 - 0,25|1
PSGUSDT|01100|True|0,25 - 0,5|0,25 - 0,5|0,0 - 0,25|0,0 - 0,25|0,0 - 0,25|1
PSGUSDT|10110|True|0,25 - 0,5|0,25 - 0,5|0,25 - 0,5|0,0 - 0,25|0,0 - 0,25|1
PSGUSDT|11011|True|0,25 - 0,5|0,25 - 0,5|0,25 - 0,5|0,25 - 0,5|0,0 - 0,25|1
PSGUSDT|11101|False|0,25 - 0,5|0,25 - 0,5|0,25 - 0,5|0,25 - 0,5|0,25 - 0,5|1
PSGUSDT|01110|True|0,0 - 0,25|0,25 - 0,5|0,25 - 0,5|0,25 - 0,5|0,25 - 0,5|1
PSGUSDT|10111|True|0,5 - 1|0,0 - 0,25|0,25 - 0,5|0,25 - 0,5|0,25 - 0,5|1
PSGUSDT|11011|True|0,5 - 1|0,5 - 1|0,0 - 0,25|0,25 - 0,5|0,25 - 0,5|1
PSGUSDT|11101|True|1 - 2|0,5 - 1|0,5 - 1|0,0 - 0,25|0,25 - 0,5|1
PSGUSDT|11110|True|0,5 - 1|1 - 2|0,5 - 1|0,5 - 1|0,0 - 0,25|1
PSGUSDT|11111|False|0,5 - 1|0,5 - 1|1 - 2|0,5 - 1|0,5 - 1|1
PSGUSDT|01111|True|1 - 2|0,5 - 1|0,5 - 1|1 - 2|0,5 - 1|1
PSGUSDT|10111|False|2 - 3|1 - 2|0,5 - 1|0,5 - 1|1 - 2|1
PSGUSDT|01011|False|1 - 2|2 - 3|1 - 2|0,5 - 1|0,5 - 1|1
PSGUSDT|00101|True|0,0 - 0,25|1 - 2|2 - 3|1 - 2|0,5 - 1|1
PSGUSDT|10010|False|0,5 - 1|0,0 - 0,25|1 - 2|2 - 3|1 - 2|1
PSGUSDT|01001|False|0,25 - 0,5|0,5 - 1|0,0 - 0,25|1 - 2|2 - 3|1
PSGUSDT|00100|True|1 - 2|0,25 - 0,5|0,5 - 1|0,0 - 0,25|1 - 2|1
PSGUSDT|10010|True|1 - 2|1 - 2|0,25 - 0,5|0,5 - 1|0,0 - 0,25|1
PSGUSDT|11001|False|0,5 - 1|1 - 2|1 - 2|0,25 - 0,5|0,5 - 1|1
PSGUSDT|01100|False|0,5 - 1|0,5 - 1|1 - 2|1 - 2|0,25 - 0,5|1
PSGUSDT|00110|True|0,25 - 0,5|0,5 - 1|0,5 - 1|1 - 2|1 - 2|1
PSGUSDT|10011|True|0,25 - 0,5|0,25 - 0,5|0,5 - 1|0,5 - 1|1 - 2|1
PSGUSDT|11001|True|0,5 - 1|0,25 - 0,5|0,25 - 0,5|0,5 - 1|0,5 - 1|1
PSGUSDT|11100|True|0,5 - 1|0,5 - 1|0,25 - 0,5|0,25 - 0,5|0,5 - 1|1
PSGUSDT|11110|False|1 - 2|0,5 - 1|0,5 - 1|0,25 - 0,5|0,25 - 0,5|1
PSGUSDT|01111|True|0,25 - 0,5|1 - 2|0,5 - 1|0,5 - 1|0,25 - 0,5|1
PSGUSDT|10111|True|1 - 2|0,25 - 0,5|1 - 2|0,5 - 1|0,5 - 1|1
PSGUSDT|11011|False|0,5 - 1|1 - 2|0,25 - 0,5|1 - 2|0,5 - 1|1
PSGUSDT|01101|False|0,25 - 0,5|0,5 - 1|1 - 2|0,25 - 0,5|1 - 2|1
PSGUSDT|00110|False|0,5 - 1|0,25 - 0,5|0,5 - 1|1 - 2|0,25 - 0,5|1
PSGUSDT|00011|True|0,5 - 1|0,5 - 1|0,25 - 0,5|0,5 - 1|1 - 2|1
PSGUSDT|10001|False|0,25 - 0,5|0,5 - 1|0,5 - 1|0,25 - 0,5|0,5 - 1|1
PSGUSDT|01000|True|0,5 - 1|0,25 - 0,5|0,5 - 1|0,5 - 1|0,25 - 0,5|1
PSGUSDT|10100|True|0,25 - 0,5|0,5 - 1|0,25 - 0,5|0,5 - 1|0,5 - 1|1
PSGUSDT|11010|True|0,5 - 1|0,25 - 0,5|0,5 - 1|0,25 - 0,5|0,5 - 1|1
PSGUSDT|11101|True|0,5 - 1|0,5 - 1|0,25 - 0,5|0,5 - 1|0,25 - 0,5|1
PSGUSDT|11110|False|0,25 - 0,5|0,5 - 1|0,5 - 1|0,25 - 0,5|0,5 - 1|1
PSGUSDT|01111|False|0,0 - 0,25|0,25 - 0,5|0,5 - 1|0,5 - 1|0,25 - 0,5|1
PSGUSDT|00111|True|0,5 - 1|0,0 - 0,25|0,25 - 0,5|0,5 - 1|0,5 - 1|1
PSGUSDT|10011|False|0,25 - 0,5|0,5 - 1|0,0 - 0,25|0,25 - 0,5|0,5 - 1|1
PSGUSDT|01001|True|0,25 - 0,5|0,25 - 0,5|0,5 - 1|0,0 - 0,25|0,25 - 0,5|1
PSGUSDT|10100|True|0,5 - 1|0,25 - 0,5|0,25 - 0,5|0,5 - 1|0,0 - 0,25|1
PSGUSDT|11010|False|0,0 - 0,25|0,5 - 1|0,25 - 0,5|0,25 - 0,5|0,5 - 1|1
PSGUSDT|01101|False|0,5 - 1|0,0 - 0,25|0,5 - 1|0,25 - 0,5|0,25 - 0,5|1
PSGUSDT|00110|False|0,5 - 1|0,5 - 1|0,0 - 0,25|0,5 - 1|0,25 - 0,5|1
PSGUSDT|00011|True|0,25 - 0,5|0,5 - 1|0,5 - 1|0,0 - 0,25|0,5 - 1|1
PSGUSDT|10001|True|0,25 - 0,5|0,25 - 0,5|0,5 - 1|0,5 - 1|0,0 - 0,25|1
PSGUSDT|11000|True|0,25 - 0,5|0,25 - 0,5|0,25 - 0,5|0,5 - 1|0,5 - 1|1
PSGUSDT|11100|False|0,0 - 0,25|0,25 - 0,5|0,25 - 0,5|0,25 - 0,5|0,5 - 1|1
PSGUSDT|01110|True|0,0 - 0,25|0,0 - 0,25|0,25 - 0,5|0,25 - 0,5|0,25 - 0,5|1
PSGUSDT|10111|True|0,0 - 0,25|0,0 - 0,25|0,0 - 0,25|0,25 - 0,5|0,25 - 0,5|1
PSGUSDT|01110|False|0,25 - 0,5|0,25 - 0,5|0,25 - 0,5|0,0 - 0,25|0,0 - 0,25|2
PSGUSDT|00111|True|0,0 - 0,25|0,25 - 0,5|0,25 - 0,5|0,25 - 0,5|0,0 - 0,25|2
PSGUSDT|10011|True|0,0 - 0,25|0,0 - 0,25|0,25 - 0,5|0,25 - 0,5|0,25 - 0,5|1
PSGUSDT|11001|True|0,25 - 0,5|0,0 - 0,25|0,0 - 0,25|0,25 - 0,5|0,25 - 0,5|1
PSGUSDT|11100|True|1 - 2|0,25 - 0,5|0,0 - 0,25|0,0 - 0,25|0,25 - 0,5|1
PSGUSDT|11110|False|0,5 - 1|1 - 2|0,25 - 0,5|0,0 - 0,25|0,0 - 0,25|1
PSGUSDT|01111|True|1 - 2|0,5 - 1|1 - 2|0,25 - 0,5|0,0 - 0,25|1
PSGUSDT|10111|True|0,5 - 1|1 - 2|0,5 - 1|1 - 2|0,25 - 0,5|1
PSGUSDT|11011|True|1 - 2|0,5 - 1|1 - 2|0,5 - 1|1 - 2|1
PSGUSDT|11101|False|1 - 2|1 - 2|0,5 - 1|1 - 2|0,5 - 1|1
PSGUSDT|01110|True|3 - 4|1 - 2|1 - 2|0,5 - 1|1 - 2|1
PSGUSDT|10111|False|1 - 2|3 - 4|1 - 2|1 - 2|0,5 - 1|1
PSGUSDT|01011|False|1 - 2|1 - 2|3 - 4|1 - 2|1 - 2|1
PSGUSDT|00101|True|1 - 2|1 - 2|1 - 2|3 - 4|1 - 2|1
PSGUSDT|10010|False|1 - 2|1 - 2|1 - 2|1 - 2|3 - 4|1
PSGUSDT|01001|False|0,5 - 1|1 - 2|1 - 2|1 - 2|1 - 2|1
PSGUSDT|00100|True|0,5 - 1|0,5 - 1|1 - 2|1 - 2|1 - 2|1
PSGUSDT|10010|False|0,5 - 1|0,5 - 1|0,5 - 1|1 - 2|1 - 2|1
PSGUSDT|01001|False|0,25 - 0,5|0,5 - 1|0,5 - 1|0,5 - 1|1 - 2|1
PSGUSDT|00100|False|1 - 2|0,25 - 0,5|0,5 - 1|0,5 - 1|0,5 - 1|1
PSGUSDT|00010|True|0,5 - 1|1 - 2|0,25 - 0,5|0,5 - 1|0,5 - 1|1
PSGUSDT|10001|False|0,5 - 1|0,5 - 1|1 - 2|0,25 - 0,5|0,5 - 1|1
PSGUSDT|01000|True|0,5 - 1|0,5 - 1|0,5 - 1|1 - 2|0,25 - 0,5|1
PSGUSDT|10100|False|1 - 2|0,5 - 1|0,5 - 1|0,5 - 1|1 - 2|1
PSGUSDT|01010|False|1 - 2|1 - 2|0,5 - 1|0,5 - 1|0,5 - 1|1
PSGUSDT|00101|True|0,5 - 1|1 - 2|1 - 2|0,5 - 1|0,5 - 1|1
PSGUSDT|10010|True|1 - 2|0,5 - 1|1 - 2|1 - 2|0,5 - 1|1
PSGUSDT|11001|True|0,5 - 1|1 - 2|0,5 - 1|1 - 2|1 - 2|1
PSGUSDT|11100|True|1 - 2|0,5 - 1|1 - 2|0,5 - 1|1 - 2|1
PSGUSDT|11110|False|1 - 2|1 - 2|0,5 - 1|1 - 2|0,5 - 1|1
PSGUSDT|01111|False|0,25 - 0,5|1 - 2|1 - 2|0,5 - 1|1 - 2|1
PSGUSDT|00111|False|0,25 - 0,5|0,25 - 0,5|1 - 2|1 - 2|0,5 - 1|1
PSGUSDT|00011|False|0,5 - 1|0,25 - 0,5|0,25 - 0,5|1 - 2|1 - 2|1
PSGUSDT|00001|True|0,5 - 1|0,5 - 1|0,25 - 0,5|0,25 - 0,5|1 - 2|1
PSGUSDT|10000|True|0,25 - 0,5|0,5 - 1|0,5 - 1|0,25 - 0,5|0,25 - 0,5|1
PSGUSDT|11000|True|0,25 - 0,5|0,25 - 0,5|0,5 - 1|0,5 - 1|0,25 - 0,5|1
PSGUSDT|11100|True|0,0 - 0,25|0,25 - 0,5|0,25 - 0,5|0,5 - 1|0,5 - 1|1
PSGUSDT|11110|False|1 - 2|0,0 - 0,25|0,25 - 0,5|0,25 - 0,5|0,5 - 1|1
PSGUSDT|01111|True|0,5 - 1|1 - 2|0,0 - 0,25|0,25 - 0,5|0,25 - 0,5|1
PSGUSDT|10111|True|0,25 - 0,5|0,5 - 1|1 - 2|0,0 - 0,25|0,25 - 0,5|1
PSGUSDT|11011|True|0,25 - 0,5|0,25 - 0,5|0,5 - 1|1 - 2|0,0 - 0,25|1
PSGUSDT|11101|False|0,25 - 0,5|0,25 - 0,5|0,25 - 0,5|0,5 - 1|1 - 2|1
PSGUSDT|01110|True|0,25 - 0,5|0,25 - 0,5|0,25 - 0,5|0,25 - 0,5|0,5 - 1|1
PSGUSDT|10111|True|0,5 - 1|0,25 - 0,5|0,25 - 0,5|0,25 - 0,5|0,25 - 0,5|1
PSGUSDT|11011|True|0,5 - 1|0,5 - 1|0,25 - 0,5|0,25 - 0,5|0,25 - 0,5|1
PSGUSDT|11101|False|1 - 2|0,5 - 1|0,5 - 1|0,25 - 0,5|0,25 - 0,5|1
PSGUSDT|01110|False|1 - 2|1 - 2|0,5 - 1|0,5 - 1|0,25 - 0,5|1
PSGUSDT|00111|True|0,5 - 1|1 - 2|1 - 2|0,5 - 1|0,5 - 1|1
PSGUSDT|10011|False|0,25 - 0,5|0,5 - 1|1 - 2|1 - 2|0,5 - 1|1
PSGUSDT|01001|False|0,5 - 1|0,25 - 0,5|0,5 - 1|1 - 2|1 - 2|1
PSGUSDT|00100|True|1 - 2|0,5 - 1|0,25 - 0,5|0,5 - 1|1 - 2|1
PSGUSDT|10010|False|1 - 2|1 - 2|0,5 - 1|0,25 - 0,5|0,5 - 1|1
PSGUSDT|01001|False|0,5 - 1|1 - 2|1 - 2|0,5 - 1|0,25 - 0,5|1
PSGUSDT|00100|False|0,25 - 0,5|0,5 - 1|1 - 2|1 - 2|0,5 - 1|1
PSGUSDT|00010|True|0,5 - 1|0,25 - 0,5|0,5 - 1|1 - 2|1 - 2|1
PSGUSDT|10001|True|0,25 - 0,5|0,5 - 1|0,25 - 0,5|0,5 - 1|1 - 2|1
PSGUSDT|11000|False|0,25 - 0,5|0,25 - 0,5|0,5 - 1|0,25 - 0,5|0,5 - 1|1
PSGUSDT|01100|False|0,5 - 1|0,25 - 0,5|0,25 - 0,5|0,5 - 1|0,25 - 0,5|1
PSGUSDT|00110|False|0,5 - 1|0,5 - 1|0,25 - 0,5|0,25 - 0,5|0,5 - 1|1
PSGUSDT|00011|False|0,5 - 1|0,5 - 1|0,5 - 1|0,25 - 0,5|0,25 - 0,5|1
PSGUSDT|00001|False|0,25 - 0,5|0,5 - 1|0,5 - 1|0,5 - 1|0,25 - 0,5|1
PSGUSDT|00000|False|0,25 - 0,5|0,25 - 0,5|0,5 - 1|0,5 - 1|0,5 - 1|1
PSGUSDT|00000|True|0,0 - 0,25|0,25 - 0,5|0,25 - 0,5|0,5 - 1|0,5 - 1|1
PSGUSDT|10000|True|0,0 - 0,25|0,0 - 0,25|0,25 - 0,5|0,25 - 0,5|0,5 - 1|1
PSGUSDT|11000|False|0,0 - 0,25|0,0 - 0,25|0,0 - 0,25|0,25 - 0,5|0,25 - 0,5|2
PSGUSDT|01100|False|0,0 - 0,25|0,0 - 0,25|0,0 - 0,25|0,0 - 0,25|0,25 - 0,5|1
PSGUSDT|00110|False|0,5 - 1|0,0 - 0,25|0,0 - 0,25|0,0 - 0,25|0,0 - 0,25|1
PSGUSDT|00011|False|0,25 - 0,5|0,5 - 1|0,0 - 0,25|0,0 - 0,25|0,0 - 0,25|1
PSGUSDT|00001|True|0,5 - 1|0,25 - 0,5|0,5 - 1|0,0 - 0,25|0,0 - 0,25|1
PSGUSDT|10000|True|1 - 2|0,5 - 1|0,25 - 0,5|0,5 - 1|0,0 - 0,25|1
PSGUSDT|11000|False|0,5 - 1|1 - 2|0,5 - 1|0,25 - 0,5|0,5 - 1|1
PSGUSDT|01100|False|0,5 - 1|0,5 - 1|1 - 2|0,5 - 1|0,25 - 0,5|1
PSGUSDT|00110|True|0,5 - 1|0,5 - 1|0,5 - 1|1 - 2|0,5 - 1|1
PSGUSDT|10011|False|0,0 - 0,25|0,5 - 1|0,5 - 1|0,5 - 1|1 - 2|1
PSGUSDT|01001|True|0,25 - 0,5|0,0 - 0,25|0,5 - 1|0,5 - 1|0,5 - 1|1
PSGUSDT|10100|True|0,0 - 0,25|0,25 - 0,5|0,0 - 0,25|0,5 - 1|0,5 - 1|1
PSGUSDT|11010|True|0,25 - 0,5|0,0 - 0,25|0,25 - 0,5|0,0 - 0,25|0,5 - 1|1
PSGUSDT|11101|True|0,0 - 0,25|0,25 - 0,5|0,0 - 0,25|0,25 - 0,5|0,0 - 0,25|1
PSGUSDT|11110|False|0,25 - 0,5|0,0 - 0,25|0,25 - 0,5|0,0 - 0,25|0,25 - 0,5|1
PSGUSDT|01111|True|0,25 - 0,5|0,25 - 0,5|0,0 - 0,25|0,25 - 0,5|0,0 - 0,25|1
PSGUSDT|10111|False|0,25 - 0,5|0,25 - 0,5|0,25 - 0,5|0,0 - 0,25|0,25 - 0,5|1
PSGUSDT|01011|False|0,5 - 1|0,25 - 0,5|0,25 - 0,5|0,25 - 0,5|0,0 - 0,25|1
PSGUSDT|00101|True|0,25 - 0,5|0,5 - 1|0,25 - 0,5|0,25 - 0,5|0,25 - 0,5|1
PSGUSDT|10010|False|0,25 - 0,5|0,25 - 0,5|0,5 - 1|0,25 - 0,5|0,25 - 0,5|1
PSGUSDT|01001|True|0,5 - 1|0,25 - 0,5|0,25 - 0,5|0,5 - 1|0,25 - 0,5|1
PSGUSDT|10100|True|0,25 - 0,5|0,5 - 1|0,25 - 0,5|0,25 - 0,5|0,5 - 1|1
PSGUSDT|11010|False|0,5 - 1|0,25 - 0,5|0,5 - 1|0,25 - 0,5|0,25 - 0,5|1
PSGUSDT|01101|True|0,25 - 0,5|0,5 - 1|0,25 - 0,5|0,5 - 1|0,25 - 0,5|1
PSGUSDT|10110|False|0,0 - 0,25|0,25 - 0,5|0,5 - 1|0,25 - 0,5|0,5 - 1|1
PSGUSDT|01011|False|0,5 - 1|0,0 - 0,25|0,25 - 0,5|0,5 - 1|0,25 - 0,5|1
PSGUSDT|00101|True|0,25 - 0,5|0,5 - 1|0,0 - 0,25|0,25 - 0,5|0,5 - 1|1
PSGUSDT|10010|True|0,0 - 0,25|0,25 - 0,5|0,5 - 1|0,0 - 0,25|0,25 - 0,5|1
PSGUSDT|11001|False|0,0 - 0,25|0,0 - 0,25|0,25 - 0,5|0,5 - 1|0,0 - 0,25|1
PSGUSDT|01100|False|0,0 - 0,25|0,0 - 0,25|0,0 - 0,25|0,25 - 0,5|0,5 - 1|1
PSGUSDT|00110|False|0,25 - 0,5|0,0 - 0,25|0,0 - 0,25|0,0 - 0,25|0,25 - 0,5|1
PSGUSDT|00001|True|0,25 - 0,5|0,0 - 0,25|0,25 - 0,5|0,0 - 0,25|0,0 - 0,25|1
PSGUSDT|10000|False|0,0 - 0,25|0,25 - 0,5|0,0 - 0,25|0,25 - 0,5|0,0 - 0,25|1
PSGUSDT|01000|True|0,5 - 1|0,0 - 0,25|0,25 - 0,5|0,0 - 0,25|0,25 - 0,5|1
PSGUSDT|10100|True|0,25 - 0,5|0,5 - 1|0,0 - 0,25|0,25 - 0,5|0,0 - 0,25|1
PSGUSDT|11010|True|0,0 - 0,25|0,25 - 0,5|0,5 - 1|0,0 - 0,25|0,25 - 0,5|1
PSGUSDT|11101|False|0,5 - 1|0,0 - 0,25|0,25 - 0,5|0,5 - 1|0,0 - 0,25|1
PSGUSDT|01110|False|0,25 - 0,5|0,5 - 1|0,0 - 0,25|0,25 - 0,5|0,5 - 1|1
PSGUSDT|00111|True|0,0 - 0,25|0,25 - 0,5|0,5 - 1|0,0 - 0,25|0,25 - 0,5|1
PSGUSDT|10011|False|0,0 - 0,25|0,0 - 0,25|0,25 - 0,5|0,5 - 1|0,0 - 0,25|1
PSGUSDT|01001|True|0,0 - 0,25|0,0 - 0,25|0,0 - 0,25|0,25 - 0,5|0,5 - 1|1
PSGUSDT|10100|True|0,0 - 0,25|0,0 - 0,25|0,0 - 0,25|0,0 - 0,25|0,25 - 0,5|1
PSGUSDT|11100|True|0,0 - 0,25|0,25 - 0,5|0,0 - 0,25|0,0 - 0,25|0,0 - 0,25|1
PSGUSDT|11110|False|0,0 - 0,25|0,0 - 0,25|0,25 - 0,5|0,0 - 0,25|0,0 - 0,25|1
PSGUSDT|10011|True|0,25 - 0,5|0,0 - 0,25|0,0 - 0,25|0,0 - 0,25|0,0 - 0,25|1
PSGUSDT|11100|False|0,25 - 0,5|0,0 - 0,25|0,25 - 0,5|0,0 - 0,25|0,0 - 0,25|1
PSGUSDT|01110|True|0,0 - 0,25|0,25 - 0,5|0,0 - 0,25|0,25 - 0,5|0,0 - 0,25|1
PSGUSDT|10111|False|0,25 - 0,5|0,0 - 0,25|0,25 - 0,5|0,0 - 0,25|0,25 - 0,5|1
PSGUSDT|01011|True|0,5 - 1|0,25 - 0,5|0,0 - 0,25|0,25 - 0,5|0,0 - 0,25|1
PSGUSDT|10101|False|0,25 - 0,5|0,5 - 1|0,25 - 0,5|0,0 - 0,25|0,25 - 0,5|1
PSGUSDT|01010|True|0,0 - 0,25|0,25 - 0,5|0,5 - 1|0,25 - 0,5|0,0 - 0,25|1
PSGUSDT|10101|False|0,0 - 0,25|0,0 - 0,25|0,25 - 0,5|0,5 - 1|0,25 - 0,5|1
PSGUSDT|01010|True|0,0 - 0,25|0,0 - 0,25|0,0 - 0,25|0,25 - 0,5|0,5 - 1|1
PSGUSDT|11010|True|0,25 - 0,5|0,0 - 0,25|0,0 - 0,25|0,0 - 0,25|0,0 - 0,25|1
PSGUSDT|10011|True|0,25 - 0,5|0,0 - 0,25|0,25 - 0,5|0,25 - 0,5|0,25 - 0,5|1
PSGUSDT|11001|False|0,25 - 0,5|0,25 - 0,5|0,0 - 0,25|0,25 - 0,5|0,25 - 0,5|1
PSGUSDT|01100|True|0,25 - 0,5|0,25 - 0,5|0,25 - 0,5|0,0 - 0,25|0,25 - 0,5|1
PSGUSDT|10110|True|0,25 - 0,5|0,25 - 0,5|0,25 - 0,5|0,25 - 0,5|0,0 - 0,25|1
PSGUSDT|11011|False|0,25 - 0,5|0,25 - 0,5|0,25 - 0,5|0,25 - 0,5|0,25 - 0,5|1
PSGUSDT|01101|False|0,0 - 0,25|0,25 - 0,5|0,25 - 0,5|0,25 - 0,5|0,25 - 0,5|1
PSGUSDT|00110|True|0,0 - 0,25|0,0 - 0,25|0,25 - 0,5|0,25 - 0,5|0,25 - 0,5|1
PSGUSDT|01100|False|0,25 - 0,5|0,0 - 0,25|0,0 - 0,25|0,0 - 0,25|0,0 - 0,25|1
PSGUSDT|00110|False|0,25 - 0,5|0,25 - 0,5|0,0 - 0,25|0,0 - 0,25|0,0 - 0,25|1
PSGUSDT|00011|True|0,0 - 0,25|0,25 - 0,5|0,25 - 0,5|0,0 - 0,25|0,0 - 0,25|1
PSGUSDT|10001|True|0,0 - 0,25|0,0 - 0,25|0,25 - 0,5|0,25 - 0,5|0,0 - 0,25|1
PSGUSDT|01100|False|0,25 - 0,5|0,0 - 0,25|0,0 - 0,25|0,0 - 0,25|0,25 - 0,5|1
PSGUSDT|11001|False|0,0 - 0,25|0,0 - 0,25|0,0 - 0,25|0,25 - 0,5|0,0 - 0,25|1
PSGUSDT|01100|True|0,0 - 0,25|0,0 - 0,25|0,0 - 0,25|0,0 - 0,25|0,25 - 0,5|1
PSGUSDT|11111|True|0,0 - 0,25|0,0 - 0,25|0,0 - 0,25|0,0 - 0,25|0,25 - 0,5|1
PSGUSDT|11111|True|0,25 - 0,5|0,0 - 0,25|0,0 - 0,25|0,0 - 0,25|0,0 - 0,25|1
PSGUSDT|11111|False|0,25 - 0,5|0,25 - 0,5|0,0 - 0,25|0,0 - 0,25|0,0 - 0,25|1
PSGUSDT|01111|False|0,25 - 0,5|0,25 - 0,5|0,25 - 0,5|0,0 - 0,25|0,0 - 0,25|1
PSGUSDT|00111|False|0,25 - 0,5|0,25 - 0,5|0,25 - 0,5|0,25 - 0,5|0,0 - 0,25|1
PSGUSDT|00011|True|0,0 - 0,25|0,25 - 0,5|0,25 - 0,5|0,25 - 0,5|0,25 - 0,5|1
PSGUSDT|10001|False|0,25 - 0,5|0,0 - 0,25|0,25 - 0,5|0,25 - 0,5|0,25 - 0,5|1
PSGUSDT|01000|True|0,25 - 0,5|0,25 - 0,5|0,0 - 0,25|0,25 - 0,5|0,25 - 0,5|1
PSGUSDT|10100|True|0,0 - 0,25|0,25 - 0,5|0,25 - 0,5|0,0 - 0,25|0,25 - 0,5|1
PSGUSDT|01101|True|0,25 - 0,5|0,0 - 0,25|0,0 - 0,25|0,25 - 0,5|0,25 - 0,5|1
PSGUSDT|10110|True|0,0 - 0,25|0,25 - 0,5|0,0 - 0,25|0,0 - 0,25|0,25 - 0,5|1
PSGUSDT|11101|False|0,0 - 0,25|0,0 - 0,25|0,0 - 0,25|0,25 - 0,5|0,0 - 0,25|1
PSGUSDT|01101|False|0,25 - 0,5|0,25 - 0,5|0,0 - 0,25|0,0 - 0,25|0,0 - 0,25|1
PSGUSDT|00110|True|0,0 - 0,25|0,25 - 0,5|0,25 - 0,5|0,0 - 0,25|0,0 - 0,25|1
PSGUSDT|10011|False|0,0 - 0,25|0,0 - 0,25|0,25 - 0,5|0,25 - 0,5|0,0 - 0,25|1
PSGUSDT|01001|True|0,25 - 0,5|0,0 - 0,25|0,0 - 0,25|0,25 - 0,5|0,25 - 0,5|1
PSGUSDT|10100|False|0,0 - 0,25|0,25 - 0,5|0,0 - 0,25|0,0 - 0,25|0,25 - 0,5|1
PSGUSDT|00101|False|0,5 - 1|0,0 - 0,25|0,0 - 0,25|0,25 - 0,5|0,0 - 0,25|1
PSGUSDT|00010|True|0,0 - 0,25|0,5 - 1|0,0 - 0,25|0,0 - 0,25|0,25 - 0,5|1
PSGUSDT|10001|False|0,0 - 0,25|0,0 - 0,25|0,5 - 1|0,0 - 0,25|0,0 - 0,25|1
PSGUSDT|01000|False|0,0 - 0,25|0,0 - 0,25|0,0 - 0,25|0,5 - 1|0,0 - 0,25|1
PSGUSDT|00100|True|0,0 - 0,25|0,0 - 0,25|0,0 - 0,25|0,0 - 0,25|0,5 - 1|1
PSGUSDT|01001|False|0,0 - 0,25|0,25 - 0,5|0,0 - 0,25|0,0 - 0,25|0,0 - 0,25|1
PSGUSDT|00100|False|0,0 - 0,25|0,0 - 0,25|0,25 - 0,5|0,0 - 0,25|0,0 - 0,25|2
PSGUSDT|00010|True|0,25 - 0,5|0,0 - 0,25|0,0 - 0,25|0,25 - 0,5|0,0 - 0,25|1
PSGUSDT|10001|False|0,0 - 0,25|0,25 - 0,5|0,0 - 0,25|0,0 - 0,25|0,25 - 0,5|1
PSGUSDT|01000|True|0,25 - 0,5|0,0 - 0,25|0,25 - 0,5|0,0 - 0,25|0,0 - 0,25|1
PSGUSDT|10100|False|0,0 - 0,25|0,25 - 0,5|0,0 - 0,25|0,25 - 0,5|0,0 - 0,25|1
PSGUSDT|01010|True|0,0 - 0,25|0,0 - 0,25|0,25 - 0,5|0,0 - 0,25|0,25 - 0,5|1
PSGUSDT|10101|True|0,0 - 0,25|0,0 - 0,25|0,0 - 0,25|0,25 - 0,5|0,0 - 0,25|1
PSGUSDT|11010|True|0,25 - 0,5|0,0 - 0,25|0,0 - 0,25|0,0 - 0,25|0,25 - 0,5|1
PSGUSDT|01110|False|0,0 - 0,25|0,0 - 0,25|0,25 - 0,5|0,0 - 0,25|0,0 - 0,25|1
PSGUSDT|00111|False|0,0 - 0,25|0,0 - 0,25|0,0 - 0,25|0,25 - 0,5|0,0 - 0,25|1
PSGUSDT|00011|False|0,0 - 0,25|0,0 - 0,25|0,0 - 0,25|0,0 - 0,25|0,25 - 0,5|1
PSGUSDT|01011|False|0,5 - 1|0,0 - 0,25|0,0 - 0,25|0,0 - 0,25|0,0 - 0,25|1
PSGUSDT|00101|True|0,0 - 0,25|0,5 - 1|0,0 - 0,25|0,0 - 0,25|0,0 - 0,25|1
PSGUSDT|10010|False|0,25 - 0,5|0,0 - 0,25|0,5 - 1|0,0 - 0,25|0,0 - 0,25|1
PSGUSDT|01001|False|0,0 - 0,25|0,25 - 0,5|0,0 - 0,25|0,5 - 1|0,0 - 0,25|1
PSGUSDT|00100|True|0,0 - 0,25|0,0 - 0,25|0,25 - 0,5|0,0 - 0,25|0,5 - 1|1
PSGUSDT|10010|False|0,25 - 0,5|0,0 - 0,25|0,0 - 0,25|0,25 - 0,5|0,0 - 0,25|1
PSGUSDT|01001|False|0,0 - 0,25|0,25 - 0,5|0,0 - 0,25|0,0 - 0,25|0,25 - 0,5|1
PSGUSDT|00010|False|0,25 - 0,5|0,0 - 0,25|0,25 - 0,5|0,0 - 0,25|0,0 - 0,25|1
PSGUSDT|00001|False|0,0 - 0,25|0,25 - 0,5|0,0 - 0,25|0,25 - 0,5|0,0 - 0,25|1
PSGUSDT|00000|False|0,0 - 0,25|0,0 - 0,25|0,25 - 0,5|0,0 - 0,25|0,25 - 0,5|1
PSGUSDT|00000|False|0,0 - 0,25|0,0 - 0,25|0,0 - 0,25|0,25 - 0,5|0,0 - 0,25|1
PSGUSDT|00000|True|0 - -0,25|0,0 - 0,25|0,0 - 0,25|0,0 - 0,25|0,25 - 0,5|1
PSGUSDT|01000|True|0,0 - 0,25|0,0 - 0,25|0 - -0,25|0,0 - 0,25|0,0 - 0,25|1
PSGUSDT|10100|False|0,0 - 0,25|0,0 - 0,25|0,0 - 0,25|0 - -0,25|0,0 - 0,25|1
PSGUSDT|01010|True|0,25 - 0,5|0,0 - 0,25|0,0 - 0,25|0,0 - 0,25|0 - -0,25|1
PSGUSDT|10101|False|0,0 - 0,25|0,25 - 0,5|0,0 - 0,25|0,0 - 0,25|0,0 - 0,25|1
PSGUSDT|00101|False|0,0 - 0,25|0,0 - 0,25|0,0 - 0,25|0,25 - 0,5|0,0 - 0,25|1
