RAYUSDT||True||||||4
RAYUSDT||False||||||1
RAYUSDT|10111|False|1 - 2|1 - 2|0,25 - 0,5|0,5 - 1|1 - 2|1
RAYUSDT|01011|True|0,25 - 0,5|1 - 2|1 - 2|0,25 - 0,5|0,5 - 1|1
RAYUSDT|10101|False|0,25 - 0,5|0,25 - 0,5|1 - 2|1 - 2|0,25 - 0,5|1
RAYUSDT|01010|True|0,5 - 1|0,25 - 0,5|0,25 - 0,5|1 - 2|1 - 2|1
RAYUSDT|10101|False|0,25 - 0,5|0,5 - 1|0,25 - 0,5|0,25 - 0,5|1 - 2|1
RAYUSDT|01010|True|0,0 - 0,25|0,25 - 0,5|0,5 - 1|0,25 - 0,5|0,25 - 0,5|1
RAYUSDT|10101|True|0,0 - 0,25|0,0 - 0,25|0,25 - 0,5|0,5 - 1|0,25 - 0,5|1
RAYUSDT|11010|False|0,25 - 0,5|0,0 - 0,25|0,0 - 0,25|0,25 - 0,5|0,5 - 1|2
RAYUSDT|01101|True|0,0 - 0,25|0,25 - 0,5|0,0 - 0,25|0,0 - 0,25|0,25 - 0,5|1
RAYUSDT|10110|False|0,0 - 0,25|0,0 - 0,25|0,25 - 0,5|0,0 - 0,25|0,0 - 0,25|1
RAYUSDT|01011|True|0,25 - 0,5|0,0 - 0,25|0,0 - 0,25|0,25 - 0,5|0,0 - 0,25|2
RAYUSDT|10101|True|0,25 - 0,5|0,25 - 0,5|0,0 - 0,25|0,0 - 0,25|0,25 - 0,5|1
RAYUSDT|11010|True|0,25 - 0,5|0,25 - 0,5|0,25 - 0,5|0,0 - 0,25|0,0 - 0,25|1
RAYUSDT|11101|False|0,0 - 0,25|0,25 - 0,5|0,25 - 0,5|0,25 - 0,5|0,0 - 0,25|1
RAYUSDT|01110|False|0,25 - 0,5|0,0 - 0,25|0,25 - 0,5|0,25 - 0,5|0,25 - 0,5|1
RAYUSDT|00111|True|0,0 - 0,25|0,25 - 0,5|0,0 - 0,25|0,25 - 0,5|0,25 - 0,5|2
RAYUSDT|10011|False|0,0 - 0,25|0,0 - 0,25|0,25 - 0,5|0,0 - 0,25|0,25 - 0,5|1
RAYUSDT|01001|False|0,0 - 0,25|0,0 - 0,25|0,0 - 0,25|0,25 - 0,5|0,0 - 0,25|3
RAYUSDT|00100|True|0,25 - 0,5|0,0 - 0,25|0,0 - 0,25|0,0 - 0,25|0,25 - 0,5|2
RAYUSDT|10010|True|0,25 - 0,5|0,25 - 0,5|0,0 - 0,25|0,0 - 0,25|0,0 - 0,25|1
RAYUSDT|11001|False|0,0 - 0,25|0,25 - 0,5|0,25 - 0,5|0,0 - 0,25|0,0 - 0,25|2
RAYUSDT|01100|False|0,0 - 0,25|0,0 - 0,25|0,25 - 0,5|0,25 - 0,5|0,0 - 0,25|1
RAYUSDT|00110|False|0,0 - 0,25|0,0 - 0,25|0,0 - 0,25|0,25 - 0,5|0,25 - 0,5|1
RAYUSDT|00011|True|0,25 - 0,5|0,0 - 0,25|0,0 - 0,25|0,0 - 0,25|0,25 - 0,5|1
RAYUSDT|10001|True|0,25 - 0,5|0,25 - 0,5|0,0 - 0,25|0,0 - 0,25|0,0 - 0,25|1
RAYUSDT|11000|True|0,0 - 0,25|0,25 - 0,5|0,25 - 0,5|0,0 - 0,25|0,0 - 0,25|2
RAYUSDT|11100|False|0,0 - 0,25|0,0 - 0,25|0,25 - 0,5|0,25 - 0,5|0,0 - 0,25|2
RAYUSDT|01110|False|0,25 - 0,5|0,0 - 0,25|0,0 - 0,25|0,25 - 0,5|0,25 - 0,5|1
RAYUSDT|00111|True|1 - 2|0,25 - 0,5|0,0 - 0,25|0,0 - 0,25|0,25 - 0,5|1
RAYUSDT|10011|False|0,25 - 0,5|1 - 2|0,25 - 0,5|0,0 - 0,25|0,0 - 0,25|1
RAYUSDT|01001|True|0,0 - 0,25|0,25 - 0,5|1 - 2|0,25 - 0,5|0,0 - 0,25|1
RAYUSDT|10100|False|0,25 - 0,5|0,0 - 0,25|0,25 - 0,5|1 - 2|0,25 - 0,5|1
RAYUSDT|01010|True|0,0 - 0,25|0,25 - 0,5|0,0 - 0,25|0,25 - 0,5|1 - 2|1
RAYUSDT|10101|True|0,0 - 0,25|0,0 - 0,25|0,25 - 0,5|0,0 - 0,25|0,25 - 0,5|1
RAYUSDT|11010|False|0,0 - 0,25|0,0 - 0,25|0,0 - 0,25|0,25 - 0,5|0,0 - 0,25|2
RAYUSDT|01101|True|0,0 - 0,25|0,0 - 0,25|0,0 - 0,25|0,0 - 0,25|0,25 - 0,5|1
RAYUSDT|10110|False|0,0 - 0,25|0,0 - 0,25|0,0 - 0,25|0,0 - 0,25|0,0 - 0,25|6
RAYUSDT|01011|True|0,0 - 0,25|0,0 - 0,25|0,0 - 0,25|0,0 - 0,25|0,0 - 0,25|7
RAYUSDT|10101|True|0,0 - 0,25|0,0 - 0,25|0,0 - 0,25|0,0 - 0,25|0,0 - 0,25|11
RAYUSDT|11010|False|0,0 - 0,25|0,0 - 0,25|0,0 - 0,25|0,0 - 0,25|0,0 - 0,25|8
RAYUSDT|01101|False|0,0 - 0,25|0,0 - 0,25|0,0 - 0,25|0,0 - 0,25|0,0 - 0,25|6
RAYUSDT|00110|True|0,0 - 0,25|0,0 - 0,25|0,0 - 0,25|0,0 - 0,25|0,0 - 0,25|9
RAYUSDT|10011|True|0,0 - 0,25|0,0 - 0,25|0,0 - 0,25|0,0 - 0,25|0,0 - 0,25|5
RAYUSDT|11001|False|0,0 - 0,25|0,0 - 0,25|0,0 - 0,25|0,0 - 0,25|0,0 - 0,25|5
RAYUSDT|01100|True|0,0 - 0,25|0,0 - 0,25|0,0 - 0,25|0,0 - 0,25|0,0 - 0,25|3
RAYUSDT|10110|False|0,25 - 0,5|0,0 - 0,25|0,0 - 0,25|0,0 - 0,25|0,0 - 0,25|1
RAYUSDT|01011|False|0,25 - 0,5|0,25 - 0,5|0,0 - 0,25|0,0 - 0,25|0,0 - 0,25|1
RAYUSDT|00101|False|0,0 - 0,25|0,25 - 0,5|0,25 - 0,5|0,0 - 0,25|0,0 - 0,25|1
RAYUSDT|00010|False|0,0 - 0,25|0,0 - 0,25|0,25 - 0,5|0,25 - 0,5|0,0 - 0,25|1
RAYUSDT|00001|False|0,0 - 0,25|0,0 - 0,25|0,0 - 0,25|0,25 - 0,5|0,25 - 0,5|1
RAYUSDT|00000|False|0,0 - 0,25|0,0 - 0,25|0,0 - 0,25|0,0 - 0,25|0,25 - 0,5|4
RAYUSDT|00000|True|0,0 - 0,25|0,0 - 0,25|0,0 - 0,25|0,0 - 0,25|0,0 - 0,25|9
RAYUSDT|10000|True|0,0 - 0,25|0,0 - 0,25|0,0 - 0,25|0,0 - 0,25|0,0 - 0,25|4
RAYUSDT|11000|False|0,0 - 0,25|0,0 - 0,25|0,0 - 0,25|0,0 - 0,25|0,0 - 0,25|8
RAYUSDT|01100|False|0,0 - 0,25|0,0 - 0,25|0,0 - 0,25|0,0 - 0,25|0,0 - 0,25|11
RAYUSDT|10011|False|0,0 - 0,25|0,0 - 0,25|0,0 - 0,25|0,0 - 0,25|0,0 - 0,25|8
RAYUSDT|01001|False|0,25 - 0,5|0,0 - 0,25|0,0 - 0,25|0,0 - 0,25|0,0 - 0,25|1
RAYUSDT|00100|False|0,25 - 0,5|0,25 - 0,5|0,0 - 0,25|0,0 - 0,25|0,0 - 0,25|1
RAYUSDT|00010|False|0,25 - 0,5|0,25 - 0,5|0,25 - 0,5|0,0 - 0,25|0,0 - 0,25|1
RAYUSDT|00001|True|0,0 - 0,25|0,25 - 0,5|0,25 - 0,5|0,25 - 0,5|0,0 - 0,25|1
RAYUSDT|10000|False|0,0 - 0,25|0,0 - 0,25|0,25 - 0,5|0,25 - 0,5|0,25 - 0,5|1
RAYUSDT|01000|False|0,0 - 0,25|0,0 - 0,25|0,0 - 0,25|0,25 - 0,5|0,25 - 0,5|1
RAYUSDT|10010|True|0,0 - 0,25|0,25 - 0,5|0,0 - 0,25|0,0 - 0,25|0,0 - 0,25|4
RAYUSDT|11001|False|0,0 - 0,25|0,0 - 0,25|0,25 - 0,5|0,0 - 0,25|0,0 - 0,25|2
RAYUSDT|01100|False|0 - -0,25|0,0 - 0,25|0,0 - 0,25|0,25 - 0,5|0,0 - 0,25|1
RAYUSDT|00110|True|0,0 - 0,25|0 - -0,25|0,0 - 0,25|0,0 - 0,25|0,25 - 0,5|1
RAYUSDT|10011|True|0,0 - 0,25|0,0 - 0,25|0 - -0,25|0,0 - 0,25|0,0 - 0,25|2
RAYUSDT|11001|False|0,0 - 0,25|0,0 - 0,25|0,0 - 0,25|0 - -0,25|0,0 - 0,25|1
RAYUSDT|01100|True|0,0 - 0,25|0,0 - 0,25|0,0 - 0,25|0,0 - 0,25|0 - -0,25|1
RAYUSDT|10110|True|0,0 - 0,25|0,0 - 0,25|0,0 - 0,25|0,0 - 0,25|0,0 - 0,25|4
RAYUSDT|11011|False|0,0 - 0,25|0,0 - 0,25|0,0 - 0,25|0,0 - 0,25|0,0 - 0,25|5
RAYUSDT|01101|True|0,0 - 0,25|0,0 - 0,25|0,0 - 0,25|0,0 - 0,25|0,0 - 0,25|6
RAYUSDT|11010|True|0,25 - 0,5|0,0 - 0,25|0,0 - 0,25|0,0 - 0,25|0,0 - 0,25|2
RAYUSDT|11101|False|0,0 - 0,25|0,25 - 0,5|0,0 - 0,25|0,0 - 0,25|0,0 - 0,25|1
RAYUSDT|01110|True|0,0 - 0,25|0,0 - 0,25|0,25 - 0,5|0,0 - 0,25|0,0 - 0,25|1
RAYUSDT|10111|True|0,0 - 0,25|0,0 - 0,25|0,0 - 0,25|0,25 - 0,5|0,0 - 0,25|1
RAYUSDT|11011|False|0,0 - 0,25|0,0 - 0,25|0,0 - 0,25|0,0 - 0,25|0,25 - 0,5|2
RAYUSDT|01101|False|0,25 - 0,5|0,0 - 0,25|0,0 - 0,25|0,0 - 0,25|0,0 - 0,25|2
RAYUSDT|00110|True|0,0 - 0,25|0,25 - 0,5|0,0 - 0,25|0,0 - 0,25|0,0 - 0,25|3
RAYUSDT|10011|False|0,0 - 0,25|0,0 - 0,25|0,25 - 0,5|0,0 - 0,25|0,0 - 0,25|3
RAYUSDT|00100|False|0,5 - 1|0,0 - 0,25|0,0 - 0,25|0,0 - 0,25|0,25 - 0,5|1
RAYUSDT|00010|False|0,0 - 0,25|0,5 - 1|0,0 - 0,25|0,0 - 0,25|0,0 - 0,25|1
RAYUSDT|00001|True|0,0 - 0,25|0,0 - 0,25|0,5 - 1|0,0 - 0,25|0,0 - 0,25|1
RAYUSDT|10000|False|0,25 - 0,5|0,0 - 0,25|0,0 - 0,25|0,5 - 1|0,0 - 0,25|1
RAYUSDT|01000|True|0,0 - 0,25|0,25 - 0,5|0,0 - 0,25|0,0 - 0,25|0,5 - 1|1
RAYUSDT|10100|False|0,0 - 0,25|0,0 - 0,25|0,25 - 0,5|0,0 - 0,25|0,0 - 0,25|4
RAYUSDT|01010|False|0,25 - 0,5|0,0 - 0,25|0,0 - 0,25|0,25 - 0,5|0,0 - 0,25|1
RAYUSDT|00101|True|0,25 - 0,5|0,25 - 0,5|0,0 - 0,25|0,0 - 0,25|0,25 - 0,5|1
RAYUSDT|10010|False|0,5 - 1|0,25 - 0,5|0,25 - 0,5|0,0 - 0,25|0,0 - 0,25|1
RAYUSDT|01001|True|0,0 - 0,25|0,5 - 1|0,25 - 0,5|0,25 - 0,5|0,0 - 0,25|1
RAYUSDT|10100|True|0,0 - 0,25|0,0 - 0,25|0,5 - 1|0,25 - 0,5|0,25 - 0,5|1
RAYUSDT|11010|False|0,0 - 0,25|0,0 - 0,25|0,0 - 0,25|0,5 - 1|0,25 - 0,5|1
RAYUSDT|01101|True|0,0 - 0,25|0,0 - 0,25|0,0 - 0,25|0,0 - 0,25|0,5 - 1|1
RAYUSDT|11011|True|0,0 - 0,25|0,0 - 0,25|0,0 - 0,25|0,0 - 0,25|0,0 - 0,25|4
RAYUSDT|11101|True|0,0 - 0,25|0,0 - 0,25|0,0 - 0,25|0,0 - 0,25|0,0 - 0,25|4
RAYUSDT|11110|False|0,0 - 0,25|0,0 - 0,25|0,0 - 0,25|0,0 - 0,25|0,0 - 0,25|5
RAYUSDT|01111|True|0,0 - 0,25|0,0 - 0,25|0,0 - 0,25|0,0 - 0,25|0,0 - 0,25|4
RAYUSDT|10111|False|0,0 - 0,25|0,0 - 0,25|0,0 - 0,25|0,0 - 0,25|0,0 - 0,25|8
RAYUSDT|01011|False|0,0 - 0,25|0,0 - 0,25|0,0 - 0,25|0,0 - 0,25|0,0 - 0,25|7
RAYUSDT|00101|False|0 - -0,25|0,0 - 0,25|0,0 - 0,25|0,0 - 0,25|0,0 - 0,25|2
RAYUSDT|00010|False|0,0 - 0,25|0 - -0,25|0,0 - 0,25|0,0 - 0,25|0,0 - 0,25|3
RAYUSDT|00001|True|0 - -0,25|0,0 - 0,25|0 - -0,25|0,0 - 0,25|0,0 - 0,25|1
RAYUSDT|10000|True|0,0 - 0,25|0 - -0,25|0,0 - 0,25|0 - -0,25|0,0 - 0,25|1
RAYUSDT|11000|True|0,0 - 0,25|0,0 - 0,25|0 - -0,25|0,0 - 0,25|0 - -0,25|1
RAYUSDT|11100|False|0,0 - 0,25|0,0 - 0,25|0,0 - 0,25|0 - -0,25|0,0 - 0,25|1
RAYUSDT|01110|False|0,0 - 0,25|0,0 - 0,25|0,0 - 0,25|0,0 - 0,25|0 - -0,25|1
RAYUSDT|00111|True|0,0 - 0,25|0,0 - 0,25|0,0 - 0,25|0,0 - 0,25|0,0 - 0,25|4
RAYUSDT|00110|False|0 - -0,25|0,0 - 0,25|0,0 - 0,25|0,0 - 0,25|0,0 - 0,25|1
RAYUSDT|00011|False|0,0 - 0,25|0 - -0,25|0,0 - 0,25|0,0 - 0,25|0,0 - 0,25|1
RAYUSDT|00001|False|0,0 - 0,25|0,0 - 0,25|0 - -0,25|0,0 - 0,25|0,0 - 0,25|1
RAYUSDT|00000|True|0,0 - 0,25|0,0 - 0,25|0,0 - 0,25|0 - -0,25|0,0 - 0,25|1
RAYUSDT|10000|True|0,0 - 0,25|0,0 - 0,25|0,0 - 0,25|0,0 - 0,25|0 - -0,25|1
RAYUSDT|01100|False|0,25 - 0,5|0,0 - 0,25|0,0 - 0,25|0,0 - 0,25|0,0 - 0,25|2
RAYUSDT|10011|True|0,0 - 0,25|0,0 - 0,25|0,25 - 0,5|0,0 - 0,25|0,0 - 0,25|3
RAYUSDT|11001|True|0,0 - 0,25|0,0 - 0,25|0,0 - 0,25|0,25 - 0,5|0,0 - 0,25|2
RAYUSDT|11100|False|0,0 - 0,25|0,0 - 0,25|0,0 - 0,25|0,0 - 0,25|0,25 - 0,5|1
RAYUSDT|01110|False|0,25 - 0,5|0,0 - 0,25|0,0 - 0,25|0,0 - 0,25|0,0 - 0,25|2
RAYUSDT|00111|True|0,0 - 0,25|0,25 - 0,5|0,0 - 0,25|0,0 - 0,25|0,0 - 0,25|2
RAYUSDT|11001|False|0,0 - 0,25|0,0 - 0,25|0,0 - 0,25|0,25 - 0,5|0,0 - 0,25|1
RAYUSDT|01100|True|0,0 - 0,25|0,0 - 0,25|0,0 - 0,25|0,0 - 0,25|0,25 - 0,5|1
RAYUSDT|11101|True|0,25 - 0,5|0,0 - 0,25|0,0 - 0,25|0,0 - 0,25|0,0 - 0,25|1
RAYUSDT|11110|False|0,0 - 0,25|0,25 - 0,5|0,0 - 0,25|0,0 - 0,25|0,0 - 0,25|1
RAYUSDT|01111|True|0,25 - 0,5|0,0 - 0,25|0,25 - 0,5|0,0 - 0,25|0,0 - 0,25|1
RAYUSDT|10111|False|0,0 - 0,25|0,25 - 0,5|0,0 - 0,25|0,25 - 0,5|0,0 - 0,25|1
RAYUSDT|01011|True|0,25 - 0,5|0,0 - 0,25|0,25 - 0,5|0,0 - 0,25|0,25 - 0,5|2
RAYUSDT|10101|True|0,0 - 0,25|0,25 - 0,5|0,0 - 0,25|0,25 - 0,5|0,0 - 0,25|2
RAYUSDT|11010|False|0,25 - 0,5|0,0 - 0,25|0,25 - 0,5|0,0 - 0,25|0,25 - 0,5|2
RAYUSDT|01101|False|0,25 - 0,5|0,25 - 0,5|0,0 - 0,25|0,25 - 0,5|0,0 - 0,25|1
RAYUSDT|00110|False|0,0 - 0,25|0,25 - 0,5|0,25 - 0,5|0,0 - 0,25|0,25 - 0,5|2
RAYUSDT|00011|True|0,0 - 0,25|0,0 - 0,25|0,25 - 0,5|0,25 - 0,5|0,0 - 0,25|2
RAYUSDT|10001|True|0,0 - 0,25|0,0 - 0,25|0,0 - 0,25|0,25 - 0,5|0,25 - 0,5|2
RAYUSDT|11000|True|0,0 - 0,25|0,0 - 0,25|0,0 - 0,25|0,0 - 0,25|0,25 - 0,5|2
RAYUSDT|11100|False|0,0 - 0,25|0,0 - 0,25|0,0 - 0,25|0,0 - 0,25|0,0 - 0,25|4
RAYUSDT|11100|False|0,5 - 1|0,0 - 0,25|0,0 - 0,25|0,0 - 0,25|0,25 - 0,5|1
RAYUSDT|01110|True|0,5 - 1|0,5 - 1|0,0 - 0,25|0,0 - 0,25|0,0 - 0,25|1
RAYUSDT|10111|False|0,25 - 0,5|0,5 - 1|0,5 - 1|0,0 - 0,25|0,0 - 0,25|1
RAYUSDT|01011|True|0,0 - 0,25|0,25 - 0,5|0,5 - 1|0,5 - 1|0,0 - 0,25|1
RAYUSDT|10101|True|0,0 - 0,25|0,0 - 0,25|0,25 - 0,5|0,5 - 1|0,5 - 1|2
RAYUSDT|01101|True|0,25 - 0,5|0,25 - 0,5|0,0 - 0,25|0,0 - 0,25|0,25 - 0,5|3
RAYUSDT|10110|False|0,25 - 0,5|0,25 - 0,5|0,25 - 0,5|0,0 - 0,25|0,0 - 0,25|2
RAYUSDT|01011|True|0,5 - 1|0,25 - 0,5|0,25 - 0,5|0,25 - 0,5|0,0 - 0,25|1
RAYUSDT|10101|True|0,25 - 0,5|0,5 - 1|0,25 - 0,5|0,25 - 0,5|0,25 - 0,5|2
RAYUSDT|11010|True|0,0 - 0,25|0,25 - 0,5|0,5 - 1|0,25 - 0,5|0,25 - 0,5|1
RAYUSDT|11101|False|0,0 - 0,25|0,0 - 0,25|0,25 - 0,5|0,5 - 1|0,25 - 0,5|1
RAYUSDT|01110|True|0,0 - 0,25|0,0 - 0,25|0,0 - 0,25|0,25 - 0,5|0,5 - 1|1
RAYUSDT|10111|False|0,25 - 0,5|0,0 - 0,25|0,0 - 0,25|0,0 - 0,25|0,25 - 0,5|1
RAYUSDT|01011|True|0,5 - 1|0,25 - 0,5|0,0 - 0,25|0,0 - 0,25|0,0 - 0,25|1
RAYUSDT|10101|True|0,5 - 1|0,5 - 1|0,25 - 0,5|0,0 - 0,25|0,0 - 0,25|1
RAYUSDT|11010|True|0,5 - 1|0,5 - 1|0,5 - 1|0,25 - 0,5|0,0 - 0,25|1
RAYUSDT|11101|True|0,25 - 0,5|0,5 - 1|0,5 - 1|0,5 - 1|0,25 - 0,5|1
RAYUSDT|11110|True|0,0 - 0,25|0,25 - 0,5|0,5 - 1|0,5 - 1|0,5 - 1|1
RAYUSDT|11111|False|0,0 - 0,25|0,0 - 0,25|0,25 - 0,5|0,5 - 1|0,5 - 1|1
RAYUSDT|01111|False|0,0 - 0,25|0,0 - 0,25|0,0 - 0,25|0,25 - 0,5|0,5 - 1|1
RAYUSDT|00111|True|1 - 2|0,0 - 0,25|0,0 - 0,25|0,0 - 0,25|0,25 - 0,5|1
RAYUSDT|10011|True|0,0 - 0,25|1 - 2|0,0 - 0,25|0,0 - 0,25|0,0 - 0,25|1
RAYUSDT|11001|True|0,25 - 0,5|0,0 - 0,25|1 - 2|0,0 - 0,25|0,0 - 0,25|1
RAYUSDT|11100|True|0,25 - 0,5|0,25 - 0,5|0,0 - 0,25|1 - 2|0,0 - 0,25|1
RAYUSDT|11110|False|0,5 - 1|0,25 - 0,5|0,25 - 0,5|0,0 - 0,25|1 - 2|1
RAYUSDT|01111|True|0,5 - 1|0,5 - 1|0,25 - 0,5|0,25 - 0,5|0,0 - 0,25|1
RAYUSDT|10111|False|0,25 - 0,5|0,5 - 1|0,5 - 1|0,25 - 0,5|0,25 - 0,5|1
RAYUSDT|01011|True|0,0 - 0,25|0,25 - 0,5|0,5 - 1|0,5 - 1|0,25 - 0,5|1
RAYUSDT|11010|True|0,0 - 0,25|0,0 - 0,25|0,0 - 0,25|0,25 - 0,5|0,5 - 1|1
RAYUSDT|11101|True|0,25 - 0,5|0,0 - 0,25|0,0 - 0,25|0,0 - 0,25|0,25 - 0,5|1
RAYUSDT|11110|True|0,5 - 1|0,25 - 0,5|0,0 - 0,25|0,0 - 0,25|0,0 - 0,25|1
RAYUSDT|11111|True|0,5 - 1|0,5 - 1|0,25 - 0,5|0,0 - 0,25|0,0 - 0,25|1
RAYUSDT|11111|False|0,5 - 1|0,5 - 1|0,5 - 1|0,25 - 0,5|0,0 - 0,25|1
RAYUSDT|01111|True|1 - 2|0,5 - 1|0,5 - 1|0,5 - 1|0,25 - 0,5|1
RAYUSDT|10111|False|0,5 - 1|1 - 2|0,5 - 1|0,5 - 1|0,5 - 1|1
RAYUSDT|01011|False|0,5 - 1|0,5 - 1|1 - 2|0,5 - 1|0,5 - 1|1
RAYUSDT|00101|False|0,25 - 0,5|0,5 - 1|0,5 - 1|1 - 2|0,5 - 1|1
RAYUSDT|00010|False|0,5 - 1|0,25 - 0,5|0,5 - 1|0,5 - 1|1 - 2|1
RAYUSDT|00001|False|0,5 - 1|0,5 - 1|0,25 - 0,5|0,5 - 1|0,5 - 1|1
RAYUSDT|00000|False|0,5 - 1|0,5 - 1|0,5 - 1|0,25 - 0,5|0,5 - 1|1
RAYUSDT|00000|False|1 - 2|0,5 - 1|0,5 - 1|0,5 - 1|0,25 - 0,5|1
RAYUSDT|00000|True|0,5 - 1|1 - 2|0,5 - 1|0,5 - 1|0,5 - 1|1
RAYUSDT|10000|False|0,25 - 0,5|0,5 - 1|1 - 2|0,5 - 1|0,5 - 1|1
RAYUSDT|01000|False|0,25 - 0,5|0,25 - 0,5|0,5 - 1|1 - 2|0,5 - 1|1
RAYUSDT|00100|False|0,5 - 1|0,25 - 0,5|0,25 - 0,5|0,5 - 1|1 - 2|1
RAYUSDT|00010|False|0,25 - 0,5|0,5 - 1|0,25 - 0,5|0,25 - 0,5|0,5 - 1|1
RAYUSDT|00001|False|0,25 - 0,5|0,25 - 0,5|0,5 - 1|0,25 - 0,5|0,25 - 0,5|1
RAYUSDT|00000|True|0,25 - 0,5|0,25 - 0,5|0,25 - 0,5|0,5 - 1|0,25 - 0,5|1
RAYUSDT|10000|False|0,25 - 0,5|0,25 - 0,5|0,25 - 0,5|0,25 - 0,5|0,5 - 1|1
RAYUSDT|01000|False|0,0 - 0,25|0,25 - 0,5|0,25 - 0,5|0,25 - 0,5|0,25 - 0,5|1
RAYUSDT|00100|False|0,25 - 0,5|0,0 - 0,25|0,25 - 0,5|0,25 - 0,5|0,25 - 0,5|1
RAYUSDT|00010|True|0,25 - 0,5|0,25 - 0,5|0,0 - 0,25|0,25 - 0,5|0,25 - 0,5|1
RAYUSDT|10001|True|0,25 - 0,5|0,25 - 0,5|0,25 - 0,5|0,0 - 0,25|0,25 - 0,5|1
RAYUSDT|11000|True|0,0 - 0,25|0,25 - 0,5|0,25 - 0,5|0,25 - 0,5|0,0 - 0,25|1
RAYUSDT|11100|False|0,0 - 0,25|0,0 - 0,25|0,25 - 0,5|0,25 - 0,5|0,25 - 0,5|1
RAYUSDT|01110|False|0,5 - 1|0,0 - 0,25|0,0 - 0,25|0,25 - 0,5|0,25 - 0,5|1
RAYUSDT|00111|True|0,25 - 0,5|0,5 - 1|0,0 - 0,25|0,0 - 0,25|0,25 - 0,5|1
RAYUSDT|10011|False|0,5 - 1|0,25 - 0,5|0,5 - 1|0,0 - 0,25|0,0 - 0,25|1
RAYUSDT|01001|True|0,25 - 0,5|0,5 - 1|0,25 - 0,5|0,5 - 1|0,0 - 0,25|1
RAYUSDT|10100|False|0,25 - 0,5|0,25 - 0,5|0,5 - 1|0,25 - 0,5|0,5 - 1|1
RAYUSDT|01010|True|0,0 - 0,25|0,25 - 0,5|0,25 - 0,5|0,5 - 1|0,25 - 0,5|1
RAYUSDT|10101|True|0,0 - 0,25|0,0 - 0,25|0,25 - 0,5|0,25 - 0,5|0,5 - 1|1
RAYUSDT|11010|False|0,25 - 0,5|0,0 - 0,25|0,0 - 0,25|0,25 - 0,5|0,25 - 0,5|2
RAYUSDT|01011|True|0,0 - 0,25|0,25 - 0,5|0,25 - 0,5|0,25 - 0,5|0,0 - 0,25|1
RAYUSDT|10101|False|0,5 - 1|0,0 - 0,25|0,25 - 0,5|0,25 - 0,5|0,25 - 0,5|1
RAYUSDT|01010|False|0,5 - 1|0,5 - 1|0,0 - 0,25|0,25 - 0,5|0,25 - 0,5|1
RAYUSDT|00101|False|0,25 - 0,5|0,5 - 1|0,5 - 1|0,0 - 0,25|0,25 - 0,5|1
RAYUSDT|00010|True|0,0 - 0,25|0,25 - 0,5|0,5 - 1|0,5 - 1|0,0 - 0,25|1
RAYUSDT|10001|True|0,0 - 0,25|0,0 - 0,25|0,25 - 0,5|0,5 - 1|0,5 - 1|1
RAYUSDT|11000|True|0,0 - 0,25|0,0 - 0,25|0,0 - 0,25|0,25 - 0,5|0,5 - 1|1
RAYUSDT|11100|False|0,25 - 0,5|0,0 - 0,25|0,0 - 0,25|0,0 - 0,25|0,25 - 0,5|1
RAYUSDT|01110|False|0,25 - 0,5|0,25 - 0,5|0,0 - 0,25|0,0 - 0,25|0,0 - 0,25|1
RAYUSDT|00111|True|0,0 - 0,25|0,25 - 0,5|0,25 - 0,5|0,0 - 0,25|0,0 - 0,25|1
RAYUSDT|10011|False|0,25 - 0,5|0,0 - 0,25|0,25 - 0,5|0,25 - 0,5|0,0 - 0,25|1
RAYUSDT|01001|False|0,0 - 0,25|0,25 - 0,5|0,0 - 0,25|0,25 - 0,5|0,25 - 0,5|1
RAYUSDT|00100|False|0,0 - 0,25|0,0 - 0,25|0,25 - 0,5|0,0 - 0,25|0,25 - 0,5|1
RAYUSDT|00010|True|0,0 - 0,25|0,0 - 0,25|0,0 - 0,25|0,25 - 0,5|0,0 - 0,25|2
RAYUSDT|10001|False|0,25 - 0,5|0,0 - 0,25|0,0 - 0,25|0,0 - 0,25|0,25 - 0,5|2
RAYUSDT|01000|True|0,0 - 0,25|0,25 - 0,5|0,0 - 0,25|0,0 - 0,25|0,0 - 0,25|4
RAYUSDT|10100|True|0,0 - 0,25|0,0 - 0,25|0,25 - 0,5|0,0 - 0,25|0,0 - 0,25|3
RAYUSDT|11010|False|0,5 - 1|0,0 - 0,25|0,0 - 0,25|0,25 - 0,5|0,0 - 0,25|1
RAYUSDT|01101|False|0,5 - 1|0,5 - 1|0,0 - 0,25|0,0 - 0,25|0,25 - 0,5|1
RAYUSDT|00110|True|0,0 - 0,25|0,5 - 1|0,5 - 1|0,0 - 0,25|0,0 - 0,25|1
RAYUSDT|10011|False|0,0 - 0,25|0,0 - 0,25|0,5 - 1|0,5 - 1|0,0 - 0,25|1
RAYUSDT|01001|False|0,0 - 0,25|0,0 - 0,25|0,0 - 0,25|0,5 - 1|0,5 - 1|1
RAYUSDT|00100|True|0,0 - 0,25|0,0 - 0,25|0,0 - 0,25|0,0 - 0,25|0,5 - 1|1
RAYUSDT|10010|True|0,25 - 0,5|0,0 - 0,25|0,0 - 0,25|0,0 - 0,25|0,0 - 0,25|1
RAYUSDT|11001|False|0,25 - 0,5|0,25 - 0,5|0,0 - 0,25|0,0 - 0,25|0,0 - 0,25|1
RAYUSDT|01100|True|0,0 - 0,25|0,25 - 0,5|0,25 - 0,5|0,0 - 0,25|0,0 - 0,25|1
RAYUSDT|10110|False|0,0 - 0,25|0,0 - 0,25|0,25 - 0,5|0,25 - 0,5|0,0 - 0,25|1
RAYUSDT|01011|False|0,0 - 0,25|0,0 - 0,25|0,0 - 0,25|0,25 - 0,5|0,25 - 0,5|1
RAYUSDT|00101|True|0,25 - 0,5|0,0 - 0,25|0,0 - 0,25|0,0 - 0,25|0,25 - 0,5|2
RAYUSDT|01100|False|0,25 - 0,5|0,0 - 0,25|0,0 - 0,25|0,25 - 0,5|0,0 - 0,25|1
RAYUSDT|00110|False|0,0 - 0,25|0,25 - 0,5|0,0 - 0,25|0,0 - 0,25|0,25 - 0,5|1
RAYUSDT|00011|True|0,0 - 0,25|0,0 - 0,25|0,25 - 0,5|0,0 - 0,25|0,0 - 0,25|1
RAYUSDT|10001|True|0,0 - 0,25|0,0 - 0,25|0,0 - 0,25|0,25 - 0,5|0,0 - 0,25|1
RAYUSDT|11000|False|0,5 - 1|0,0 - 0,25|0,0 - 0,25|0,0 - 0,25|0,25 - 0,5|1
RAYUSDT|01100|True|0,5 - 1|0,5 - 1|0,0 - 0,25|0,0 - 0,25|0,0 - 0,25|1
RAYUSDT|10110|False|0,5 - 1|0,5 - 1|0,5 - 1|0,0 - 0,25|0,0 - 0,25|1
RAYUSDT|01011|True|0,25 - 0,5|0,5 - 1|0,5 - 1|0,5 - 1|0,0 - 0,25|1
RAYUSDT|10101|False|0,25 - 0,5|0,25 - 0,5|0,5 - 1|0,5 - 1|0,5 - 1|1
RAYUSDT|01010|False|0,25 - 0,5|0,25 - 0,5|0,25 - 0,5|0,5 - 1|0,5 - 1|1
RAYUSDT|00101|True|0,25 - 0,5|0,25 - 0,5|0,25 - 0,5|0,25 - 0,5|0,5 - 1|1
RAYUSDT|10010|True|0,25 - 0,5|0,25 - 0,5|0,25 - 0,5|0,25 - 0,5|0,25 - 0,5|2
RAYUSDT|11001|False|0,0 - 0,25|0,25 - 0,5|0,25 - 0,5|0,25 - 0,5|0,25 - 0,5|1
RAYUSDT|01100|True|0,0 - 0,25|0,0 - 0,25|0,25 - 0,5|0,25 - 0,5|0,25 - 0,5|1
RAYUSDT|10110|True|0,25 - 0,5|0,0 - 0,25|0,0 - 0,25|0,25 - 0,5|0,25 - 0,5|1
RAYUSDT|11011|True|0,25 - 0,5|0,25 - 0,5|0,0 - 0,25|0,0 - 0,25|0,25 - 0,5|1
RAYUSDT|11101|False|0,0 - 0,25|0,25 - 0,5|0,25 - 0,5|0,0 - 0,25|0,0 - 0,25|1
RAYUSDT|01110|False|0,25 - 0,5|0,0 - 0,25|0,25 - 0,5|0,25 - 0,5|0,0 - 0,25|1
RAYUSDT|00111|True|0,25 - 0,5|0,25 - 0,5|0,0 - 0,25|0,25 - 0,5|0,25 - 0,5|1
RAYUSDT|10011|True|0,25 - 0,5|0,25 - 0,5|0,25 - 0,5|0,0 - 0,25|0,25 - 0,5|2
RAYUSDT|11001|False|0,25 - 0,5|0,25 - 0,5|0,25 - 0,5|0,25 - 0,5|0,0 - 0,25|1
RAYUSDT|01100|True|0,5 - 1|0,25 - 0,5|0,25 - 0,5|0,25 - 0,5|0,25 - 0,5|1
RAYUSDT|10110|False|0,25 - 0,5|0,5 - 1|0,25 - 0,5|0,25 - 0,5|0,25 - 0,5|1
RAYUSDT|01011|False|0,25 - 0,5|0,25 - 0,5|0,5 - 1|0,25 - 0,5|0,25 - 0,5|1
RAYUSDT|00101|True|0,0 - 0,25|0,25 - 0,5|0,25 - 0,5|0,5 - 1|0,25 - 0,5|1
RAYUSDT|10010|False|0,0 - 0,25|0,0 - 0,25|0,25 - 0,5|0,25 - 0,5|0,5 - 1|1
RAYUSDT|01001|False|0,0 - 0,25|0,0 - 0,25|0,0 - 0,25|0,25 - 0,5|0,25 - 0,5|1
RAYUSDT|00100|True|0,0 - 0,25|0,0 - 0,25|0,0 - 0,25|0,0 - 0,25|0,25 - 0,5|2
RAYUSDT|10010|False|0,0 - 0,25|0,0 - 0,25|0,0 - 0,25|0,0 - 0,25|0,0 - 0,25|13
RAYUSDT|01001|False|0,0 - 0,25|0,0 - 0,25|0,0 - 0,25|0,0 - 0,25|0,0 - 0,25|10
RAYUSDT|00100|True|0,25 - 0,5|0,0 - 0,25|0,0 - 0,25|0,0 - 0,25|0,0 - 0,25|3
RAYUSDT|11001|False|0,25 - 0,5|0,0 - 0,25|0,25 - 0,5|0,0 - 0,25|0,0 - 0,25|2
RAYUSDT|01100|False|0,25 - 0,5|0,25 - 0,5|0,0 - 0,25|0,25 - 0,5|0,0 - 0,25|1
RAYUSDT|10001|False|0,25 - 0,5|0,0 - 0,25|0,0 - 0,25|0,25 - 0,5|0,25 - 0,5|1
RAYUSDT|01000|False|0,25 - 0,5|0,25 - 0,5|0,0 - 0,25|0,0 - 0,25|0,25 - 0,5|1
RAYUSDT|00100|False|0,5 - 1|0,25 - 0,5|0,25 - 0,5|0,0 - 0,25|0,0 - 0,25|1
RAYUSDT|00010|True|0,0 - 0,25|0,5 - 1|0,25 - 0,5|0,25 - 0,5|0,0 - 0,25|1
RAYUSDT|10001|True|0,25 - 0,5|0,0 - 0,25|0,5 - 1|0,25 - 0,5|0,25 - 0,5|1
RAYUSDT|11000|True|0,0 - 0,25|0,25 - 0,5|0,0 - 0,25|0,5 - 1|0,25 - 0,5|1
RAYUSDT|11100|False|0,0 - 0,25|0,0 - 0,25|0,25 - 0,5|0,0 - 0,25|0,5 - 1|1
RAYUSDT|01110|True|0,25 - 0,5|0,0 - 0,25|0,0 - 0,25|0,25 - 0,5|0,0 - 0,25|1
RAYUSDT|10111|True|0,25 - 0,5|0,25 - 0,5|0,0 - 0,25|0,0 - 0,25|0,25 - 0,5|1
RAYUSDT|11011|False|0,0 - 0,25|0,25 - 0,5|0,25 - 0,5|0,0 - 0,25|0,0 - 0,25|2
RAYUSDT|01101|True|0,0 - 0,25|0,0 - 0,25|0,25 - 0,5|0,25 - 0,5|0,0 - 0,25|1
RAYUSDT|10110|False|0,0 - 0,25|0,0 - 0,25|0,0 - 0,25|0,25 - 0,5|0,25 - 0,5|1
RAYUSDT|01011|False|0,5 - 1|0,0 - 0,25|0,0 - 0,25|0,0 - 0,25|0,25 - 0,5|1
RAYUSDT|00101|True|0,25 - 0,5|0,5 - 1|0,0 - 0,25|0,0 - 0,25|0,0 - 0,25|1
RAYUSDT|10010|False|0,5 - 1|0,25 - 0,5|0,5 - 1|0,0 - 0,25|0,0 - 0,25|1
RAYUSDT|01001|False|0,0 - 0,25|0,5 - 1|0,25 - 0,5|0,5 - 1|0,0 - 0,25|1
RAYUSDT|00100|True|0,0 - 0,25|0,0 - 0,25|0,5 - 1|0,25 - 0,5|0,5 - 1|1
RAYUSDT|10010|True|0,0 - 0,25|0,0 - 0,25|0,0 - 0,25|0,5 - 1|0,25 - 0,5|1
RAYUSDT|11001|False|0,0 - 0,25|0,0 - 0,25|0,0 - 0,25|0,0 - 0,25|0,5 - 1|1
RAYUSDT|01001|False|0,5 - 1|0,0 - 0,25|0,0 - 0,25|0,0 - 0,25|0,0 - 0,25|2
RAYUSDT|00100|True|0,5 - 1|0,5 - 1|0,0 - 0,25|0,0 - 0,25|0,0 - 0,25|1
RAYUSDT|10010|True|0,0 - 0,25|0,5 - 1|0,5 - 1|0,0 - 0,25|0,0 - 0,25|1
RAYUSDT|11001|True|0,0 - 0,25|0,0 - 0,25|0,5 - 1|0,5 - 1|0,0 - 0,25|1
RAYUSDT|11100|False|0,0 - 0,25|0,0 - 0,25|0,0 - 0,25|0,5 - 1|0,5 - 1|1
RAYUSDT|01110|False|0,0 - 0,25|0,0 - 0,25|0,0 - 0,25|0,0 - 0,25|0,5 - 1|1
RAYUSDT|00111|False|0,5 - 1|0,0 - 0,25|0,0 - 0,25|0,0 - 0,25|0,0 - 0,25|1
RAYUSDT|00011|True|0,0 - 0,25|0,5 - 1|0,0 - 0,25|0,0 - 0,25|0,0 - 0,25|1
RAYUSDT|10001|True|0,0 - 0,25|0,0 - 0,25|0,5 - 1|0,0 - 0,25|0,0 - 0,25|1
RAYUSDT|11000|False|0,25 - 0,5|0,0 - 0,25|0,0 - 0,25|0,5 - 1|0,0 - 0,25|1
RAYUSDT|01100|False|0,25 - 0,5|0,25 - 0,5|0,0 - 0,25|0,0 - 0,25|0,5 - 1|1
RAYUSDT|00110|False|0,0 - 0,25|0,25 - 0,5|0,25 - 0,5|0,0 - 0,25|0,0 - 0,25|1
RAYUSDT|00011|False|0,0 - 0,25|0,0 - 0,25|0,25 - 0,5|0,25 - 0,5|0,0 - 0,25|1
RAYUSDT|00001|False|0,25 - 0,5|0,0 - 0,25|0,0 - 0,25|0,25 - 0,5|0,25 - 0,5|1
RAYUSDT|00000|False|0,5 - 1|0,25 - 0,5|0,0 - 0,25|0,0 - 0,25|0,25 - 0,5|1
RAYUSDT|00000|False|0,0 - 0,25|0,5 - 1|0,25 - 0,5|0,0 - 0,25|0,0 - 0,25|1
RAYUSDT|00000|True|0,5 - 1|0,0 - 0,25|0,5 - 1|0,25 - 0,5|0,0 - 0,25|1
RAYUSDT|10000|True|0,25 - 0,5|0,5 - 1|0,0 - 0,25|0,5 - 1|0,25 - 0,5|1
RAYUSDT|11000|False|0,0 - 0,25|0,25 - 0,5|0,5 - 1|0,0 - 0,25|0,5 - 1|1
RAYUSDT|01100|False|0,25 - 0,5|0,0 - 0,25|0,25 - 0,5|0,5 - 1|0,0 - 0,25|1
RAYUSDT|00110|True|0,25 - 0,5|0,25 - 0,5|0,0 - 0,25|0,25 - 0,5|0,5 - 1|1
RAYUSDT|11001|False|0,0 - 0,25|0,25 - 0,5|0,25 - 0,5|0,25 - 0,5|0,0 - 0,25|1
RAYUSDT|01100|True|0,25 - 0,5|0,0 - 0,25|0,25 - 0,5|0,25 - 0,5|0,25 - 0,5|1
RAYUSDT|10110|False|0,0 - 0,25|0,25 - 0,5|0,0 - 0,25|0,25 - 0,5|0,25 - 0,5|1
RAYUSDT|11010|False|0,5 - 1|0,0 - 0,25|0,25 - 0,5|0,0 - 0,25|0,25 - 0,5|1
RAYUSDT|01101|False|0,0 - 0,25|0,5 - 1|0,0 - 0,25|0,25 - 0,5|0,0 - 0,25|1
RAYUSDT|00110|False|0,25 - 0,5|0,0 - 0,25|0,5 - 1|0,0 - 0,25|0,25 - 0,5|1
RAYUSDT|00011|False|0,0 - 0,25|0,25 - 0,5|0,0 - 0,25|0,5 - 1|0,0 - 0,25|1
RAYUSDT|00001|False|0,25 - 0,5|0,0 - 0,25|0,25 - 0,5|0,0 - 0,25|0,5 - 1|1
RAYUSDT|00000|True|0,0 - 0,25|0,25 - 0,5|0,0 - 0,25|0,25 - 0,5|0,0 - 0,25|1
RAYUSDT|10000|True|0,0 - 0,25|0,0 - 0,25|0,25 - 0,5|0,0 - 0,25|0,25 - 0,5|1
RAYUSDT|11000|True|0,25 - 0,5|0,0 - 0,25|0,0 - 0,25|0,25 - 0,5|0,0 - 0,25|1
RAYUSDT|11100|True|0,0 - 0,25|0,25 - 0,5|0,0 - 0,25|0,0 - 0,25|0,25 - 0,5|1
RAYUSDT|11110|False|0,0 - 0,25|0,0 - 0,25|0,25 - 0,5|0,0 - 0,25|0,0 - 0,25|2
RAYUSDT|01111|True|0,0 - 0,25|0,0 - 0,25|0,0 - 0,25|0,25 - 0,5|0,0 - 0,25|1
RAYUSDT|10111|False|0,0 - 0,25|0,0 - 0,25|0,0 - 0,25|0,0 - 0,25|0,25 - 0,5|1
RAYUSDT|00101|False|0,0 - 0,25|0,0 - 0,25|0,0 - 0,25|0,0 - 0,25|0,0 - 0,25|8
RAYUSDT|00010|True|0,0 - 0,25|0,0 - 0,25|0,0 - 0,25|0,0 - 0,25|0,0 - 0,25|6
RAYUSDT|10001|False|0,0 - 0,25|0,0 - 0,25|0,0 - 0,25|0,0 - 0,25|0,0 - 0,25|8
RAYUSDT|01000|False|0,0 - 0,25|0,0 - 0,25|0,0 - 0,25|0,0 - 0,25|0,0 - 0,25|12
RAYUSDT|00100|True|0,0 - 0,25|0,0 - 0,25|0,0 - 0,25|0,0 - 0,25|0,0 - 0,25|8
RAYUSDT|00100|True|0,25 - 0,5|0,5 - 1|0,0 - 0,25|0,0 - 0,25|0,0 - 0,25|1
RAYUSDT|10010|True|0,0 - 0,25|0,25 - 0,5|0,5 - 1|0,0 - 0,25|0,0 - 0,25|1
RAYUSDT|11001|False|0,0 - 0,25|0,0 - 0,25|0,25 - 0,5|0,5 - 1|0,0 - 0,25|1
RAYUSDT|01100|True|0,0 - 0,25|0,0 - 0,25|0,0 - 0,25|0,25 - 0,5|0,5 - 1|1
RAYUSDT|10110|True|0,25 - 0,5|0,0 - 0,25|0,0 - 0,25|0,0 - 0,25|0,25 - 0,5|1
RAYUSDT|11011|False|0,0 - 0,25|0,25 - 0,5|0,0 - 0,25|0,0 - 0,25|0,0 - 0,25|1
RAYUSDT|01101|True|0,0 - 0,25|0,0 - 0,25|0,25 - 0,5|0,0 - 0,25|0,0 - 0,25|1
RAYUSDT|10110|True|0,0 - 0,25|0,0 - 0,25|0,0 - 0,25|0,25 - 0,5|0,0 - 0,25|1
RAYUSDT|00110|False|0,0 - 0,25|0,0 - 0,25|0,0 - 0,25|0,0 - 0,25|0,0 - 0,25|7
RAYUSDT|00011|True|0,0 - 0,25|0,0 - 0,25|0,0 - 0,25|0,0 - 0,25|0,0 - 0,25|4
RAYUSDT|00100|False|0,0 - 0,25|0,0 - 0,25|0,0 - 0,25|0,0 - 0,25|0,0 - 0,25|11
RAYUSDT|01000|True|0,0 - 0,25|0,0 - 0,25|0,0 - 0,25|0,0 - 0,25|0,0 - 0,25|7
RAYUSDT|10100|True|1 - 2|0,0 - 0,25|0,0 - 0,25|0,0 - 0,25|0,0 - 0,25|1
RAYUSDT|11010|False|1 - 2|1 - 2|0,0 - 0,25|0,0 - 0,25|0,0 - 0,25|1
RAYUSDT|01101|True|0,5 - 1|1 - 2|1 - 2|0,0 - 0,25|0,0 - 0,25|1
RAYUSDT|10110|True|2 - 3|0,5 - 1|1 - 2|1 - 2|0,0 - 0,25|1
RAYUSDT|11011|True|1 - 2|2 - 3|0,5 - 1|1 - 2|1 - 2|1
RAYUSDT|11101|True|0,5 - 1|1 - 2|2 - 3|0,5 - 1|1 - 2|1
RAYUSDT|11110|False|0,0 - 0,25|0,5 - 1|1 - 2|2 - 3|0,5 - 1|1
RAYUSDT|01111|True|0,0 - 0,25|0,0 - 0,25|0,5 - 1|1 - 2|2 - 3|1
RAYUSDT|10111|False|0,25 - 0,5|0,0 - 0,25|0,0 - 0,25|0,5 - 1|1 - 2|1
RAYUSDT|01011|True|0,25 - 0,5|0,25 - 0,5|0,0 - 0,25|0,0 - 0,25|0,5 - 1|1
RAYUSDT|10101|False|0,25 - 0,5|0,25 - 0,5|0,25 - 0,5|0,0 - 0,25|0,0 - 0,25|1
RAYUSDT|01010|False|0,25 - 0,5|0,25 - 0,5|0,25 - 0,5|0,25 - 0,5|0,0 - 0,25|1
RAYUSDT|00101|True|0,25 - 0,5|0,25 - 0,5|0,25 - 0,5|0,25 - 0,5|0,25 - 0,5|1
RAYUSDT|11001|True|0,25 - 0,5|0,25 - 0,5|0,25 - 0,5|0,25 - 0,5|0,25 - 0,5|1
RAYUSDT|11100|True|0,5 - 1|0,25 - 0,5|0,25 - 0,5|0,25 - 0,5|0,25 - 0,5|1
RAYUSDT|11110|False|0,25 - 0,5|0,5 - 1|0,25 - 0,5|0,25 - 0,5|0,25 - 0,5|1
RAYUSDT|01111|True|0,5 - 1|0,25 - 0,5|0,5 - 1|0,25 - 0,5|0,25 - 0,5|1
RAYUSDT|10111|True|0,0 - 0,25|0,5 - 1|0,25 - 0,5|0,5 - 1|0,25 - 0,5|1
RAYUSDT|11011|False|0,25 - 0,5|0,0 - 0,25|0,5 - 1|0,25 - 0,5|0,5 - 1|1
RAYUSDT|01101|False|0,0 - 0,25|0,25 - 0,5|0,0 - 0,25|0,5 - 1|0,25 - 0,5|1
RAYUSDT|00110|True|0,5 - 1|0,0 - 0,25|0,25 - 0,5|0,0 - 0,25|0,5 - 1|1
RAYUSDT|10011|True|0,5 - 1|0,5 - 1|0,0 - 0,25|0,25 - 0,5|0,0 - 0,25|1
RAYUSDT|11001|False|0,25 - 0,5|0,5 - 1|0,5 - 1|0,0 - 0,25|0,25 - 0,5|1
RAYUSDT|01100|False|0,25 - 0,5|0,25 - 0,5|0,5 - 1|0,5 - 1|0,0 - 0,25|1
RAYUSDT|00110|False|0,25 - 0,5|0,25 - 0,5|0,25 - 0,5|0,5 - 1|0,5 - 1|1
RAYUSDT|00011|False|0,25 - 0,5|0,25 - 0,5|0,25 - 0,5|0,25 - 0,5|0,5 - 1|1
RAYUSDT|00001|True|0,25 - 0,5|0,25 - 0,5|0,25 - 0,5|0,25 - 0,5|0,25 - 0,5|1
RAYUSDT|10000|False|0,25 - 0,5|0,25 - 0,5|0,25 - 0,5|0,25 - 0,5|0,25 - 0,5|1
RAYUSDT|01000|True|0,25 - 0,5|0,25 - 0,5|0,25 - 0,5|0,25 - 0,5|0,25 - 0,5|1
RAYUSDT|10100|True|0,0 - 0,25|0,25 - 0,5|0,25 - 0,5|0,25 - 0,5|0,25 - 0,5|1
RAYUSDT|11010|True|0,0 - 0,25|0,0 - 0,25|0,25 - 0,5|0,25 - 0,5|0,25 - 0,5|1
RAYUSDT|11101|True|0,0 - 0,25|0,0 - 0,25|0,0 - 0,25|0,25 - 0,5|0,25 - 0,5|2
RAYUSDT|11110|False|0,0 - 0,25|0,0 - 0,25|0,0 - 0,25|0,0 - 0,25|0,25 - 0,5|1
RAYUSDT|00101|True|0,0 - 0,25|0,0 - 0,25|0,0 - 0,25|0,0 - 0,25|0,0 - 0,25|7
RAYUSDT|10010|True|0,0 - 0,25|0,0 - 0,25|0,0 - 0,25|0,0 - 0,25|0,0 - 0,25|3
RAYUSDT|11001|True|0,0 - 0,25|0,0 - 0,25|0,0 - 0,25|0,0 - 0,25|0,0 - 0,25|4
RAYUSDT|11100|False|0,25 - 0,5|0,0 - 0,25|0,0 - 0,25|0,0 - 0,25|0,0 - 0,25|1
RAYUSDT|01110|True|0,0 - 0,25|0,25 - 0,5|0,0 - 0,25|0,0 - 0,25|0,0 - 0,25|1
RAYUSDT|10111|False|0,25 - 0,5|0,0 - 0,25|0,25 - 0,5|0,0 - 0,25|0,0 - 0,25|1
RAYUSDT|01011|False|0,0 - 0,25|0,25 - 0,5|0,0 - 0,25|0,25 - 0,5|0,0 - 0,25|1
RAYUSDT|00101|True|0,25 - 0,5|0,0 - 0,25|0,25 - 0,5|0,0 - 0,25|0,25 - 0,5|1
RAYUSDT|10010|False|0,0 - 0,25|0,25 - 0,5|0,0 - 0,25|0,25 - 0,5|0,0 - 0,25|1
RAYUSDT|01001|True|0,0 - 0,25|0,0 - 0,25|0,25 - 0,5|0,0 - 0,25|0,25 - 0,5|1
RAYUSDT|10100|True|0,0 - 0,25|0,0 - 0,25|0,0 - 0,25|0,25 - 0,5|0,0 - 0,25|1
RAYUSDT|11010|False|0,0 - 0,25|0,0 - 0,25|0,0 - 0,25|0,0 - 0,25|0,25 - 0,5|1
RAYUSDT|00011|False|0,0 - 0,25|0,0 - 0,25|0,0 - 0,25|0,0 - 0,25|0,0 - 0,25|5
RAYUSDT|00001|True|0,25 - 0,5|0,0 - 0,25|0,0 - 0,25|0,0 - 0,25|0,0 - 0,25|4
RAYUSDT|10000|False|0,25 - 0,5|0,25 - 0,5|0,0 - 0,25|0,0 - 0,25|0,0 - 0,25|2
RAYUSDT|01000|False|0,25 - 0,5|0,25 - 0,5|0,25 - 0,5|0,0 - 0,25|0,0 - 0,25|1
RAYUSDT|00100|False|0,25 - 0,5|0,25 - 0,5|0,25 - 0,5|0,25 - 0,5|0,0 - 0,25|1
RAYUSDT|00010|False|0,25 - 0,5|0,25 - 0,5|0,25 - 0,5|0,25 - 0,5|0,25 - 0,5|1
RAYUSDT|00001|True|0,0 - 0,25|0,25 - 0,5|0,25 - 0,5|0,25 - 0,5|0,25 - 0,5|1
RAYUSDT|10000|True|0,25 - 0,5|0,0 - 0,25|0,25 - 0,5|0,25 - 0,5|0,25 - 0,5|1
RAYUSDT|11000|False|0,0 - 0,25|0,25 - 0,5|0,0 - 0,25|0,25 - 0,5|0,25 - 0,5|1
RAYUSDT|01100|True|0,0 - 0,25|0,0 - 0,25|0,25 - 0,5|0,0 - 0,25|0,25 - 0,5|1
RAYUSDT|10110|False|0,0 - 0,25|0,0 - 0,25|0,0 - 0,25|0,25 - 0,5|0,0 - 0,25|2
RAYUSDT|01011|True|0,0 - 0,25|0,0 - 0,25|0,0 - 0,25|0,0 - 0,25|0,25 - 0,5|1
RAYUSDT|11011|True|0,25 - 0,5|0,0 - 0,25|0,0 - 0,25|0,0 - 0,25|0,0 - 0,25|1
RAYUSDT|11101|True|0,25 - 0,5|0,25 - 0,5|0,0 - 0,25|0,0 - 0,25|0,0 - 0,25|1
RAYUSDT|11110|True|0,25 - 0,5|0,25 - 0,5|0,25 - 0,5|0,0 - 0,25|0,0 - 0,25|1
RAYUSDT|11111|False|0,0 - 0,25|0,25 - 0,5|0,25 - 0,5|0,25 - 0,5|0,0 - 0,25|1
RAYUSDT|01111|False|0,0 - 0,25|0,0 - 0,25|0,25 - 0,5|0,25 - 0,5|0,25 - 0,5|1
RAYUSDT|00111|False|0,0 - 0,25|0,0 - 0,25|0,0 - 0,25|0,25 - 0,5|0,25 - 0,5|1
RAYUSDT|00011|True|0,0 - 0,25|0,0 - 0,25|0,0 - 0,25|0,0 - 0,25|0,25 - 0,5|2
RAYUSDT|10001|False|0,25 - 0,5|0,0 - 0,25|0,0 - 0,25|0,0 - 0,25|0,0 - 0,25|2
RAYUSDT|01010|True|0,25 - 0,5|0,0 - 0,25|0,0 - 0,25|0,25 - 0,5|0,0 - 0,25|1
RAYUSDT|10101|False|0,25 - 0,5|0,25 - 0,5|0,0 - 0,25|0,0 - 0,25|0,25 - 0,5|1
RAYUSDT|01010|False|0,25 - 0,5|0,25 - 0,5|0,25 - 0,5|0,0 - 0,25|0,0 - 0,25|1
RAYUSDT|00101|False|0,0 - 0,25|0,25 - 0,5|0,25 - 0,5|0,25 - 0,5|0,0 - 0,25|1
RAYUSDT|00010|True|0,0 - 0,25|0,0 - 0,25|0,25 - 0,5|0,25 - 0,5|0,25 - 0,5|1
RAYUSDT|11000|False|0,0 - 0,25|0,0 - 0,25|0,0 - 0,25|0,0 - 0,25|0,25 - 0,5|1
RAYUSDT|01001|True|0,0 - 0,25|0,0 - 0,25|0,0 - 0,25|0,0 - 0,25|0,0 - 0,25|7
RAYUSDT|10100|True|0,25 - 0,5|0,0 - 0,25|0,0 - 0,25|0,0 - 0,25|0,0 - 0,25|1
RAYUSDT|11010|True|0,0 - 0,25|0,25 - 0,5|0,0 - 0,25|0,0 - 0,25|0,0 - 0,25|1
RAYUSDT|11101|True|0,0 - 0,25|0,0 - 0,25|0,25 - 0,5|0,0 - 0,25|0,0 - 0,25|2
RAYUSDT|11110|True|0,0 - 0,25|0,0 - 0,25|0,0 - 0,25|0,25 - 0,5|0,0 - 0,25|1
RAYUSDT|11111|False|0,0 - 0,25|0,0 - 0,25|0,0 - 0,25|0,0 - 0,25|0,25 - 0,5|1
RAYUSDT|01111|True|0,25 - 0,5|0,0 - 0,25|0,0 - 0,25|0,0 - 0,25|0,0 - 0,25|1
RAYUSDT|10111|True|0,25 - 0,5|0,25 - 0,5|0,0 - 0,25|0,0 - 0,25|0,0 - 0,25|1
RAYUSDT|01101|True|0,25 - 0,5|0,0 - 0,25|0,25 - 0,5|0,25 - 0,5|0,0 - 0,25|1
RAYUSDT|10110|False|0,25 - 0,5|0,25 - 0,5|0,0 - 0,25|0,25 - 0,5|0,25 - 0,5|1
RAYUSDT|01011|False|0,0 - 0,25|0,25 - 0,5|0,25 - 0,5|0,0 - 0,25|0,25 - 0,5|1
RAYUSDT|00101|True|0,0 - 0,25|0,0 - 0,25|0,25 - 0,5|0,25 - 0,5|0,0 - 0,25|2
RAYUSDT|10010|True|0,0 - 0,25|0,0 - 0,25|0,0 - 0,25|0,25 - 0,5|0,25 - 0,5|2
RAYUSDT|11001|False|0,0 - 0,25|0,0 - 0,25|0,0 - 0,25|0,0 - 0,25|0,25 - 0,5|2
RAYUSDT|00110|True|0,25 - 0,5|0,0 - 0,25|0,0 - 0,25|0,0 - 0,25|0,0 - 0,25|2
RAYUSDT|10011|False|0,0 - 0,25|0,25 - 0,5|0,0 - 0,25|0,0 - 0,25|0,0 - 0,25|1
RAYUSDT|01001|True|0,0 - 0,25|0,0 - 0,25|0,25 - 0,5|0,0 - 0,25|0,0 - 0,25|4
RAYUSDT|10100|False|0,0 - 0,25|0,0 - 0,25|0,0 - 0,25|0,25 - 0,5|0,0 - 0,25|4
RAYUSDT|01010|True|0,0 - 0,25|0,0 - 0,25|0,0 - 0,25|0,0 - 0,25|0,25 - 0,5|3
RAYUSDT|01011|False|0 - -0,25|0,0 - 0,25|0,0 - 0,25|0,0 - 0,25|0,0 - 0,25|1
RAYUSDT|00101|True|0,0 - 0,25|0 - -0,25|0,0 - 0,25|0,0 - 0,25|0,0 - 0,25|1
RAYUSDT|10010|False|0,0 - 0,25|0,0 - 0,25|0 - -0,25|0,0 - 0,25|0,0 - 0,25|1
RAYUSDT|01001|True|0,0 - 0,25|0,0 - 0,25|0,0 - 0,25|0 - -0,25|0,0 - 0,25|1
RAYUSDT|10100|True|0,0 - 0,25|0,0 - 0,25|0,0 - 0,25|0,0 - 0,25|0 - -0,25|1
RAYUSDT|11010|True|0,0 - 0,25|0,0 - 0,25|0,0 - 0,25|0,0 - 0,25|0,0 - 0,25|5
RAYUSDT|11101|False|0,0 - 0,25|0,0 - 0,25|0,0 - 0,25|0,0 - 0,25|0,0 - 0,25|4
RAYUSDT|01110|False|0 - -0,25|0,0 - 0,25|0,0 - 0,25|0,0 - 0,25|0,0 - 0,25|1
RAYUSDT|00111|False|0,0 - 0,25|0 - -0,25|0,0 - 0,25|0,0 - 0,25|0,0 - 0,25|1
RAYUSDT|00011|False|0,0 - 0,25|0,0 - 0,25|0 - -0,25|0,0 - 0,25|0,0 - 0,25|2
RAYUSDT|00001|True|0,0 - 0,25|0,0 - 0,25|0,0 - 0,25|0 - -0,25|0,0 - 0,25|2
RAYUSDT|10000|False|0,0 - 0,25|0,0 - 0,25|0,0 - 0,25|0,0 - 0,25|0 - -0,25|2
RAYUSDT|00010|False|0,0 - 0,25|0,0 - 0,25|0,0 - 0,25|0,0 - 0,25|0,0 - 0,25|11
RAYUSDT|00001|False|0,0 - 0,25|0,0 - 0,25|0,0 - 0,25|0,0 - 0,25|0,0 - 0,25|11
RAYUSDT|00000|True|0,25 - 0,5|0,0 - 0,25|0,0 - 0,25|0,0 - 0,25|0,0 - 0,25|2
RAYUSDT|10000|False|0,0 - 0,25|0,25 - 0,5|0,0 - 0,25|0,0 - 0,25|0,0 - 0,25|2
RAYUSDT|01000|False|0,0 - 0,25|0,0 - 0,25|0,25 - 0,5|0,0 - 0,25|0,0 - 0,25|2
RAYUSDT|00100|True|0,0 - 0,25|0,0 - 0,25|0,0 - 0,25|0,25 - 0,5|0,0 - 0,25|2
RAYUSDT|10010|False|0,0 - 0,25|0,0 - 0,25|0,0 - 0,25|0,0 - 0,25|0,25 - 0,5|1
RAYUSDT|00000|False|0,25 - 0,5|0,0 - 0,25|0,0 - 0,25|0,0 - 0,25|0,0 - 0,25|2
RAYUSDT|00000|True|0,5 - 1|0,25 - 0,5|0,0 - 0,25|0,0 - 0,25|0,0 - 0,25|1
RAYUSDT|10000|True|0,0 - 0,25|0,5 - 1|0,25 - 0,5|0,0 - 0,25|0,0 - 0,25|1
RAYUSDT|11000|True|0,0 - 0,25|0,0 - 0,25|0,5 - 1|0,25 - 0,5|0,0 - 0,25|1
RAYUSDT|11100|True|0,0 - 0,25|0,0 - 0,25|0,0 - 0,25|0,5 - 1|0,25 - 0,5|1
RAYUSDT|11110|False|0,0 - 0,25|0,0 - 0,25|0,0 - 0,25|0,0 - 0,25|0,5 - 1|1
RAYUSDT|01111|False|0,0 - 0,25|0,0 - 0,25|0,0 - 0,25|0,0 - 0,25|0,0 - 0,25|3
RAYUSDT|11100|True|0,0 - 0,25|0,0 - 0,25|0,0 - 0,25|0,0 - 0,25|0,0 - 0,25|2
RAYUSDT|01110|True|0,0 - 0,25|0,0 - 0,25|0,0 - 0,25|0,0 - 0,25|0,0 - 0,25|7
RAYUSDT|10100|False|0,0 - 0,25|0,0 - 0,25|0,0 - 0,25|0,0 - 0,25|0,0 - 0,25|7
RAYUSDT|01010|True|0,0 - 0,25|0,0 - 0,25|0,0 - 0,25|0,0 - 0,25|0,0 - 0,25|5
RAYUSDT|01001|True|0,0 - 0,25|0,0 - 0,25|0,0 - 0,25|0,25 - 0,5|0,0 - 0,25|1
RAYUSDT|10100|True|0,25 - 0,5|0,0 - 0,25|0,0 - 0,25|0,0 - 0,25|0,25 - 0,5|1
RAYUSDT|11010|False|0,25 - 0,5|0,25 - 0,5|0,0 - 0,25|0,0 - 0,25|0,0 - 0,25|1
RAYUSDT|01101|True|0,0 - 0,25|0,25 - 0,5|0,25 - 0,5|0,0 - 0,25|0,0 - 0,25|1
RAYUSDT|10110|True|0,0 - 0,25|0,0 - 0,25|0,25 - 0,5|0,25 - 0,5|0,0 - 0,25|1
RAYUSDT|11011|False|0,0 - 0,25|0,0 - 0,25|0,0 - 0,25|0,25 - 0,5|0,25 - 0,5|1
RAYUSDT|01101|False|0,0 - 0,25|0,0 - 0,25|0,0 - 0,25|0,0 - 0,25|0,25 - 0,5|1
RAYUSDT|10011|True|0,25 - 0,5|0,25 - 0,5|0,0 - 0,25|0,0 - 0,25|0,0 - 0,25|1
RAYUSDT|01100|True|0,0 - 0,25|0,0 - 0,25|0,25 - 0,5|0,25 - 0,5|0,0 - 0,25|2
RAYUSDT|10110|True|0,0 - 0,25|0,0 - 0,25|0,0 - 0,25|0,25 - 0,5|0,25 - 0,5|2
RAYUSDT|11011|True|0,0 - 0,25|0,0 - 0,25|0,0 - 0,25|0,0 - 0,25|0,25 - 0,5|1
RAYUSDT|00001|True|0,0 - 0,25|0,0 - 0,25|0 - -0,25|0,0 - 0,25|0,0 - 0,25|1
RAYUSDT|10000|False|0,0 - 0,25|0,0 - 0,25|0,0 - 0,25|0 - -0,25|0,0 - 0,25|1
RAYUSDT|01000|True|0,0 - 0,25|0,0 - 0,25|0,0 - 0,25|0,0 - 0,25|0 - -0,25|1
RAYUSDT|10100|True|0,0 - 0,25|0,0 - 0,25|0,0 - 0,25|0,0 - 0,25|0,0 - 0,25|4
RAYUSDT|10110|True|0,25 - 0,5|0,0 - 0,25|0,0 - 0,25|0,0 - 0,25|0,0 - 0,25|2
RAYUSDT|11011|True|0,0 - 0,25|0,25 - 0,5|0,0 - 0,25|0,0 - 0,25|0,0 - 0,25|2
RAYUSDT|11101|False|0,0 - 0,25|0,0 - 0,25|0,25 - 0,5|0,0 - 0,25|0,0 - 0,25|2
RAYUSDT|01110|False|0,0 - 0,25|0,0 - 0,25|0,0 - 0,25|0,25 - 0,5|0,0 - 0,25|1
RAYUSDT|00111|False|0,0 - 0,25|0,0 - 0,25|0,0 - 0,25|0,0 - 0,25|0,25 - 0,5|2
RAYUSDT|00011|True|0,5 - 1|0,0 - 0,25|0,0 - 0,25|0,0 - 0,25|0,0 - 0,25|1
RAYUSDT|10001|False|0,5 - 1|0,5 - 1|0,0 - 0,25|0,0 - 0,25|0,0 - 0,25|1
RAYUSDT|01000|False|0,25 - 0,5|0,5 - 1|0,5 - 1|0,0 - 0,25|0,0 - 0,25|1
RAYUSDT|00100|False|0,0 - 0,25|0,25 - 0,5|0,5 - 1|0,5 - 1|0,0 - 0,25|1
RAYUSDT|00010|True|0,0 - 0,25|0,0 - 0,25|0,25 - 0,5|0,5 - 1|0,5 - 1|1
RAYUSDT|10001|True|0,0 - 0,25|0,0 - 0,25|0,0 - 0,25|0,25 - 0,5|0,5 - 1|1
RAYUSDT|10111|True|0,0 - 0,25|0,0 - 0,25|0,0 - 0,25|0,0 - 0,25|0,0 - 0,25|4
RAYUSDT|10000|False|0,0 - 0,25|0,0 - 0,25|0,0 - 0,25|0,0 - 0,25|0,0 - 0,25|8
RAYUSDT|01010|True|0,25 - 0,5|0,0 - 0,25|0,0 - 0,25|0,0 - 0,25|0,0 - 0,25|1
RAYUSDT|10101|True|0,0 - 0,25|0,25 - 0,5|0,0 - 0,25|0,0 - 0,25|0,0 - 0,25|3
RAYUSDT|11010|False|0,0 - 0,25|0,0 - 0,25|0,25 - 0,5|0,0 - 0,25|0,0 - 0,25|2
RAYUSDT|01101|False|0,0 - 0,25|0,0 - 0,25|0,0 - 0,25|0,25 - 0,5|0,0 - 0,25|1
RAYUSDT|00110|False|0,25 - 0,5|0,0 - 0,25|0,0 - 0,25|0,0 - 0,25|0,25 - 0,5|1
RAYUSDT|00011|False|0,5 - 1|0,25 - 0,5|0,0 - 0,25|0,0 - 0,25|0,0 - 0,25|1
RAYUSDT|00001|True|0,5 - 1|0,5 - 1|0,25 - 0,5|0,0 - 0,25|0,0 - 0,25|1
RAYUSDT|10000|False|0,5 - 1|0,5 - 1|0,5 - 1|0,25 - 0,5|0,0 - 0,25|1
RAYUSDT|01000|True|0,5 - 1|0,5 - 1|0,5 - 1|0,5 - 1|0,25 - 0,5|1
RAYUSDT|10100|True|0,25 - 0,5|0,5 - 1|0,5 - 1|0,5 - 1|0,5 - 1|1
RAYUSDT|11010|False|0,5 - 1|0,25 - 0,5|0,5 - 1|0,5 - 1|0,5 - 1|1
RAYUSDT|01101|True|0,0 - 0,25|0,5 - 1|0,25 - 0,5|0,5 - 1|0,5 - 1|1
RAYUSDT|10110|True|0,5 - 1|0,0 - 0,25|0,5 - 1|0,25 - 0,5|0,5 - 1|1
RAYUSDT|11011|True|0,25 - 0,5|0,5 - 1|0,0 - 0,25|0,5 - 1|0,25 - 0,5|1
RAYUSDT|11101|True|0,25 - 0,5|0,25 - 0,5|0,5 - 1|0,0 - 0,25|0,5 - 1|1
RAYUSDT|11110|False|0,25 - 0,5|0,25 - 0,5|0,25 - 0,5|0,5 - 1|0,0 - 0,25|1
RAYUSDT|01111|False|0,5 - 1|0,25 - 0,5|0,25 - 0,5|0,25 - 0,5|0,5 - 1|1
RAYUSDT|00111|False|0,5 - 1|0,5 - 1|0,25 - 0,5|0,25 - 0,5|0,25 - 0,5|1
RAYUSDT|00011|True|0,25 - 0,5|0,5 - 1|0,5 - 1|0,25 - 0,5|0,25 - 0,5|1
RAYUSDT|10001|True|0,25 - 0,5|0,25 - 0,5|0,5 - 1|0,5 - 1|0,25 - 0,5|1
RAYUSDT|11000|False|0,0 - 0,25|0,25 - 0,5|0,25 - 0,5|0,5 - 1|0,5 - 1|1
RAYUSDT|01100|False|0,25 - 0,5|0,0 - 0,25|0,25 - 0,5|0,25 - 0,5|0,5 - 1|1
RAYUSDT|00110|False|0,0 - 0,25|0,25 - 0,5|0,0 - 0,25|0,25 - 0,5|0,25 - 0,5|1
RAYUSDT|00011|False|0,0 - 0,25|0,0 - 0,25|0,25 - 0,5|0,0 - 0,25|0,25 - 0,5|2
RAYUSDT|00001|False|0,0 - 0,25|0,0 - 0,25|0,0 - 0,25|0,25 - 0,5|0,0 - 0,25|3
RAYUSDT|00000|True|0,0 - 0,25|0,0 - 0,25|0,0 - 0,25|0,0 - 0,25|0,25 - 0,5|1
RAYUSDT|00110|False|0,0 - 0,25|0,25 - 0,5|0,0 - 0,25|0,0 - 0,25|0,0 - 0,25|3
RAYUSDT|00011|True|0,25 - 0,5|0,0 - 0,25|0,25 - 0,5|0,0 - 0,25|0,0 - 0,25|1
RAYUSDT|10001|False|0,0 - 0,25|0,25 - 0,5|0,0 - 0,25|0,25 - 0,5|0,0 - 0,25|1
RAYUSDT|01000|False|0,0 - 0,25|0,0 - 0,25|0,25 - 0,5|0,0 - 0,25|0,25 - 0,5|1
RAYUSDT|00100|False|0,25 - 0,5|0,0 - 0,25|0,0 - 0,25|0,25 - 0,5|0,0 - 0,25|1
RAYUSDT|00010|False|0,0 - 0,25|0,25 - 0,5|0,0 - 0,25|0,0 - 0,25|0,25 - 0,5|1
RAYUSDT|00001|False|0,0 - 0,25|0,0 - 0,25|0,25 - 0,5|0,0 - 0,25|0,0 - 0,25|1
RAYUSDT|00000|False|0,0 - 0,25|0,0 - 0,25|0,0 - 0,25|0,25 - 0,5|0,0 - 0,25|1
RAYUSDT|00000|False|0,5 - 1|0,0 - 0,25|0,0 - 0,25|0,0 - 0,25|0,0 - 0,25|3
RAYUSDT|00000|False|0,25 - 0,5|0,5 - 1|0,0 - 0,25|0,0 - 0,25|0,0 - 0,25|2
RAYUSDT|00000|True|0,5 - 1|0,25 - 0,5|0,5 - 1|0,0 - 0,25|0,0 - 0,25|1
RAYUSDT|10000|False|0,5 - 1|0,5 - 1|0,25 - 0,5|0,5 - 1|0,0 - 0,25|1
RAYUSDT|01000|True|0,5 - 1|0,5 - 1|0,5 - 1|0,25 - 0,5|0,5 - 1|1
RAYUSDT|10100|False|0,25 - 0,5|0,5 - 1|0,5 - 1|0,5 - 1|0,25 - 0,5|1
RAYUSDT|01010|True|0,0 - 0,25|0,25 - 0,5|0,5 - 1|0,5 - 1|0,5 - 1|1
RAYUSDT|10101|True|0,25 - 0,5|0,0 - 0,25|0,25 - 0,5|0,5 - 1|0,5 - 1|1
RAYUSDT|11010|True|0,0 - 0,25|0,25 - 0,5|0,0 - 0,25|0,25 - 0,5|0,5 - 1|1
RAYUSDT|11101|False|0,25 - 0,5|0,0 - 0,25|0,25 - 0,5|0,0 - 0,25|0,25 - 0,5|1
RAYUSDT|01110|False|0,25 - 0,5|0,25 - 0,5|0,0 - 0,25|0,25 - 0,5|0,0 - 0,25|1
RAYUSDT|00111|False|0,25 - 0,5|0,25 - 0,5|0,25 - 0,5|0,0 - 0,25|0,25 - 0,5|1
RAYUSDT|00011|False|0,25 - 0,5|0,25 - 0,5|0,25 - 0,5|0,25 - 0,5|0,0 - 0,25|1
RAYUSDT|00001|False|0,5 - 1|0,25 - 0,5|0,25 - 0,5|0,25 - 0,5|0,25 - 0,5|1
RAYUSDT|00000|True|0,25 - 0,5|0,5 - 1|0,25 - 0,5|0,25 - 0,5|0,25 - 0,5|1
RAYUSDT|10000|True|0,0 - 0,25|0,25 - 0,5|0,5 - 1|0,25 - 0,5|0,25 - 0,5|1
RAYUSDT|11000|True|0,0 - 0,25|0,0 - 0,25|0,25 - 0,5|0,5 - 1|0,25 - 0,5|1
RAYUSDT|11100|False|0,5 - 1|0,0 - 0,25|0,0 - 0,25|0,25 - 0,5|0,5 - 1|1
RAYUSDT|01110|True|0,25 - 0,5|0,5 - 1|0,0 - 0,25|0,0 - 0,25|0,25 - 0,5|1
RAYUSDT|10111|True|0,0 - 0,25|0,25 - 0,5|0,5 - 1|0,0 - 0,25|0,0 - 0,25|1
RAYUSDT|11011|False|0,25 - 0,5|0,0 - 0,25|0,25 - 0,5|0,5 - 1|0,0 - 0,25|1
RAYUSDT|01101|True|0,0 - 0,25|0,25 - 0,5|0,0 - 0,25|0,25 - 0,5|0,5 - 1|1
RAYUSDT|10110|False|0,0 - 0,25|0,0 - 0,25|0,25 - 0,5|0,0 - 0,25|0,25 - 0,5|1
RAYUSDT|01011|True|0,0 - 0,25|0,0 - 0,25|0,0 - 0,25|0,25 - 0,5|0,0 - 0,25|1
RAYUSDT|10101|False|0,0 - 0,25|0,0 - 0,25|0,0 - 0,25|0,0 - 0,25|0,25 - 0,5|1
RAYUSDT|10101|False|0,0 - 0,25|0,0 - 0,25|0,0 - 0,25|0,0 - 0,25|0,0 - 0,25|5
RAYUSDT|01010|False|0,0 - 0,25|0,0 - 0,25|0,0 - 0,25|0,0 - 0,25|0,0 - 0,25|8
RAYUSDT|00010|False|0,25 - 0,5|0,0 - 0,25|0,0 - 0,25|0,0 - 0,25|0,0 - 0,25|1
RAYUSDT|00001|False|0,0 - 0,25|0,25 - 0,5|0,0 - 0,25|0,0 - 0,25|0,0 - 0,25|1
RAYUSDT|00000|True|0,25 - 0,5|0,0 - 0,25|0,25 - 0,5|0,0 - 0,25|0,0 - 0,25|1
RAYUSDT|10000|True|0,0 - 0,25|0,25 - 0,5|0,0 - 0,25|0,25 - 0,5|0,0 - 0,25|1
RAYUSDT|11000|True|0,0 - 0,25|0,0 - 0,25|0,25 - 0,5|0,0 - 0,25|0,25 - 0,5|1
RAYUSDT|11100|False|0,0 - 0,25|0,0 - 0,25|0,0 - 0,25|0,25 - 0,5|0,0 - 0,25|2
RAYUSDT|01110|True|0,0 - 0,25|0,0 - 0,25|0,0 - 0,25|0,0 - 0,25|0,25 - 0,5|2
RAYUSDT|10111|True|0,25 - 0,5|0,0 - 0,25|0,0 - 0,25|0,0 - 0,25|0,0 - 0,25|2
RAYUSDT|01110|True|0,0 - 0,25|0,0 - 0,25|0,0 - 0,25|0,25 - 0,5|0,0 - 0,25|1
RAYUSDT|10111|True|0,0 - 0,25|0,0 - 0,25|0,0 - 0,25|0,0 - 0,25|0,25 - 0,5|1
RAYUSDT|11110|False|0,25 - 0,5|0,0 - 0,25|0,0 - 0,25|0,0 - 0,25|0,0 - 0,25|1
RAYUSDT|01111|True|0,0 - 0,25|0,25 - 0,5|0,0 - 0,25|0,0 - 0,25|0,0 - 0,25|2
RAYUSDT|10111|True|0,25 - 0,5|0,0 - 0,25|0,25 - 0,5|0,0 - 0,25|0,0 - 0,25|1
RAYUSDT|11011|False|0,0 - 0,25|0,25 - 0,5|0,0 - 0,25|0,25 - 0,5|0,0 - 0,25|1
RAYUSDT|01101|True|0,0 - 0,25|0,0 - 0,25|0,25 - 0,5|0,0 - 0,25|0,25 - 0,5|1
RAYUSDT|10110|True|0,25 - 0,5|0,0 - 0,25|0,0 - 0,25|0,25 - 0,5|0,0 - 0,25|1
RAYUSDT|11011|True|0,0 - 0,25|0,25 - 0,5|0,0 - 0,25|0,0 - 0,25|0,25 - 0,5|1
RAYUSDT|11110|False|0,25 - 0,5|0,0 - 0,25|0,0 - 0,25|0,25 - 0,5|0,0 - 0,25|1
RAYUSDT|01111|False|0,0 - 0,25|0,25 - 0,5|0,0 - 0,25|0,0 - 0,25|0,25 - 0,5|1
RAYUSDT|00111|False|0,0 - 0,25|0,0 - 0,25|0,25 - 0,5|0,0 - 0,25|0,0 - 0,25|1
RAYUSDT|00011|False|0,0 - 0,25|0,0 - 0,25|0,0 - 0,25|0,25 - 0,5|0,0 - 0,25|4
RAYUSDT|00001|True|0,25 - 0,5|0,0 - 0,25|0,0 - 0,25|0,0 - 0,25|0,25 - 0,5|1
RAYUSDT|01000|False|0,0 - 0,25|0,25 - 0,5|0,25 - 0,5|0,0 - 0,25|0,0 - 0,25|1
RAYUSDT|00100|False|0,0 - 0,25|0,0 - 0,25|0,25 - 0,5|0,25 - 0,5|0,0 - 0,25|1
RAYUSDT|00010|True|0,0 - 0,25|0,0 - 0,25|0,0 - 0,25|0,25 - 0,5|0,25 - 0,5|1
RAYUSDT|10001|True|0,0 - 0,25|0,0 - 0,25|0,0 - 0,25|0,0 - 0,25|0,25 - 0,5|1
RAYUSDT|11000|True|0,25 - 0,5|0,0 - 0,25|0,0 - 0,25|0,0 - 0,25|0,0 - 0,25|1
RAYUSDT|11100|False|0,5 - 1|0,25 - 0,5|0,0 - 0,25|0,0 - 0,25|0,0 - 0,25|1
RAYUSDT|01110|True|0,5 - 1|0,5 - 1|0,25 - 0,5|0,0 - 0,25|0,0 - 0,25|1
RAYUSDT|10111|False|0,25 - 0,5|0,5 - 1|0,5 - 1|0,25 - 0,5|0,0 - 0,25|1
RAYUSDT|01011|True|0,25 - 0,5|0,25 - 0,5|0,5 - 1|0,5 - 1|0,25 - 0,5|1
RAYUSDT|10101|False|0,25 - 0,5|0,25 - 0,5|0,25 - 0,5|0,5 - 1|0,5 - 1|1
RAYUSDT|01010|True|0,25 - 0,5|0,25 - 0,5|0,25 - 0,5|0,25 - 0,5|0,5 - 1|1
RAYUSDT|10101|False|0,0 - 0,25|0,25 - 0,5|0,25 - 0,5|0,25 - 0,5|0,25 - 0,5|1
RAYUSDT|01010|False|0,0 - 0,25|0,0 - 0,25|0,25 - 0,5|0,25 - 0,5|0,25 - 0,5|1
RAYUSDT|00101|False|0,0 - 0,25|0,0 - 0,25|0,0 - 0,25|0,25 - 0,5|0,25 - 0,5|1
RAYUSDT|00010|False|0,0 - 0,25|0,0 - 0,25|0,0 - 0,25|0,0 - 0,25|0,25 - 0,5|2
RAYUSDT|10000|True|0,0 - 0,25|0,25 - 0,5|0,0 - 0,25|0,0 - 0,25|0,0 - 0,25|2
RAYUSDT|11000|True|0,0 - 0,25|0,0 - 0,25|0,25 - 0,5|0,0 - 0,25|0,0 - 0,25|1
RAYUSDT|01110|False|0,0 - 0,25|0,0 - 0,25|0,0 - 0,25|0,0 - 0,25|0,25 - 0,5|1
RAYUSDT|00111|False|0,25 - 0,5|0,0 - 0,25|0,0 - 0,25|0,0 - 0,25|0,0 - 0,25|1
RAYUSDT|00011|True|0,0 - 0,25|0,25 - 0,5|0,0 - 0,25|0,0 - 0,25|0,0 - 0,25|1
RAYUSDT|10001|True|0,25 - 0,5|0,0 - 0,25|0,25 - 0,5|0,0 - 0,25|0,0 - 0,25|1
RAYUSDT|11000|False|0,0 - 0,25|0,25 - 0,5|0,0 - 0,25|0,25 - 0,5|0,0 - 0,25|2
RAYUSDT|01100|False|0,0 - 0,25|0,0 - 0,25|0,25 - 0,5|0,0 - 0,25|0,25 - 0,5|1
RAYUSDT|00110|False|0,0 - 0,25|0,0 - 0,25|0,0 - 0,25|0,25 - 0,5|0,0 - 0,25|1
RAYUSDT|00101|True|0,25 - 0,5|0,0 - 0,25|0,0 - 0,25|0,0 - 0,25|0,0 - 0,25|1
RAYUSDT|01100|True|0,25 - 0,5|0,25 - 0,5|0,0 - 0,25|0,25 - 0,5|0,0 - 0,25|1
RAYUSDT|10110|True|0,0 - 0,25|0,25 - 0,5|0,25 - 0,5|0,0 - 0,25|0,25 - 0,5|1
RAYUSDT|11011|True|0,0 - 0,25|0,0 - 0,25|0,25 - 0,5|0,25 - 0,5|0,0 - 0,25|1
RAYUSDT|11110|True|0,25 - 0,5|0,0 - 0,25|0,0 - 0,25|0,0 - 0,25|0,25 - 0,5|1
RAYUSDT|11111|False|0,0 - 0,25|0,25 - 0,5|0,0 - 0,25|0,0 - 0,25|0,0 - 0,25|1
RAYUSDT|01111|True|0,0 - 0,25|0,0 - 0,25|0,25 - 0,5|0,0 - 0,25|0,0 - 0,25|1
RAYUSDT|10111|False|0,0 - 0,25|0,0 - 0,25|0,0 - 0,25|0,25 - 0,5|0,0 - 0,25|1
RAYUSDT|01011|True|0,5 - 1|0,0 - 0,25|0,0 - 0,25|0,0 - 0,25|0,25 - 0,5|1
RAYUSDT|10101|True|0,0 - 0,25|0,5 - 1|0,0 - 0,25|0,0 - 0,25|0,0 - 0,25|1
RAYUSDT|11010|False|0,0 - 0,25|0,0 - 0,25|0,5 - 1|0,0 - 0,25|0,0 - 0,25|1
RAYUSDT|01101|False|0,25 - 0,5|0,0 - 0,25|0,0 - 0,25|0,5 - 1|0,0 - 0,25|1
RAYUSDT|00110|True|0,0 - 0,25|0,25 - 0,5|0,0 - 0,25|0,0 - 0,25|0,5 - 1|1
RAYUSDT|00100|False|0,0 - 0,25|0,0 - 0,25|0,0 - 0,25|0,0 - 0,25|0,25 - 0,5|1
RAYUSDT|01101|False|0 - -0,25|0,0 - 0,25|0,0 - 0,25|0,0 - 0,25|0,0 - 0,25|1
RAYUSDT|00110|True|0,0 - 0,25|0 - -0,25|0,0 - 0,25|0,0 - 0,25|0,0 - 0,25|2
RAYUSDT|10011|False|0,0 - 0,25|0,0 - 0,25|0 - -0,25|0,0 - 0,25|0,0 - 0,25|1
RAYUSDT|01001|False|0,0 - 0,25|0,0 - 0,25|0,0 - 0,25|0 - -0,25|0,0 - 0,25|1
RAYUSDT|00100|True|0,0 - 0,25|0,0 - 0,25|0,0 - 0,25|0,0 - 0,25|0 - -0,25|1
RAYUSDT|10001|True|0,0 - 0,25|0,0 - 0,25|0,0 - 0,25|0,0 - 0,25|0,0 - 0,25|3
RAYUSDT|01100|False|0 - -0,25|0,0 - 0,25|0,0 - 0,25|0,0 - 0,25|0,0 - 0,25|2
RAYUSDT|00110|False|0,0 - 0,25|0 - -0,25|0,0 - 0,25|0,0 - 0,25|0,0 - 0,25|1
RAYUSDT|00001|False|0,25 - 0,5|0,0 - 0,25|0,0 - 0,25|0,0 - 0,25|0,0 - 0,25|1
RAYUSDT|00000|False|0,25 - 0,5|0,25 - 0,5|0,0 - 0,25|0,0 - 0,25|0,0 - 0,25|1
RAYUSDT|00000|True|0,0 - 0,25|0,25 - 0,5|0,25 - 0,5|0,0 - 0,25|0,0 - 0,25|1
RAYUSDT|10000|False|0,0 - 0,25|0,0 - 0,25|0,25 - 0,5|0,25 - 0,5|0,0 - 0,25|1
RAYUSDT|01000|True|0 - -0,25|0,0 - 0,25|0,0 - 0,25|0,25 - 0,5|0,25 - 0,5|1
RAYUSDT|10100|False|0,0 - 0,25|0 - -0,25|0,0 - 0,25|0,0 - 0,25|0,25 - 0,5|1
RAYUSDT|01010|False|0,0 - 0,25|0,0 - 0,25|0 - -0,25|0,0 - 0,25|0,0 - 0,25|1
RAYUSDT|00101|False|0,25 - 0,5|0,0 - 0,25|0,0 - 0,25|0 - -0,25|0,0 - 0,25|1
RAYUSDT|00010|True|0,25 - 0,5|0,25 - 0,5|0,0 - 0,25|0,0 - 0,25|0 - -0,25|1
RAYUSDT|10001|True|0,0 - 0,25|0,25 - 0,5|0,25 - 0,5|0,0 - 0,25|0,0 - 0,25|1
RAYUSDT|11000|True|0,0 - 0,25|0,0 - 0,25|0,25 - 0,5|0,25 - 0,5|0,0 - 0,25|1
RAYUSDT|11100|False|0,0 - 0,25|0,0 - 0,25|0,0 - 0,25|0,25 - 0,5|0,25 - 0,5|1
RAYUSDT|10010|False|0,25 - 0,5|0,0 - 0,25|0,0 - 0,25|0,0 - 0,25|0,0 - 0,25|2
RAYUSDT|01001|False|0,0 - 0,25|0,25 - 0,5|0,0 - 0,25|0,0 - 0,25|0,0 - 0,25|1
RAYUSDT|00100|False|0,0 - 0,25|0,0 - 0,25|0,25 - 0,5|0,0 - 0,25|0,0 - 0,25|1
RAYUSDT|01101|False|0,25 - 0,5|0,0 - 0,25|0,0 - 0,25|0,0 - 0,25|0,25 - 0,5|2
RAYUSDT|00011|False|0,0 - 0,25|0,0 - 0,25|0,25 - 0,5|0,0 - 0,25|0,0 - 0,25|2
RAYUSDT|00000|True|0,0 - 0,25|0,25 - 0,5|0,0 - 0,25|0,0 - 0,25|0,0 - 0,25|1
RAYUSDT|10000|True|0,0 - 0,25|0,0 - 0,25|0,25 - 0,5|0,0 - 0,25|0,0 - 0,25|1
RAYUSDT|11000|False|0,0 - 0,25|0,0 - 0,25|0,0 - 0,25|0,25 - 0,5|0,0 - 0,25|1
RAYUSDT|01100|False|0,0 - 0,25|0,0 - 0,25|0,0 - 0,25|0,0 - 0,25|0,25 - 0,5|1
RAYUSDT|01001|True|0 - -0,25|0,0 - 0,25|0,0 - 0,25|0,0 - 0,25|0,0 - 0,25|1
RAYUSDT|10100|False|0,0 - 0,25|0 - -0,25|0,0 - 0,25|0,0 - 0,25|0,0 - 0,25|1
RAYUSDT|01010|True|0,0 - 0,25|0,0 - 0,25|0 - -0,25|0,0 - 0,25|0,0 - 0,25|1
RAYUSDT|10101|False|0,0 - 0,25|0,0 - 0,25|0,0 - 0,25|0 - -0,25|0,0 - 0,25|1
RAYUSDT|01010|False|0,0 - 0,25|0,0 - 0,25|0,0 - 0,25|0,0 - 0,25|0 - -0,25|1
RAYUSDT|00000|False|0,0 - 0,25|0,0 - 0,25|0,0 - 0,25|0,0 - 0,25|0,0 - 0,25|4
RAYUSDT|10000|True|0,5 - 1|0,0 - 0,25|0,0 - 0,25|0,0 - 0,25|0,0 - 0,25|1
RAYUSDT|11000|False|0,0 - 0,25|0,5 - 1|0,0 - 0,25|0,0 - 0,25|0,0 - 0,25|1
RAYUSDT|01100|False|0,0 - 0,25|0,0 - 0,25|0,5 - 1|0,0 - 0,25|0,0 - 0,25|1
RAYUSDT|00110|True|0,0 - 0,25|0,0 - 0,25|0,0 - 0,25|0,5 - 1|0,0 - 0,25|1
RAYUSDT|10011|False|0,25 - 0,5|0,0 - 0,25|0,0 - 0,25|0,0 - 0,25|0,5 - 1|1
RAYUSDT|01001|True|0,0 - 0,25|0,25 - 0,5|0,0 - 0,25|0,0 - 0,25|0,0 - 0,25|1
RAYUSDT|01010|False|0,0 - 0,25|0,0 - 0,25|0,0 - 0,25|0,25 - 0,5|0,0 - 0,25|2
RAYUSDT|10010|False|0,0 - 0,25|0,25 - 0,5|0,0 - 0,25|0,0 - 0,25|0,0 - 0,25|3
RAYUSDT|00101|False|0,25 - 0,5|0,0 - 0,25|0,0 - 0,25|0,0 - 0,25|0,0 - 0,25|1
RAYUSDT|00010|False|0,25 - 0,5|0,25 - 0,5|0,0 - 0,25|0,0 - 0,25|0,0 - 0,25|1
RAYUSDT|00001|False|0,25 - 0,5|0,25 - 0,5|0,25 - 0,5|0,0 - 0,25|0,0 - 0,25|1
RAYUSDT|00000|True|2 - 3|0,25 - 0,5|0,25 - 0,5|0,25 - 0,5|0,0 - 0,25|1
RAYUSDT|10000|False|1 - 2|2 - 3|0,25 - 0,5|0,25 - 0,5|0,25 - 0,5|1
RAYUSDT|01000|True|1 - 2|1 - 2|2 - 3|0,25 - 0,5|0,25 - 0,5|1
RAYUSDT|10100|True|0,5 - 1|1 - 2|1 - 2|2 - 3|0,25 - 0,5|1
RAYUSDT|11010|False|0,5 - 1|0,5 - 1|1 - 2|1 - 2|2 - 3|1
RAYUSDT|01101|False|0,25 - 0,5|0,5 - 1|0,5 - 1|1 - 2|1 - 2|1
RAYUSDT|00110|False|0,5 - 1|0,25 - 0,5|0,5 - 1|0,5 - 1|1 - 2|1
RAYUSDT|00011|False|0,5 - 1|0,5 - 1|0,25 - 0,5|0,5 - 1|0,5 - 1|1
RAYUSDT|00001|True|0,25 - 0,5|0,5 - 1|0,5 - 1|0,25 - 0,5|0,5 - 1|1
RAYUSDT|10000|True|0,5 - 1|0,25 - 0,5|0,5 - 1|0,5 - 1|0,25 - 0,5|1
RAYUSDT|11000|False|0,0 - 0,25|0,5 - 1|0,25 - 0,5|0,5 - 1|0,5 - 1|1
RAYUSDT|01100|False|0,5 - 1|0,0 - 0,25|0,5 - 1|0,25 - 0,5|0,5 - 1|1
RAYUSDT|00110|True|0,25 - 0,5|0,5 - 1|0,0 - 0,25|0,5 - 1|0,25 - 0,5|1
RAYUSDT|10011|False|0,25 - 0,5|0,25 - 0,5|0,5 - 1|0,0 - 0,25|0,5 - 1|1
RAYUSDT|01001|True|0,5 - 1|0,25 - 0,5|0,25 - 0,5|0,5 - 1|0,0 - 0,25|1
RAYUSDT|10100|False|0,5 - 1|0,5 - 1|0,25 - 0,5|0,25 - 0,5|0,5 - 1|1
RAYUSDT|01010|False|0,25 - 0,5|0,5 - 1|0,5 - 1|0,25 - 0,5|0,25 - 0,5|1
RAYUSDT|00101|True|0,0 - 0,25|0,25 - 0,5|0,5 - 1|0,5 - 1|0,25 - 0,5|1
RAYUSDT|10010|False|0,5 - 1|0,0 - 0,25|0,25 - 0,5|0,5 - 1|0,5 - 1|1
RAYUSDT|01001|False|0,5 - 1|0,5 - 1|0,0 - 0,25|0,25 - 0,5|0,5 - 1|1
RAYUSDT|00100|False|0,0 - 0,25|0,5 - 1|0,5 - 1|0,0 - 0,25|0,25 - 0,5|1
RAYUSDT|00010|False|0,25 - 0,5|0,0 - 0,25|0,5 - 1|0,5 - 1|0,0 - 0,25|1
RAYUSDT|00001|True|0,0 - 0,25|0,25 - 0,5|0,0 - 0,25|0,5 - 1|0,5 - 1|1
RAYUSDT|10000|False|0,25 - 0,5|0,0 - 0,25|0,25 - 0,5|0,0 - 0,25|0,5 - 1|1
RAYUSDT|01000|True|0,25 - 0,5|0,25 - 0,5|0,0 - 0,25|0,25 - 0,5|0,0 - 0,25|1
RAYUSDT|10100|False|0,25 - 0,5|0,25 - 0,5|0,25 - 0,5|0,0 - 0,25|0,25 - 0,5|1
RAYUSDT|01010|True|0,25 - 0,5|0,25 - 0,5|0,25 - 0,5|0,25 - 0,5|0,0 - 0,25|1
RAYUSDT|10101|False|0,25 - 0,5|0,25 - 0,5|0,25 - 0,5|0,25 - 0,5|0,25 - 0,5|1
RAYUSDT|01010|True|0,5 - 1|0,25 - 0,5|0,25 - 0,5|0,25 - 0,5|0,25 - 0,5|1
RAYUSDT|11010|True|0,5 - 1|0,25 - 0,5|0,5 - 1|0,25 - 0,5|0,25 - 0,5|1
RAYUSDT|11101|False|0,25 - 0,5|0,5 - 1|0,25 - 0,5|0,5 - 1|0,25 - 0,5|1
RAYUSDT|01110|False|0,0 - 0,25|0,25 - 0,5|0,5 - 1|0,25 - 0,5|0,5 - 1|1
RAYUSDT|00111|True|0,25 - 0,5|0,0 - 0,25|0,25 - 0,5|0,5 - 1|0,25 - 0,5|1
RAYUSDT|10011|False|0,25 - 0,5|0,25 - 0,5|0,0 - 0,25|0,25 - 0,5|0,5 - 1|1
RAYUSDT|01001|False|0,0 - 0,25|0,25 - 0,5|0,25 - 0,5|0,0 - 0,25|0,25 - 0,5|1
RAYUSDT|00100|True|0,25 - 0,5|0,0 - 0,25|0,25 - 0,5|0,25 - 0,5|0,0 - 0,25|1
RAYUSDT|10010|False|0,0 - 0,25|0,25 - 0,5|0,0 - 0,25|0,25 - 0,5|0,25 - 0,5|2
RAYUSDT|01001|False|0,0 - 0,25|0,0 - 0,25|0,25 - 0,5|0,0 - 0,25|0,25 - 0,5|2
RAYUSDT|10010|False|0,25 - 0,5|0,0 - 0,25|0,0 - 0,25|0,0 - 0,25|0,25 - 0,5|1
RAYUSDT|01001|False|0,25 - 0,5|0,25 - 0,5|0,0 - 0,25|0,0 - 0,25|0,0 - 0,25|1
RAYUSDT|00100|False|0,25 - 0,5|0,25 - 0,5|0,25 - 0,5|0,0 - 0,25|0,0 - 0,25|2
RAYUSDT|00010|True|0,0 - 0,25|0,25 - 0,5|0,25 - 0,5|0,25 - 0,5|0,0 - 0,25|1
RAYUSDT|10001|True|0,0 - 0,25|0,0 - 0,25|0,25 - 0,5|0,25 - 0,5|0,25 - 0,5|1
RAYUSDT|11000|True|0,0 - 0,25|0,0 - 0,25|0,0 - 0,25|0,25 - 0,5|0,25 - 0,5|1
RAYUSDT|11100|True|0,0 - 0,25|0,0 - 0,25|0,0 - 0,25|0,0 - 0,25|0,25 - 0,5|1
RAYUSDT|11110|True|0,0 - 0,25|0,0 - 0,25|0,0 - 0,25|0,0 - 0,25|0,0 - 0,25|1
RAYUSDT|11111|False|0,25 - 0,5|0,0 - 0,25|0,0 - 0,25|0,0 - 0,25|0,0 - 0,25|1
RAYUSDT|10111|False|0,0 - 0,25|0,0 - 0,25|0,25 - 0,5|0,0 - 0,25|0,0 - 0,25|1
RAYUSDT|10101|False|0,0 - 0,25|0,25 - 0,5|0,0 - 0,25|0,0 - 0,25|0,25 - 0,5|1
RAYUSDT|01010|True|0,0 - 0,25|0,0 - 0,25|0,25 - 0,5|0,0 - 0,25|0,0 - 0,25|1
RAYUSDT|10101|False|0,0 - 0,25|0,0 - 0,25|0,0 - 0,25|0,25 - 0,5|0,0 - 0,25|2
RAYUSDT|01010|True|0,25 - 0,5|0,0 - 0,25|0,0 - 0,25|0,0 - 0,25|0,25 - 0,5|2
RAYUSDT|01101|False|0,25 - 0,5|0,0 - 0,25|0,0 - 0,25|0,25 - 0,5|0,0 - 0,25|1
RAYUSDT|00110|True|0,0 - 0,25|0,25 - 0,5|0,0 - 0,25|0,0 - 0,25|0,25 - 0,5|1
RAYUSDT|10011|False|0,25 - 0,5|0,0 - 0,25|0,25 - 0,5|0,0 - 0,25|0,0 - 0,25|1
RAYUSDT|01001|False|0,0 - 0,25|0,25 - 0,5|0,0 - 0,25|0,25 - 0,5|0,0 - 0,25|1
RAYUSDT|00100|True|0,25 - 0,5|0,0 - 0,25|0,25 - 0,5|0,0 - 0,25|0,25 - 0,5|1
RAYUSDT|10010|False|0,25 - 0,5|0,25 - 0,5|0,0 - 0,25|0,25 - 0,5|0,0 - 0,25|1
RAYUSDT|01001|True|0,0 - 0,25|0,25 - 0,5|0,25 - 0,5|0,0 - 0,25|0,25 - 0,5|1
RAYUSDT|10100|True|0,0 - 0,25|0,0 - 0,25|0,25 - 0,5|0,25 - 0,5|0,0 - 0,25|2
RAYUSDT|10110|True|0,25 - 0,5|0,25 - 0,5|0,25 - 0,5|0,0 - 0,25|0,0 - 0,25|1
RAYUSDT|11011|True|0,25 - 0,5|0,25 - 0,5|0,25 - 0,5|0,25 - 0,5|0,0 - 0,25|1
RAYUSDT|11101|False|0,0 - 0,25|0,25 - 0,5|0,25 - 0,5|0,25 - 0,5|0,25 - 0,5|1
RAYUSDT|01110|True|0,0 - 0,25|0,0 - 0,25|0,25 - 0,5|0,25 - 0,5|0,25 - 0,5|1
RAYUSDT|10111|True|0,0 - 0,25|0,0 - 0,25|0,0 - 0,25|0,25 - 0,5|0,25 - 0,5|1
RAYUSDT|11011|False|0,25 - 0,5|0,0 - 0,25|0,0 - 0,25|0,0 - 0,25|0,25 - 0,5|1
RAYUSDT|01101|False|0,25 - 0,5|0,25 - 0,5|0,0 - 0,25|0,0 - 0,25|0,0 - 0,25|1
RAYUSDT|00110|True|0,25 - 0,5|0,25 - 0,5|0,25 - 0,5|0,0 - 0,25|0,0 - 0,25|1
RAYUSDT|10011|False|0,25 - 0,5|0,25 - 0,5|0,25 - 0,5|0,25 - 0,5|0,0 - 0,25|1
RAYUSDT|01001|True|0,25 - 0,5|0,25 - 0,5|0,25 - 0,5|0,25 - 0,5|0,25 - 0,5|1
RAYUSDT|10100|False|0,25 - 0,5|0,25 - 0,5|0,25 - 0,5|0,25 - 0,5|0,25 - 0,5|1
RAYUSDT|01010|False|0,0 - 0,25|0,25 - 0,5|0,25 - 0,5|0,25 - 0,5|0,25 - 0,5|1
RAYUSDT|00101|True|0,25 - 0,5|0,0 - 0,25|0,25 - 0,5|0,25 - 0,5|0,25 - 0,5|1
RAYUSDT|00100|False|0,0 - 0,25|0,0 - 0,25|0,0 - 0,25|0,25 - 0,5|0,0 - 0,25|2
RAYUSDT|00010|True|0,0 - 0,25|0,0 - 0,25|0,0 - 0,25|0,0 - 0,25|0,25 - 0,5|2
RAYUSDT|00101|False|0,0 - 0,25|0,0 - 0,25|0,0 - 0,25|0,0 - 0,25|0,25 - 0,5|1
RAYUSDT|00010|True|0,25 - 0,5|0,0 - 0,25|0,0 - 0,25|0,0 - 0,25|0,0 - 0,25|1
RAYUSDT|10001|True|0,0 - 0,25|0,25 - 0,5|0,0 - 0,25|0,0 - 0,25|0,0 - 0,25|2
RAYUSDT|11000|False|0,25 - 0,5|0,0 - 0,25|0,25 - 0,5|0,0 - 0,25|0,0 - 0,25|1
RAYUSDT|01100|False|0,0 - 0,25|0,25 - 0,5|0,0 - 0,25|0,25 - 0,5|0,0 - 0,25|1
RAYUSDT|00110|False|0,25 - 0,5|0,0 - 0,25|0,25 - 0,5|0,0 - 0,25|0,25 - 0,5|1
RAYUSDT|00011|False|0 - -0,25|0,25 - 0,5|0,0 - 0,25|0,25 - 0,5|0,0 - 0,25|1
RAYUSDT|00001|True|0,25 - 0,5|0 - -0,25|0,25 - 0,5|0,0 - 0,25|0,25 - 0,5|1
RAYUSDT|10000|True|0,0 - 0,25|0,25 - 0,5|0 - -0,25|0,25 - 0,5|0,0 - 0,25|1
RAYUSDT|11000|True|0,0 - 0,25|0,0 - 0,25|0,25 - 0,5|0 - -0,25|0,25 - 0,5|1
RAYUSDT|11100|True|0,0 - 0,25|0,0 - 0,25|0,0 - 0,25|0,25 - 0,5|0 - -0,25|1
RAYUSDT|11110|True|0,0 - 0,25|0,0 - 0,25|0,0 - 0,25|0,0 - 0,25|0,25 - 0,5|1
RAYUSDT|11111|True|0,0 - 0,25|0,0 - 0,25|0,0 - 0,25|0,0 - 0,25|0,0 - 0,25|3
RAYUSDT|11111|False|0,0 - 0,25|0,0 - 0,25|0,0 - 0,25|0,0 - 0,25|0,0 - 0,25|1
RAYUSDT|01101|True|0,25 - 0,5|0,0 - 0,25|0,0 - 0,25|0,0 - 0,25|0,0 - 0,25|1
RAYUSDT|10110|True|0,0 - 0,25|0,25 - 0,5|0,0 - 0,25|0,0 - 0,25|0,0 - 0,25|1
RAYUSDT|11011|False|0,0 - 0,25|0,0 - 0,25|0,25 - 0,5|0,0 - 0,25|0,0 - 0,25|1
RAYUSDT|01101|True|0,0 - 0,25|0,0 - 0,25|0,0 - 0,25|0,25 - 0,5|0,0 - 0,25|1
RAYUSDT|10110|True|0,0 - 0,25|0,0 - 0,25|0,0 - 0,25|0,0 - 0,25|0,25 - 0,5|1
RAYUSDT|11101|True|0,5 - 1|0,0 - 0,25|0,0 - 0,25|0,0 - 0,25|0,0 - 0,25|1
RAYUSDT|11110|True|0,25 - 0,5|0,5 - 1|0,0 - 0,25|0,0 - 0,25|0,0 - 0,25|1
RAYUSDT|11111|True|1 - 2|0,25 - 0,5|0,5 - 1|0,0 - 0,25|0,0 - 0,25|1
RAYUSDT|11111|False|1 - 2|1 - 2|0,25 - 0,5|0,5 - 1|0,0 - 0,25|1
RAYUSDT|01111|False|0,25 - 0,5|1 - 2|1 - 2|0,25 - 0,5|0,5 - 1|1
RAYUSDT|00111|False|0,5 - 1|0,25 - 0,5|1 - 2|1 - 2|0,25 - 0,5|1
RAYUSDT|00011|False|0,25 - 0,5|0,5 - 1|0,25 - 0,5|1 - 2|1 - 2|1
RAYUSDT|00001|False|0,25 - 0,5|0,25 - 0,5|0,5 - 1|0,25 - 0,5|1 - 2|1
RAYUSDT|00000|False|0,25 - 0,5|0,25 - 0,5|0,25 - 0,5|0,5 - 1|0,25 - 0,5|1
RAYUSDT|00000|False|0,0 - 0,25|0,25 - 0,5|0,25 - 0,5|0,25 - 0,5|0,5 - 1|1
RAYUSDT|00000|False|0,25 - 0,5|0,0 - 0,25|0,25 - 0,5|0,25 - 0,5|0,25 - 0,5|1
RAYUSDT|00000|True|0,5 - 1|0,25 - 0,5|0,0 - 0,25|0,25 - 0,5|0,25 - 0,5|1
RAYUSDT|10000|True|0,5 - 1|0,5 - 1|0,25 - 0,5|0,0 - 0,25|0,25 - 0,5|1
RAYUSDT|11000|False|0,25 - 0,5|0,5 - 1|0,5 - 1|0,25 - 0,5|0,0 - 0,25|1
RAYUSDT|01100|True|0,25 - 0,5|0,25 - 0,5|0,5 - 1|0,5 - 1|0,25 - 0,5|1
RAYUSDT|10110|True|0,0 - 0,25|0,25 - 0,5|0,25 - 0,5|0,5 - 1|0,5 - 1|1
RAYUSDT|11011|False|0,25 - 0,5|0,0 - 0,25|0,25 - 0,5|0,25 - 0,5|0,5 - 1|1
RAYUSDT|01101|False|0,0 - 0,25|0,25 - 0,5|0,0 - 0,25|0,25 - 0,5|0,25 - 0,5|1
RAYUSDT|00110|True|0,25 - 0,5|0,0 - 0,25|0,25 - 0,5|0,0 - 0,25|0,25 - 0,5|1
RAYUSDT|10011|True|0,25 - 0,5|0,25 - 0,5|0,0 - 0,25|0,25 - 0,5|0,0 - 0,25|1
RAYUSDT|11001|False|0,0 - 0,25|0,25 - 0,5|0,25 - 0,5|0,0 - 0,25|0,25 - 0,5|1
RAYUSDT|11011|True|0,5 - 1|0,0 - 0,25|0,0 - 0,25|0,0 - 0,25|0,25 - 0,5|1
RAYUSDT|11101|True|0,25 - 0,5|0,5 - 1|0,0 - 0,25|0,0 - 0,25|0,0 - 0,25|1
RAYUSDT|11110|False|0,0 - 0,25|0,25 - 0,5|0,5 - 1|0,0 - 0,25|0,0 - 0,25|1
RAYUSDT|01111|True|0,25 - 0,5|0,0 - 0,25|0,25 - 0,5|0,5 - 1|0,0 - 0,25|1
RAYUSDT|10111|False|0,0 - 0,25|0,25 - 0,5|0,0 - 0,25|0,25 - 0,5|0,5 - 1|1
RAYUSDT|01011|True|0,0 - 0,25|0,0 - 0,25|0,25 - 0,5|0,0 - 0,25|0,25 - 0,5|1
RAYUSDT|10101|False|1 - 2|0,0 - 0,25|0,0 - 0,25|0,25 - 0,5|0,0 - 0,25|1
RAYUSDT|01010|False|0,25 - 0,5|1 - 2|0,0 - 0,25|0,0 - 0,25|0,25 - 0,5|1
RAYUSDT|00101|True|0,0 - 0,25|0,25 - 0,5|1 - 2|0,0 - 0,25|0,0 - 0,25|1
RAYUSDT|10010|False|0,25 - 0,5|0,0 - 0,25|0,25 - 0,5|1 - 2|0,0 - 0,25|1
RAYUSDT|01001|True|0,25 - 0,5|0,25 - 0,5|0,0 - 0,25|0,25 - 0,5|1 - 2|1
RAYUSDT|10100|False|0,0 - 0,25|0,25 - 0,5|0,25 - 0,5|0,0 - 0,25|0,25 - 0,5|1
RAYUSDT|01010|True|0,25 - 0,5|0,0 - 0,25|0,25 - 0,5|0,25 - 0,5|0,0 - 0,25|1
RAYUSDT|10101|True|0,0 - 0,25|0,25 - 0,5|0,0 - 0,25|0,25 - 0,5|0,25 - 0,5|1
RAYUSDT|01101|False|0,0 - 0,25|0,25 - 0,5|0,0 - 0,25|0,25 - 0,5|0,0 - 0,25|2
RAYUSDT|00110|False|0,0 - 0,25|0,0 - 0,25|0,25 - 0,5|0,0 - 0,25|0,25 - 0,5|2
RAYUSDT|00001|True|0,0 - 0,25|0,0 - 0,25|0,0 - 0,25|0,0 - 0,25|0,25 - 0,5|1
RAYUSDT|10000|False|0,25 - 0,5|0,0 - 0,25|0,0 - 0,25|0,0 - 0,25|0,0 - 0,25|1
RAYUSDT|01000|False|0,25 - 0,5|0,25 - 0,5|0,0 - 0,25|0,0 - 0,25|0,0 - 0,25|1
RAYUSDT|00010|False|0,25 - 0,5|0,25 - 0,5|0,25 - 0,5|0,25 - 0,5|0,0 - 0,25|1
RAYUSDT|00001|False|0,0 - 0,25|0,25 - 0,5|0,25 - 0,5|0,25 - 0,5|0,25 - 0,5|1
RAYUSDT|00000|True|0,0 - 0,25|0,0 - 0,25|0,25 - 0,5|0,25 - 0,5|0,25 - 0,5|1
RAYUSDT|10000|False|0,0 - 0,25|0,0 - 0,25|0,0 - 0,25|0,25 - 0,5|0,25 - 0,5|1
RAYUSDT|01000|False|0,0 - 0,25|0,0 - 0,25|0,0 - 0,25|0,0 - 0,25|0,25 - 0,5|1
RAYUSDT|01010|False|0,0 - 0,25|0,0 - 0,25|0,0 - 0,25|0,0 - 0,25|0,25 - 0,5|2
RAYUSDT|11000|False|0,5 - 1|0,0 - 0,25|0,25 - 0,5|0,0 - 0,25|0,0 - 0,25|1
RAYUSDT|01100|True|0,0 - 0,25|0,5 - 1|0,0 - 0,25|0,25 - 0,5|0,0 - 0,25|1
RAYUSDT|10110|False|0,0 - 0,25|0,0 - 0,25|0,5 - 1|0,0 - 0,25|0,25 - 0,5|1
RAYUSDT|01011|True|0,0 - 0,25|0,0 - 0,25|0,0 - 0,25|0,5 - 1|0,0 - 0,25|1
RAYUSDT|10101|False|0,0 - 0,25|0,0 - 0,25|0,0 - 0,25|0,0 - 0,25|0,5 - 1|1
RAYUSDT|11101|True|0,0 - 0,25|0,25 - 0,5|0,0 - 0,25|0,0 - 0,25|0,0 - 0,25|1
RAYUSDT|01111|False|0,0 - 0,25|0,0 - 0,25|0,0 - 0,25|0,25 - 0,5|0,0 - 0,25|1
RAYUSDT|00001|True|0,0 - 0,25|0,0 - 0,25|0,0 - 0,25|0,0 - 0,25|0,0 - 0,25|2
RAYUSDT|10000|True|0,25 - 0,5|0,0 - 0,25|0,0 - 0,25|0,0 - 0,25|0,0 - 0,25|1
RAYUSDT|11000|False|0,0 - 0,25|0,25 - 0,5|0,0 - 0,25|0,0 - 0,25|0,0 - 0,25|2
RAYUSDT|01100|False|0,0 - 0,25|0,0 - 0,25|0,25 - 0,5|0,0 - 0,25|0,0 - 0,25|1
RAYUSDT|00110|True|0,0 - 0,25|0,0 - 0,25|0,0 - 0,25|0,25 - 0,5|0,0 - 0,25|1
RAYUSDT|10011|True|0,0 - 0,25|0,0 - 0,25|0,0 - 0,25|0,0 - 0,25|0,25 - 0,5|1
RAYUSDT|01010|False|0 - -0,25|0,0 - 0,25|0,0 - 0,25|0,0 - 0,25|0,0 - 0,25|1
RAYUSDT|00101|False|0,0 - 0,25|0 - -0,25|0,0 - 0,25|0,0 - 0,25|0,0 - 0,25|1
RAYUSDT|00010|True|0,0 - 0,25|0,0 - 0,25|0 - -0,25|0,0 - 0,25|0,0 - 0,25|1
RAYUSDT|10001|True|0,0 - 0,25|0,0 - 0,25|0,0 - 0,25|0 - -0,25|0,0 - 0,25|1
RAYUSDT|11000|False|0,0 - 0,25|0,0 - 0,25|0,0 - 0,25|0,0 - 0,25|0 - -0,25|1
RAYUSDT|00011|False|0,25 - 0,5|0,0 - 0,25|0,0 - 0,25|0,0 - 0,25|0,0 - 0,25|1
RAYUSDT|00001|True|0,0 - 0,25|0,25 - 0,5|0,0 - 0,25|0,0 - 0,25|0,0 - 0,25|1
RAYUSDT|10000|False|0,0 - 0,25|0,0 - 0,25|0,25 - 0,5|0,0 - 0,25|0,0 - 0,25|1
RAYUSDT|01000|False|0,0 - 0,25|0,0 - 0,25|0,0 - 0,25|0,25 - 0,5|0,0 - 0,25|1
RAYUSDT|11001|True|0,0 - 0,25|0,0 - 0,25|0,0 - 0,25|0 - -0,25|0,0 - 0,25|1
RAYUSDT|11100|False|0,0 - 0,25|0,0 - 0,25|0,0 - 0,25|0,0 - 0,25|0 - -0,25|2
RAYUSDT|00010|False|0 - -0,25|0,0 - 0,25|0,0 - 0,25|0,0 - 0,25|0,0 - 0,25|1
RAYUSDT|00001|True|0,0 - 0,25|0 - -0,25|0,0 - 0,25|0,0 - 0,25|0,0 - 0,25|1
RAYUSDT|10000|True|0,0 - 0,25|0,0 - 0,25|0 - -0,25|0,0 - 0,25|0,0 - 0,25|1
RAYUSDT|11000|True|0,0 - 0,25|0,0 - 0,25|0,0 - 0,25|0 - -0,25|0,0 - 0,25|1
RAYUSDT|01110|False|0,0 - 0,25|0,0 - 0,25|0,0 - 0,25|0,0 - 0,25|0,0 - 0,25|1
RAYUSDT|00111|False|0,0 - 0,25|0,0 - 0,25|0,0 - 0,25|0,0 - 0,25|0,0 - 0,25|1
RAYUSDT|11010|False|0,25 - 0,5|0,0 - 0,25|0,0 - 0,25|0,0 - 0,25|0,0 - 0,25|1
RAYUSDT|01101|False|0,0 - 0,25|0,25 - 0,5|0,0 - 0,25|0,0 - 0,25|0,0 - 0,25|1
RAYUSDT|00110|False|0,0 - 0,25|0,0 - 0,25|0,25 - 0,5|0,0 - 0,25|0,0 - 0,25|1
RAYUSDT|00001|False|0,0 - 0,25|0,0 - 0,25|0,0 - 0,25|0,0 - 0,25|0,25 - 0,5|2
RAYUSDT|00000|False|0,0 - 0,25|0,5 - 1|0,0 - 0,25|0,0 - 0,25|0,0 - 0,25|1
RAYUSDT|00000|False|0,0 - 0,25|0,0 - 0,25|0,5 - 1|0,0 - 0,25|0,0 - 0,25|1
RAYUSDT|00000|False|0,0 - 0,25|0,0 - 0,25|0,0 - 0,25|0,5 - 1|0,0 - 0,25|1
RAYUSDT|00000|True|0,0 - 0,25|0,0 - 0,25|0,0 - 0,25|0,0 - 0,25|0,5 - 1|1
RAYUSDT|10100|False|0,25 - 0,5|0,0 - 0,25|0,0 - 0,25|0,0 - 0,25|0,0 - 0,25|1
RAYUSDT|01010|False|0,0 - 0,25|0,25 - 0,5|0,0 - 0,25|0,0 - 0,25|0,0 - 0,25|1
RAYUSDT|00101|False|0 - -0,25|0,0 - 0,25|0,25 - 0,5|0,0 - 0,25|0,0 - 0,25|1
RAYUSDT|00010|False|0,0 - 0,25|0 - -0,25|0,0 - 0,25|0,25 - 0,5|0,0 - 0,25|1
RAYUSDT|00001|False|0,0 - 0,25|0,0 - 0,25|0 - -0,25|0,0 - 0,25|0,25 - 0,5|1
RAYUSDT|00000|False|0,5 - 1|0,0 - 0,25|0,0 - 0,25|0 - -0,25|0,0 - 0,25|1
RAYUSDT|00000|True|0,25 - 0,5|0,5 - 1|0,0 - 0,25|0,0 - 0,25|0 - -0,25|1
RAYUSDT|10000|False|0,0 - 0,25|0,25 - 0,5|0,5 - 1|0,0 - 0,25|0,0 - 0,25|1
RAYUSDT|01000|True|0,25 - 0,5|0,0 - 0,25|0,25 - 0,5|0,5 - 1|0,0 - 0,25|1
RAYUSDT|10100|False|0,0 - 0,25|0,25 - 0,5|0,0 - 0,25|0,25 - 0,5|0,5 - 1|1
RAYUSDT|01010|True|0,0 - 0,25|0,0 - 0,25|0,25 - 0,5|0,0 - 0,25|0,25 - 0,5|1
RAYUSDT|10001|True|0,25 - 0,5|0,0 - 0,25|0,0 - 0,25|0,0 - 0,25|0,0 - 0,25|1
RAYUSDT|11000|True|0,0 - 0,25|0,25 - 0,5|0,0 - 0,25|0,0 - 0,25|0,0 - 0,25|1
RAYUSDT|11100|False|0,25 - 0,5|0,0 - 0,25|0,25 - 0,5|0,0 - 0,25|0,0 - 0,25|1
RAYUSDT|01110|False|0,0 - 0,25|0,25 - 0,5|0,0 - 0,25|0,25 - 0,5|0,0 - 0,25|1
RAYUSDT|00111|True|0,0 - 0,25|0,0 - 0,25|0,25 - 0,5|0,0 - 0,25|0,25 - 0,5|2
RAYUSDT|10011|True|0,0 - 0,25|0,0 - 0,25|0,0 - 0,25|0,25 - 0,5|0,0 - 0,25|1
RAYUSDT|10000|True|0,25 - 0,5|0,25 - 0,5|0,0 - 0,25|0,0 - 0,25|0,0 - 0,25|1
RAYUSDT|01110|False|0,0 - 0,25|0,0 - 0,25|0,0 - 0,25|0,25 - 0,5|0,25 - 0,5|1
RAYUSDT|00111|True|0 - -0,25|0,0 - 0,25|0,0 - 0,25|0,0 - 0,25|0,25 - 0,5|1
RAYUSDT|10011|False|0,25 - 0,5|0 - -0,25|0,0 - 0,25|0,0 - 0,25|0,0 - 0,25|1
RAYUSDT|01001|False|0,0 - 0,25|0,25 - 0,5|0 - -0,25|0,0 - 0,25|0,0 - 0,25|1
RAYUSDT|00100|False|0,0 - 0,25|0,0 - 0,25|0,25 - 0,5|0 - -0,25|0,0 - 0,25|1
RAYUSDT|00010|True|0,25 - 0,5|0,0 - 0,25|0,0 - 0,25|0,25 - 0,5|0 - -0,25|1
RAYUSDT|10001|False|0,0 - 0,25|0,25 - 0,5|0,0 - 0,25|0,0 - 0,25|0,25 - 0,5|1
RAYUSDT|01011|False|0,25 - 0,5|0,0 - 0,25|0,0 - 0,25|0,0 - 0,25|0,0 - 0,25|1
RAYUSDT|00101|False|0,0 - 0,25|0,25 - 0,5|0,0 - 0,25|0,0 - 0,25|0,0 - 0,25|1
RAYUSDT|00010|False|0,0 - 0,25|0,0 - 0,25|0,25 - 0,5|0,0 - 0,25|0,0 - 0,25|1
RAYUSDT|00001|False|0,25 - 0,5|0,0 - 0,25|0,0 - 0,25|0,25 - 0,5|0,0 - 0,25|1
RAYUSDT|00000|True|1 - 2|0,25 - 0,5|0,0 - 0,25|0,0 - 0,25|0,25 - 0,5|1
RAYUSDT|10000|False|0,25 - 0,5|1 - 2|0,25 - 0,5|0,0 - 0,25|0,0 - 0,25|1
RAYUSDT|01000|False|0,5 - 1|0,25 - 0,5|1 - 2|0,25 - 0,5|0,0 - 0,25|1
RAYUSDT|00100|False|1 - 2|0,5 - 1|0,25 - 0,5|1 - 2|0,25 - 0,5|1
RAYUSDT|00010|False|0,25 - 0,5|1 - 2|0,5 - 1|0,25 - 0,5|1 - 2|1
RAYUSDT|00001|True|0,25 - 0,5|0,25 - 0,5|1 - 2|0,5 - 1|0,25 - 0,5|1
RAYUSDT|10000|False|0,25 - 0,5|0,25 - 0,5|0,25 - 0,5|1 - 2|0,5 - 1|1
RAYUSDT|01000|True|0,25 - 0,5|0,25 - 0,5|0,25 - 0,5|0,25 - 0,5|1 - 2|1
RAYUSDT|10100|True|0,25 - 0,5|0,25 - 0,5|0,25 - 0,5|0,25 - 0,5|0,25 - 0,5|1
RAYUSDT|11010|False|0,25 - 0,5|0,25 - 0,5|0,25 - 0,5|0,25 - 0,5|0,25 - 0,5|1
RAYUSDT|01101|True|0,25 - 0,5|0,25 - 0,5|0,25 - 0,5|0,25 - 0,5|0,25 - 0,5|1
RAYUSDT|10110|True|0,0 - 0,25|0,25 - 0,5|0,25 - 0,5|0,25 - 0,5|0,25 - 0,5|1
RAYUSDT|11011|False|0,25 - 0,5|0,0 - 0,25|0,25 - 0,5|0,25 - 0,5|0,25 - 0,5|1
RAYUSDT|01101|False|0,5 - 1|0,25 - 0,5|0,0 - 0,25|0,25 - 0,5|0,25 - 0,5|1
RAYUSDT|00110|True|0,0 - 0,25|0,5 - 1|0,25 - 0,5|0,0 - 0,25|0,25 - 0,5|1
RAYUSDT|10011|False|0,0 - 0,25|0,0 - 0,25|0,5 - 1|0,25 - 0,5|0,0 - 0,25|1
RAYUSDT|01001|True|0,0 - 0,25|0,0 - 0,25|0,0 - 0,25|0,5 - 1|0,25 - 0,5|1
RAYUSDT|10100|False|0,0 - 0,25|0,0 - 0,25|0,0 - 0,25|0,0 - 0,25|0,5 - 1|2
RAYUSDT|01010|True|0 - -0,25|0,0 - 0,25|0,0 - 0,25|0,0 - 0,25|0,0 - 0,25|1
RAYUSDT|10101|True|0,25 - 0,5|0 - -0,25|0,0 - 0,25|0,0 - 0,25|0,0 - 0,25|1
RAYUSDT|11010|False|0,5 - 1|0,25 - 0,5|0 - -0,25|0,0 - 0,25|0,0 - 0,25|1
RAYUSDT|01101|False|0,0 - 0,25|0,5 - 1|0,25 - 0,5|0 - -0,25|0,0 - 0,25|1
RAYUSDT|00110|False|0,0 - 0,25|0,0 - 0,25|0,5 - 1|0,25 - 0,5|0 - -0,25|1
RAYUSDT|00011|False|0,0 - 0,25|0,0 - 0,25|0,0 - 0,25|0,5 - 1|0,25 - 0,5|1
RAYUSDT|00001|True|0,0 - 0,25|0,0 - 0,25|0,0 - 0,25|0,0 - 0,25|0,5 - 1|1
RAYUSDT|11011|True|0,25 - 0,5|0,25 - 0,5|0,0 - 0,25|0,0 - 0,25|0,0 - 0,25|2
RAYUSDT|11101|True|0,0 - 0,25|0,25 - 0,5|0,25 - 0,5|0,0 - 0,25|0,0 - 0,25|1
RAYUSDT|11110|False|0,25 - 0,5|0,0 - 0,25|0,25 - 0,5|0,25 - 0,5|0,0 - 0,25|1
RAYUSDT|01111|False|0,0 - 0,25|0,25 - 0,5|0,0 - 0,25|0,25 - 0,5|0,25 - 0,5|1
RAYUSDT|10011|False|0,25 - 0,5|0,0 - 0,25|0,0 - 0,25|0,25 - 0,5|0,0 - 0,25|1
RAYUSDT|01001|True|0,0 - 0,25|0,25 - 0,5|0,0 - 0,25|0,0 - 0,25|0,25 - 0,5|1
RAYUSDT|11010|True|0,25 - 0,5|0,0 - 0,25|0,0 - 0,25|0,25 - 0,5|0,0 - 0,25|1
RAYUSDT|11101|False|0,25 - 0,5|0,25 - 0,5|0,0 - 0,25|0,0 - 0,25|0,25 - 0,5|1
RAYUSDT|01110|True|0,25 - 0,5|0,25 - 0,5|0,25 - 0,5|0,0 - 0,25|0,0 - 0,25|1
RAYUSDT|10111|True|0,0 - 0,25|0,25 - 0,5|0,25 - 0,5|0,25 - 0,5|0,0 - 0,25|1
RAYUSDT|11011|False|0,0 - 0,25|0,0 - 0,25|0,25 - 0,5|0,25 - 0,5|0,25 - 0,5|1
RAYUSDT|01101|False|0,0 - 0,25|0,0 - 0,25|0,0 - 0,25|0,25 - 0,5|0,25 - 0,5|1
RAYUSDT|00110|False|0,0 - 0,25|0,0 - 0,25|0,0 - 0,25|0,0 - 0,25|0,25 - 0,5|1
RAYUSDT|01001|True|0,25 - 0,5|0,0 - 0,25|0,0 - 0,25|0,0 - 0,25|0,0 - 0,25|1
RAYUSDT|10100|False|0,0 - 0,25|0,25 - 0,5|0,0 - 0,25|0,0 - 0,25|0,0 - 0,25|1
RAYUSDT|01010|False|0,0 - 0,25|0,0 - 0,25|0,25 - 0,5|0,0 - 0,25|0,0 - 0,25|1
RAYUSDT|00101|False|0,0 - 0,25|0,0 - 0,25|0,0 - 0,25|0,25 - 0,5|0,0 - 0,25|1
RAYUSDT|00000|True|0,25 - 0,5|0,25 - 0,5|0,5 - 1|0,0 - 0,25|0,0 - 0,25|1
RAYUSDT|10000|False|0,0 - 0,25|0,25 - 0,5|0,25 - 0,5|0,5 - 1|0,0 - 0,25|1
RAYUSDT|01000|True|0,0 - 0,25|0,0 - 0,25|0,25 - 0,5|0,25 - 0,5|0,5 - 1|1
RAYUSDT|10100|False|0,0 - 0,25|0,0 - 0,25|0,0 - 0,25|0,25 - 0,5|0,25 - 0,5|1
RAYUSDT|11010|False|0,25 - 0,5|0,0 - 0,25|0,25 - 0,5|0,0 - 0,25|0,0 - 0,25|1
RAYUSDT|10100|False|0,5 - 1|0,0 - 0,25|0,0 - 0,25|0,0 - 0,25|0,0 - 0,25|1
RAYUSDT|01010|False|0,0 - 0,25|0,5 - 1|0,0 - 0,25|0,0 - 0,25|0,0 - 0,25|1
RAYUSDT|00101|True|0,0 - 0,25|0,0 - 0,25|0,5 - 1|0,0 - 0,25|0,0 - 0,25|1
RAYUSDT|10010|True|0,25 - 0,5|0,0 - 0,25|0,0 - 0,25|0,5 - 1|0,0 - 0,25|1
RAYUSDT|11001|True|0,25 - 0,5|0,25 - 0,5|0,0 - 0,25|0,0 - 0,25|0,5 - 1|1
RAYUSDT|11100|False|0,0 - 0,25|0,25 - 0,5|0,25 - 0,5|0,0 - 0,25|0,0 - 0,25|1
RAYUSDT|01110|False|0,0 - 0,25|0,0 - 0,25|0,25 - 0,5|0,25 - 0,5|0,0 - 0,25|1
RAYUSDT|00111|True|0,25 - 0,5|0,0 - 0,25|0,0 - 0,25|0,25 - 0,5|0,25 - 0,5|1
RAYUSDT|10011|False|0,25 - 0,5|0,25 - 0,5|0,0 - 0,25|0,0 - 0,25|0,25 - 0,5|1
RAYUSDT|01001|True|0,0 - 0,25|0,25 - 0,5|0,25 - 0,5|0,0 - 0,25|0,0 - 0,25|1
RAYUSDT|11010|False|0,0 - 0,25|0,0 - 0,25|0,0 - 0,25|0,25 - 0,5|0,25 - 0,5|1
RAYUSDT|00110|True|0,25 - 0,5|0,25 - 0,5|0,0 - 0,25|0,0 - 0,25|0,0 - 0,25|1
RAYUSDT|10011|False|0,0 - 0,25|0,25 - 0,5|0,25 - 0,5|0,0 - 0,25|0,0 - 0,25|1
RAYUSDT|01001|True|0,25 - 0,5|0,0 - 0,25|0,25 - 0,5|0,25 - 0,5|0,0 - 0,25|1
RAYUSDT|10100|False|0,25 - 0,5|0,25 - 0,5|0,0 - 0,25|0,25 - 0,5|0,25 - 0,5|1
RAYUSDT|01010|False|0,0 - 0,25|0,25 - 0,5|0,25 - 0,5|0,0 - 0,25|0,25 - 0,5|1
RAYUSDT|11001|True|0,0 - 0,25|0,0 - 0,25|0,0 - 0,25|0,0 - 0,25|0,25 - 0,5|1
RAYUSDT|11101|True|0,25 - 0,5|0,25 - 0,5|0,25 - 0,5|0,0 - 0,25|0,0 - 0,25|1
RAYUSDT|11110|False|0,0 - 0,25|0,25 - 0,5|0,25 - 0,5|0,25 - 0,5|0,0 - 0,25|1
RAYUSDT|01111|False|0,25 - 0,5|0,0 - 0,25|0,25 - 0,5|0,25 - 0,5|0,25 - 0,5|1
RAYUSDT|10011|False|0,25 - 0,5|0,0 - 0,25|0,25 - 0,5|0,0 - 0,25|0,25 - 0,5|1
RAYUSDT|01001|False|0,25 - 0,5|0,25 - 0,5|0,0 - 0,25|0,25 - 0,5|0,0 - 0,25|1
RAYUSDT|00100|True|0,0 - 0,25|0,25 - 0,5|0,25 - 0,5|0,0 - 0,25|0,25 - 0,5|1
RAYUSDT|10010|True|0,0 - 0,25|0,0 - 0,25|0,25 - 0,5|0,25 - 0,5|0,0 - 0,25|1
RAYUSDT|11001|False|0,0 - 0,25|0,0 - 0,25|0,0 - 0,25|0,25 - 0,5|0,25 - 0,5|1
RAYUSDT|01100|False|0,25 - 0,5|0,0 - 0,25|0,0 - 0,25|0,0 - 0,25|0,25 - 0,5|1
RAYUSDT|00001|True|0,0 - 0,25|0,0 - 0,25|0,0 - 0,25|0,25 - 0,5|0,0 - 0,25|1
RAYUSDT|10000|True|0,25 - 0,5|0,0 - 0,25|0,0 - 0,25|0,0 - 0,25|0,25 - 0,5|1
RAYUSDT|01100|True|0,0 - 0,25|0,0 - 0,25|0,25 - 0,5|0,0 - 0,25|0,0 - 0,25|1
RAYUSDT|01011|False|0,0 - 0,25|0,0 - 0,25|0,0 - 0,25|0,0 - 0,25|0,25 - 0,5|1
RAYUSDT|01111|False|0,25 - 0,5|0,0 - 0,25|0,0 - 0,25|0,0 - 0,25|0,0 - 0,25|1
RAYUSDT|00111|False|0,0 - 0,25|0,25 - 0,5|0,0 - 0,25|0,0 - 0,25|0,0 - 0,25|1
RAYUSDT|00011|False|0,25 - 0,5|0,0 - 0,25|0,25 - 0,5|0,0 - 0,25|0,0 - 0,25|1
RAYUSDT|00001|False|0,25 - 0,5|0,25 - 0,5|0,0 - 0,25|0,25 - 0,5|0,0 - 0,25|1
RAYUSDT|00000|False|0,0 - 0,25|0,25 - 0,5|0,25 - 0,5|0,0 - 0,25|0,25 - 0,5|1
RAYUSDT|00000|False|0,25 - 0,5|0,0 - 0,25|0,25 - 0,5|0,25 - 0,5|0,0 - 0,25|1
RAYUSDT|00000|True|0,0 - 0,25|0,25 - 0,5|0,0 - 0,25|0,25 - 0,5|0,25 - 0,5|1
RAYUSDT|10000|False|0,25 - 0,5|0,0 - 0,25|0,25 - 0,5|0,0 - 0,25|0,25 - 0,5|1
RAYUSDT|01000|False|0,0 - 0,25|0,25 - 0,5|0,0 - 0,25|0,25 - 0,5|0,0 - 0,25|1
RAYUSDT|00100|True|0,0 - 0,25|0,0 - 0,25|0,25 - 0,5|0,0 - 0,25|0,25 - 0,5|1
RAYUSDT|10010|False|0,0 - 0,25|0,0 - 0,25|0,0 - 0,25|0,25 - 0,5|0,0 - 0,25|1
RAYUSDT|01001|True|0,5 - 1|0,0 - 0,25|0,0 - 0,25|0,0 - 0,25|0,25 - 0,5|1
RAYUSDT|10100|True|0,25 - 0,5|0,5 - 1|0,0 - 0,25|0,0 - 0,25|0,0 - 0,25|1
RAYUSDT|11010|True|0,0 - 0,25|0,25 - 0,5|0,5 - 1|0,0 - 0,25|0,0 - 0,25|1
RAYUSDT|11101|True|0,0 - 0,25|0,0 - 0,25|0,25 - 0,5|0,5 - 1|0,0 - 0,25|1
RAYUSDT|11110|False|0,0 - 0,25|0,0 - 0,25|0,0 - 0,25|0,25 - 0,5|0,5 - 1|1
RAYUSDT|01111|True|0,0 - 0,25|0,0 - 0,25|0,0 - 0,25|0,0 - 0,25|0,25 - 0,5|1
RAYUSDT|00100|False|0 - -0,25|0,0 - 0,25|0,0 - 0,25|0,0 - 0,25|0,0 - 0,25|1
RAYUSDT|00001|False|0,25 - 0,5|0,0 - 0,25|0 - -0,25|0,0 - 0,25|0,0 - 0,25|1
RAYUSDT|00000|True|0,0 - 0,25|0,25 - 0,5|0,0 - 0,25|0 - -0,25|0,0 - 0,25|1
RAYUSDT|10000|True|0,25 - 0,5|0,0 - 0,25|0,25 - 0,5|0,0 - 0,25|0 - -0,25|1
RAYUSDT|01100|False|0,25 - 0,5|0,0 - 0,25|0,25 - 0,5|0,0 - 0,25|0,25 - 0,5|1
RAYUSDT|00110|False|0,0 - 0,25|0,25 - 0,5|0,0 - 0,25|0,25 - 0,5|0,0 - 0,25|1
RAYUSDT|01001|True|0,25 - 0,5|0,25 - 0,5|0,0 - 0,25|0,0 - 0,25|0,0 - 0,25|1
RAYUSDT|10100|False|0,5 - 1|0,25 - 0,5|0,25 - 0,5|0,0 - 0,25|0,0 - 0,25|1
RAYUSDT|01010|False|0,5 - 1|0,5 - 1|0,25 - 0,5|0,25 - 0,5|0,0 - 0,25|1
RAYUSDT|00101|False|0,25 - 0,5|0,5 - 1|0,5 - 1|0,25 - 0,5|0,25 - 0,5|1
RAYUSDT|00010|False|0,0 - 0,25|0,25 - 0,5|0,5 - 1|0,5 - 1|0,25 - 0,5|1
RAYUSDT|00001|False|0,0 - 0,25|0,0 - 0,25|0,25 - 0,5|0,5 - 1|0,5 - 1|1
RAYUSDT|00000|True|0,0 - 0,25|0,0 - 0,25|0,0 - 0,25|0,25 - 0,5|0,5 - 1|1
RAYUSDT|10000|False|0,0 - 0,25|0,0 - 0,25|0,0 - 0,25|0,0 - 0,25|0,25 - 0,5|1
RAYUSDT|00010|True|0 - -0,25|0,0 - 0,25|0,0 - 0,25|0,0 - 0,25|0,0 - 0,25|1
RAYUSDT|10001|True|0,0 - 0,25|0 - -0,25|0,0 - 0,25|0,0 - 0,25|0,0 - 0,25|1
RAYUSDT|11000|False|0,0 - 0,25|0,0 - 0,25|0 - -0,25|0,0 - 0,25|0,0 - 0,25|1
RAYUSDT|01100|False|0,0 - 0,25|0,0 - 0,25|0,0 - 0,25|0 - -0,25|0,0 - 0,25|1
RAYUSDT|00110|False|0,0 - 0,25|0,0 - 0,25|0,0 - 0,25|0,0 - 0,25|0 - -0,25|1
RAYUSDT|00011|True|0,25 - 0,5|0,0 - 0,25|0,0 - 0,25|0,0 - 0,25|0,0 - 0,25|1
RAYUSDT|11000|False|0,0 - 0,25|0,0 - 0,25|0,25 - 0,5|0,0 - 0,25|0,0 - 0,25|1
RAYUSDT|01100|True|0,0 - 0,25|0,0 - 0,25|0,0 - 0,25|0,25 - 0,5|0,0 - 0,25|1
RAYUSDT|10110|False|0,0 - 0,25|0,0 - 0,25|0,0 - 0,25|0,0 - 0,25|0,25 - 0,5|1
RAYUSDT|01000|False|0,5 - 1|0,0 - 0,25|0,25 - 0,5|0,0 - 0,25|0,0 - 0,25|1
RAYUSDT|00100|True|0,0 - 0,25|0,5 - 1|0,0 - 0,25|0,25 - 0,5|0,0 - 0,25|1
RAYUSDT|10010|False|0,0 - 0,25|0,0 - 0,25|0,5 - 1|0,0 - 0,25|0,25 - 0,5|1
RAYUSDT|01001|True|0,0 - 0,25|0,0 - 0,25|0,0 - 0,25|0,5 - 1|0,0 - 0,25|1
RAYUSDT|00000|True|0 - -0,25|0,0 - 0,25|0,0 - 0,25|0,0 - 0,25|0,0 - 0,25|1
