ROSEUSDT||True||||||4
ROSEUSDT||False||||||1
ROSEUSDT|10111|True|0,25 - 0,5|0,5 - 1|5 - 7|0,5 - 1|1 - 2|1
ROSEUSDT|11011|False|0,5 - 1|0,25 - 0,5|0,5 - 1|5 - 7|0,5 - 1|1
ROSEUSDT|01101|False|0,5 - 1|0,5 - 1|0,25 - 0,5|0,5 - 1|5 - 7|1
ROSEUSDT|00110|False|0,5 - 1|0,5 - 1|0,5 - 1|0,25 - 0,5|0,5 - 1|1
ROSEUSDT|00011|False|0,0 - 0,25|0,5 - 1|0,5 - 1|0,5 - 1|0,25 - 0,5|1
ROSEUSDT|00001|True|0,25 - 0,5|0,0 - 0,25|0,5 - 1|0,5 - 1|0,5 - 1|1
ROSEUSDT|10000|False|0,0 - 0,25|0,25 - 0,5|0,0 - 0,25|0,5 - 1|0,5 - 1|1
ROSEUSDT|01000|False|0,25 - 0,5|0,0 - 0,25|0,25 - 0,5|0,0 - 0,25|0,5 - 1|1
ROSEUSDT|00100|False|0,0 - 0,25|0,25 - 0,5|0,0 - 0,25|0,25 - 0,5|0,0 - 0,25|1
ROSEUSDT|00010|True|0,25 - 0,5|0,0 - 0,25|0,25 - 0,5|0,0 - 0,25|0,25 - 0,5|1
ROSEUSDT|10001|False|1 - 2|0,25 - 0,5|0,0 - 0,25|0,25 - 0,5|0,0 - 0,25|1
ROSEUSDT|01000|False|1 - 2|1 - 2|0,25 - 0,5|0,0 - 0,25|0,25 - 0,5|1
ROSEUSDT|00100|False|0,0 - 0,25|1 - 2|1 - 2|0,25 - 0,5|0,0 - 0,25|1
ROSEUSDT|00010|True|0,0 - 0,25|0,0 - 0,25|1 - 2|1 - 2|0,25 - 0,5|1
ROSEUSDT|10001|False|0,0 - 0,25|0,0 - 0,25|0,0 - 0,25|1 - 2|1 - 2|1
ROSEUSDT|01000|False|0,0 - 0,25|0,0 - 0,25|0,0 - 0,25|0,0 - 0,25|1 - 2|1
ROSEUSDT|00100|True|0,0 - 0,25|0,0 - 0,25|0,0 - 0,25|0,0 - 0,25|0,0 - 0,25|6
ROSEUSDT|10010|True|0,25 - 0,5|0,0 - 0,25|0,0 - 0,25|0,0 - 0,25|0,0 - 0,25|1
ROSEUSDT|11001|True|0,25 - 0,5|0,25 - 0,5|0,0 - 0,25|0,0 - 0,25|0,0 - 0,25|1
ROSEUSDT|11100|False|0,0 - 0,25|0,25 - 0,5|0,25 - 0,5|0,0 - 0,25|0,0 - 0,25|2
ROSEUSDT|01110|False|0,25 - 0,5|0,0 - 0,25|0,25 - 0,5|0,25 - 0,5|0,0 - 0,25|1
ROSEUSDT|00111|True|0,0 - 0,25|0,25 - 0,5|0,0 - 0,25|0,25 - 0,5|0,25 - 0,5|1
ROSEUSDT|10011|True|2 - 3|0,0 - 0,25|0,25 - 0,5|0,0 - 0,25|0,25 - 0,5|1
ROSEUSDT|11001|False|1 - 2|2 - 3|0,0 - 0,25|0,25 - 0,5|0,0 - 0,25|1
ROSEUSDT|01100|True|0,25 - 0,5|1 - 2|2 - 3|0,0 - 0,25|0,25 - 0,5|1
ROSEUSDT|10110|True|0,25 - 0,5|0,25 - 0,5|1 - 2|2 - 3|0,0 - 0,25|1
ROSEUSDT|11011|False|0,25 - 0,5|0,25 - 0,5|0,25 - 0,5|1 - 2|2 - 3|1
ROSEUSDT|01101|False|0,5 - 1|0,25 - 0,5|0,25 - 0,5|0,25 - 0,5|1 - 2|1
ROSEUSDT|00110|True|0,25 - 0,5|0,5 - 1|0,25 - 0,5|0,25 - 0,5|0,25 - 0,5|1
ROSEUSDT|10011|False|0,5 - 1|0,25 - 0,5|0,5 - 1|0,25 - 0,5|0,25 - 0,5|1
ROSEUSDT|01001|False|0,25 - 0,5|0,5 - 1|0,25 - 0,5|0,5 - 1|0,25 - 0,5|1
ROSEUSDT|00100|False|0,5 - 1|0,25 - 0,5|0,5 - 1|0,25 - 0,5|0,5 - 1|1
ROSEUSDT|00010|False|0,5 - 1|0,5 - 1|0,25 - 0,5|0,5 - 1|0,25 - 0,5|1
ROSEUSDT|00001|True|0,5 - 1|0,5 - 1|0,5 - 1|0,25 - 0,5|0,5 - 1|1
ROSEUSDT|10000|True|0,25 - 0,5|0,5 - 1|0,5 - 1|0,5 - 1|0,25 - 0,5|1
ROSEUSDT|11000|True|0,5 - 1|0,25 - 0,5|0,5 - 1|0,5 - 1|0,5 - 1|1
ROSEUSDT|11100|True|0,25 - 0,5|0,5 - 1|0,25 - 0,5|0,5 - 1|0,5 - 1|1
ROSEUSDT|11110|False|0,5 - 1|0,25 - 0,5|0,5 - 1|0,25 - 0,5|0,5 - 1|1
ROSEUSDT|01111|False|0,5 - 1|0,5 - 1|0,25 - 0,5|0,5 - 1|0,25 - 0,5|1
ROSEUSDT|00111|False|0,25 - 0,5|0,5 - 1|0,5 - 1|0,25 - 0,5|0,5 - 1|1
ROSEUSDT|00011|True|1 - 2|0,25 - 0,5|0,5 - 1|0,5 - 1|0,25 - 0,5|1
ROSEUSDT|10001|True|0,25 - 0,5|1 - 2|0,25 - 0,5|0,5 - 1|0,5 - 1|1
ROSEUSDT|11000|True|0,25 - 0,5|0,25 - 0,5|1 - 2|0,25 - 0,5|0,5 - 1|1
ROSEUSDT|11100|True|1 - 2|0,25 - 0,5|0,25 - 0,5|1 - 2|0,25 - 0,5|1
ROSEUSDT|11110|False|0,25 - 0,5|1 - 2|0,25 - 0,5|0,25 - 0,5|1 - 2|1
ROSEUSDT|01111|False|0,25 - 0,5|0,25 - 0,5|1 - 2|0,25 - 0,5|0,25 - 0,5|1
ROSEUSDT|00111|True|0,25 - 0,5|0,25 - 0,5|0,25 - 0,5|1 - 2|0,25 - 0,5|1
ROSEUSDT|10011|False|0,0 - 0,25|0,25 - 0,5|0,25 - 0,5|0,25 - 0,5|1 - 2|1
ROSEUSDT|01001|False|0,25 - 0,5|0,0 - 0,25|0,25 - 0,5|0,25 - 0,5|0,25 - 0,5|1
ROSEUSDT|00100|False|1 - 2|0,25 - 0,5|0,0 - 0,25|0,25 - 0,5|0,25 - 0,5|1
ROSEUSDT|00010|True|0,25 - 0,5|1 - 2|0,25 - 0,5|0,0 - 0,25|0,25 - 0,5|1
ROSEUSDT|10001|True|0,25 - 0,5|0,25 - 0,5|1 - 2|0,25 - 0,5|0,0 - 0,25|1
ROSEUSDT|11000|True|0,0 - 0,25|0,25 - 0,5|0,25 - 0,5|1 - 2|0,25 - 0,5|1
ROSEUSDT|11100|True|0,25 - 0,5|0,0 - 0,25|0,25 - 0,5|0,25 - 0,5|1 - 2|1
ROSEUSDT|11110|True|0,5 - 1|0,25 - 0,5|0,0 - 0,25|0,25 - 0,5|0,25 - 0,5|1
ROSEUSDT|11111|True|0,25 - 0,5|0,5 - 1|0,25 - 0,5|0,0 - 0,25|0,25 - 0,5|1
ROSEUSDT|11111|False|0,5 - 1|0,25 - 0,5|0,5 - 1|0,25 - 0,5|0,0 - 0,25|1
ROSEUSDT|01111|True|0,25 - 0,5|0,5 - 1|0,25 - 0,5|0,5 - 1|0,25 - 0,5|1
ROSEUSDT|10111|False|0,5 - 1|0,25 - 0,5|0,5 - 1|0,25 - 0,5|0,5 - 1|1
ROSEUSDT|01011|False|0,0 - 0,25|0,5 - 1|0,25 - 0,5|0,5 - 1|0,25 - 0,5|1
ROSEUSDT|00101|False|0,0 - 0,25|0,0 - 0,25|0,5 - 1|0,25 - 0,5|0,5 - 1|1
ROSEUSDT|00010|False|0,0 - 0,25|0,0 - 0,25|0,0 - 0,25|0,5 - 1|0,25 - 0,5|1
ROSEUSDT|00001|False|0,0 - 0,25|0,0 - 0,25|0,0 - 0,25|0,0 - 0,25|0,5 - 1|1
ROSEUSDT|00000|False|0,0 - 0,25|0,0 - 0,25|0,0 - 0,25|0,0 - 0,25|0,0 - 0,25|6
ROSEUSDT|00000|True|0,0 - 0,25|0,0 - 0,25|0,0 - 0,25|0,0 - 0,25|0,0 - 0,25|4
ROSEUSDT|10000|False|0,0 - 0,25|0,0 - 0,25|0,0 - 0,25|0,0 - 0,25|0,0 - 0,25|6
ROSEUSDT|01000|False|0,0 - 0,25|0,0 - 0,25|0,0 - 0,25|0,0 - 0,25|0,0 - 0,25|11
ROSEUSDT|10010|False|0,25 - 0,5|0,0 - 0,25|0,0 - 0,25|0,0 - 0,25|0,0 - 0,25|1
ROSEUSDT|01001|False|0,0 - 0,25|0,25 - 0,5|0,0 - 0,25|0,0 - 0,25|0,0 - 0,25|1
ROSEUSDT|00100|False|0,0 - 0,25|0,0 - 0,25|0,25 - 0,5|0,0 - 0,25|0,0 - 0,25|1
ROSEUSDT|00010|True|1 - 2|0,0 - 0,25|0,0 - 0,25|0,25 - 0,5|0,0 - 0,25|1
ROSEUSDT|10001|False|0,25 - 0,5|1 - 2|0,0 - 0,25|0,0 - 0,25|0,25 - 0,5|1
ROSEUSDT|01000|False|0,0 - 0,25|0,25 - 0,5|1 - 2|0,0 - 0,25|0,0 - 0,25|1
ROSEUSDT|00100|False|0,25 - 0,5|0,0 - 0,25|0,25 - 0,5|1 - 2|0,0 - 0,25|1
ROSEUSDT|00010|True|0,0 - 0,25|0,25 - 0,5|0,0 - 0,25|0,25 - 0,5|1 - 2|1
ROSEUSDT|10001|True|0,5 - 1|0,0 - 0,25|0,25 - 0,5|0,0 - 0,25|0,25 - 0,5|1
ROSEUSDT|11000|True|0,0 - 0,25|0,5 - 1|0,0 - 0,25|0,25 - 0,5|0,0 - 0,25|1
ROSEUSDT|11100|True|0,0 - 0,25|0,0 - 0,25|0,5 - 1|0,0 - 0,25|0,25 - 0,5|1
ROSEUSDT|11110|False|0,0 - 0,25|0,0 - 0,25|0,0 - 0,25|0,5 - 1|0,0 - 0,25|1
ROSEUSDT|01111|False|1 - 2|0,0 - 0,25|0,0 - 0,25|0,0 - 0,25|0,5 - 1|1
ROSEUSDT|00111|True|0,25 - 0,5|1 - 2|0,0 - 0,25|0,0 - 0,25|0,0 - 0,25|1
ROSEUSDT|10011|False|0,0 - 0,25|0,25 - 0,5|1 - 2|0,0 - 0,25|0,0 - 0,25|1
ROSEUSDT|01001|False|0,0 - 0,25|0,0 - 0,25|0,25 - 0,5|1 - 2|0,0 - 0,25|1
ROSEUSDT|00100|False|0,25 - 0,5|0,0 - 0,25|0,0 - 0,25|0,25 - 0,5|1 - 2|1
ROSEUSDT|00010|True|0,5 - 1|0,25 - 0,5|0,0 - 0,25|0,0 - 0,25|0,25 - 0,5|1
ROSEUSDT|10001|False|0,0 - 0,25|0,5 - 1|0,25 - 0,5|0,0 - 0,25|0,0 - 0,25|1
ROSEUSDT|01000|True|0,25 - 0,5|0,0 - 0,25|0,5 - 1|0,25 - 0,5|0,0 - 0,25|1
ROSEUSDT|10100|False|0,25 - 0,5|0,25 - 0,5|0,0 - 0,25|0,5 - 1|0,25 - 0,5|1
ROSEUSDT|01010|True|0,5 - 1|0,25 - 0,5|0,25 - 0,5|0,0 - 0,25|0,5 - 1|1
ROSEUSDT|10101|True|0,25 - 0,5|0,5 - 1|0,25 - 0,5|0,25 - 0,5|0,0 - 0,25|1
ROSEUSDT|11010|False|0,0 - 0,25|0,25 - 0,5|0,5 - 1|0,25 - 0,5|0,25 - 0,5|1
ROSEUSDT|01101|False|0,0 - 0,25|0,0 - 0,25|0,25 - 0,5|0,5 - 1|0,25 - 0,5|1
ROSEUSDT|00110|True|0,0 - 0,25|0,0 - 0,25|0,0 - 0,25|0,25 - 0,5|0,5 - 1|1
ROSEUSDT|10011|False|0,0 - 0,25|0,0 - 0,25|0,0 - 0,25|0,0 - 0,25|0,25 - 0,5|1
ROSEUSDT|01001|False|0,25 - 0,5|0,0 - 0,25|0,0 - 0,25|0,0 - 0,25|0,0 - 0,25|3
ROSEUSDT|00100|True|0,5 - 1|0,25 - 0,5|0,0 - 0,25|0,0 - 0,25|0,0 - 0,25|1
ROSEUSDT|10010|False|0,0 - 0,25|0,5 - 1|0,25 - 0,5|0,0 - 0,25|0,0 - 0,25|1
ROSEUSDT|01001|False|0,25 - 0,5|0,0 - 0,25|0,5 - 1|0,25 - 0,5|0,0 - 0,25|1
ROSEUSDT|00100|True|0,25 - 0,5|0,25 - 0,5|0,0 - 0,25|0,5 - 1|0,25 - 0,5|1
ROSEUSDT|10010|True|0,0 - 0,25|0,25 - 0,5|0,25 - 0,5|0,0 - 0,25|0,5 - 1|1
ROSEUSDT|11001|True|0,0 - 0,25|0,0 - 0,25|0,25 - 0,5|0,25 - 0,5|0,0 - 0,25|1
ROSEUSDT|11100|False|0,25 - 0,5|0,0 - 0,25|0,0 - 0,25|0,25 - 0,5|0,25 - 0,5|1
ROSEUSDT|01110|True|0,0 - 0,25|0,25 - 0,5|0,0 - 0,25|0,0 - 0,25|0,25 - 0,5|1
ROSEUSDT|10111|False|0,0 - 0,25|0,0 - 0,25|0,25 - 0,5|0,0 - 0,25|0,0 - 0,25|1
ROSEUSDT|01011|True|0,0 - 0,25|0,0 - 0,25|0,0 - 0,25|0,25 - 0,5|0,0 - 0,25|1
ROSEUSDT|10101|False|0,0 - 0,25|0,0 - 0,25|0,0 - 0,25|0,0 - 0,25|0,25 - 0,5|1
ROSEUSDT|01010|True|0,0 - 0,25|0,0 - 0,25|0,0 - 0,25|0,0 - 0,25|0,0 - 0,25|5
ROSEUSDT|10101|False|0,0 - 0,25|0,0 - 0,25|0,0 - 0,25|0,0 - 0,25|0,0 - 0,25|5
ROSEUSDT|01010|True|0,25 - 0,5|0,0 - 0,25|0,0 - 0,25|0,0 - 0,25|0,0 - 0,25|2
ROSEUSDT|10101|True|1 - 2|0,25 - 0,5|0,0 - 0,25|0,0 - 0,25|0,0 - 0,25|1
ROSEUSDT|11010|True|0,25 - 0,5|1 - 2|0,25 - 0,5|0,0 - 0,25|0,0 - 0,25|1
ROSEUSDT|11101|True|0,0 - 0,25|0,25 - 0,5|1 - 2|0,25 - 0,5|0,0 - 0,25|1
ROSEUSDT|11110|False|0,0 - 0,25|0,0 - 0,25|0,25 - 0,5|1 - 2|0,25 - 0,5|1
ROSEUSDT|01111|True|0,0 - 0,25|0,0 - 0,25|0,0 - 0,25|0,25 - 0,5|1 - 2|1
ROSEUSDT|10111|True|0,0 - 0,25|0,0 - 0,25|0,0 - 0,25|0,0 - 0,25|0,25 - 0,5|1
ROSEUSDT|11011|True|0,0 - 0,25|0,0 - 0,25|0,0 - 0,25|0,0 - 0,25|0,0 - 0,25|3
ROSEUSDT|11101|True|0,0 - 0,25|0,0 - 0,25|0,0 - 0,25|0,0 - 0,25|0,0 - 0,25|5
ROSEUSDT|11110|True|0,0 - 0,25|0,0 - 0,25|0,0 - 0,25|0,0 - 0,25|0,0 - 0,25|4
ROSEUSDT|11111|False|0,0 - 0,25|0,0 - 0,25|0,0 - 0,25|0,0 - 0,25|0,0 - 0,25|4
ROSEUSDT|01111|False|0,0 - 0,25|0,0 - 0,25|0,0 - 0,25|0,0 - 0,25|0,0 - 0,25|4
ROSEUSDT|00111|True|0,0 - 0,25|0,0 - 0,25|0,0 - 0,25|0,0 - 0,25|0,0 - 0,25|4
ROSEUSDT|10011|True|0,25 - 0,5|0,0 - 0,25|0,0 - 0,25|0,0 - 0,25|0,0 - 0,25|2
ROSEUSDT|11001|True|0,0 - 0,25|0,25 - 0,5|0,0 - 0,25|0,0 - 0,25|0,0 - 0,25|1
ROSEUSDT|11100|False|0,0 - 0,25|0,0 - 0,25|0,25 - 0,5|0,0 - 0,25|0,0 - 0,25|1
ROSEUSDT|01110|True|0,0 - 0,25|0,0 - 0,25|0,0 - 0,25|0,25 - 0,5|0,0 - 0,25|1
ROSEUSDT|10111|False|0,0 - 0,25|0,0 - 0,25|0,0 - 0,25|0,0 - 0,25|0,25 - 0,5|3
ROSEUSDT|01011|False|0,25 - 0,5|0,0 - 0,25|0,0 - 0,25|0,0 - 0,25|0,0 - 0,25|1
ROSEUSDT|00101|False|1 - 2|0,25 - 0,5|0,0 - 0,25|0,0 - 0,25|0,0 - 0,25|1
ROSEUSDT|00010|False|0,5 - 1|1 - 2|0,25 - 0,5|0,0 - 0,25|0,0 - 0,25|1
ROSEUSDT|00001|True|1 - 2|0,5 - 1|1 - 2|0,25 - 0,5|0,0 - 0,25|1
ROSEUSDT|10000|False|0,0 - 0,25|1 - 2|0,5 - 1|1 - 2|0,25 - 0,5|1
ROSEUSDT|01000|True|0,0 - 0,25|0,0 - 0,25|1 - 2|0,5 - 1|1 - 2|1
ROSEUSDT|10100|True|0,0 - 0,25|0,0 - 0,25|0,0 - 0,25|1 - 2|0,5 - 1|1
ROSEUSDT|11010|False|0,25 - 0,5|0,0 - 0,25|0,0 - 0,25|0,0 - 0,25|1 - 2|1
ROSEUSDT|01101|False|0,25 - 0,5|0,25 - 0,5|0,0 - 0,25|0,0 - 0,25|0,0 - 0,25|1
ROSEUSDT|00110|True|0,5 - 1|0,25 - 0,5|0,25 - 0,5|0,0 - 0,25|0,0 - 0,25|1
ROSEUSDT|10011|False|0,25 - 0,5|0,5 - 1|0,25 - 0,5|0,25 - 0,5|0,0 - 0,25|1
ROSEUSDT|01001|True|0,0 - 0,25|0,25 - 0,5|0,5 - 1|0,25 - 0,5|0,25 - 0,5|1
ROSEUSDT|10100|False|0,0 - 0,25|0,0 - 0,25|0,25 - 0,5|0,5 - 1|0,25 - 0,5|1
ROSEUSDT|01010|True|0,0 - 0,25|0,0 - 0,25|0,0 - 0,25|0,25 - 0,5|0,5 - 1|2
ROSEUSDT|10101|True|0,25 - 0,5|0,0 - 0,25|0,0 - 0,25|0,0 - 0,25|0,25 - 0,5|1
ROSEUSDT|11010|True|0,0 - 0,25|0,25 - 0,5|0,0 - 0,25|0,0 - 0,25|0,0 - 0,25|1
ROSEUSDT|11101|True|0,5 - 1|0,0 - 0,25|0,25 - 0,5|0,0 - 0,25|0,0 - 0,25|1
ROSEUSDT|11110|False|0,25 - 0,5|0,5 - 1|0,0 - 0,25|0,25 - 0,5|0,0 - 0,25|1
ROSEUSDT|01111|True|0,25 - 0,5|0,25 - 0,5|0,5 - 1|0,0 - 0,25|0,25 - 0,5|1
ROSEUSDT|10111|False|0,0 - 0,25|0,25 - 0,5|0,25 - 0,5|0,5 - 1|0,0 - 0,25|1
ROSEUSDT|01011|False|0,0 - 0,25|0,0 - 0,25|0,25 - 0,5|0,25 - 0,5|0,5 - 1|1
ROSEUSDT|00101|False|0,0 - 0,25|0,0 - 0,25|0,0 - 0,25|0,25 - 0,5|0,25 - 0,5|2
ROSEUSDT|00010|True|0,0 - 0,25|0,0 - 0,25|0,0 - 0,25|0,0 - 0,25|0,25 - 0,5|3
ROSEUSDT|10001|False|0,0 - 0,25|0,0 - 0,25|0,0 - 0,25|0,0 - 0,25|0,0 - 0,25|6
ROSEUSDT|00100|False|0,25 - 0,5|0,0 - 0,25|0,0 - 0,25|0,0 - 0,25|0,0 - 0,25|3
ROSEUSDT|00010|False|0,5 - 1|0,25 - 0,5|0,0 - 0,25|0,0 - 0,25|0,0 - 0,25|1
ROSEUSDT|00001|True|0,0 - 0,25|0,5 - 1|0,25 - 0,5|0,0 - 0,25|0,0 - 0,25|1
ROSEUSDT|10000|True|0,0 - 0,25|0,0 - 0,25|0,5 - 1|0,25 - 0,5|0,0 - 0,25|1
ROSEUSDT|11000|False|0,25 - 0,5|0,0 - 0,25|0,0 - 0,25|0,5 - 1|0,25 - 0,5|1
ROSEUSDT|01100|False|0,0 - 0,25|0,25 - 0,5|0,0 - 0,25|0,0 - 0,25|0,5 - 1|1
ROSEUSDT|00110|False|0,25 - 0,5|0,0 - 0,25|0,25 - 0,5|0,0 - 0,25|0,0 - 0,25|1
ROSEUSDT|00011|True|0,0 - 0,25|0,25 - 0,5|0,0 - 0,25|0,25 - 0,5|0,0 - 0,25|1
ROSEUSDT|10001|True|0,25 - 0,5|0,0 - 0,25|0,25 - 0,5|0,0 - 0,25|0,25 - 0,5|1
ROSEUSDT|11000|True|0,0 - 0,25|0,25 - 0,5|0,0 - 0,25|0,25 - 0,5|0,0 - 0,25|1
ROSEUSDT|11100|False|0,0 - 0,25|0,0 - 0,25|0,25 - 0,5|0,0 - 0,25|0,25 - 0,5|1
ROSEUSDT|01110|False|0,0 - 0,25|0,0 - 0,25|0,0 - 0,25|0,25 - 0,5|0,0 - 0,25|1
ROSEUSDT|00111|True|0,0 - 0,25|0,0 - 0,25|0,0 - 0,25|0,0 - 0,25|0,25 - 0,5|2
ROSEUSDT|10011|False|0,0 - 0,25|0,0 - 0,25|0,0 - 0,25|0,0 - 0,25|0,0 - 0,25|8
ROSEUSDT|01001|True|0,0 - 0,25|0,0 - 0,25|0,0 - 0,25|0,0 - 0,25|0,0 - 0,25|5
ROSEUSDT|10100|True|0,25 - 0,5|0,0 - 0,25|0,0 - 0,25|0,0 - 0,25|0,0 - 0,25|3
ROSEUSDT|11010|True|0,25 - 0,5|0,25 - 0,5|0,0 - 0,25|0,0 - 0,25|0,0 - 0,25|2
ROSEUSDT|11101|False|0,0 - 0,25|0,25 - 0,5|0,25 - 0,5|0,0 - 0,25|0,0 - 0,25|1
ROSEUSDT|01110|True|0,25 - 0,5|0,0 - 0,25|0,25 - 0,5|0,25 - 0,5|0,0 - 0,25|2
ROSEUSDT|10111|False|0,0 - 0,25|0,25 - 0,5|0,0 - 0,25|0,25 - 0,5|0,25 - 0,5|2
ROSEUSDT|01011|True|0,0 - 0,25|0,0 - 0,25|0,25 - 0,5|0,0 - 0,25|0,25 - 0,5|1
ROSEUSDT|10101|False|0,5 - 1|0,0 - 0,25|0,0 - 0,25|0,25 - 0,5|0,0 - 0,25|1
ROSEUSDT|01010|True|0,0 - 0,25|0,5 - 1|0,0 - 0,25|0,0 - 0,25|0,25 - 0,5|1
ROSEUSDT|10101|True|0,5 - 1|0,0 - 0,25|0,5 - 1|0,0 - 0,25|0,0 - 0,25|1
ROSEUSDT|11010|False|0,25 - 0,5|0,5 - 1|0,0 - 0,25|0,5 - 1|0,0 - 0,25|1
ROSEUSDT|01101|True|0,0 - 0,25|0,25 - 0,5|0,5 - 1|0,0 - 0,25|0,5 - 1|1
ROSEUSDT|10110|True|0,0 - 0,25|0,0 - 0,25|0,25 - 0,5|0,5 - 1|0,0 - 0,25|1
ROSEUSDT|11011|False|0,0 - 0,25|0,0 - 0,25|0,0 - 0,25|0,25 - 0,5|0,5 - 1|1
ROSEUSDT|01101|True|0,5 - 1|0,0 - 0,25|0,0 - 0,25|0,0 - 0,25|0,25 - 0,5|1
ROSEUSDT|10110|True|0,25 - 0,5|0,5 - 1|0,0 - 0,25|0,0 - 0,25|0,0 - 0,25|1
ROSEUSDT|11011|True|0,25 - 0,5|0,25 - 0,5|0,5 - 1|0,0 - 0,25|0,0 - 0,25|1
ROSEUSDT|11101|True|0,0 - 0,25|0,25 - 0,5|0,25 - 0,5|0,5 - 1|0,0 - 0,25|1
ROSEUSDT|11110|True|0,25 - 0,5|0,0 - 0,25|0,25 - 0,5|0,25 - 0,5|0,5 - 1|1
ROSEUSDT|11111|True|0,0 - 0,25|0,25 - 0,5|0,0 - 0,25|0,25 - 0,5|0,25 - 0,5|1
ROSEUSDT|11111|False|0,5 - 1|0,0 - 0,25|0,25 - 0,5|0,0 - 0,25|0,25 - 0,5|1
ROSEUSDT|01111|True|0,25 - 0,5|0,5 - 1|0,0 - 0,25|0,25 - 0,5|0,0 - 0,25|1
ROSEUSDT|10111|True|0,25 - 0,5|0,25 - 0,5|0,5 - 1|0,0 - 0,25|0,25 - 0,5|1
ROSEUSDT|11011|True|0,0 - 0,25|0,25 - 0,5|0,25 - 0,5|0,5 - 1|0,0 - 0,25|1
ROSEUSDT|11101|False|0,5 - 1|0,0 - 0,25|0,25 - 0,5|0,25 - 0,5|0,5 - 1|1
ROSEUSDT|01110|False|0,5 - 1|0,5 - 1|0,0 - 0,25|0,25 - 0,5|0,25 - 0,5|1
ROSEUSDT|00111|False|1 - 2|0,5 - 1|0,5 - 1|0,0 - 0,25|0,25 - 0,5|1
ROSEUSDT|00011|True|0,5 - 1|1 - 2|0,5 - 1|0,5 - 1|0,0 - 0,25|1
ROSEUSDT|10001|True|0,5 - 1|0,5 - 1|1 - 2|0,5 - 1|0,5 - 1|1
ROSEUSDT|11000|True|0,5 - 1|0,5 - 1|0,5 - 1|1 - 2|0,5 - 1|1
ROSEUSDT|11100|True|0,25 - 0,5|0,5 - 1|0,5 - 1|0,5 - 1|1 - 2|1
ROSEUSDT|11110|False|0,25 - 0,5|0,25 - 0,5|0,5 - 1|0,5 - 1|0,5 - 1|1
ROSEUSDT|01111|False|0,25 - 0,5|0,25 - 0,5|0,25 - 0,5|0,5 - 1|0,5 - 1|1
ROSEUSDT|00111|False|0,25 - 0,5|0,25 - 0,5|0,25 - 0,5|0,25 - 0,5|0,5 - 1|1
ROSEUSDT|00011|False|0,5 - 1|0,25 - 0,5|0,25 - 0,5|0,25 - 0,5|0,25 - 0,5|1
ROSEUSDT|00001|True|0,5 - 1|0,5 - 1|0,25 - 0,5|0,25 - 0,5|0,25 - 0,5|1
ROSEUSDT|10000|False|0,5 - 1|0,5 - 1|0,5 - 1|0,25 - 0,5|0,25 - 0,5|1
ROSEUSDT|01000|True|0,25 - 0,5|0,5 - 1|0,5 - 1|0,5 - 1|0,25 - 0,5|1
ROSEUSDT|10100|False|0,0 - 0,25|0,25 - 0,5|0,5 - 1|0,5 - 1|0,5 - 1|1
ROSEUSDT|01010|False|0,25 - 0,5|0,0 - 0,25|0,25 - 0,5|0,5 - 1|0,5 - 1|1
ROSEUSDT|00101|True|0,0 - 0,25|0,25 - 0,5|0,0 - 0,25|0,25 - 0,5|0,5 - 1|1
ROSEUSDT|10010|False|0,0 - 0,25|0,0 - 0,25|0,25 - 0,5|0,0 - 0,25|0,25 - 0,5|1
ROSEUSDT|01001|False|0,25 - 0,5|0,0 - 0,25|0,0 - 0,25|0,25 - 0,5|0,0 - 0,25|1
ROSEUSDT|00100|False|0,0 - 0,25|0,25 - 0,5|0,0 - 0,25|0,0 - 0,25|0,25 - 0,5|1
ROSEUSDT|00010|False|0,25 - 0,5|0,0 - 0,25|0,25 - 0,5|0,0 - 0,25|0,0 - 0,25|2
ROSEUSDT|00001|False|0,25 - 0,5|0,25 - 0,5|0,0 - 0,25|0,25 - 0,5|0,0 - 0,25|1
ROSEUSDT|00000|True|0,25 - 0,5|0,25 - 0,5|0,25 - 0,5|0,0 - 0,25|0,25 - 0,5|1
ROSEUSDT|10000|False|0,0 - 0,25|0,25 - 0,5|0,25 - 0,5|0,25 - 0,5|0,0 - 0,25|1
ROSEUSDT|01000|True|0,25 - 0,5|0,0 - 0,25|0,25 - 0,5|0,25 - 0,5|0,25 - 0,5|1
ROSEUSDT|10100|False|0,25 - 0,5|0,25 - 0,5|0,0 - 0,25|0,25 - 0,5|0,25 - 0,5|1
ROSEUSDT|01010|True|0,0 - 0,25|0,25 - 0,5|0,25 - 0,5|0,0 - 0,25|0,25 - 0,5|1
ROSEUSDT|10101|True|0,0 - 0,25|0,0 - 0,25|0,25 - 0,5|0,25 - 0,5|0,0 - 0,25|1
ROSEUSDT|11010|False|0,25 - 0,5|0,0 - 0,25|0,0 - 0,25|0,25 - 0,5|0,25 - 0,5|1
ROSEUSDT|01101|True|0,0 - 0,25|0,25 - 0,5|0,0 - 0,25|0,0 - 0,25|0,25 - 0,5|1
ROSEUSDT|10110|False|0,25 - 0,5|0,0 - 0,25|0,25 - 0,5|0,0 - 0,25|0,0 - 0,25|2
ROSEUSDT|01011|False|0,25 - 0,5|0,25 - 0,5|0,0 - 0,25|0,25 - 0,5|0,0 - 0,25|1
ROSEUSDT|00101|True|0,0 - 0,25|0,25 - 0,5|0,25 - 0,5|0,0 - 0,25|0,25 - 0,5|1
ROSEUSDT|10010|False|0,5 - 1|0,0 - 0,25|0,25 - 0,5|0,25 - 0,5|0,0 - 0,25|1
ROSEUSDT|01001|False|0,25 - 0,5|0,5 - 1|0,0 - 0,25|0,25 - 0,5|0,25 - 0,5|1
ROSEUSDT|00100|False|0,25 - 0,5|0,25 - 0,5|0,5 - 1|0,0 - 0,25|0,25 - 0,5|1
ROSEUSDT|00010|True|0,25 - 0,5|0,25 - 0,5|0,25 - 0,5|0,5 - 1|0,0 - 0,25|1
ROSEUSDT|10001|False|0,5 - 1|0,25 - 0,5|0,25 - 0,5|0,25 - 0,5|0,5 - 1|1
ROSEUSDT|01000|True|0,25 - 0,5|0,5 - 1|0,25 - 0,5|0,25 - 0,5|0,25 - 0,5|1
ROSEUSDT|10100|True|0,0 - 0,25|0,25 - 0,5|0,5 - 1|0,25 - 0,5|0,25 - 0,5|1
ROSEUSDT|11010|True|0,5 - 1|0,0 - 0,25|0,25 - 0,5|0,5 - 1|0,25 - 0,5|1
ROSEUSDT|11101|False|0,25 - 0,5|0,5 - 1|0,0 - 0,25|0,25 - 0,5|0,5 - 1|1
ROSEUSDT|01110|False|0,25 - 0,5|0,25 - 0,5|0,5 - 1|0,0 - 0,25|0,25 - 0,5|1
ROSEUSDT|00111|False|0,25 - 0,5|0,25 - 0,5|0,25 - 0,5|0,5 - 1|0,0 - 0,25|1
ROSEUSDT|00011|False|0,25 - 0,5|0,25 - 0,5|0,25 - 0,5|0,25 - 0,5|0,5 - 1|1
ROSEUSDT|00001|False|0,25 - 0,5|0,25 - 0,5|0,25 - 0,5|0,25 - 0,5|0,25 - 0,5|1
ROSEUSDT|00000|False|1 - 2|0,25 - 0,5|0,25 - 0,5|0,25 - 0,5|0,25 - 0,5|1
ROSEUSDT|00000|False|0,0 - 0,25|1 - 2|0,25 - 0,5|0,25 - 0,5|0,25 - 0,5|1
ROSEUSDT|00000|True|0,0 - 0,25|0,0 - 0,25|1 - 2|0,25 - 0,5|0,25 - 0,5|1
ROSEUSDT|10000|False|0,25 - 0,5|0,0 - 0,25|0,0 - 0,25|1 - 2|0,25 - 0,5|1
ROSEUSDT|01000|True|0,0 - 0,25|0,25 - 0,5|0,0 - 0,25|0,0 - 0,25|1 - 2|1
ROSEUSDT|10100|True|0,25 - 0,5|0,0 - 0,25|0,25 - 0,5|0,0 - 0,25|0,0 - 0,25|1
ROSEUSDT|11010|True|0,0 - 0,25|0,25 - 0,5|0,0 - 0,25|0,25 - 0,5|0,0 - 0,25|1
ROSEUSDT|11101|True|0,0 - 0,25|0,0 - 0,25|0,25 - 0,5|0,0 - 0,25|0,25 - 0,5|1
ROSEUSDT|11110|False|0,0 - 0,25|0,0 - 0,25|0,0 - 0,25|0,25 - 0,5|0,0 - 0,25|1
ROSEUSDT|01111|False|0,0 - 0,25|0,0 - 0,25|0,0 - 0,25|0,0 - 0,25|0,25 - 0,5|1
ROSEUSDT|00111|False|0,25 - 0,5|0,0 - 0,25|0,0 - 0,25|0,0 - 0,25|0,0 - 0,25|2
ROSEUSDT|00011|True|0,25 - 0,5|0,25 - 0,5|0,0 - 0,25|0,0 - 0,25|0,0 - 0,25|1
ROSEUSDT|10001|False|0,25 - 0,5|0,25 - 0,5|0,25 - 0,5|0,0 - 0,25|0,0 - 0,25|1
ROSEUSDT|01000|True|0,0 - 0,25|0,25 - 0,5|0,25 - 0,5|0,25 - 0,5|0,0 - 0,25|1
ROSEUSDT|10100|True|0,0 - 0,25|0,0 - 0,25|0,25 - 0,5|0,25 - 0,5|0,25 - 0,5|1
ROSEUSDT|11010|True|0,0 - 0,25|0,0 - 0,25|0,0 - 0,25|0,25 - 0,5|0,25 - 0,5|1
ROSEUSDT|11101|False|0,5 - 1|0,0 - 0,25|0,0 - 0,25|0,0 - 0,25|0,25 - 0,5|1
ROSEUSDT|01110|False|0,0 - 0,25|0,5 - 1|0,0 - 0,25|0,0 - 0,25|0,0 - 0,25|1
ROSEUSDT|00111|False|0,25 - 0,5|0,0 - 0,25|0,5 - 1|0,0 - 0,25|0,0 - 0,25|1
ROSEUSDT|00011|False|0,0 - 0,25|0,25 - 0,5|0,0 - 0,25|0,5 - 1|0,0 - 0,25|1
ROSEUSDT|00001|True|0,0 - 0,25|0,0 - 0,25|0,25 - 0,5|0,0 - 0,25|0,5 - 1|1
ROSEUSDT|10000|False|0,0 - 0,25|0,0 - 0,25|0,0 - 0,25|0,25 - 0,5|0,0 - 0,25|2
ROSEUSDT|01000|False|0,25 - 0,5|0,0 - 0,25|0,0 - 0,25|0,0 - 0,25|0,25 - 0,5|1
ROSEUSDT|00100|False|0,25 - 0,5|0,25 - 0,5|0,0 - 0,25|0,0 - 0,25|0,0 - 0,25|2
ROSEUSDT|00010|False|0,0 - 0,25|0,25 - 0,5|0,25 - 0,5|0,0 - 0,25|0,0 - 0,25|2
ROSEUSDT|00001|True|0,0 - 0,25|0,0 - 0,25|0,25 - 0,5|0,25 - 0,5|0,0 - 0,25|2
ROSEUSDT|10000|False|0,0 - 0,25|0,0 - 0,25|0,0 - 0,25|0,25 - 0,5|0,25 - 0,5|2
ROSEUSDT|01000|True|0,0 - 0,25|0,0 - 0,25|0,0 - 0,25|0,0 - 0,25|0,25 - 0,5|2
ROSEUSDT|10100|False|0,0 - 0,25|0,0 - 0,25|0,0 - 0,25|0,0 - 0,25|0,0 - 0,25|5
ROSEUSDT|10101|True|0,25 - 0,5|0,0 - 0,25|0,0 - 0,25|0,0 - 0,25|0,0 - 0,25|1
ROSEUSDT|11010|False|0,0 - 0,25|0,25 - 0,5|0,0 - 0,25|0,0 - 0,25|0,0 - 0,25|3
ROSEUSDT|01101|False|0,25 - 0,5|0,0 - 0,25|0,25 - 0,5|0,0 - 0,25|0,0 - 0,25|1
ROSEUSDT|00110|False|0,0 - 0,25|0,25 - 0,5|0,0 - 0,25|0,25 - 0,5|0,0 - 0,25|1
ROSEUSDT|00011|True|0,25 - 0,5|0,0 - 0,25|0,25 - 0,5|0,0 - 0,25|0,25 - 0,5|1
ROSEUSDT|10001|False|0,25 - 0,5|0,25 - 0,5|0,0 - 0,25|0,25 - 0,5|0,0 - 0,25|1
ROSEUSDT|01000|False|0,25 - 0,5|0,25 - 0,5|0,25 - 0,5|0,0 - 0,25|0,25 - 0,5|1
ROSEUSDT|00100|True|0,0 - 0,25|0,25 - 0,5|0,25 - 0,5|0,25 - 0,5|0,0 - 0,25|1
ROSEUSDT|10010|True|0,0 - 0,25|0,0 - 0,25|0,25 - 0,5|0,25 - 0,5|0,25 - 0,5|2
ROSEUSDT|11001|False|0,25 - 0,5|0,0 - 0,25|0,0 - 0,25|0,25 - 0,5|0,25 - 0,5|2
ROSEUSDT|01100|True|0,0 - 0,25|0,25 - 0,5|0,0 - 0,25|0,0 - 0,25|0,25 - 0,5|1
ROSEUSDT|10110|True|0,25 - 0,5|0,0 - 0,25|0,25 - 0,5|0,0 - 0,25|0,0 - 0,25|1
ROSEUSDT|11011|True|0,25 - 0,5|0,25 - 0,5|0,0 - 0,25|0,25 - 0,5|0,0 - 0,25|1
ROSEUSDT|11101|False|0,0 - 0,25|0,25 - 0,5|0,25 - 0,5|0,0 - 0,25|0,25 - 0,5|1
ROSEUSDT|01011|False|0,0 - 0,25|0,0 - 0,25|0,25 - 0,5|0,0 - 0,25|0,25 - 0,5|1
ROSEUSDT|00101|False|0,5 - 1|0,0 - 0,25|0,0 - 0,25|0,25 - 0,5|0,0 - 0,25|1
ROSEUSDT|00010|False|0 - -0,25|0,5 - 1|0,0 - 0,25|0,0 - 0,25|0,25 - 0,5|1
ROSEUSDT|00001|True|0,0 - 0,25|0 - -0,25|0,5 - 1|0,0 - 0,25|0,0 - 0,25|1
ROSEUSDT|10000|True|0,0 - 0,25|0,0 - 0,25|0 - -0,25|0,5 - 1|0,0 - 0,25|1
ROSEUSDT|11000|False|0,25 - 0,5|0,0 - 0,25|0,0 - 0,25|0 - -0,25|0,5 - 1|1
ROSEUSDT|01100|False|0,0 - 0,25|0,25 - 0,5|0,0 - 0,25|0,0 - 0,25|0 - -0,25|1
ROSEUSDT|00110|True|0,0 - 0,25|0,0 - 0,25|0,25 - 0,5|0,0 - 0,25|0,0 - 0,25|4
ROSEUSDT|10011|True|0,0 - 0,25|0,0 - 0,25|0,0 - 0,25|0,25 - 0,5|0,0 - 0,25|1
ROSEUSDT|11001|False|0,25 - 0,5|0,0 - 0,25|0,0 - 0,25|0,0 - 0,25|0,25 - 0,5|1
ROSEUSDT|01100|False|0,0 - 0,25|0,25 - 0,5|0,0 - 0,25|0,0 - 0,25|0,0 - 0,25|3
ROSEUSDT|00110|False|0,0 - 0,25|0,0 - 0,25|0,25 - 0,5|0,0 - 0,25|0,0 - 0,25|1
ROSEUSDT|00011|True|0,0 - 0,25|0,0 - 0,25|0,0 - 0,25|0,25 - 0,5|0,0 - 0,25|1
ROSEUSDT|10001|True|0,0 - 0,25|0,0 - 0,25|0,0 - 0,25|0,0 - 0,25|0,25 - 0,5|1
ROSEUSDT|11000|True|0,0 - 0,25|0,0 - 0,25|0,0 - 0,25|0,0 - 0,25|0,0 - 0,25|5
ROSEUSDT|11100|False|0,0 - 0,25|0,0 - 0,25|0,0 - 0,25|0,0 - 0,25|0,0 - 0,25|6
ROSEUSDT|01110|False|0,25 - 0,5|0,0 - 0,25|0,0 - 0,25|0,0 - 0,25|0,0 - 0,25|2
ROSEUSDT|00111|True|0,0 - 0,25|0,25 - 0,5|0,0 - 0,25|0,0 - 0,25|0,0 - 0,25|1
ROSEUSDT|10011|True|0,0 - 0,25|0,0 - 0,25|0,25 - 0,5|0,0 - 0,25|0,0 - 0,25|2
ROSEUSDT|11001|True|0,0 - 0,25|0,0 - 0,25|0,0 - 0,25|0,25 - 0,5|0,0 - 0,25|2
ROSEUSDT|11100|True|0,0 - 0,25|0,0 - 0,25|0,0 - 0,25|0,0 - 0,25|0,25 - 0,5|1
ROSEUSDT|11110|False|0,0 - 0,25|0,0 - 0,25|0,0 - 0,25|0,0 - 0,25|0,0 - 0,25|6
ROSEUSDT|01111|False|0,25 - 0,5|0,0 - 0,25|0,0 - 0,25|0,0 - 0,25|0,0 - 0,25|1
ROSEUSDT|00111|False|0,25 - 0,5|0,25 - 0,5|0,0 - 0,25|0,0 - 0,25|0,0 - 0,25|1
ROSEUSDT|00011|True|0,0 - 0,25|0,25 - 0,5|0,25 - 0,5|0,0 - 0,25|0,0 - 0,25|2
ROSEUSDT|10001|False|0,0 - 0,25|0,0 - 0,25|0,25 - 0,5|0,25 - 0,5|0,0 - 0,25|1
ROSEUSDT|01000|False|0,0 - 0,25|0,0 - 0,25|0,0 - 0,25|0,25 - 0,5|0,25 - 0,5|1
ROSEUSDT|00100|True|0,25 - 0,5|0,0 - 0,25|0,0 - 0,25|0,0 - 0,25|0,25 - 0,5|1
ROSEUSDT|10010|True|0,0 - 0,25|0,25 - 0,5|0,0 - 0,25|0,0 - 0,25|0,0 - 0,25|1
ROSEUSDT|11001|True|1 - 2|0,0 - 0,25|0,25 - 0,5|0,0 - 0,25|0,0 - 0,25|1
ROSEUSDT|11100|False|0,5 - 1|1 - 2|0,0 - 0,25|0,25 - 0,5|0,0 - 0,25|1
ROSEUSDT|01110|True|0,25 - 0,5|0,5 - 1|1 - 2|0,0 - 0,25|0,25 - 0,5|1
ROSEUSDT|10111|True|0,0 - 0,25|0,25 - 0,5|0,5 - 1|1 - 2|0,0 - 0,25|1
ROSEUSDT|11011|True|0,0 - 0,25|0,0 - 0,25|0,25 - 0,5|0,5 - 1|1 - 2|1
ROSEUSDT|11101|True|0,25 - 0,5|0,0 - 0,25|0,0 - 0,25|0,25 - 0,5|0,5 - 1|1
ROSEUSDT|11110|True|0,0 - 0,25|0,25 - 0,5|0,0 - 0,25|0,0 - 0,25|0,25 - 0,5|2
ROSEUSDT|11111|False|0,0 - 0,25|0,0 - 0,25|0,25 - 0,5|0,0 - 0,25|0,0 - 0,25|2
ROSEUSDT|01111|False|0,5 - 1|0,0 - 0,25|0,0 - 0,25|0,25 - 0,5|0,0 - 0,25|1
ROSEUSDT|00111|False|0,0 - 0,25|0,5 - 1|0,0 - 0,25|0,0 - 0,25|0,25 - 0,5|1
ROSEUSDT|00011|True|0,25 - 0,5|0,0 - 0,25|0,5 - 1|0,0 - 0,25|0,0 - 0,25|1
ROSEUSDT|10001|False|0,0 - 0,25|0,25 - 0,5|0,0 - 0,25|0,5 - 1|0,0 - 0,25|1
ROSEUSDT|01000|False|0,0 - 0,25|0,0 - 0,25|0,25 - 0,5|0,0 - 0,25|0,5 - 1|1
ROSEUSDT|00100|False|0,0 - 0,25|0,0 - 0,25|0,0 - 0,25|0,25 - 0,5|0,0 - 0,25|1
ROSEUSDT|10001|True|0,0 - 0,25|0,0 - 0,25|0,0 - 0,25|0,0 - 0,25|0,0 - 0,25|3
ROSEUSDT|11000|True|0,25 - 0,5|0,0 - 0,25|0,0 - 0,25|0,0 - 0,25|0,0 - 0,25|1
ROSEUSDT|11100|True|0,0 - 0,25|0,25 - 0,5|0,0 - 0,25|0,0 - 0,25|0,0 - 0,25|1
ROSEUSDT|11110|False|0,0 - 0,25|0,0 - 0,25|0,25 - 0,5|0,0 - 0,25|0,0 - 0,25|2
ROSEUSDT|01111|True|0,0 - 0,25|0,0 - 0,25|0,0 - 0,25|0,25 - 0,5|0,0 - 0,25|2
ROSEUSDT|01011|False|0,0 - 0,25|0,0 - 0,25|0,0 - 0,25|0,0 - 0,25|0,0 - 0,25|6
ROSEUSDT|00101|True|0,5 - 1|0,0 - 0,25|0,0 - 0,25|0,0 - 0,25|0,0 - 0,25|1
ROSEUSDT|10010|False|0,25 - 0,5|0,5 - 1|0,0 - 0,25|0,0 - 0,25|0,0 - 0,25|1
ROSEUSDT|01001|True|0,0 - 0,25|0,25 - 0,5|0,5 - 1|0,0 - 0,25|0,0 - 0,25|1
ROSEUSDT|10100|False|0,0 - 0,25|0,0 - 0,25|0,25 - 0,5|0,5 - 1|0,0 - 0,25|1
ROSEUSDT|10101|True|0,0 - 0,25|0,0 - 0,25|0,0 - 0,25|0,0 - 0,25|0,25 - 0,5|1
ROSEUSDT|11010|True|0,0 - 0,25|0,0 - 0,25|0,0 - 0,25|0,0 - 0,25|0,0 - 0,25|7
ROSEUSDT|11101|False|0,0 - 0,25|0,0 - 0,25|0,0 - 0,25|0,0 - 0,25|0,0 - 0,25|7
ROSEUSDT|01110|True|0,0 - 0,25|0,0 - 0,25|0,0 - 0,25|0,0 - 0,25|0,0 - 0,25|4
ROSEUSDT|10111|True|0,0 - 0,25|0,0 - 0,25|0,0 - 0,25|0,0 - 0,25|0,0 - 0,25|4
ROSEUSDT|11011|False|0,0 - 0,25|0,0 - 0,25|0,0 - 0,25|0,0 - 0,25|0,0 - 0,25|5
ROSEUSDT|01101|False|0,25 - 0,5|0,0 - 0,25|0,0 - 0,25|0,0 - 0,25|0,0 - 0,25|1
ROSEUSDT|00110|True|0,0 - 0,25|0,25 - 0,5|0,0 - 0,25|0,0 - 0,25|0,0 - 0,25|1
ROSEUSDT|11001|False|0,0 - 0,25|0,0 - 0,25|0,0 - 0,25|0,25 - 0,5|0,0 - 0,25|1
ROSEUSDT|01100|True|0,0 - 0,25|0,0 - 0,25|0,0 - 0,25|0,0 - 0,25|0,25 - 0,5|1
ROSEUSDT|10110|True|0,25 - 0,5|0,0 - 0,25|0,0 - 0,25|0,0 - 0,25|0,0 - 0,25|1
ROSEUSDT|11011|True|0,0 - 0,25|0,25 - 0,5|0,0 - 0,25|0,0 - 0,25|0,0 - 0,25|1
ROSEUSDT|11101|False|0,25 - 0,5|0,0 - 0,25|0,25 - 0,5|0,0 - 0,25|0,0 - 0,25|2
ROSEUSDT|01110|True|0,0 - 0,25|0,25 - 0,5|0,0 - 0,25|0,25 - 0,5|0,0 - 0,25|2
ROSEUSDT|10111|False|0,25 - 0,5|0,0 - 0,25|0,25 - 0,5|0,0 - 0,25|0,25 - 0,5|1
ROSEUSDT|01011|False|0 - -0,25|0,25 - 0,5|0,0 - 0,25|0,25 - 0,5|0,0 - 0,25|1
ROSEUSDT|00101|True|0,0 - 0,25|0 - -0,25|0,25 - 0,5|0,0 - 0,25|0,25 - 0,5|1
ROSEUSDT|10010|False|0,25 - 0,5|0,0 - 0,25|0 - -0,25|0,25 - 0,5|0,0 - 0,25|1
ROSEUSDT|01001|False|0,0 - 0,25|0,25 - 0,5|0,0 - 0,25|0 - -0,25|0,25 - 0,5|1
ROSEUSDT|00100|True|0 - -0,25|0,0 - 0,25|0,25 - 0,5|0,0 - 0,25|0 - -0,25|1
ROSEUSDT|10010|True|0,0 - 0,25|0 - -0,25|0,0 - 0,25|0,25 - 0,5|0,0 - 0,25|1
ROSEUSDT|11001|False|0,0 - 0,25|0,0 - 0,25|0 - -0,25|0,0 - 0,25|0,25 - 0,5|1
ROSEUSDT|01100|True|0,0 - 0,25|0,0 - 0,25|0,0 - 0,25|0 - -0,25|0,0 - 0,25|3
ROSEUSDT|10110|False|0,0 - 0,25|0,0 - 0,25|0,0 - 0,25|0,0 - 0,25|0 - -0,25|3
ROSEUSDT|01011|True|0,0 - 0,25|0,0 - 0,25|0,0 - 0,25|0,0 - 0,25|0,0 - 0,25|6
ROSEUSDT|01010|True|0,5 - 1|0,0 - 0,25|0,0 - 0,25|0,0 - 0,25|0,0 - 0,25|1
ROSEUSDT|10101|True|0,0 - 0,25|0,5 - 1|0,0 - 0,25|0,0 - 0,25|0,0 - 0,25|1
ROSEUSDT|11010|False|0,25 - 0,5|0,0 - 0,25|0,5 - 1|0,0 - 0,25|0,0 - 0,25|1
ROSEUSDT|01101|False|0,0 - 0,25|0,25 - 0,5|0,0 - 0,25|0,5 - 1|0,0 - 0,25|1
ROSEUSDT|00110|False|0,0 - 0,25|0,0 - 0,25|0,25 - 0,5|0,0 - 0,25|0,5 - 1|1
ROSEUSDT|00011|True|0,25 - 0,5|0,0 - 0,25|0,0 - 0,25|0,25 - 0,5|0,0 - 0,25|1
ROSEUSDT|10001|False|0,0 - 0,25|0,25 - 0,5|0,0 - 0,25|0,0 - 0,25|0,25 - 0,5|2
ROSEUSDT|01000|True|0,0 - 0,25|0,0 - 0,25|0,25 - 0,5|0,0 - 0,25|0,0 - 0,25|2
ROSEUSDT|10100|False|0,0 - 0,25|0,0 - 0,25|0,0 - 0,25|0,25 - 0,5|0,0 - 0,25|1
ROSEUSDT|01010|False|0,25 - 0,5|0,0 - 0,25|0,0 - 0,25|0,0 - 0,25|0,25 - 0,5|1
ROSEUSDT|00101|True|0,25 - 0,5|0,25 - 0,5|0,0 - 0,25|0,0 - 0,25|0,0 - 0,25|1
ROSEUSDT|10010|True|0,0 - 0,25|0,25 - 0,5|0,25 - 0,5|0,0 - 0,25|0,0 - 0,25|2
ROSEUSDT|11001|False|0,25 - 0,5|0,0 - 0,25|0,25 - 0,5|0,25 - 0,5|0,0 - 0,25|1
ROSEUSDT|01100|False|0,0 - 0,25|0,25 - 0,5|0,0 - 0,25|0,25 - 0,5|0,25 - 0,5|1
ROSEUSDT|00110|True|0,0 - 0,25|0,0 - 0,25|0,25 - 0,5|0,0 - 0,25|0,25 - 0,5|1
ROSEUSDT|10011|False|0,0 - 0,25|0,0 - 0,25|0,0 - 0,25|0,25 - 0,5|0,0 - 0,25|3
ROSEUSDT|01001|False|0,0 - 0,25|0,0 - 0,25|0,0 - 0,25|0,0 - 0,25|0,25 - 0,5|1
ROSEUSDT|00010|True|0,0 - 0,25|0,25 - 0,5|0,0 - 0,25|0,0 - 0,25|0,0 - 0,25|2
ROSEUSDT|10001|False|0,0 - 0,25|0,0 - 0,25|0,25 - 0,5|0,0 - 0,25|0,0 - 0,25|3
ROSEUSDT|01000|False|0,0 - 0,25|0,0 - 0,25|0,0 - 0,25|0,25 - 0,5|0,0 - 0,25|2
ROSEUSDT|00100|False|0,5 - 1|0,0 - 0,25|0,0 - 0,25|0,0 - 0,25|0,25 - 0,5|1
ROSEUSDT|00010|False|0,25 - 0,5|0,5 - 1|0,0 - 0,25|0,0 - 0,25|0,0 - 0,25|1
ROSEUSDT|00001|False|0,0 - 0,25|0,25 - 0,5|0,5 - 1|0,0 - 0,25|0,0 - 0,25|1
ROSEUSDT|00000|False|0,0 - 0,25|0,0 - 0,25|0,25 - 0,5|0,5 - 1|0,0 - 0,25|1
ROSEUSDT|00000|False|0,0 - 0,25|0,0 - 0,25|0,0 - 0,25|0,25 - 0,5|0,5 - 1|1
ROSEUSDT|00000|True|0,0 - 0,25|0,0 - 0,25|0,0 - 0,25|0,0 - 0,25|0,25 - 0,5|2
ROSEUSDT|10010|True|0,0 - 0,25|0,0 - 0,25|0,0 - 0,25|0,0 - 0,25|0,0 - 0,25|4
ROSEUSDT|11001|False|0,25 - 0,5|0,0 - 0,25|0,0 - 0,25|0,0 - 0,25|0,0 - 0,25|2
ROSEUSDT|10011|True|0,25 - 0,5|0,0 - 0,25|0,0 - 0,25|0,25 - 0,5|0,0 - 0,25|1
ROSEUSDT|11001|True|0,0 - 0,25|0,25 - 0,5|0,0 - 0,25|0,0 - 0,25|0,25 - 0,5|1
ROSEUSDT|11100|True|0,25 - 0,5|0,0 - 0,25|0,25 - 0,5|0,0 - 0,25|0,0 - 0,25|1
ROSEUSDT|11110|True|0,0 - 0,25|0,25 - 0,5|0,0 - 0,25|0,25 - 0,5|0,0 - 0,25|1
ROSEUSDT|11111|False|0,0 - 0,25|0,0 - 0,25|0,25 - 0,5|0,0 - 0,25|0,25 - 0,5|1
ROSEUSDT|00101|True|0 - -0,25|0,0 - 0,25|0,0 - 0,25|0,0 - 0,25|0,0 - 0,25|1
ROSEUSDT|10010|True|0,0 - 0,25|0 - -0,25|0,0 - 0,25|0,0 - 0,25|0,0 - 0,25|1
ROSEUSDT|11001|False|0,0 - 0,25|0,0 - 0,25|0 - -0,25|0,0 - 0,25|0,0 - 0,25|1
ROSEUSDT|00101|False|0,0 - 0,25|0,0 - 0,25|0,0 - 0,25|0,0 - 0,25|0,0 - 0,25|2
ROSEUSDT|00010|False|0,0 - 0,25|0,0 - 0,25|0,0 - 0,25|0,0 - 0,25|0,0 - 0,25|4
ROSEUSDT|00001|False|0,0 - 0,25|0,0 - 0,25|0,0 - 0,25|0,0 - 0,25|0,0 - 0,25|7
ROSEUSDT|00000|True|0,25 - 0,5|0,0 - 0,25|0,0 - 0,25|0,0 - 0,25|0,0 - 0,25|1
ROSEUSDT|10000|True|1 - 2|0,25 - 0,5|0,0 - 0,25|0,0 - 0,25|0,0 - 0,25|1
ROSEUSDT|11000|False|0,0 - 0,25|1 - 2|0,25 - 0,5|0,0 - 0,25|0,0 - 0,25|1
ROSEUSDT|01100|False|0,0 - 0,25|0,0 - 0,25|1 - 2|0,25 - 0,5|0,0 - 0,25|1
ROSEUSDT|00110|False|0,25 - 0,5|0,0 - 0,25|0,0 - 0,25|1 - 2|0,25 - 0,5|1
ROSEUSDT|00011|True|0,0 - 0,25|0,25 - 0,5|0,0 - 0,25|0,0 - 0,25|1 - 2|1
ROSEUSDT|00100|False|0,0 - 0,25|0,0 - 0,25|0,0 - 0,25|0,0 - 0,25|0,25 - 0,5|1
ROSEUSDT|00010|False|0,5 - 1|0,0 - 0,25|0,0 - 0,25|0,0 - 0,25|0,0 - 0,25|2
ROSEUSDT|00001|False|0,0 - 0,25|0,5 - 1|0,0 - 0,25|0,0 - 0,25|0,0 - 0,25|2
ROSEUSDT|00000|True|0,0 - 0,25|0,0 - 0,25|0,5 - 1|0,0 - 0,25|0,0 - 0,25|2
ROSEUSDT|10000|False|0,0 - 0,25|0,0 - 0,25|0,0 - 0,25|0,5 - 1|0,0 - 0,25|1
ROSEUSDT|01000|False|0,0 - 0,25|0,0 - 0,25|0,0 - 0,25|0,0 - 0,25|0,5 - 1|1
ROSEUSDT|00010|True|0,5 - 1|0,25 - 0,5|0,0 - 0,25|0,0 - 0,25|0,0 - 0,25|1
ROSEUSDT|10001|True|0,5 - 1|0,5 - 1|0,25 - 0,5|0,0 - 0,25|0,0 - 0,25|1
ROSEUSDT|11000|False|0,0 - 0,25|0,5 - 1|0,5 - 1|0,25 - 0,5|0,0 - 0,25|1
ROSEUSDT|01100|False|0,25 - 0,5|0,0 - 0,25|0,5 - 1|0,5 - 1|0,25 - 0,5|1
ROSEUSDT|00110|False|0,0 - 0,25|0,25 - 0,5|0,0 - 0,25|0,5 - 1|0,5 - 1|1
ROSEUSDT|00011|True|0,25 - 0,5|0,0 - 0,25|0,25 - 0,5|0,0 - 0,25|0,5 - 1|1
ROSEUSDT|10001|True|0,25 - 0,5|0,25 - 0,5|0,0 - 0,25|0,25 - 0,5|0,0 - 0,25|1
ROSEUSDT|11000|False|0,25 - 0,5|0,25 - 0,5|0,25 - 0,5|0,0 - 0,25|0,25 - 0,5|1
ROSEUSDT|01100|False|0,0 - 0,25|0,25 - 0,5|0,25 - 0,5|0,25 - 0,5|0,0 - 0,25|1
ROSEUSDT|00110|False|0,25 - 0,5|0,0 - 0,25|0,25 - 0,5|0,25 - 0,5|0,25 - 0,5|1
ROSEUSDT|00011|False|0,0 - 0,25|0,25 - 0,5|0,0 - 0,25|0,25 - 0,5|0,25 - 0,5|1
ROSEUSDT|00001|False|0,25 - 0,5|0,0 - 0,25|0,25 - 0,5|0,0 - 0,25|0,25 - 0,5|1
ROSEUSDT|00000|True|0 - -0,25|0,25 - 0,5|0,0 - 0,25|0,25 - 0,5|0,0 - 0,25|1
ROSEUSDT|10000|True|0,0 - 0,25|0 - -0,25|0,25 - 0,5|0,0 - 0,25|0,25 - 0,5|1
ROSEUSDT|11000|True|0,0 - 0,25|0,0 - 0,25|0 - -0,25|0,25 - 0,5|0,0 - 0,25|1
ROSEUSDT|11100|True|0,25 - 0,5|0,0 - 0,25|0,0 - 0,25|0 - -0,25|0,25 - 0,5|1
ROSEUSDT|11110|False|0,25 - 0,5|0,25 - 0,5|0,0 - 0,25|0,0 - 0,25|0 - -0,25|1
ROSEUSDT|01111|True|0,25 - 0,5|0,25 - 0,5|0,25 - 0,5|0,0 - 0,25|0,0 - 0,25|1
ROSEUSDT|10111|False|0,25 - 0,5|0,25 - 0,5|0,25 - 0,5|0,25 - 0,5|0,0 - 0,25|1
ROSEUSDT|01011|False|0,0 - 0,25|0,25 - 0,5|0,25 - 0,5|0,25 - 0,5|0,25 - 0,5|1
ROSEUSDT|00101|False|0,0 - 0,25|0,0 - 0,25|0,25 - 0,5|0,25 - 0,5|0,25 - 0,5|1
ROSEUSDT|00010|True|0,25 - 0,5|0,0 - 0,25|0,0 - 0,25|0,25 - 0,5|0,25 - 0,5|1
ROSEUSDT|10100|True|0,0 - 0,25|0,0 - 0,25|0,0 - 0,25|0,25 - 0,5|0,0 - 0,25|2
ROSEUSDT|11010|True|0,0 - 0,25|0,0 - 0,25|0,0 - 0,25|0,0 - 0,25|0,25 - 0,5|2
ROSEUSDT|00111|False|0,5 - 1|0,0 - 0,25|0,0 - 0,25|0,0 - 0,25|0,0 - 0,25|1
ROSEUSDT|00011|True|0,25 - 0,5|0,5 - 1|0,0 - 0,25|0,0 - 0,25|0,0 - 0,25|1
ROSEUSDT|10001|False|0,25 - 0,5|0,25 - 0,5|0,5 - 1|0,0 - 0,25|0,0 - 0,25|1
ROSEUSDT|01000|False|0,25 - 0,5|0,25 - 0,5|0,25 - 0,5|0,5 - 1|0,0 - 0,25|1
ROSEUSDT|00100|True|0,0 - 0,25|0,25 - 0,5|0,25 - 0,5|0,25 - 0,5|0,5 - 1|1
ROSEUSDT|10010|False|0,0 - 0,25|0,0 - 0,25|0,25 - 0,5|0,25 - 0,5|0,25 - 0,5|1
ROSEUSDT|01001|True|0,0 - 0,25|0,0 - 0,25|0,0 - 0,25|0,25 - 0,5|0,25 - 0,5|1
ROSEUSDT|10100|True|0,25 - 0,5|0,0 - 0,25|0,0 - 0,25|0,0 - 0,25|0,25 - 0,5|1
ROSEUSDT|01101|False|0,0 - 0,25|0,0 - 0,25|0,25 - 0,5|0,0 - 0,25|0,0 - 0,25|1
ROSEUSDT|00110|False|0,25 - 0,5|0,0 - 0,25|0,0 - 0,25|0,25 - 0,5|0,0 - 0,25|2
ROSEUSDT|00011|False|0,0 - 0,25|0,25 - 0,5|0,0 - 0,25|0,0 - 0,25|0,25 - 0,5|1
ROSEUSDT|00001|False|0,0 - 0,25|0,0 - 0,25|0,25 - 0,5|0,0 - 0,25|0,0 - 0,25|1
ROSEUSDT|00000|False|0,0 - 0,25|0,0 - 0,25|0,0 - 0,25|0,25 - 0,5|0,0 - 0,25|1
ROSEUSDT|00000|False|0,0 - 0,25|0,0 - 0,25|0,0 - 0,25|0,0 - 0,25|0,25 - 0,5|1
ROSEUSDT|00000|True|0 - -0,25|0,0 - 0,25|0,0 - 0,25|0,0 - 0,25|0,0 - 0,25|2
ROSEUSDT|10000|True|0,25 - 0,5|0 - -0,25|0,0 - 0,25|0,0 - 0,25|0,0 - 0,25|1
ROSEUSDT|11000|False|0,0 - 0,25|0,25 - 0,5|0 - -0,25|0,0 - 0,25|0,0 - 0,25|1
ROSEUSDT|01100|True|0,25 - 0,5|0,0 - 0,25|0,25 - 0,5|0 - -0,25|0,0 - 0,25|1
ROSEUSDT|10110|True|0,0 - 0,25|0,25 - 0,5|0,0 - 0,25|0,25 - 0,5|0 - -0,25|1
ROSEUSDT|11011|False|0,0 - 0,25|0,0 - 0,25|0,25 - 0,5|0,0 - 0,25|0,25 - 0,5|1
ROSEUSDT|01101|True|0,0 - 0,25|0,0 - 0,25|0,0 - 0,25|0,25 - 0,5|0,0 - 0,25|1
ROSEUSDT|10110|True|0,0 - 0,25|0,0 - 0,25|0,0 - 0,25|0,0 - 0,25|0,25 - 0,5|1
ROSEUSDT|11011|True|0,25 - 0,5|0,0 - 0,25|0,0 - 0,25|0,0 - 0,25|0,0 - 0,25|1
ROSEUSDT|11101|True|0,25 - 0,5|0,25 - 0,5|0,0 - 0,25|0,0 - 0,25|0,0 - 0,25|1
ROSEUSDT|11110|False|0,0 - 0,25|0,25 - 0,5|0,25 - 0,5|0,0 - 0,25|0,0 - 0,25|1
ROSEUSDT|01111|True|0,25 - 0,5|0,0 - 0,25|0,25 - 0,5|0,25 - 0,5|0,0 - 0,25|1
ROSEUSDT|10111|False|0,25 - 0,5|0,25 - 0,5|0,0 - 0,25|0,25 - 0,5|0,25 - 0,5|1
ROSEUSDT|01011|False|0,25 - 0,5|0,25 - 0,5|0,25 - 0,5|0,0 - 0,25|0,25 - 0,5|1
ROSEUSDT|00101|False|0,0 - 0,25|0,25 - 0,5|0,25 - 0,5|0,25 - 0,5|0,0 - 0,25|1
ROSEUSDT|00010|True|0,0 - 0,25|0,0 - 0,25|0,25 - 0,5|0,25 - 0,5|0,25 - 0,5|1
ROSEUSDT|10001|True|0,0 - 0,25|0,0 - 0,25|0,0 - 0,25|0,25 - 0,5|0,25 - 0,5|1
ROSEUSDT|11000|False|0,25 - 0,5|0,0 - 0,25|0,0 - 0,25|0,0 - 0,25|0,25 - 0,5|1
ROSEUSDT|01001|True|0,0 - 0,25|0,0 - 0,25|0,0 - 0,25|0,0 - 0,25|0,25 - 0,5|3
ROSEUSDT|10100|True|0,5 - 1|0,0 - 0,25|0,0 - 0,25|0,0 - 0,25|0,0 - 0,25|1
ROSEUSDT|11010|True|0,0 - 0,25|0,5 - 1|0,0 - 0,25|0,0 - 0,25|0,0 - 0,25|1
ROSEUSDT|11101|True|0,0 - 0,25|0,0 - 0,25|0,5 - 1|0,0 - 0,25|0,0 - 0,25|2
ROSEUSDT|11110|False|0,25 - 0,5|0,0 - 0,25|0,0 - 0,25|0,5 - 1|0,0 - 0,25|2
ROSEUSDT|01111|True|0,0 - 0,25|0,25 - 0,5|0,0 - 0,25|0,0 - 0,25|0,5 - 1|1
ROSEUSDT|10111|True|0,0 - 0,25|0,0 - 0,25|0,25 - 0,5|0,0 - 0,25|0,0 - 0,25|3
ROSEUSDT|11011|False|0,0 - 0,25|0,0 - 0,25|0,0 - 0,25|0,25 - 0,5|0,0 - 0,25|2
ROSEUSDT|01101|True|0,0 - 0,25|0,0 - 0,25|0,0 - 0,25|0,0 - 0,25|0,25 - 0,5|3
ROSEUSDT|10110|False|0,25 - 0,5|0,0 - 0,25|0,0 - 0,25|0,0 - 0,25|0,0 - 0,25|1
ROSEUSDT|01011|True|0,0 - 0,25|0,25 - 0,5|0,0 - 0,25|0,0 - 0,25|0,0 - 0,25|1
ROSEUSDT|10101|False|0,0 - 0,25|0,0 - 0,25|0,25 - 0,5|0,0 - 0,25|0,0 - 0,25|1
ROSEUSDT|01010|False|0,25 - 0,5|0,0 - 0,25|0,0 - 0,25|0,25 - 0,5|0,0 - 0,25|1
ROSEUSDT|00101|False|0,0 - 0,25|0,25 - 0,5|0,0 - 0,25|0,0 - 0,25|0,25 - 0,5|1
ROSEUSDT|00001|False|0,0 - 0,25|0,25 - 0,5|0,0 - 0,25|0,25 - 0,5|0,0 - 0,25|1
ROSEUSDT|00000|True|0,0 - 0,25|0,0 - 0,25|0,25 - 0,5|0,0 - 0,25|0,25 - 0,5|2
ROSEUSDT|10000|False|0,25 - 0,5|0,0 - 0,25|0,0 - 0,25|0,25 - 0,5|0,0 - 0,25|2
ROSEUSDT|01000|False|0,0 - 0,25|0,25 - 0,5|0,0 - 0,25|0,0 - 0,25|0,25 - 0,5|2
ROSEUSDT|00100|True|0,0 - 0,25|0,0 - 0,25|0,25 - 0,5|0,0 - 0,25|0,0 - 0,25|2
ROSEUSDT|10010|False|0,25 - 0,5|0,0 - 0,25|0,0 - 0,25|0,25 - 0,5|0,0 - 0,25|2
ROSEUSDT|01001|True|0,0 - 0,25|0,25 - 0,5|0,0 - 0,25|0,0 - 0,25|0,25 - 0,5|2
ROSEUSDT|10100|True|0,0 - 0,25|0,0 - 0,25|0,25 - 0,5|0,0 - 0,25|0,0 - 0,25|2
ROSEUSDT|11010|False|0,0 - 0,25|0,0 - 0,25|0,0 - 0,25|0,25 - 0,5|0,0 - 0,25|2
ROSEUSDT|10110|True|0,5 - 1|0,0 - 0,25|0,0 - 0,25|0,0 - 0,25|0,0 - 0,25|1
ROSEUSDT|11011|True|0,0 - 0,25|0,5 - 1|0,0 - 0,25|0,0 - 0,25|0,0 - 0,25|1
ROSEUSDT|01111|True|0,25 - 0,5|0,25 - 0,5|0,0 - 0,25|0,0 - 0,25|0,5 - 1|1
ROSEUSDT|10111|True|0,0 - 0,25|0,25 - 0,5|0,25 - 0,5|0,0 - 0,25|0,0 - 0,25|1
ROSEUSDT|11011|True|0,0 - 0,25|0,0 - 0,25|0,25 - 0,5|0,25 - 0,5|0,0 - 0,25|1
ROSEUSDT|11101|True|0,25 - 0,5|0,0 - 0,25|0,0 - 0,25|0,25 - 0,5|0,25 - 0,5|1
ROSEUSDT|11111|True|0,0 - 0,25|0,0 - 0,25|0,25 - 0,5|0,0 - 0,25|0,0 - 0,25|1
ROSEUSDT|11111|True|0,25 - 0,5|0,0 - 0,25|0,0 - 0,25|0,25 - 0,5|0,0 - 0,25|1
ROSEUSDT|11111|True|0,25 - 0,5|0,25 - 0,5|0,0 - 0,25|0,0 - 0,25|0,25 - 0,5|1
ROSEUSDT|11111|True|0,25 - 0,5|0,25 - 0,5|0,25 - 0,5|0,0 - 0,25|0,0 - 0,25|1
ROSEUSDT|11111|True|0,25 - 0,5|0,25 - 0,5|0,25 - 0,5|0,25 - 0,5|0,0 - 0,25|1
ROSEUSDT|11111|False|0,0 - 0,25|0,25 - 0,5|0,25 - 0,5|0,25 - 0,5|0,25 - 0,5|1
ROSEUSDT|01111|False|0,25 - 0,5|0,0 - 0,25|0,25 - 0,5|0,25 - 0,5|0,25 - 0,5|1
ROSEUSDT|00111|True|0,5 - 1|0,25 - 0,5|0,0 - 0,25|0,25 - 0,5|0,25 - 0,5|1
ROSEUSDT|10011|False|0,25 - 0,5|0,5 - 1|0,25 - 0,5|0,0 - 0,25|0,25 - 0,5|1
ROSEUSDT|01001|False|0,0 - 0,25|0,25 - 0,5|0,5 - 1|0,25 - 0,5|0,0 - 0,25|1
ROSEUSDT|00100|False|0,0 - 0,25|0,0 - 0,25|0,25 - 0,5|0,5 - 1|0,25 - 0,5|1
ROSEUSDT|00010|False|0,0 - 0,25|0,0 - 0,25|0,0 - 0,25|0,25 - 0,5|0,5 - 1|1
ROSEUSDT|00001|True|0,0 - 0,25|0,0 - 0,25|0,0 - 0,25|0,0 - 0,25|0,25 - 0,5|1
ROSEUSDT|10000|False|0,25 - 0,5|0,0 - 0,25|0,0 - 0,25|0,0 - 0,25|0,0 - 0,25|2
ROSEUSDT|01000|True|0 - -0,25|0,25 - 0,5|0,0 - 0,25|0,0 - 0,25|0,0 - 0,25|1
ROSEUSDT|10100|False|0,0 - 0,25|0 - -0,25|0,25 - 0,5|0,0 - 0,25|0,0 - 0,25|1
ROSEUSDT|01010|False|0,0 - 0,25|0,0 - 0,25|0 - -0,25|0,25 - 0,5|0,0 - 0,25|1
ROSEUSDT|00101|False|0,0 - 0,25|0,0 - 0,25|0,0 - 0,25|0 - -0,25|0,25 - 0,5|1
ROSEUSDT|00010|True|0,0 - 0,25|0,0 - 0,25|0,0 - 0,25|0,0 - 0,25|0 - -0,25|1
ROSEUSDT|11100|True|0,0 - 0,25|0,0 - 0,25|0,0 - 0,25|0,0 - 0,25|0,0 - 0,25|3
ROSEUSDT|11111|True|0,0 - 0,25|0,0 - 0,25|0,0 - 0,25|0,0 - 0,25|0,0 - 0,25|3
ROSEUSDT|00011|True|0,0 - 0,25|0,25 - 0,5|0,0 - 0,25|0,0 - 0,25|0,0 - 0,25|1
ROSEUSDT|01000|True|0,0 - 0,25|0,0 - 0,25|0,0 - 0,25|0,25 - 0,5|0,0 - 0,25|2
ROSEUSDT|10100|False|0,0 - 0,25|0,0 - 0,25|0,0 - 0,25|0,0 - 0,25|0,25 - 0,5|1
ROSEUSDT|10101|False|0,5 - 1|0,25 - 0,5|0,0 - 0,25|0,0 - 0,25|0,0 - 0,25|1
ROSEUSDT|01010|False|0,25 - 0,5|0,5 - 1|0,25 - 0,5|0,0 - 0,25|0,0 - 0,25|1
ROSEUSDT|00101|True|0,25 - 0,5|0,25 - 0,5|0,5 - 1|0,25 - 0,5|0,0 - 0,25|1
ROSEUSDT|10010|True|0,0 - 0,25|0,25 - 0,5|0,25 - 0,5|0,5 - 1|0,25 - 0,5|1
ROSEUSDT|11001|False|0,0 - 0,25|0,0 - 0,25|0,25 - 0,5|0,25 - 0,5|0,5 - 1|1
ROSEUSDT|01100|False|0,0 - 0,25|0,0 - 0,25|0,0 - 0,25|0,25 - 0,5|0,25 - 0,5|2
ROSEUSDT|00110|False|0,0 - 0,25|0,0 - 0,25|0,0 - 0,25|0,0 - 0,25|0,25 - 0,5|1
ROSEUSDT|00011|True|0,0 - 0,25|0,0 - 0,25|0,0 - 0,25|0,0 - 0,25|0,0 - 0,25|2
ROSEUSDT|01110|True|0,5 - 1|0,0 - 0,25|0,0 - 0,25|0,0 - 0,25|0,0 - 0,25|1
ROSEUSDT|10111|False|0,0 - 0,25|0,5 - 1|0,0 - 0,25|0,0 - 0,25|0,0 - 0,25|1
ROSEUSDT|01011|False|0,0 - 0,25|0,0 - 0,25|0,5 - 1|0,0 - 0,25|0,0 - 0,25|1
ROSEUSDT|00101|False|0,0 - 0,25|0,0 - 0,25|0,0 - 0,25|0,5 - 1|0,0 - 0,25|1
ROSEUSDT|00010|True|0,0 - 0,25|0,0 - 0,25|0,0 - 0,25|0,0 - 0,25|0,5 - 1|1
ROSEUSDT|00100|False|0,0 - 0,25|0,0 - 0,25|0,0 - 0,25|0,0 - 0,25|0,0 - 0,25|10
ROSEUSDT|00010|True|0,0 - 0,25|0,0 - 0,25|0,0 - 0,25|0,0 - 0,25|0,0 - 0,25|5
ROSEUSDT|10001|True|0,25 - 0,5|0,0 - 0,25|0,0 - 0,25|0,0 - 0,25|0,0 - 0,25|3
ROSEUSDT|11000|False|0,0 - 0,25|0,25 - 0,5|0,0 - 0,25|0,0 - 0,25|0,0 - 0,25|1
ROSEUSDT|01100|False|0,0 - 0,25|0,0 - 0,25|0,25 - 0,5|0,0 - 0,25|0,0 - 0,25|2
ROSEUSDT|00110|False|0,0 - 0,25|0,0 - 0,25|0,0 - 0,25|0,25 - 0,5|0,0 - 0,25|1
ROSEUSDT|00011|False|0,0 - 0,25|0,0 - 0,25|0,0 - 0,25|0,0 - 0,25|0,25 - 0,5|2
ROSEUSDT|00001|True|0,0 - 0,25|0,0 - 0,25|0,0 - 0,25|0,0 - 0,25|0,0 - 0,25|1
ROSEUSDT|11001|False|0,0 - 0,25|0,0 - 0,25|0,0 - 0,25|0,0 - 0,25|0,0 - 0,25|6
ROSEUSDT|01100|False|0,0 - 0,25|0,0 - 0,25|0,0 - 0,25|0,0 - 0,25|0,0 - 0,25|9
ROSEUSDT|00110|False|0,0 - 0,25|0,0 - 0,25|0,0 - 0,25|0,0 - 0,25|0,0 - 0,25|5
ROSEUSDT|00011|False|0,0 - 0,25|0,0 - 0,25|0,0 - 0,25|0,0 - 0,25|0,0 - 0,25|8
ROSEUSDT|01000|False|0,0 - 0,25|0,25 - 0,5|0,0 - 0,25|0,0 - 0,25|0,0 - 0,25|1
ROSEUSDT|00100|False|0,25 - 0,5|0,0 - 0,25|0,25 - 0,5|0,0 - 0,25|0,0 - 0,25|1
ROSEUSDT|00010|False|0,25 - 0,5|0,25 - 0,5|0,0 - 0,25|0,25 - 0,5|0,0 - 0,25|1
ROSEUSDT|00001|False|0,5 - 1|0,25 - 0,5|0,25 - 0,5|0,0 - 0,25|0,25 - 0,5|1
ROSEUSDT|00000|False|0,25 - 0,5|0,5 - 1|0,25 - 0,5|0,25 - 0,5|0,0 - 0,25|1
ROSEUSDT|00000|True|0,5 - 1|0,25 - 0,5|0,5 - 1|0,25 - 0,5|0,25 - 0,5|1
ROSEUSDT|10000|True|0,5 - 1|0,5 - 1|0,25 - 0,5|0,5 - 1|0,25 - 0,5|1
ROSEUSDT|11000|True|0,5 - 1|0,5 - 1|0,5 - 1|0,25 - 0,5|0,5 - 1|1
ROSEUSDT|11100|True|0,25 - 0,5|0,5 - 1|0,5 - 1|0,5 - 1|0,25 - 0,5|1
ROSEUSDT|11110|True|0,5 - 1|0,25 - 0,5|0,5 - 1|0,5 - 1|0,5 - 1|1
ROSEUSDT|11111|False|0,5 - 1|0,5 - 1|0,25 - 0,5|0,5 - 1|0,5 - 1|1
ROSEUSDT|01111|False|0,0 - 0,25|0,5 - 1|0,5 - 1|0,25 - 0,5|0,5 - 1|1
ROSEUSDT|00111|False|0,25 - 0,5|0,0 - 0,25|0,5 - 1|0,5 - 1|0,25 - 0,5|1
ROSEUSDT|00011|False|0,0 - 0,25|0,25 - 0,5|0,0 - 0,25|0,5 - 1|0,5 - 1|1
ROSEUSDT|00001|False|0,5 - 1|0,0 - 0,25|0,25 - 0,5|0,0 - 0,25|0,5 - 1|1
ROSEUSDT|00000|True|0,0 - 0,25|0,5 - 1|0,0 - 0,25|0,25 - 0,5|0,0 - 0,25|1
ROSEUSDT|10000|False|0,0 - 0,25|0,0 - 0,25|0,5 - 1|0,0 - 0,25|0,25 - 0,5|1
ROSEUSDT|01000|False|0,0 - 0,25|0,0 - 0,25|0,0 - 0,25|0,5 - 1|0,0 - 0,25|1
ROSEUSDT|00100|False|0,25 - 0,5|0,0 - 0,25|0,0 - 0,25|0,0 - 0,25|0,5 - 1|1
ROSEUSDT|10001|False|0,25 - 0,5|0,0 - 0,25|0,25 - 0,5|0,0 - 0,25|0,0 - 0,25|1
ROSEUSDT|01000|False|0,25 - 0,5|0,25 - 0,5|0,0 - 0,25|0,25 - 0,5|0,0 - 0,25|1
ROSEUSDT|00100|True|0,0 - 0,25|0,25 - 0,5|0,25 - 0,5|0,0 - 0,25|0,25 - 0,5|1
ROSEUSDT|10010|True|0,0 - 0,25|0,0 - 0,25|0,25 - 0,5|0,25 - 0,5|0,0 - 0,25|1
ROSEUSDT|01100|False|0,25 - 0,5|0,25 - 0,5|0,0 - 0,25|0,0 - 0,25|0,25 - 0,5|1
ROSEUSDT|00110|False|0,0 - 0,25|0,25 - 0,5|0,25 - 0,5|0,0 - 0,25|0,0 - 0,25|1
ROSEUSDT|00011|False|0,0 - 0,25|0,0 - 0,25|0,25 - 0,5|0,25 - 0,5|0,0 - 0,25|1
ROSEUSDT|00001|True|0,25 - 0,5|0,0 - 0,25|0,0 - 0,25|0,25 - 0,5|0,25 - 0,5|1
ROSEUSDT|10000|False|0,0 - 0,25|0,25 - 0,5|0,0 - 0,25|0,0 - 0,25|0,25 - 0,5|1
ROSEUSDT|01000|False|0,0 - 0,25|0,0 - 0,25|0,25 - 0,5|0,0 - 0,25|0,0 - 0,25|1
ROSEUSDT|00100|True|0,25 - 0,5|0,0 - 0,25|0,0 - 0,25|0,25 - 0,5|0,0 - 0,25|1
ROSEUSDT|10010|True|0,0 - 0,25|0,25 - 0,5|0,0 - 0,25|0,0 - 0,25|0,25 - 0,5|1
ROSEUSDT|11001|True|0,25 - 0,5|0,0 - 0,25|0,25 - 0,5|0,0 - 0,25|0,0 - 0,25|1
ROSEUSDT|11100|False|0,25 - 0,5|0,25 - 0,5|0,0 - 0,25|0,25 - 0,5|0,0 - 0,25|1
ROSEUSDT|01110|False|0,25 - 0,5|0,25 - 0,5|0,25 - 0,5|0,0 - 0,25|0,25 - 0,5|1
ROSEUSDT|00111|False|0,0 - 0,25|0,25 - 0,5|0,25 - 0,5|0,25 - 0,5|0,0 - 0,25|1
ROSEUSDT|00011|True|0,5 - 1|0,0 - 0,25|0,25 - 0,5|0,25 - 0,5|0,25 - 0,5|1
ROSEUSDT|10001|True|0,0 - 0,25|0,5 - 1|0,0 - 0,25|0,25 - 0,5|0,25 - 0,5|1
ROSEUSDT|11000|True|0,25 - 0,5|0,0 - 0,25|0,5 - 1|0,0 - 0,25|0,25 - 0,5|1
ROSEUSDT|11100|True|0,0 - 0,25|0,25 - 0,5|0,0 - 0,25|0,5 - 1|0,0 - 0,25|1
ROSEUSDT|11110|False|0,0 - 0,25|0,0 - 0,25|0,25 - 0,5|0,0 - 0,25|0,5 - 1|1
ROSEUSDT|01111|False|0 - -0,25|0,0 - 0,25|0,0 - 0,25|0,25 - 0,5|0,0 - 0,25|1
ROSEUSDT|00111|True|0,0 - 0,25|0 - -0,25|0,0 - 0,25|0,0 - 0,25|0,25 - 0,5|1
ROSEUSDT|10011|False|0,0 - 0,25|0,0 - 0,25|0 - -0,25|0,0 - 0,25|0,0 - 0,25|2
ROSEUSDT|01001|True|0 - -0,25|0,0 - 0,25|0,0 - 0,25|0 - -0,25|0,0 - 0,25|1
ROSEUSDT|10100|False|0,25 - 0,5|0 - -0,25|0,0 - 0,25|0,0 - 0,25|0 - -0,25|1
ROSEUSDT|01010|False|0,0 - 0,25|0,25 - 0,5|0 - -0,25|0,0 - 0,25|0,0 - 0,25|1
ROSEUSDT|00101|False|0,0 - 0,25|0,0 - 0,25|0,25 - 0,5|0 - -0,25|0,0 - 0,25|1
ROSEUSDT|00010|False|0 - -0,25|0,0 - 0,25|0,0 - 0,25|0,25 - 0,5|0 - -0,25|1
ROSEUSDT|00001|False|0,0 - 0,25|0 - -0,25|0,0 - 0,25|0,0 - 0,25|0,25 - 0,5|1
ROSEUSDT|00000|False|0,25 - 0,5|0,0 - 0,25|0 - -0,25|0,0 - 0,25|0,0 - 0,25|1
ROSEUSDT|00000|False|0,0 - 0,25|0,25 - 0,5|0,0 - 0,25|0 - -0,25|0,0 - 0,25|1
ROSEUSDT|00000|True|0,0 - 0,25|0,0 - 0,25|0,25 - 0,5|0,0 - 0,25|0 - -0,25|1
ROSEUSDT|10000|True|0,0 - 0,25|0,0 - 0,25|0,0 - 0,25|0,25 - 0,5|0,0 - 0,25|1
ROSEUSDT|11000|True|0,0 - 0,25|0,0 - 0,25|0,0 - 0,25|0,0 - 0,25|0,25 - 0,5|1
ROSEUSDT|01110|False|0,0 - 0,25|0,0 - 0,25|0,0 - 0,25|0,0 - 0,25|0,0 - 0,25|6
ROSEUSDT|10100|True|0,0 - 0,25|0,0 - 0,25|0,0 - 0,25|0,0 - 0,25|0,0 - 0,25|2
ROSEUSDT|11010|False|0,0 - 0,25|0,0 - 0,25|0,0 - 0,25|0,0 - 0,25|0,0 - 0,25|5
ROSEUSDT|01101|False|0,0 - 0,25|0,0 - 0,25|0,0 - 0,25|0,0 - 0,25|0,0 - 0,25|4
ROSEUSDT|00110|False|0 - -0,25|0,0 - 0,25|0,0 - 0,25|0,0 - 0,25|0,0 - 0,25|2
ROSEUSDT|00011|True|0,0 - 0,25|0 - -0,25|0,0 - 0,25|0,0 - 0,25|0,0 - 0,25|1
ROSEUSDT|10001|True|0,0 - 0,25|0,0 - 0,25|0 - -0,25|0,0 - 0,25|0,0 - 0,25|1
ROSEUSDT|11000|False|0,0 - 0,25|0,0 - 0,25|0,0 - 0,25|0 - -0,25|0,0 - 0,25|3
ROSEUSDT|01100|True|0,0 - 0,25|0,0 - 0,25|0,0 - 0,25|0,0 - 0,25|0 - -0,25|3
ROSEUSDT|10110|True|0,0 - 0,25|0,0 - 0,25|0,0 - 0,25|0,0 - 0,25|0,0 - 0,25|3
ROSEUSDT|10111|False|0,0 - 0,25|0,0 - 0,25|0,0 - 0,25|0,0 - 0,25|0,0 - 0,25|3
ROSEUSDT|10101|True|0,0 - 0,25|0,0 - 0,25|0,0 - 0,25|0,0 - 0,25|0,0 - 0,25|7
ROSEUSDT|00111|True|0,25 - 0,5|0,0 - 0,25|0,0 - 0,25|0,0 - 0,25|0,0 - 0,25|1
ROSEUSDT|10011|False|0,0 - 0,25|0,25 - 0,5|0,0 - 0,25|0,0 - 0,25|0,0 - 0,25|2
ROSEUSDT|01001|False|0,0 - 0,25|0,0 - 0,25|0,25 - 0,5|0,0 - 0,25|0,0 - 0,25|2
ROSEUSDT|00100|True|0,0 - 0,25|0,0 - 0,25|0,0 - 0,25|0,25 - 0,5|0,0 - 0,25|2
ROSEUSDT|10010|True|0,0 - 0,25|0,0 - 0,25|0,0 - 0,25|0,0 - 0,25|0,25 - 0,5|1
ROSEUSDT|11001|True|0,0 - 0,25|0,0 - 0,25|0,0 - 0,25|0,0 - 0,25|0,0 - 0,25|2
ROSEUSDT|01111|True|0,0 - 0,25|0,0 - 0,25|0,0 - 0,25|0,0 - 0,25|0,0 - 0,25|2
ROSEUSDT|01110|True|0,25 - 0,5|0,0 - 0,25|0,0 - 0,25|0,0 - 0,25|0,0 - 0,25|1
ROSEUSDT|10111|False|0,0 - 0,25|0,25 - 0,5|0,0 - 0,25|0,0 - 0,25|0,0 - 0,25|1
ROSEUSDT|01011|True|0,0 - 0,25|0,0 - 0,25|0,25 - 0,5|0,0 - 0,25|0,0 - 0,25|1
ROSEUSDT|10101|True|0,0 - 0,25|0,0 - 0,25|0,0 - 0,25|0,25 - 0,5|0,0 - 0,25|1
ROSEUSDT|01101|True|0,0 - 0,25|0,0 - 0,25|0,0 - 0,25|0,0 - 0,25|0,0 - 0,25|3
ROSEUSDT|10110|False|0,0 - 0,25|0,0 - 0,25|0,0 - 0,25|0,0 - 0,25|0,0 - 0,25|5
ROSEUSDT|01011|True|0,25 - 0,5|0,0 - 0,25|0,0 - 0,25|0,0 - 0,25|0,0 - 0,25|2
ROSEUSDT|10101|False|0,25 - 0,5|0,25 - 0,5|0,0 - 0,25|0,0 - 0,25|0,0 - 0,25|2
ROSEUSDT|01010|False|0,25 - 0,5|0,25 - 0,5|0,25 - 0,5|0,0 - 0,25|0,0 - 0,25|1
ROSEUSDT|00101|True|0,0 - 0,25|0,25 - 0,5|0,25 - 0,5|0,25 - 0,5|0,0 - 0,25|1
ROSEUSDT|11001|False|0,0 - 0,25|0,0 - 0,25|0,0 - 0,25|0,25 - 0,5|0,25 - 0,5|1
ROSEUSDT|01100|False|0,0 - 0,25|0,0 - 0,25|0,0 - 0,25|0,0 - 0,25|0,25 - 0,5|1
ROSEUSDT|00110|True|0,0 - 0,25|0,0 - 0,25|0,0 - 0,25|0,0 - 0,25|0,0 - 0,25|6
ROSEUSDT|01001|False|0,0 - 0,25|0,0 - 0,25|0,0 - 0,25|0,0 - 0,25|0,0 - 0,25|8
ROSEUSDT|10000|True|0,0 - 0,25|0,0 - 0,25|0,0 - 0,25|0,5 - 1|0,0 - 0,25|1
ROSEUSDT|11000|False|0,0 - 0,25|0,0 - 0,25|0,0 - 0,25|0,0 - 0,25|0,5 - 1|2
ROSEUSDT|01001|False|0 - -0,25|0,0 - 0,25|0,0 - 0,25|0,0 - 0,25|0,0 - 0,25|2
ROSEUSDT|00100|True|0,0 - 0,25|0 - -0,25|0,0 - 0,25|0,0 - 0,25|0,0 - 0,25|2
ROSEUSDT|10010|True|0,0 - 0,25|0,0 - 0,25|0 - -0,25|0,0 - 0,25|0,0 - 0,25|2
ROSEUSDT|11001|True|0,0 - 0,25|0,0 - 0,25|0,0 - 0,25|0 - -0,25|0,0 - 0,25|2
ROSEUSDT|11100|False|0,0 - 0,25|0,0 - 0,25|0,0 - 0,25|0,0 - 0,25|0 - -0,25|1
ROSEUSDT|10011|True|0,0 - 0,25|0,0 - 0,25|0,0 - 0,25|0,0 - 0,25|0,0 - 0,25|4
ROSEUSDT|01100|True|0,0 - 0,25|0,0 - 0,25|0,0 - 0,25|0,0 - 0,25|0,0 - 0,25|1
ROSEUSDT|00101|True|0,0 - 0,25|0,0 - 0,25|0,0 - 0,25|0,0 - 0,25|0,0 - 0,25|6
ROSEUSDT|10010|False|0,0 - 0,25|0,0 - 0,25|0,0 - 0,25|0,0 - 0,25|0,0 - 0,25|6
ROSEUSDT|00100|True|0,25 - 0,5|0 - -0,25|0,0 - 0,25|0,0 - 0,25|0,0 - 0,25|1
ROSEUSDT|10010|True|0,0 - 0,25|0,25 - 0,5|0 - -0,25|0,0 - 0,25|0,0 - 0,25|1
ROSEUSDT|11001|False|0,0 - 0,25|0,0 - 0,25|0,25 - 0,5|0 - -0,25|0,0 - 0,25|1
ROSEUSDT|01100|True|0,0 - 0,25|0,0 - 0,25|0,0 - 0,25|0,25 - 0,5|0 - -0,25|1
ROSEUSDT|10110|False|0,0 - 0,25|0,0 - 0,25|0,0 - 0,25|0,0 - 0,25|0,25 - 0,5|2
ROSEUSDT|01010|False|0,0 - 0,25|0,0 - 0,25|0,0 - 0,25|0,0 - 0,25|0,0 - 0,25|4
ROSEUSDT|00010|True|0 - -0,25|0,0 - 0,25|0,0 - 0,25|0,0 - 0,25|0,0 - 0,25|1
ROSEUSDT|10001|True|0,0 - 0,25|0 - -0,25|0,0 - 0,25|0,0 - 0,25|0,0 - 0,25|1
ROSEUSDT|11000|False|0,0 - 0,25|0,0 - 0,25|0 - -0,25|0,0 - 0,25|0,0 - 0,25|2
ROSEUSDT|01100|False|0,0 - 0,25|0,0 - 0,25|0,0 - 0,25|0 - -0,25|0,0 - 0,25|2
ROSEUSDT|00110|False|0,0 - 0,25|0,0 - 0,25|0,0 - 0,25|0,0 - 0,25|0 - -0,25|2
ROSEUSDT|01000|True|0,0 - 0,25|0,0 - 0,25|0,0 - 0,25|0,0 - 0,25|0,0 - 0,25|1
ROSEUSDT|01101|False|0 - -0,25|0,0 - 0,25|0,0 - 0,25|0,0 - 0,25|0,0 - 0,25|3
ROSEUSDT|00110|False|0,0 - 0,25|0 - -0,25|0,0 - 0,25|0,0 - 0,25|0,0 - 0,25|2
ROSEUSDT|00011|False|0,0 - 0,25|0,0 - 0,25|0 - -0,25|0,0 - 0,25|0,0 - 0,25|1
ROSEUSDT|00001|False|0,0 - 0,25|0,0 - 0,25|0,0 - 0,25|0 - -0,25|0,0 - 0,25|3
ROSEUSDT|00000|True|0,0 - 0,25|0,0 - 0,25|0,0 - 0,25|0,0 - 0,25|0 - -0,25|2
ROSEUSDT|10000|True|0,0 - 0,25|0,0 - 0,25|0,0 - 0,25|0,0 - 0,25|0,0 - 0,25|3
ROSEUSDT|00111|False|0,0 - 0,25|0,0 - 0,25|0,0 - 0,25|0,0 - 0,25|0,0 - 0,25|3
ROSEUSDT|00000|False|0,25 - 0,5|0,0 - 0,25|0,0 - 0,25|0,0 - 0,25|0,0 - 0,25|1
ROSEUSDT|00000|False|0,0 - 0,25|0,25 - 0,5|0,0 - 0,25|0,0 - 0,25|0,0 - 0,25|1
ROSEUSDT|00000|False|0,0 - 0,25|0,0 - 0,25|0,25 - 0,5|0,0 - 0,25|0,0 - 0,25|1
ROSEUSDT|00000|True|0,0 - 0,25|0,0 - 0,25|0,0 - 0,25|0,25 - 0,5|0,0 - 0,25|1
ROSEUSDT|10000|True|0,0 - 0,25|0,0 - 0,25|0,0 - 0,25|0,0 - 0,25|0,25 - 0,5|1
ROSEUSDT|11000|False|0,0 - 0,25|0,0 - 0,25|0,0 - 0,25|0,0 - 0,25|0,0 - 0,25|2
ROSEUSDT|00011|False|0,0 - 0,25|0 - -0,25|0,0 - 0,25|0,0 - 0,25|0,0 - 0,25|1
ROSEUSDT|00001|False|0,0 - 0,25|0,0 - 0,25|0 - -0,25|0,0 - 0,25|0,0 - 0,25|1
ROSEUSDT|00000|False|0,0 - 0,25|0,0 - 0,25|0,0 - 0,25|0 - -0,25|0,0 - 0,25|1
ROSEUSDT|01111|False|0 - -0,25|0,0 - 0,25|0,0 - 0,25|0,0 - 0,25|0,0 - 0,25|1
ROSEUSDT|00111|True|0 - -0,25|0 - -0,25|0,0 - 0,25|0,0 - 0,25|0,0 - 0,25|1
ROSEUSDT|10011|True|0,0 - 0,25|0 - -0,25|0 - -0,25|0,0 - 0,25|0,0 - 0,25|1
ROSEUSDT|11001|True|0,0 - 0,25|0,0 - 0,25|0 - -0,25|0 - -0,25|0,0 - 0,25|1
ROSEUSDT|11100|True|0,0 - 0,25|0,0 - 0,25|0,0 - 0,25|0 - -0,25|0 - -0,25|1
ROSEUSDT|11110|True|0,0 - 0,25|0,0 - 0,25|0,0 - 0,25|0,0 - 0,25|0 - -0,25|2
ROSEUSDT|00111|True|0 - -0,25|0,0 - 0,25|0,0 - 0,25|0,0 - 0,25|0,0 - 0,25|1
ROSEUSDT|10011|False|0,0 - 0,25|0 - -0,25|0,0 - 0,25|0,0 - 0,25|0,0 - 0,25|1
ROSEUSDT|01001|False|0,0 - 0,25|0,0 - 0,25|0 - -0,25|0,0 - 0,25|0,0 - 0,25|1
ROSEUSDT|00100|True|0,0 - 0,25|0,0 - 0,25|0,0 - 0,25|0 - -0,25|0,0 - 0,25|2
ROSEUSDT|10010|True|0,0 - 0,25|0,0 - 0,25|0,0 - 0,25|0,0 - 0,25|0 - -0,25|1
ROSEUSDT|00111|False|0,0 - 0,25|0,25 - 0,5|0,0 - 0,25|0,0 - 0,25|0,0 - 0,25|1
ROSEUSDT|00011|False|0,0 - 0,25|0,0 - 0,25|0,25 - 0,5|0,0 - 0,25|0,0 - 0,25|2
ROSEUSDT|00001|False|0,0 - 0,25|0,0 - 0,25|0,0 - 0,25|0,25 - 0,5|0,0 - 0,25|1
ROSEUSDT|00001|True|0 - -0,25|0,0 - 0,25|0,0 - 0,25|0,0 - 0,25|0,0 - 0,25|2
ROSEUSDT|10000|False|0,0 - 0,25|0 - -0,25|0,0 - 0,25|0,0 - 0,25|0,0 - 0,25|2
ROSEUSDT|01000|False|0,0 - 0,25|0,0 - 0,25|0 - -0,25|0,0 - 0,25|0,0 - 0,25|1
ROSEUSDT|10010|False|0,0 - 0,25|0,0 - 0,25|0,0 - 0,25|0,0 - 0,25|0 - -0,25|1
ROSEUSDT|01000|False|0 - -0,25|0,0 - 0,25|0,0 - 0,25|0,0 - 0,25|0,0 - 0,25|1
ROSEUSDT|11001|False|0,0 - 0,25|0,0 - 0,25|0,0 - 0,25|0 - -0,25|0,0 - 0,25|2
ROSEUSDT|01010|False|0 - -0,25|0,0 - 0,25|0,0 - 0,25|0,0 - 0,25|0,0 - 0,25|1
ROSEUSDT|00101|True|0,0 - 0,25|0 - -0,25|0,0 - 0,25|0,0 - 0,25|0,0 - 0,25|1
ROSEUSDT|10010|False|0,0 - 0,25|0,0 - 0,25|0 - -0,25|0,0 - 0,25|0,0 - 0,25|1
ROSEUSDT|01001|True|0,0 - 0,25|0,0 - 0,25|0,0 - 0,25|0 - -0,25|0,0 - 0,25|3
ROSEUSDT|10100|True|0,0 - 0,25|0,0 - 0,25|0,0 - 0,25|0,0 - 0,25|0 - -0,25|2
ROSEUSDT|00001|False|1 - 2|0,0 - 0,25|0,0 - 0,25|0,0 - 0,25|0,0 - 0,25|1
ROSEUSDT|00000|True|1 - 2|1 - 2|0,0 - 0,25|0,0 - 0,25|0,0 - 0,25|1
ROSEUSDT|10000|True|0,25 - 0,5|1 - 2|1 - 2|0,0 - 0,25|0,0 - 0,25|1
ROSEUSDT|11000|False|0,5 - 1|0,25 - 0,5|1 - 2|1 - 2|0,0 - 0,25|1
ROSEUSDT|01100|False|0,0 - 0,25|0,5 - 1|0,25 - 0,5|1 - 2|1 - 2|1
ROSEUSDT|00110|False|0,25 - 0,5|0,0 - 0,25|0,5 - 1|0,25 - 0,5|1 - 2|1
ROSEUSDT|00011|True|1 - 2|0,25 - 0,5|0,0 - 0,25|0,5 - 1|0,25 - 0,5|1
ROSEUSDT|10001|True|0,5 - 1|1 - 2|0,25 - 0,5|0,0 - 0,25|0,5 - 1|1
ROSEUSDT|11000|False|0,25 - 0,5|0,5 - 1|1 - 2|0,25 - 0,5|0,0 - 0,25|1
ROSEUSDT|01100|True|0,0 - 0,25|0,25 - 0,5|0,5 - 1|1 - 2|0,25 - 0,5|1
ROSEUSDT|10110|True|0,5 - 1|0,0 - 0,25|0,25 - 0,5|0,5 - 1|1 - 2|1
ROSEUSDT|11011|False|0,5 - 1|0,5 - 1|0,0 - 0,25|0,25 - 0,5|0,5 - 1|1
ROSEUSDT|01101|True|0,25 - 0,5|0,5 - 1|0,5 - 1|0,0 - 0,25|0,25 - 0,5|1
ROSEUSDT|10110|True|0,25 - 0,5|0,25 - 0,5|0,5 - 1|0,5 - 1|0,0 - 0,25|1
ROSEUSDT|11011|False|0,0 - 0,25|0,25 - 0,5|0,25 - 0,5|0,5 - 1|0,5 - 1|1
ROSEUSDT|01101|False|0,0 - 0,25|0,0 - 0,25|0,25 - 0,5|0,25 - 0,5|0,5 - 1|1
ROSEUSDT|00110|False|0,25 - 0,5|0,0 - 0,25|0,0 - 0,25|0,25 - 0,5|0,25 - 0,5|1
ROSEUSDT|00011|True|0,0 - 0,25|0,25 - 0,5|0,0 - 0,25|0,0 - 0,25|0,25 - 0,5|1
ROSEUSDT|10001|True|0,0 - 0,25|0,0 - 0,25|0,25 - 0,5|0,0 - 0,25|0,0 - 0,25|1
ROSEUSDT|11000|True|0,0 - 0,25|0,0 - 0,25|0,0 - 0,25|0,25 - 0,5|0,0 - 0,25|1
ROSEUSDT|11100|False|0,0 - 0,25|0,0 - 0,25|0,0 - 0,25|0,0 - 0,25|0,25 - 0,5|1
ROSEUSDT|00011|False|0,25 - 0,5|0,0 - 0,25|0,0 - 0,25|0,0 - 0,25|0,0 - 0,25|1
ROSEUSDT|00001|False|0,0 - 0,25|0,25 - 0,5|0,0 - 0,25|0,0 - 0,25|0,0 - 0,25|2
ROSEUSDT|00000|True|0 - -0,25|0,0 - 0,25|0,25 - 0,5|0,0 - 0,25|0,0 - 0,25|1
ROSEUSDT|10000|False|0,0 - 0,25|0 - -0,25|0,0 - 0,25|0,25 - 0,5|0,0 - 0,25|1
ROSEUSDT|01000|False|0,0 - 0,25|0,0 - 0,25|0 - -0,25|0,0 - 0,25|0,25 - 0,5|1
ROSEUSDT|00100|False|0,0 - 0,25|0,0 - 0,25|0,0 - 0,25|0 - -0,25|0,0 - 0,25|1
ROSEUSDT|00010|False|0,25 - 0,5|0,0 - 0,25|0,0 - 0,25|0,0 - 0,25|0 - -0,25|1
ROSEUSDT|00001|True|0,25 - 0,5|0,25 - 0,5|0,0 - 0,25|0,0 - 0,25|0,0 - 0,25|1
ROSEUSDT|10000|True|0,25 - 0,5|0,25 - 0,5|0,25 - 0,5|0,0 - 0,25|0,0 - 0,25|1
ROSEUSDT|11000|True|0,0 - 0,25|0,25 - 0,5|0,25 - 0,5|0,25 - 0,5|0,0 - 0,25|1
ROSEUSDT|11100|True|0,25 - 0,5|0,0 - 0,25|0,25 - 0,5|0,25 - 0,5|0,25 - 0,5|1
ROSEUSDT|11110|True|0,0 - 0,25|0,25 - 0,5|0,0 - 0,25|0,25 - 0,5|0,25 - 0,5|1
ROSEUSDT|11111|True|0,25 - 0,5|0,0 - 0,25|0,25 - 0,5|0,0 - 0,25|0,25 - 0,5|1
ROSEUSDT|11111|False|0,0 - 0,25|0,25 - 0,5|0,0 - 0,25|0,25 - 0,5|0,0 - 0,25|1
ROSEUSDT|01111|True|0,0 - 0,25|0,0 - 0,25|0,25 - 0,5|0,0 - 0,25|0,25 - 0,5|2
ROSEUSDT|10111|False|0,0 - 0,25|0,0 - 0,25|0,0 - 0,25|0,25 - 0,5|0,0 - 0,25|1
ROSEUSDT|01011|True|0,0 - 0,25|0,0 - 0,25|0,0 - 0,25|0,0 - 0,25|0,25 - 0,5|1
ROSEUSDT|01100|True|0,25 - 0,5|0,25 - 0,5|0,0 - 0,25|0,0 - 0,25|0,0 - 0,25|1
ROSEUSDT|10110|False|0,25 - 0,5|0,25 - 0,5|0,25 - 0,5|0,0 - 0,25|0,0 - 0,25|1
ROSEUSDT|01011|True|0,0 - 0,25|0,25 - 0,5|0,25 - 0,5|0,25 - 0,5|0,0 - 0,25|1
ROSEUSDT|10101|False|0,0 - 0,25|0,0 - 0,25|0,25 - 0,5|0,25 - 0,5|0,25 - 0,5|1
ROSEUSDT|01010|False|0,0 - 0,25|0,0 - 0,25|0,0 - 0,25|0,25 - 0,5|0,25 - 0,5|1
ROSEUSDT|00101|False|0,0 - 0,25|0,0 - 0,25|0,0 - 0,25|0,0 - 0,25|0,25 - 0,5|1
ROSEUSDT|00010|False|0,25 - 0,5|0,0 - 0,25|0,0 - 0,25|0,0 - 0,25|0,0 - 0,25|2
ROSEUSDT|00001|False|0,25 - 0,5|0,25 - 0,5|0,0 - 0,25|0,0 - 0,25|0,0 - 0,25|1
ROSEUSDT|00000|False|0,0 - 0,25|0,25 - 0,5|0,25 - 0,5|0,0 - 0,25|0,0 - 0,25|1
ROSEUSDT|00000|False|0,25 - 0,5|0,0 - 0,25|0,25 - 0,5|0,25 - 0,5|0,0 - 0,25|1
ROSEUSDT|00000|False|0,0 - 0,25|0,25 - 0,5|0,0 - 0,25|0,25 - 0,5|0,25 - 0,5|1
ROSEUSDT|10010|False|0,0 - 0,25|0,0 - 0,25|0,0 - 0,25|0,25 - 0,5|0,0 - 0,25|1
ROSEUSDT|00101|False|0,5 - 1|0,0 - 0,25|0,0 - 0,25|0,0 - 0,25|0,0 - 0,25|1
ROSEUSDT|00010|True|0,25 - 0,5|0,5 - 1|0,0 - 0,25|0,0 - 0,25|0,0 - 0,25|1
ROSEUSDT|10001|True|0,25 - 0,5|0,25 - 0,5|0,5 - 1|0,0 - 0,25|0,0 - 0,25|1
ROSEUSDT|11000|True|0,0 - 0,25|0,25 - 0,5|0,25 - 0,5|0,5 - 1|0,0 - 0,25|1
ROSEUSDT|11100|True|0,25 - 0,5|0,0 - 0,25|0,25 - 0,5|0,25 - 0,5|0,5 - 1|1
ROSEUSDT|11110|False|0,0 - 0,25|0,25 - 0,5|0,0 - 0,25|0,25 - 0,5|0,25 - 0,5|1
ROSEUSDT|10111|True|0,25 - 0,5|0,0 - 0,25|0,0 - 0,25|0,25 - 0,5|0,0 - 0,25|1
ROSEUSDT|11011|False|0,25 - 0,5|0,25 - 0,5|0,0 - 0,25|0,0 - 0,25|0,25 - 0,5|1
ROSEUSDT|01101|True|0,25 - 0,5|0,25 - 0,5|0,25 - 0,5|0,0 - 0,25|0,0 - 0,25|1
ROSEUSDT|10110|False|0,0 - 0,25|0,25 - 0,5|0,25 - 0,5|0,25 - 0,5|0,0 - 0,25|1
ROSEUSDT|01011|False|0,0 - 0,25|0,0 - 0,25|0,25 - 0,5|0,25 - 0,5|0,25 - 0,5|1
ROSEUSDT|00101|True|1 - 2|0,0 - 0,25|0,0 - 0,25|0,25 - 0,5|0,25 - 0,5|1
ROSEUSDT|10010|False|0,0 - 0,25|1 - 2|0,0 - 0,25|0,0 - 0,25|0,25 - 0,5|1
ROSEUSDT|01001|False|0,0 - 0,25|0,0 - 0,25|1 - 2|0,0 - 0,25|0,0 - 0,25|1
ROSEUSDT|00100|True|0,0 - 0,25|0,0 - 0,25|0,0 - 0,25|1 - 2|0,0 - 0,25|1
ROSEUSDT|10010|False|0,0 - 0,25|0,0 - 0,25|0,0 - 0,25|0,0 - 0,25|1 - 2|1
ROSEUSDT|01000|False|0,5 - 1|0,0 - 0,25|0,0 - 0,25|0,0 - 0,25|0,25 - 0,5|1
ROSEUSDT|00100|False|0,0 - 0,25|0,5 - 1|0,0 - 0,25|0,0 - 0,25|0,0 - 0,25|1
ROSEUSDT|00010|True|0,0 - 0,25|0,0 - 0,25|0,5 - 1|0,0 - 0,25|0,0 - 0,25|1
ROSEUSDT|10001|True|0,0 - 0,25|0,0 - 0,25|0,0 - 0,25|0,5 - 1|0,0 - 0,25|1
ROSEUSDT|01000|True|0,0 - 0,25|0,0 - 0,25|0 - -0,25|0,0 - 0,25|0,0 - 0,25|2
ROSEUSDT|10100|True|0,0 - 0,25|0,0 - 0,25|0,0 - 0,25|0 - -0,25|0,0 - 0,25|1
ROSEUSDT|11010|True|0,0 - 0,25|0,0 - 0,25|0,0 - 0,25|0,0 - 0,25|0 - -0,25|1
ROSEUSDT|11101|False|0,25 - 0,5|0,0 - 0,25|0,0 - 0,25|0,0 - 0,25|0,0 - 0,25|1
ROSEUSDT|01110|False|0,0 - 0,25|0,25 - 0,5|0,0 - 0,25|0,0 - 0,25|0,0 - 0,25|1
ROSEUSDT|00111|True|0,0 - 0,25|0,0 - 0,25|0,25 - 0,5|0,0 - 0,25|0,0 - 0,25|1
ROSEUSDT|01010|True|0 - -0,25|0,0 - 0,25|0,0 - 0,25|0,0 - 0,25|0,0 - 0,25|1
ROSEUSDT|10101|True|0,0 - 0,25|0 - -0,25|0,0 - 0,25|0,0 - 0,25|0,0 - 0,25|1
ROSEUSDT|11010|True|0,0 - 0,25|0,0 - 0,25|0 - -0,25|0,0 - 0,25|0,0 - 0,25|2
ROSEUSDT|11101|False|0,0 - 0,25|0,0 - 0,25|0,0 - 0,25|0 - -0,25|0,0 - 0,25|1
ROSEUSDT|01110|True|0,0 - 0,25|0,0 - 0,25|0,0 - 0,25|0,0 - 0,25|0 - -0,25|1
ROSEUSDT|00110|True|0,25 - 0,5|0,0 - 0,25|0,0 - 0,25|0,0 - 0,25|0,0 - 0,25|1
ROSEUSDT|01001|True|0,0 - 0,25|0,0 - 0,25|0,25 - 0,5|0,0 - 0,25|0,0 - 0,25|1
ROSEUSDT|11010|False|0,25 - 0,5|0,0 - 0,25|0,0 - 0,25|0,0 - 0,25|0,25 - 0,5|1
ROSEUSDT|01101|False|0,0 - 0,25|0,25 - 0,5|0,0 - 0,25|0,0 - 0,25|0,0 - 0,25|1
ROSEUSDT|10011|False|0,25 - 0,5|0,0 - 0,25|0,0 - 0,25|0,25 - 0,5|0,0 - 0,25|1
ROSEUSDT|01001|False|0,25 - 0,5|0,25 - 0,5|0,0 - 0,25|0,0 - 0,25|0,25 - 0,5|1
ROSEUSDT|00100|True|0,0 - 0,25|0,25 - 0,5|0,25 - 0,5|0,0 - 0,25|0,0 - 0,25|1
ROSEUSDT|10010|True|0,25 - 0,5|0,0 - 0,25|0,25 - 0,5|0,25 - 0,5|0,0 - 0,25|1
ROSEUSDT|11001|False|0,0 - 0,25|0,25 - 0,5|0,0 - 0,25|0,25 - 0,5|0,25 - 0,5|1
ROSEUSDT|01100|False|0,0 - 0,25|0,0 - 0,25|0,25 - 0,5|0,0 - 0,25|0,25 - 0,5|1
ROSEUSDT|00011|True|0,25 - 0,5|0,25 - 0,5|0,0 - 0,25|0,0 - 0,25|0,25 - 0,5|1
ROSEUSDT|10001|True|0,0 - 0,25|0,25 - 0,5|0,25 - 0,5|0,0 - 0,25|0,0 - 0,25|1
ROSEUSDT|11000|False|0,0 - 0,25|0,0 - 0,25|0,25 - 0,5|0,25 - 0,5|0,0 - 0,25|1
ROSEUSDT|01100|True|0,0 - 0,25|0,0 - 0,25|0,0 - 0,25|0,25 - 0,5|0,25 - 0,5|2
ROSEUSDT|10110|False|0,25 - 0,5|0,0 - 0,25|0,0 - 0,25|0,0 - 0,25|0,25 - 0,5|1
ROSEUSDT|01011|False|0,0 - 0,25|0,25 - 0,5|0,0 - 0,25|0,0 - 0,25|0,0 - 0,25|1
ROSEUSDT|00101|True|0,0 - 0,25|0,0 - 0,25|0,25 - 0,5|0,0 - 0,25|0,0 - 0,25|2
ROSEUSDT|10010|True|0,25 - 0,5|0,0 - 0,25|0,0 - 0,25|0,25 - 0,5|0,0 - 0,25|1
ROSEUSDT|11001|False|0,0 - 0,25|0,25 - 0,5|0,0 - 0,25|0,0 - 0,25|0,25 - 0,5|1
ROSEUSDT|00110|True|0,0 - 0,25|0,0 - 0,25|0,0 - 0,25|0,25 - 0,5|0,0 - 0,25|1
ROSEUSDT|10011|True|0,0 - 0,25|0,0 - 0,25|0,0 - 0,25|0,0 - 0,25|0,25 - 0,5|1
ROSEUSDT|11001|False|0,5 - 1|0,0 - 0,25|0,0 - 0,25|0,0 - 0,25|0,0 - 0,25|1
ROSEUSDT|01100|True|0,0 - 0,25|0,5 - 1|0,0 - 0,25|0,0 - 0,25|0,0 - 0,25|1
ROSEUSDT|10110|False|0,0 - 0,25|0,0 - 0,25|0,5 - 1|0,0 - 0,25|0,0 - 0,25|1
ROSEUSDT|01011|True|0,0 - 0,25|0,0 - 0,25|0,0 - 0,25|0,5 - 1|0,0 - 0,25|1
ROSEUSDT|10101|False|0,25 - 0,5|0,0 - 0,25|0,0 - 0,25|0,0 - 0,25|0,5 - 1|1
ROSEUSDT|01010|False|0,0 - 0,25|0,25 - 0,5|0,0 - 0,25|0,0 - 0,25|0,0 - 0,25|1
ROSEUSDT|10101|False|0,0 - 0,25|0,25 - 0,5|0,0 - 0,25|0,0 - 0,25|0,0 - 0,25|1
ROSEUSDT|01010|True|0,0 - 0,25|0,0 - 0,25|0,25 - 0,5|0,0 - 0,25|0,0 - 0,25|1
ROSEUSDT|10101|False|0,0 - 0,25|0,0 - 0,25|0,0 - 0,25|0,25 - 0,5|0,0 - 0,25|1
ROSEUSDT|01010|True|0,0 - 0,25|0,0 - 0,25|0,0 - 0,25|0,0 - 0,25|0,25 - 0,5|1
ROSEUSDT|11101|True|0,0 - 0,25|0,25 - 0,5|0,25 - 0,5|0,0 - 0,25|0,0 - 0,25|1
ROSEUSDT|11110|False|0,0 - 0,25|0,0 - 0,25|0,25 - 0,5|0,25 - 0,5|0,0 - 0,25|1
ROSEUSDT|01111|False|0,25 - 0,5|0,0 - 0,25|0,0 - 0,25|0,25 - 0,5|0,25 - 0,5|1
ROSEUSDT|00111|False|0,0 - 0,25|0,25 - 0,5|0,0 - 0,25|0,0 - 0,25|0,25 - 0,5|1
ROSEUSDT|00001|False|0,25 - 0,5|0,0 - 0,25|0,0 - 0,25|0,25 - 0,5|0,0 - 0,25|1
ROSEUSDT|00000|True|0 - -0,25|0,25 - 0,5|0,0 - 0,25|0,0 - 0,25|0,25 - 0,5|1
ROSEUSDT|10000|True|0,25 - 0,5|0 - -0,25|0,25 - 0,5|0,0 - 0,25|0,0 - 0,25|1
ROSEUSDT|11000|False|0,0 - 0,25|0,25 - 0,5|0 - -0,25|0,25 - 0,5|0,0 - 0,25|1
ROSEUSDT|01100|True|0,0 - 0,25|0,0 - 0,25|0,25 - 0,5|0 - -0,25|0,25 - 0,5|1
ROSEUSDT|10110|True|0,0 - 0,25|0,0 - 0,25|0,0 - 0,25|0,25 - 0,5|0 - -0,25|1
ROSEUSDT|11011|False|0,0 - 0,25|0,0 - 0,25|0,0 - 0,25|0,0 - 0,25|0,25 - 0,5|1
ROSEUSDT|00110|True|0,0 - 0,25|0 - -0,25|0,0 - 0,25|0,0 - 0,25|0,0 - 0,25|2
ROSEUSDT|10100|False|0,0 - 0,25|0,0 - 0,25|0,0 - 0,25|0,0 - 0,25|0 - -0,25|1
ROSEUSDT|10000|True|0,0 - 0,25|0 - -0,25|0,0 - 0,25|0,0 - 0,25|0,0 - 0,25|1
ROSEUSDT|00110|True|0,0 - 0,25|0,0 - 0,25|0,0 - 0,25|0,0 - 0,25|0 - -0,25|1
ROSEUSDT|00000|True|0,0 - 0,25|0,0 - 0,25|0,25 - 0,5|0,0 - 0,25|0,0 - 0,25|1
ROSEUSDT|01101|False|0 - -0,25|0,0 - 0,25|0,25 - 0,5|0,0 - 0,25|0,0 - 0,25|1
ROSEUSDT|00110|False|0,0 - 0,25|0 - -0,25|0,0 - 0,25|0,25 - 0,5|0,0 - 0,25|1
ROSEUSDT|00011|False|0,0 - 0,25|0,0 - 0,25|0 - -0,25|0,0 - 0,25|0,25 - 0,5|1
ROSEUSDT|00000|False|0,0 - 0,25|0,0 - 0,25|0,0 - 0,25|0,0 - 0,25|0 - -0,25|2
ROSEUSDT|00000|False|0 - -0,25|0,0 - 0,25|0,0 - 0,25|0,0 - 0,25|0,0 - 0,25|3
ROSEUSDT|00000|True|0,0 - 0,25|0 - -0,25|0,0 - 0,25|0,0 - 0,25|0,0 - 0,25|3
ROSEUSDT|10000|True|0,0 - 0,25|0,0 - 0,25|0 - -0,25|0,0 - 0,25|0,0 - 0,25|1
ROSEUSDT|11111|True|0,25 - 0,5|0,0 - 0,25|0,0 - 0,25|0,0 - 0,25|0,0 - 0,25|1
ROSEUSDT|11111|True|0,0 - 0,25|0,25 - 0,5|0,0 - 0,25|0,0 - 0,25|0,0 - 0,25|1
ROSEUSDT|01111|False|0,0 - 0,25|0,0 - 0,25|0,0 - 0,25|0,25 - 0,5|0,0 - 0,25|1
ROSEUSDT|01100|False|0,5 - 1|0,0 - 0,25|0,0 - 0,25|0,0 - 0,25|0,0 - 0,25|1
ROSEUSDT|00110|True|0,0 - 0,25|0,5 - 1|0,0 - 0,25|0,0 - 0,25|0,0 - 0,25|1
ROSEUSDT|10011|False|0,0 - 0,25|0,0 - 0,25|0,5 - 1|0,0 - 0,25|0,0 - 0,25|1
ROSEUSDT|01001|True|0,0 - 0,25|0,0 - 0,25|0,0 - 0,25|0,5 - 1|0,0 - 0,25|1
ROSEUSDT|10100|False|0,0 - 0,25|0,0 - 0,25|0,0 - 0,25|0,0 - 0,25|0,5 - 1|1
ROSEUSDT|10101|True|0,5 - 1|0,0 - 0,25|0,0 - 0,25|0,0 - 0,25|0,0 - 0,25|1
ROSEUSDT|11010|True|0,25 - 0,5|0,5 - 1|0,0 - 0,25|0,0 - 0,25|0,0 - 0,25|1
ROSEUSDT|11101|False|0,0 - 0,25|0,25 - 0,5|0,5 - 1|0,0 - 0,25|0,0 - 0,25|1
ROSEUSDT|01110|False|0,0 - 0,25|0,0 - 0,25|0,25 - 0,5|0,5 - 1|0,0 - 0,25|1
ROSEUSDT|00111|True|0,25 - 0,5|0,0 - 0,25|0,0 - 0,25|0,25 - 0,5|0,5 - 1|1
ROSEUSDT|10011|False|0,0 - 0,25|0,25 - 0,5|0,0 - 0,25|0,0 - 0,25|0,25 - 0,5|1
ROSEUSDT|10010|False|0,0 - 0,25|0,0 - 0,25|0,0 - 0,25|0,0 - 0,25|0,25 - 0,5|1
ROSEUSDT|00100|False|0,0 - 0,25|0,25 - 0,5|0,0 - 0,25|0,0 - 0,25|0,0 - 0,25|1
ROSEUSDT|00010|False|0 - -0,25|0,0 - 0,25|0,25 - 0,5|0,0 - 0,25|0,0 - 0,25|1
ROSEUSDT|00001|False|0,0 - 0,25|0 - -0,25|0,0 - 0,25|0,25 - 0,5|0,0 - 0,25|1
ROSEUSDT|00000|True|0,0 - 0,25|0,0 - 0,25|0 - -0,25|0,0 - 0,25|0,25 - 0,5|1
ROSEUSDT|10000|False|0,0 - 0,25|0,0 - 0,25|0,0 - 0,25|0 - -0,25|0,0 - 0,25|1
ROSEUSDT|01000|False|0,25 - 0,5|0,0 - 0,25|0,0 - 0,25|0,0 - 0,25|0 - -0,25|1
ROSEUSDT|00100|True|0,25 - 0,5|0,25 - 0,5|0,0 - 0,25|0,0 - 0,25|0,0 - 0,25|1
ROSEUSDT|11001|False|0,0 - 0,25|0,0 - 0,25|0,25 - 0,5|0,25 - 0,5|0,0 - 0,25|2
ROSEUSDT|00110|True|0,0 - 0,25|0,0 - 0,25|0,0 - 0,25|0,0 - 0,25|0,25 - 0,5|1
ROSEUSDT|00100|True|0,25 - 0,5|0,0 - 0,25|0,0 - 0,25|0,0 - 0,25|0,0 - 0,25|1
ROSEUSDT|10010|False|0,0 - 0,25|0,25 - 0,5|0,0 - 0,25|0,0 - 0,25|0,0 - 0,25|1
ROSEUSDT|01001|False|0,25 - 0,5|0,0 - 0,25|0,25 - 0,5|0,0 - 0,25|0,0 - 0,25|1
ROSEUSDT|00100|True|0,0 - 0,25|0,25 - 0,5|0,0 - 0,25|0,25 - 0,5|0,0 - 0,25|1
ROSEUSDT|10010|True|0,0 - 0,25|0,0 - 0,25|0,25 - 0,5|0,0 - 0,25|0,25 - 0,5|1
ROSEUSDT|11100|False|0,25 - 0,5|0,0 - 0,25|0,0 - 0,25|0,0 - 0,25|0,25 - 0,5|1
ROSEUSDT|01110|True|0,0 - 0,25|0,25 - 0,5|0,0 - 0,25|0,0 - 0,25|0,0 - 0,25|2
ROSEUSDT|10111|False|0,25 - 0,5|0,0 - 0,25|0,25 - 0,5|0,0 - 0,25|0,0 - 0,25|1
ROSEUSDT|01011|True|0,25 - 0,5|0,25 - 0,5|0,0 - 0,25|0,25 - 0,5|0,0 - 0,25|1
ROSEUSDT|10101|False|0,0 - 0,25|0,25 - 0,5|0,25 - 0,5|0,0 - 0,25|0,25 - 0,5|1
ROSEUSDT|01010|False|0,0 - 0,25|0,0 - 0,25|0,25 - 0,5|0,25 - 0,5|0,0 - 0,25|1
ROSEUSDT|11000|True|0,25 - 0,5|0,25 - 0,5|0,0 - 0,25|0,0 - 0,25|0,0 - 0,25|2
ROSEUSDT|11100|True|0,25 - 0,5|0,25 - 0,5|0,25 - 0,5|0,0 - 0,25|0,0 - 0,25|1
ROSEUSDT|11110|False|0,0 - 0,25|0,25 - 0,5|0,25 - 0,5|0,25 - 0,5|0,0 - 0,25|1
ROSEUSDT|01111|False|0,0 - 0,25|0,0 - 0,25|0,25 - 0,5|0,25 - 0,5|0,25 - 0,5|1
ROSEUSDT|00111|False|0,0 - 0,25|0,0 - 0,25|0,0 - 0,25|0,25 - 0,5|0,25 - 0,5|1
ROSEUSDT|01000|False|0,25 - 0,5|0,0 - 0,25|0,0 - 0,25|0,0 - 0,25|0,0 - 0,25|1
ROSEUSDT|00100|True|0,0 - 0,25|0,25 - 0,5|0,0 - 0,25|0,0 - 0,25|0,0 - 0,25|1
ROSEUSDT|10010|True|0,0 - 0,25|0,0 - 0,25|0,25 - 0,5|0,0 - 0,25|0,0 - 0,25|1
ROSEUSDT|11001|False|0,5 - 1|0,0 - 0,25|0,0 - 0,25|0,25 - 0,5|0,0 - 0,25|1
ROSEUSDT|01100|False|0,0 - 0,25|0,5 - 1|0,0 - 0,25|0,0 - 0,25|0,25 - 0,5|1
ROSEUSDT|00110|False|0,0 - 0,25|0,0 - 0,25|0,5 - 1|0,0 - 0,25|0,0 - 0,25|1
ROSEUSDT|00011|False|0,0 - 0,25|0,0 - 0,25|0,0 - 0,25|0,5 - 1|0,0 - 0,25|1
ROSEUSDT|00001|True|0,0 - 0,25|0,0 - 0,25|0,0 - 0,25|0,0 - 0,25|0,5 - 1|1
ROSEUSDT|01000|True|0,25 - 0,5|0,0 - 0,25|0,0 - 0,25|0,0 - 0,25|0,0 - 0,25|1
ROSEUSDT|10100|True|0,25 - 0,5|0,25 - 0,5|0,0 - 0,25|0,0 - 0,25|0,0 - 0,25|1
ROSEUSDT|11010|False|0,0 - 0,25|0,25 - 0,5|0,25 - 0,5|0,0 - 0,25|0,0 - 0,25|1
ROSEUSDT|01101|False|0,0 - 0,25|0,0 - 0,25|0,25 - 0,5|0,25 - 0,5|0,0 - 0,25|1
ROSEUSDT|00110|False|0,5 - 1|0,0 - 0,25|0,0 - 0,25|0,25 - 0,5|0,25 - 0,5|1
ROSEUSDT|00011|False|0 - -0,25|0,5 - 1|0,0 - 0,25|0,0 - 0,25|0,25 - 0,5|1
ROSEUSDT|00001|False|0,0 - 0,25|0 - -0,25|0,5 - 1|0,0 - 0,25|0,0 - 0,25|1
ROSEUSDT|00000|False|0,0 - 0,25|0,0 - 0,25|0 - -0,25|0,5 - 1|0,0 - 0,25|1
ROSEUSDT|00000|True|0,0 - 0,25|0,0 - 0,25|0,0 - 0,25|0 - -0,25|0,5 - 1|1
ROSEUSDT|10000|False|0,0 - 0,25|0,0 - 0,25|0,0 - 0,25|0,0 - 0,25|0 - -0,25|2
ROSEUSDT|01110|False|0 - -0,25|0,0 - 0,25|0,25 - 0,5|0,25 - 0,5|0,0 - 0,25|1
ROSEUSDT|00111|True|0,0 - 0,25|0 - -0,25|0,0 - 0,25|0,25 - 0,5|0,25 - 0,5|1
ROSEUSDT|10011|False|0,0 - 0,25|0,0 - 0,25|0 - -0,25|0,0 - 0,25|0,25 - 0,5|1
ROSEUSDT|01111|True|0 - -0,25|0,0 - 0,25|0,0 - 0,25|0,0 - 0,25|0,0 - 0,25|2
ROSEUSDT|10111|False|0,0 - 0,25|0 - -0,25|0,0 - 0,25|0,0 - 0,25|0,0 - 0,25|2
ROSEUSDT|01011|True|0,0 - 0,25|0,0 - 0,25|0 - -0,25|0,0 - 0,25|0,0 - 0,25|3
ROSEUSDT|10101|True|0,25 - 0,5|0,0 - 0,25|0,0 - 0,25|0 - -0,25|0,0 - 0,25|1
ROSEUSDT|11010|True|0,0 - 0,25|0,25 - 0,5|0,0 - 0,25|0,0 - 0,25|0 - -0,25|1
ROSEUSDT|10111|True|0,25 - 0,5|0,0 - 0,25|0,25 - 0,5|0,0 - 0,25|0,25 - 0,5|1
ROSEUSDT|11011|False|0,0 - 0,25|0,25 - 0,5|0,0 - 0,25|0,25 - 0,5|0,0 - 0,25|1
ROSEUSDT|01101|True|0,25 - 0,5|0,0 - 0,25|0,25 - 0,5|0,0 - 0,25|0,25 - 0,5|1
ROSEUSDT|10110|True|0,0 - 0,25|0,25 - 0,5|0,0 - 0,25|0,25 - 0,5|0,0 - 0,25|1
ROSEUSDT|11011|True|0,0 - 0,25|0,0 - 0,25|0,25 - 0,5|0,0 - 0,25|0,25 - 0,5|1
ROSEUSDT|11101|False|0,0 - 0,25|0,0 - 0,25|0,0 - 0,25|0,25 - 0,5|0,0 - 0,25|1
ROSEUSDT|01110|False|0,0 - 0,25|0,0 - 0,25|0,0 - 0,25|0,0 - 0,25|0,25 - 0,5|1
ROSEUSDT|11001|False|0,0 - 0,25|0,25 - 0,5|0,0 - 0,25|0,0 - 0,25|0,0 - 0,25|1
ROSEUSDT|01100|False|0,25 - 0,5|0,0 - 0,25|0,25 - 0,5|0,0 - 0,25|0,0 - 0,25|1
ROSEUSDT|00110|True|0,25 - 0,5|0,25 - 0,5|0,0 - 0,25|0,25 - 0,5|0,0 - 0,25|1
ROSEUSDT|10011|True|0,0 - 0,25|0,25 - 0,5|0,25 - 0,5|0,0 - 0,25|0,25 - 0,5|1
ROSEUSDT|10011|True|0,0 - 0,25|0,0 - 0,25|0 - -0,25|0,0 - 0,25|0,0 - 0,25|2
ROSEUSDT|11100|False|0,25 - 0,5|0,0 - 0,25|0,0 - 0,25|0,0 - 0,25|0 - -0,25|1
ROSEUSDT|11011|True|0,0 - 0,25|0,0 - 0,25|0,0 - 0,25|0,25 - 0,5|0,0 - 0,25|1
ROSEUSDT|11101|True|0,0 - 0,25|0,0 - 0,25|0,0 - 0,25|0,0 - 0,25|0,25 - 0,5|1
ROSEUSDT|10101|False|0,0 - 0,25|0,0 - 0,25|0,0 - 0,25|0 - -0,25|0,0 - 0,25|1
ROSEUSDT|01010|True|0,25 - 0,5|0,0 - 0,25|0,0 - 0,25|0,0 - 0,25|0 - -0,25|1
ROSEUSDT|01010|False|0,0 - 0,25|0,25 - 0,5|0,25 - 0,5|0,0 - 0,25|0,0 - 0,25|1
ROSEUSDT|00101|False|0,0 - 0,25|0,0 - 0,25|0,25 - 0,5|0,25 - 0,5|0,0 - 0,25|1
ROSEUSDT|00010|True|0,0 - 0,25|0,0 - 0,25|0,0 - 0,25|0,25 - 0,5|0,25 - 0,5|1
ROSEUSDT|10001|False|0,0 - 0,25|0,0 - 0,25|0,0 - 0,25|0,0 - 0,25|0,25 - 0,5|1
ROSEUSDT|00100|False|0 - -0,25|0,0 - 0,25|0,0 - 0,25|0,0 - 0,25|0,0 - 0,25|1
ROSEUSDT|00010|False|0,0 - 0,25|0 - -0,25|0,0 - 0,25|0,0 - 0,25|0,0 - 0,25|1
ROSEUSDT|00001|True|0,0 - 0,25|0,0 - 0,25|0 - -0,25|0,0 - 0,25|0,0 - 0,25|1
ROSEUSDT|10000|True|0,25 - 0,5|0,0 - 0,25|0,0 - 0,25|0 - -0,25|0,0 - 0,25|1
ROSEUSDT|11000|False|0,0 - 0,25|0,25 - 0,5|0,0 - 0,25|0,0 - 0,25|0 - -0,25|1
ROSEUSDT|01100|False|0 - -0,25|0,0 - 0,25|0,25 - 0,5|0,0 - 0,25|0,0 - 0,25|1
ROSEUSDT|00110|True|0 - -0,25|0 - -0,25|0,0 - 0,25|0,25 - 0,5|0,0 - 0,25|1
ROSEUSDT|10011|False|0,0 - 0,25|0 - -0,25|0 - -0,25|0,0 - 0,25|0,25 - 0,5|1
ROSEUSDT|01001|True|0,0 - 0,25|0,0 - 0,25|0 - -0,25|0 - -0,25|0,0 - 0,25|1
ROSEUSDT|10100|False|0,0 - 0,25|0,0 - 0,25|0,0 - 0,25|0 - -0,25|0 - -0,25|1
ROSEUSDT|01010|True|0,0 - 0,25|0,0 - 0,25|0,0 - 0,25|0,0 - 0,25|0 - -0,25|1
ROSEUSDT|00001|False|0 - -0,25|0,0 - 0,25|0,0 - 0,25|0,0 - 0,25|0,0 - 0,25|2
ROSEUSDT|10000|False|0,0 - 0,25|0,0 - 0,25|0 - -0,25|0,0 - 0,25|0,0 - 0,25|2
ROSEUSDT|01000|True|0 - -0,25|0,0 - 0,25|0,0 - 0,25|0 - -0,25|0,0 - 0,25|2
ROSEUSDT|10100|True|0,0 - 0,25|0 - -0,25|0,0 - 0,25|0,0 - 0,25|0 - -0,25|2
ROSEUSDT|11010|False|0,0 - 0,25|0,0 - 0,25|0 - -0,25|0,0 - 0,25|0,0 - 0,25|1
ROSEUSDT|01101|False|0,0 - 0,25|0,0 - 0,25|0,0 - 0,25|0 - -0,25|0,0 - 0,25|1
ROSEUSDT|00001|True|0,25 - 0,5|0,0 - 0,25|0,0 - 0,25|0,0 - 0,25|0,0 - 0,25|1
ROSEUSDT|10000|True|0,25 - 0,5|0,25 - 0,5|0,0 - 0,25|0,0 - 0,25|0,0 - 0,25|1
ROSEUSDT|11000|False|0,25 - 0,5|0,25 - 0,5|0,25 - 0,5|0,0 - 0,25|0,0 - 0,25|1
ROSEUSDT|01100|False|0,25 - 0,5|0,25 - 0,5|0,25 - 0,5|0,25 - 0,5|0,0 - 0,25|1
ROSEUSDT|00110|False|0,25 - 0,5|0,25 - 0,5|0,25 - 0,5|0,25 - 0,5|0,25 - 0,5|1
ROSEUSDT|00011|False|0 - -0,25|0,25 - 0,5|0,25 - 0,5|0,25 - 0,5|0,25 - 0,5|1
ROSEUSDT|00001|False|0 - -0,25|0 - -0,25|0,25 - 0,5|0,25 - 0,5|0,25 - 0,5|1
ROSEUSDT|00000|False|0,0 - 0,25|0 - -0,25|0 - -0,25|0,25 - 0,5|0,25 - 0,5|1
ROSEUSDT|00000|False|0,0 - 0,25|0,0 - 0,25|0 - -0,25|0 - -0,25|0,25 - 0,5|1
ROSEUSDT|00000|True|0 - -0,25|0,0 - 0,25|0,0 - 0,25|0 - -0,25|0 - -0,25|1
ROSEUSDT|10000|False|0,0 - 0,25|0 - -0,25|0,0 - 0,25|0,0 - 0,25|0 - -0,25|1
ROSEUSDT|10100|False|0,0 - 0,25|0,0 - 0,25|0,0 - 0,25|0 - -0,25|0,0 - 0,25|1
ROSEUSDT|01010|False|0,0 - 0,25|0,0 - 0,25|0,0 - 0,25|0,0 - 0,25|0 - -0,25|1
ROSEUSDT|00100|True|0 - -0,25|0,0 - 0,25|0,0 - 0,25|0,0 - 0,25|0,0 - 0,25|1
ROSEUSDT|10010|False|0,0 - 0,25|0 - -0,25|0,0 - 0,25|0,0 - 0,25|0,0 - 0,25|1
ROSEUSDT|01001|False|0,25 - 0,5|0,0 - 0,25|0 - -0,25|0,0 - 0,25|0,0 - 0,25|1
ROSEUSDT|00100|False|0 - -0,25|0,25 - 0,5|0,0 - 0,25|0 - -0,25|0,0 - 0,25|1
ROSEUSDT|00010|False|0,0 - 0,25|0 - -0,25|0,25 - 0,5|0,0 - 0,25|0 - -0,25|1
ROSEUSDT|00001|False|0 - -0,25|0,0 - 0,25|0 - -0,25|0,25 - 0,5|0,0 - 0,25|1
ROSEUSDT|00000|True|0,0 - 0,25|0 - -0,25|0,0 - 0,25|0 - -0,25|0,25 - 0,5|1
ROSEUSDT|10000|True|0,0 - 0,25|0,0 - 0,25|0 - -0,25|0,0 - 0,25|0 - -0,25|1
ROSEUSDT|01100|False|0 - -0,25|0,0 - 0,25|0,0 - 0,25|0,0 - 0,25|0 - -0,25|2
ROSEUSDT|00110|False|0 - -0,25|0 - -0,25|0,0 - 0,25|0,0 - 0,25|0,0 - 0,25|1
ROSEUSDT|00011|True|0,0 - 0,25|0 - -0,25|0 - -0,25|0,0 - 0,25|0,0 - 0,25|1
ROSEUSDT|10001|True|0,0 - 0,25|0,0 - 0,25|0 - -0,25|0 - -0,25|0,0 - 0,25|1
ROSEUSDT|11000|True|0,25 - 0,5|0,0 - 0,25|0,0 - 0,25|0 - -0,25|0 - -0,25|1
ROSEUSDT|11100|True|0,0 - 0,25|0,25 - 0,5|0,0 - 0,25|0,0 - 0,25|0 - -0,25|1
ROSEUSDT|01111|True|0 - -0,25|0,0 - 0,25|0,0 - 0,25|0,25 - 0,5|0,0 - 0,25|1
ROSEUSDT|10111|False|0,0 - 0,25|0 - -0,25|0,0 - 0,25|0,0 - 0,25|0,25 - 0,5|1
ROSEUSDT|10101|True|0,0 - 0,25|0,0 - 0,25|0,0 - 0,25|0 - -0,25|0,0 - 0,25|1
ROSEUSDT|11010|False|0,25 - 0,5|0,0 - 0,25|0,0 - 0,25|0,0 - 0,25|0 - -0,25|1
ROSEUSDT|01101|True|0,0 - 0,25|0,25 - 0,5|0,0 - 0,25|0,0 - 0,25|0,0 - 0,25|1
ROSEUSDT|01011|False|0,0 - 0,25|0,25 - 0,5|0,0 - 0,25|0,25 - 0,5|0,0 - 0,25|1
ROSEUSDT|00101|True|0,0 - 0,25|0,0 - 0,25|0,25 - 0,5|0,0 - 0,25|0,25 - 0,5|1
ROSEUSDT|10010|True|0,0 - 0,25|0,0 - 0,25|0,0 - 0,25|0,25 - 0,5|0,0 - 0,25|1
ROSEUSDT|11001|False|0,0 - 0,25|0,0 - 0,25|0,0 - 0,25|0,0 - 0,25|0,25 - 0,5|1
ROSEUSDT|00000|False|0,0 - 0,25|0 - -0,25|0,0 - 0,25|0,0 - 0,25|0,0 - 0,25|1
ROSEUSDT|00000|False|0,0 - 0,25|0,0 - 0,25|0 - -0,25|0,0 - 0,25|0,0 - 0,25|1
ROSEUSDT|00000|True|0,0 - 0,25|0,0 - 0,25|0,0 - 0,25|0 - -0,25|0,0 - 0,25|1
ROSEUSDT|00000|False|0 - -0,25|0 - -0,25|0,0 - 0,25|0,0 - 0,25|0,0 - 0,25|2
ROSEUSDT|00000|False|0,0 - 0,25|0 - -0,25|0 - -0,25|0,0 - 0,25|0,0 - 0,25|1
ROSEUSDT|00000|True|0 - -0,25|0,0 - 0,25|0 - -0,25|0 - -0,25|0,0 - 0,25|1
ROSEUSDT|10000|True|0,0 - 0,25|0 - -0,25|0,0 - 0,25|0 - -0,25|0 - -0,25|1
ROSEUSDT|11000|False|0,0 - 0,25|0,0 - 0,25|0 - -0,25|0,0 - 0,25|0 - -0,25|1
ROSEUSDT|01011|True|0 - -0,25|0,0 - 0,25|0,0 - 0,25|0,0 - 0,25|0,0 - 0,25|1
ROSEUSDT|10101|False|0,0 - 0,25|0 - -0,25|0,0 - 0,25|0,0 - 0,25|0,0 - 0,25|1
ROSEUSDT|01010|False|0 - -0,25|0,0 - 0,25|0 - -0,25|0,0 - 0,25|0,0 - 0,25|1
ROSEUSDT|00101|False|0,0 - 0,25|0 - -0,25|0,0 - 0,25|0 - -0,25|0,0 - 0,25|1
ROSEUSDT|00010|False|0,0 - 0,25|0,0 - 0,25|0 - -0,25|0,0 - 0,25|0 - -0,25|1
ROSEUSDT|11101|True|0,0 - 0,25|0,0 - 0,25|0,0 - 0,25|0 - -0,25|0,0 - 0,25|1
ROSEUSDT|11111|False|0,25 - 0,5|0,0 - 0,25|0,0 - 0,25|0,0 - 0,25|0,0 - 0,25|1
ROSEUSDT|01111|True|0,0 - 0,25|0,25 - 0,5|0,0 - 0,25|0,0 - 0,25|0,0 - 0,25|1
ROSEUSDT|01101|False|0,25 - 0,5|0,0 - 0,25|0,0 - 0,25|0,0 - 0,25|0,25 - 0,5|1
ROSEUSDT|00110|False|0,0 - 0,25|0,25 - 0,5|0,0 - 0,25|0,0 - 0,25|0,0 - 0,25|1
ROSEUSDT|00011|True|0 - -0,25|0,0 - 0,25|0,25 - 0,5|0,0 - 0,25|0,0 - 0,25|1
ROSEUSDT|10001|True|0,0 - 0,25|0 - -0,25|0,0 - 0,25|0,25 - 0,5|0,0 - 0,25|1
ROSEUSDT|11000|True|0,0 - 0,25|0,0 - 0,25|0 - -0,25|0,0 - 0,25|0,25 - 0,5|1
ROSEUSDT|11100|False|0,25 - 0,5|0,0 - 0,25|0,0 - 0,25|0 - -0,25|0,0 - 0,25|1
ROSEUSDT|01110|False|0,25 - 0,5|0,25 - 0,5|0,0 - 0,25|0,0 - 0,25|0 - -0,25|1
ROSEUSDT|00111|True|0,0 - 0,25|0,25 - 0,5|0,25 - 0,5|0,0 - 0,25|0,0 - 0,25|1
ROSEUSDT|10011|True|0,0 - 0,25|0,0 - 0,25|0,25 - 0,5|0,25 - 0,5|0,0 - 0,25|1
ROSEUSDT|11001|True|0,0 - 0,25|0,0 - 0,25|0,0 - 0,25|0,25 - 0,5|0,25 - 0,5|1
ROSEUSDT|11100|True|0,25 - 0,5|0,0 - 0,25|0,0 - 0,25|0,0 - 0,25|0,25 - 0,5|1
ROSEUSDT|11110|False|0,0 - 0,25|0,25 - 0,5|0,0 - 0,25|0,0 - 0,25|0,0 - 0,25|1
ROSEUSDT|01111|False|0,0 - 0,25|0,0 - 0,25|0,25 - 0,5|0,0 - 0,25|0,0 - 0,25|1
ROSEUSDT|00111|True|0,25 - 0,5|0,0 - 0,25|0,0 - 0,25|0,25 - 0,5|0,0 - 0,25|1
ROSEUSDT|10011|True|0,0 - 0,25|0,25 - 0,5|0,0 - 0,25|0,0 - 0,25|0,25 - 0,5|1
ROSEUSDT|11001|False|0,0 - 0,25|0,0 - 0,25|0,25 - 0,5|0,0 - 0,25|0,0 - 0,25|1
ROSEUSDT|01100|False|0,25 - 0,5|0,0 - 0,25|0,0 - 0,25|0,25 - 0,5|0,0 - 0,25|1
ROSEUSDT|00110|False|0,25 - 0,5|0,25 - 0,5|0,0 - 0,25|0,0 - 0,25|0,25 - 0,5|1
ROSEUSDT|10001|True|0,25 - 0,5|0,0 - 0,25|0,25 - 0,5|0,25 - 0,5|0,0 - 0,25|1
ROSEUSDT|11000|True|0,0 - 0,25|0,25 - 0,5|0,0 - 0,25|0,25 - 0,5|0,25 - 0,5|1
ROSEUSDT|11100|True|0,5 - 1|0,0 - 0,25|0,25 - 0,5|0,0 - 0,25|0,25 - 0,5|1
ROSEUSDT|11110|False|0,0 - 0,25|0,5 - 1|0,0 - 0,25|0,25 - 0,5|0,0 - 0,25|1
ROSEUSDT|01111|False|0 - -0,25|0,0 - 0,25|0,5 - 1|0,0 - 0,25|0,25 - 0,5|1
ROSEUSDT|00111|False|0,5 - 1|0 - -0,25|0,0 - 0,25|0,5 - 1|0,0 - 0,25|1
ROSEUSDT|00011|True|0,25 - 0,5|0,5 - 1|0 - -0,25|0,0 - 0,25|0,5 - 1|1
ROSEUSDT|10001|False|0,0 - 0,25|0,25 - 0,5|0,5 - 1|0 - -0,25|0,0 - 0,25|1
ROSEUSDT|01000|False|0 - -0,25|0,0 - 0,25|0,25 - 0,5|0,5 - 1|0 - -0,25|1
ROSEUSDT|00100|False|0,0 - 0,25|0 - -0,25|0,0 - 0,25|0,25 - 0,5|0,5 - 1|1
ROSEUSDT|00010|True|0,0 - 0,25|0,0 - 0,25|0 - -0,25|0,0 - 0,25|0,25 - 0,5|1
ROSEUSDT|10001|True|0,0 - 0,25|0,0 - 0,25|0,0 - 0,25|0 - -0,25|0,0 - 0,25|1
ROSEUSDT|11000|True|0,0 - 0,25|0,0 - 0,25|0,0 - 0,25|0,0 - 0,25|0 - -0,25|1
ROSEUSDT|01110|False|0 - -0,25|0,0 - 0,25|0,0 - 0,25|0,0 - 0,25|0,0 - 0,25|1
ROSEUSDT|00111|True|0,0 - 0,25|0 - -0,25|0,0 - 0,25|0,0 - 0,25|0,0 - 0,25|1
ROSEUSDT|00011|False|0,25 - 0,5|0,0 - 0,25|0 - -0,25|0,0 - 0,25|0,0 - 0,25|1
ROSEUSDT|00001|True|0,0 - 0,25|0,25 - 0,5|0,0 - 0,25|0 - -0,25|0,0 - 0,25|1
ROSEUSDT|10000|False|0,0 - 0,25|0,0 - 0,25|0,25 - 0,5|0,0 - 0,25|0 - -0,25|1
ROSEUSDT|10100|True|0,0 - 0,25|0,0 - 0,25|0,0 - 0,25|0,0 - 0,25|0,25 - 0,5|1
ROSEUSDT|11010|True|0,25 - 0,5|0,0 - 0,25|0,0 - 0,25|0,0 - 0,25|0,0 - 0,25|1
ROSEUSDT|11101|False|0,0 - 0,25|0,25 - 0,5|0,0 - 0,25|0,0 - 0,25|0,0 - 0,25|1
ROSEUSDT|01110|False|0 - -0,25|0,0 - 0,25|0,25 - 0,5|0,0 - 0,25|0,0 - 0,25|1
ROSEUSDT|00111|True|0,0 - 0,25|0 - -0,25|0,0 - 0,25|0,25 - 0,5|0,0 - 0,25|1
ROSEUSDT|10011|True|1 - 2|0,0 - 0,25|0 - -0,25|0,0 - 0,25|0,25 - 0,5|1
ROSEUSDT|11001|False|0,25 - 0,5|1 - 2|0,0 - 0,25|0 - -0,25|0,0 - 0,25|1
ROSEUSDT|01100|False|0,0 - 0,25|0,25 - 0,5|1 - 2|0,0 - 0,25|0 - -0,25|1
ROSEUSDT|00110|False|0,0 - 0,25|0,0 - 0,25|0,25 - 0,5|1 - 2|0,0 - 0,25|1
ROSEUSDT|00011|False|0,0 - 0,25|0,0 - 0,25|0,0 - 0,25|0,25 - 0,5|1 - 2|1
ROSEUSDT|00001|False|0 - -0,25|0,0 - 0,25|0,0 - 0,25|0,0 - 0,25|0,25 - 0,5|1
ROSEUSDT|00000|True|0,25 - 0,5|0 - -0,25|0 - -0,25|0,0 - 0,25|0,0 - 0,25|1
ROSEUSDT|10000|True|0,0 - 0,25|0,25 - 0,5|0 - -0,25|0 - -0,25|0,0 - 0,25|1
ROSEUSDT|11000|False|0,0 - 0,25|0,0 - 0,25|0,25 - 0,5|0 - -0,25|0 - -0,25|1
ROSEUSDT|01100|False|0,0 - 0,25|0,0 - 0,25|0,0 - 0,25|0,25 - 0,5|0 - -0,25|1
ROSEUSDT|00110|True|0 - -0,25|0,0 - 0,25|0,0 - 0,25|0,0 - 0,25|0,25 - 0,5|1
ROSEUSDT|10011|False|1 - 2|0 - -0,25|0,0 - 0,25|0,0 - 0,25|0,0 - 0,25|1
ROSEUSDT|01001|True|0,0 - 0,25|1 - 2|0 - -0,25|0,0 - 0,25|0,0 - 0,25|1
ROSEUSDT|10100|False|0,0 - 0,25|0,0 - 0,25|1 - 2|0 - -0,25|0,0 - 0,25|1
ROSEUSDT|01010|True|0,0 - 0,25|0,0 - 0,25|0,0 - 0,25|1 - 2|0 - -0,25|1
