USDTNGN||False|||||||||||5
USDTNGN||False|0 - -0,25|0 - -0,25|0 - -0,25|0 - -0,25|0 - -0,25|0 - -0,25|0 - -0,25|0 - -0,25|0 - -0,25|0 - -0,25|5
USDTNGN|0000000000|False|0 - -0,25|0 - -0,25|0 - -0,25|0 - -0,25|0 - -0,25|0 - -0,25|0 - -0,25|0 - -0,25|0 - -0,25|0 - -0,25|368
USDTNGN|0000000000|False|0 - -0,25|0 - -0,25|0 - -0,25|0 - -0,25|0 - -0,25|0,0 - 0,25|0 - -0,25|0 - -0,25|0 - -0,25|0 - -0,25|18
USDTNGN|0000000000|False|0 - -0,25|0 - -0,25|0 - -0,25|0 - -0,25|0 - -0,25|0,0 - 0,25|0,0 - 0,25|0 - -0,25|0 - -0,25|0 - -0,25|14
USDTNGN|0000000000|False|0 - -0,25|0 - -0,25|0 - -0,25|0 - -0,25|0 - -0,25|0,0 - 0,25|0,0 - 0,25|0,0 - 0,25|0 - -0,25|0 - -0,25|15
USDTNGN|0000000000|False|0 - -0,25|0 - -0,25|0 - -0,25|0 - -0,25|0 - -0,25|0,0 - 0,25|0,0 - 0,25|0,0 - 0,25|0,0 - 0,25|0 - -0,25|11
USDTNGN|0000000000|False|0 - -0,25|0 - -0,25|0 - -0,25|0 - -0,25|0 - -0,25|0,0 - 0,25|0,0 - 0,25|0,0 - 0,25|0,0 - 0,25|0,0 - 0,25|13
USDTNGN|0000000000|False|0 - -0,25|0 - -0,25|0 - -0,25|0 - -0,25|0 - -0,25|0 - -0,25|0,0 - 0,25|0,0 - 0,25|0,0 - 0,25|0,0 - 0,25|13
USDTNGN|0000000000|False|0 - -0,25|0 - -0,25|0 - -0,25|0 - -0,25|0 - -0,25|0 - -0,25|0 - -0,25|0,0 - 0,25|0,0 - 0,25|0,0 - 0,25|15
USDTNGN|0000000000|False|0 - -0,25|0 - -0,25|0 - -0,25|0 - -0,25|0 - -0,25|0 - -0,25|0 - -0,25|0 - -0,25|0,0 - 0,25|0,0 - 0,25|15
USDTNGN|0000000000|False|0 - -0,25|0 - -0,25|0 - -0,25|0 - -0,25|0 - -0,25|0 - -0,25|0 - -0,25|0 - -0,25|0 - -0,25|0,0 - 0,25|16
USDTNGN|0000000000|False|0 - -0,25|0 - -0,25|0 - -0,25|0 - -0,25|0 - -0,25|0,5 - 1|0 - -0,25|0 - -0,25|0 - -0,25|0 - -0,25|3
USDTNGN|0000000000|False|0 - -0,25|0 - -0,25|0 - -0,25|0 - -0,25|0 - -0,25|0,5 - 1|0,5 - 1|0 - -0,25|0 - -0,25|0 - -0,25|4
USDTNGN|0000000000|False|0 - -0,25|0 - -0,25|0 - -0,25|0 - -0,25|0 - -0,25|0,5 - 1|0,5 - 1|0,5 - 1|0 - -0,25|0 - -0,25|5
USDTNGN|0000000000|False|0 - -0,25|0 - -0,25|0 - -0,25|0 - -0,25|0 - -0,25|0,5 - 1|0,5 - 1|0,5 - 1|0,5 - 1|0 - -0,25|6
USDTNGN|0000000000|False|0 - -0,25|0 - -0,25|0 - -0,25|0 - -0,25|0 - -0,25|0,5 - 1|0,5 - 1|0,5 - 1|0,5 - 1|0,5 - 1|5
USDTNGN|0000000000|False|0 - -0,25|0 - -0,25|0 - -0,25|0 - -0,25|0 - -0,25|0 - -0,25|0,5 - 1|0,5 - 1|0,5 - 1|0,5 - 1|7
USDTNGN|0000000000|False|0 - -0,25|0 - -0,25|0 - -0,25|0 - -0,25|0 - -0,25|0 - -0,25|0 - -0,25|0,5 - 1|0,5 - 1|0,5 - 1|5
USDTNGN|0000000000|False|0 - -0,25|0 - -0,25|0 - -0,25|0 - -0,25|0 - -0,25|0 - -0,25|0 - -0,25|0 - -0,25|0,5 - 1|0,5 - 1|5
USDTNGN|0000000000|False|0 - -0,25|0 - -0,25|0 - -0,25|0 - -0,25|0 - -0,25|0 - -0,25|0 - -0,25|0 - -0,25|0 - -0,25|0,5 - 1|4
USDTNGN|0000000000|False|0 - -0,25|0 - -0,25|0 - -0,25|0 - -0,25|0 - -0,25|-0,5 - -1|0 - -0,25|0 - -0,25|0 - -0,25|0 - -0,25|6
USDTNGN|0000000000|False|0 - -0,25|0 - -0,25|0 - -0,25|0 - -0,25|0 - -0,25|0 - -0,25|-0,5 - -1|0 - -0,25|0 - -0,25|0 - -0,25|1
USDTNGN|0000000000|False|0 - -0,25|0 - -0,25|0 - -0,25|0 - -0,25|0 - -0,25|-0,5 - -1|0 - -0,25|-0,5 - -1|0 - -0,25|0 - -0,25|1
USDTNGN|0000000000|False|0 - -0,25|0 - -0,25|0 - -0,25|0 - -0,25|0 - -0,25|-0,5 - -1|-0,5 - -1|0 - -0,25|-0,5 - -1|0 - -0,25|1
USDTNGN|0000000000|False|0 - -0,25|0 - -0,25|0 - -0,25|0 - -0,25|0 - -0,25|-0,5 - -1|-0,5 - -1|-0,5 - -1|0 - -0,25|-0,5 - -1|1
USDTNGN|0000000000|False|0 - -0,25|0 - -0,25|0 - -0,25|0 - -0,25|0 - -0,25|0 - -0,25|-0,5 - -1|-0,5 - -1|-0,5 - -1|0 - -0,25|1
USDTNGN|0000000000|False|0 - -0,25|0 - -0,25|0 - -0,25|0 - -0,25|0 - -0,25|-0,5 - -1|0 - -0,25|-0,5 - -1|-0,5 - -1|-0,5 - -1|1
USDTNGN|0000000000|False|0 - -0,25|0 - -0,25|0 - -0,25|0 - -0,25|0 - -0,25|0 - -0,25|-0,5 - -1|0 - -0,25|-0,5 - -1|-0,5 - -1|1
USDTNGN|0000000000|False|0 - -0,25|0 - -0,25|0 - -0,25|0 - -0,25|0 - -0,25|0 - -0,25|0 - -0,25|-0,5 - -1|0 - -0,25|-0,5 - -1|1
USDTNGN|0000000000|False|0 - -0,25|0 - -0,25|0 - -0,25|0 - -0,25|0 - -0,25|0 - -0,25|0 - -0,25|0 - -0,25|-0,5 - -1|0 - -0,25|1
USDTNGN|0000000000|True|0 - -0,25|0 - -0,25|0 - -0,25|0 - -0,25|0 - -0,25|0 - -0,25|0 - -0,25|0 - -0,25|0 - -0,25|-0,5 - -1|2
USDTNGN|1000000000|False|0,0 - 0,25|0 - -0,25|0 - -0,25|0 - -0,25|0 - -0,25|0,5 - 1|0 - -0,25|0 - -0,25|0 - -0,25|0 - -0,25|3
USDTNGN|0100000000|False|0 - -0,25|0,0 - 0,25|0 - -0,25|0 - -0,25|0 - -0,25|0,5 - 1|0,5 - 1|0 - -0,25|0 - -0,25|0 - -0,25|3
USDTNGN|0010000000|False|0 - -0,25|0 - -0,25|0,0 - 0,25|0 - -0,25|0 - -0,25|0,5 - 1|0,5 - 1|0,5 - 1|0 - -0,25|0 - -0,25|4
USDTNGN|0001000000|True|0 - -0,25|0 - -0,25|0 - -0,25|0,0 - 0,25|0 - -0,25|0 - -0,25|0,5 - 1|0,5 - 1|0,5 - 1|0 - -0,25|1
USDTNGN|1000100000|False|0,0 - 0,25|0 - -0,25|0 - -0,25|0 - -0,25|0,0 - 0,25|0,5 - 1|0 - -0,25|0,5 - 1|0,5 - 1|0,5 - 1|1
USDTNGN|0100010000|False|0 - -0,25|0,0 - 0,25|0 - -0,25|0 - -0,25|0 - -0,25|0,0 - 0,25|0,5 - 1|0 - -0,25|0,5 - 1|0,5 - 1|1
USDTNGN|0010001000|False|0 - -0,25|0 - -0,25|0,0 - 0,25|0 - -0,25|0 - -0,25|0 - -0,25|0,0 - 0,25|0,5 - 1|0 - -0,25|0,5 - 1|1
USDTNGN|0001000100|False|0 - -0,25|0 - -0,25|0 - -0,25|0,0 - 0,25|0 - -0,25|0 - -0,25|0 - -0,25|0,0 - 0,25|0,5 - 1|0 - -0,25|1
USDTNGN|0000100010|False|0 - -0,25|0 - -0,25|0 - -0,25|0 - -0,25|0,0 - 0,25|0,5 - 1|0 - -0,25|0 - -0,25|0,0 - 0,25|0,5 - 1|1
USDTNGN|0000010001|False|0 - -0,25|0 - -0,25|0 - -0,25|0 - -0,25|0 - -0,25|0,0 - 0,25|0,5 - 1|0 - -0,25|0 - -0,25|0,0 - 0,25|1
USDTNGN|0000001000|False|0 - -0,25|0 - -0,25|0 - -0,25|0 - -0,25|0 - -0,25|0 - -0,25|0,0 - 0,25|0,5 - 1|0 - -0,25|0 - -0,25|1
USDTNGN|0000000100|False|0 - -0,25|0 - -0,25|0 - -0,25|0 - -0,25|0 - -0,25|0 - -0,25|0 - -0,25|0,0 - 0,25|0,5 - 1|0 - -0,25|1
USDTNGN|0000000010|False|0 - -0,25|0 - -0,25|0 - -0,25|0 - -0,25|0 - -0,25|0 - -0,25|0 - -0,25|0 - -0,25|0,0 - 0,25|0,5 - 1|3
USDTNGN|0000000001|False|0 - -0,25|0 - -0,25|0 - -0,25|0 - -0,25|0 - -0,25|0 - -0,25|0 - -0,25|0 - -0,25|0 - -0,25|0,0 - 0,25|10
USDTNGN|0000000000|False|0 - -0,25|0 - -0,25|0 - -0,25|0 - -0,25|0 - -0,25|-0,5 - -1|-0,5 - -1|0 - -0,25|0 - -0,25|0 - -0,25|6
USDTNGN|0000000000|False|0 - -0,25|0 - -0,25|0 - -0,25|0 - -0,25|0 - -0,25|-0,5 - -1|-0,5 - -1|-0,5 - -1|0 - -0,25|0 - -0,25|6
USDTNGN|0000000000|False|0 - -0,25|0 - -0,25|0 - -0,25|0 - -0,25|0 - -0,25|-0,5 - -1|-0,5 - -1|-0,5 - -1|-0,5 - -1|0 - -0,25|8
USDTNGN|0000000000|False|0 - -0,25|0 - -0,25|0 - -0,25|0 - -0,25|0 - -0,25|-0,5 - -1|-0,5 - -1|-0,5 - -1|-0,5 - -1|-0,5 - -1|5
USDTNGN|0000000000|False|0 - -0,25|0 - -0,25|0 - -0,25|0 - -0,25|0 - -0,25|0 - -0,25|-0,5 - -1|-0,5 - -1|-0,5 - -1|-0,5 - -1|6
USDTNGN|0000000000|False|0 - -0,25|0 - -0,25|0 - -0,25|0 - -0,25|0 - -0,25|0 - -0,25|0 - -0,25|-0,5 - -1|-0,5 - -1|-0,5 - -1|6
USDTNGN|0000000000|False|0 - -0,25|0 - -0,25|0 - -0,25|0 - -0,25|0 - -0,25|0,5 - 1|0 - -0,25|0 - -0,25|-0,5 - -1|-0,5 - -1|1
USDTNGN|0000000000|False|0 - -0,25|0 - -0,25|0 - -0,25|0 - -0,25|0 - -0,25|0,5 - 1|0,5 - 1|0 - -0,25|0 - -0,25|-0,5 - -1|1
USDTNGN|0000000000|False|0 - -0,25|0 - -0,25|0 - -0,25|0 - -0,25|0 - -0,25|-0,5 - -1|0 - -0,25|0 - -0,25|0 - -0,25|0,5 - 1|1
USDTNGN|0000000000|False|0 - -0,25|0 - -0,25|0 - -0,25|0 - -0,25|0 - -0,25|0 - -0,25|0 - -0,25|0 - -0,25|-0,5 - -1|-0,5 - -1|5
USDTNGN|0000000000|False|0 - -0,25|0 - -0,25|0 - -0,25|0 - -0,25|0 - -0,25|0 - -0,25|0 - -0,25|0 - -0,25|0 - -0,25|-0,5 - -1|3
USDTNGN|0000000000|True|0 - -0,25|0 - -0,25|0 - -0,25|0 - -0,25|0 - -0,25|0 - -0,25|0 - -0,25|0 - -0,25|0 - -0,25|0 - -0,25|10
USDTNGN|0001000000|False|0 - -0,25|0 - -0,25|0 - -0,25|0,0 - 0,25|0 - -0,25|0,5 - 1|0,5 - 1|0,5 - 1|0,5 - 1|0 - -0,25|2
USDTNGN|0000100000|False|0 - -0,25|0 - -0,25|0 - -0,25|0 - -0,25|0,0 - 0,25|0,5 - 1|0,5 - 1|0,5 - 1|0,5 - 1|0,5 - 1|1
USDTNGN|0000010000|False|0 - -0,25|0 - -0,25|0 - -0,25|0 - -0,25|0 - -0,25|0,0 - 0,25|0,5 - 1|0,5 - 1|0,5 - 1|0,5 - 1|1
USDTNGN|0000001000|False|0 - -0,25|0 - -0,25|0 - -0,25|0 - -0,25|0 - -0,25|0 - -0,25|0,0 - 0,25|0,5 - 1|0,5 - 1|0,5 - 1|1
USDTNGN|0000000100|False|0 - -0,25|0 - -0,25|0 - -0,25|0 - -0,25|0 - -0,25|0 - -0,25|0 - -0,25|0,0 - 0,25|0,5 - 1|0,5 - 1|1
USDTNGN|0000000000|False|0 - -0,25|0 - -0,25|0 - -0,25|0 - -0,25|0 - -0,25|0,5 - 1|-0,5 - -1|-0,5 - -1|-0,5 - -1|-0,5 - -1|1
USDTNGN|0000000000|False|0 - -0,25|0 - -0,25|0 - -0,25|0 - -0,25|0 - -0,25|0,5 - 1|0,5 - 1|-0,5 - -1|-0,5 - -1|-0,5 - -1|1
USDTNGN|0000000000|False|0 - -0,25|0 - -0,25|0 - -0,25|0 - -0,25|0 - -0,25|0,5 - 1|0,5 - 1|0,5 - 1|-0,5 - -1|-0,5 - -1|1
USDTNGN|0000000000|False|0 - -0,25|0 - -0,25|0 - -0,25|0 - -0,25|0 - -0,25|0,5 - 1|0,5 - 1|0,5 - 1|0,5 - 1|-0,5 - -1|1
USDTNGN|0000000000|False|0 - -0,25|0 - -0,25|0 - -0,25|0 - -0,25|0 - -0,25|-0,25 - -0,5|0 - -0,25|0 - -0,25|0 - -0,25|0 - -0,25|6
USDTNGN|0000000000|False|0 - -0,25|0 - -0,25|0 - -0,25|0 - -0,25|0 - -0,25|-0,25 - -0,5|-0,25 - -0,5|0 - -0,25|0 - -0,25|0 - -0,25|6
USDTNGN|0000000000|False|0 - -0,25|0 - -0,25|0 - -0,25|0 - -0,25|0 - -0,25|-0,25 - -0,5|-0,25 - -0,5|-0,25 - -0,5|0 - -0,25|0 - -0,25|6
USDTNGN|0000000000|False|0 - -0,25|0 - -0,25|0 - -0,25|0 - -0,25|0 - -0,25|-0,25 - -0,5|-0,25 - -0,5|-0,25 - -0,5|-0,25 - -0,5|0 - -0,25|6
USDTNGN|0000000000|False|0 - -0,25|0 - -0,25|0 - -0,25|0 - -0,25|0 - -0,25|-0,25 - -0,5|-0,25 - -0,5|-0,25 - -0,5|-0,25 - -0,5|-0,25 - -0,5|6
USDTNGN|0000000000|False|0 - -0,25|0 - -0,25|0 - -0,25|0 - -0,25|0 - -0,25|0 - -0,25|-0,25 - -0,5|-0,25 - -0,5|-0,25 - -0,5|-0,25 - -0,5|6
USDTNGN|0000000000|False|0 - -0,25|0 - -0,25|0 - -0,25|0 - -0,25|0 - -0,25|0 - -0,25|0 - -0,25|-0,25 - -0,5|-0,25 - -0,5|-0,25 - -0,5|6
USDTNGN|0000000000|False|0 - -0,25|0 - -0,25|0 - -0,25|0 - -0,25|0 - -0,25|0 - -0,25|0 - -0,25|0 - -0,25|-0,25 - -0,5|-0,25 - -0,5|4
USDTNGN|0000000000|False|0 - -0,25|0 - -0,25|0 - -0,25|0 - -0,25|0 - -0,25|0 - -0,25|0 - -0,25|0 - -0,25|0 - -0,25|-0,25 - -0,5|6
USDTNGN|0000000000|False|0 - -0,25|0 - -0,25|0 - -0,25|0 - -0,25|0 - -0,25|-0,5 - -1|0 - -0,25|0,5 - 1|0,5 - 1|0,5 - 1|2
USDTNGN|0000000000|False|0 - -0,25|0 - -0,25|0 - -0,25|0 - -0,25|0 - -0,25|-0,5 - -1|-0,5 - -1|0 - -0,25|0,5 - 1|0,5 - 1|2
USDTNGN|0000000000|False|0 - -0,25|0 - -0,25|0 - -0,25|0 - -0,25|0 - -0,25|-0,5 - -1|-0,5 - -1|-0,5 - -1|0 - -0,25|0,5 - 1|2
USDTNGN|0000000000|False|0 - -0,25|0 - -0,25|0 - -0,25|0 - -0,25|0 - -0,25|0,5 - 1|0 - -0,25|0 - -0,25|0 - -0,25|-0,5 - -1|1
USDTNGN|0000000000|True|0 - -0,25|0 - -0,25|0 - -0,25|0 - -0,25|0 - -0,25|0 - -0,25|0 - -0,25|-0,5 - -1|-0,5 - -1|-0,5 - -1|1
USDTNGN|1000000000|False|0,0 - 0,25|0 - -0,25|0 - -0,25|0 - -0,25|0 - -0,25|0,5 - 1|0 - -0,25|0 - -0,25|-0,5 - -1|-0,5 - -1|1
USDTNGN|0100000000|False|0 - -0,25|0,0 - 0,25|0 - -0,25|0 - -0,25|0 - -0,25|0,5 - 1|0,5 - 1|0 - -0,25|0 - -0,25|-0,5 - -1|1
USDTNGN|0001000000|False|0 - -0,25|0 - -0,25|0 - -0,25|0,0 - 0,25|0 - -0,25|0,0 - 0,25|0,5 - 1|0,5 - 1|0,5 - 1|0 - -0,25|1
USDTNGN|0000100000|False|0 - -0,25|0 - -0,25|0 - -0,25|0 - -0,25|0,0 - 0,25|0,5 - 1|0,0 - 0,25|0,5 - 1|0,5 - 1|0,5 - 1|1
USDTNGN|0000010000|False|0 - -0,25|0 - -0,25|0 - -0,25|0 - -0,25|0 - -0,25|0,0 - 0,25|0,5 - 1|0,0 - 0,25|0,5 - 1|0,5 - 1|1
USDTNGN|0000001000|False|0 - -0,25|0 - -0,25|0 - -0,25|0 - -0,25|0 - -0,25|0 - -0,25|0,0 - 0,25|0,5 - 1|0,0 - 0,25|0,5 - 1|1
USDTNGN|0000000100|False|0 - -0,25|0 - -0,25|0 - -0,25|0 - -0,25|0 - -0,25|0 - -0,25|0 - -0,25|0,0 - 0,25|0,5 - 1|0,0 - 0,25|1
USDTNGN|0000100000|False|0 - -0,25|0 - -0,25|0 - -0,25|0 - -0,25|0,0 - 0,25|0,25 - 0,5|0,5 - 1|0,5 - 1|0,5 - 1|0,5 - 1|1
USDTNGN|0000010000|False|0 - -0,25|0 - -0,25|0 - -0,25|0 - -0,25|0 - -0,25|0 - -0,25|0,25 - 0,5|0,5 - 1|0,5 - 1|0,5 - 1|1
USDTNGN|0000001000|False|0 - -0,25|0 - -0,25|0 - -0,25|0 - -0,25|0 - -0,25|0 - -0,25|0 - -0,25|0,25 - 0,5|0,5 - 1|0,5 - 1|1
USDTNGN|0000000100|False|0 - -0,25|0 - -0,25|0 - -0,25|0 - -0,25|0 - -0,25|0 - -0,25|0 - -0,25|0 - -0,25|0,25 - 0,5|0,5 - 1|1
USDTNGN|0000000010|False|0 - -0,25|0 - -0,25|0 - -0,25|0 - -0,25|0 - -0,25|0 - -0,25|0 - -0,25|0 - -0,25|0 - -0,25|0,25 - 0,5|1
USDTNGN|0000000001|False|0 - -0,25|0 - -0,25|0 - -0,25|0 - -0,25|0 - -0,25|0,0 - 0,25|0 - -0,25|0 - -0,25|0 - -0,25|0 - -0,25|2
USDTNGN|0000000000|False|0,0 - 0,25|0 - -0,25|0 - -0,25|0 - -0,25|0 - -0,25|0,0 - 0,25|0,0 - 0,25|0 - -0,25|0 - -0,25|0 - -0,25|3
USDTNGN|0000000000|False|0 - -0,25|0,0 - 0,25|0 - -0,25|0 - -0,25|0 - -0,25|0,0 - 0,25|0,0 - 0,25|0,0 - 0,25|0 - -0,25|0 - -0,25|2
USDTNGN|0000000000|False|0 - -0,25|0 - -0,25|0,0 - 0,25|0 - -0,25|0 - -0,25|0,0 - 0,25|0,0 - 0,25|0,0 - 0,25|0,0 - 0,25|0 - -0,25|1
USDTNGN|0000000000|False|0 - -0,25|0 - -0,25|0 - -0,25|0,0 - 0,25|0 - -0,25|0,0 - 0,25|0,0 - 0,25|0,0 - 0,25|0,0 - 0,25|0,0 - 0,25|1
USDTNGN|0000000000|False|0 - -0,25|0 - -0,25|0 - -0,25|0 - -0,25|0,0 - 0,25|0,0 - 0,25|0,0 - 0,25|0,0 - 0,25|0,0 - 0,25|0,0 - 0,25|1
USDTNGN|0000000000|False|0 - -0,25|0 - -0,25|0 - -0,25|0 - -0,25|0 - -0,25|0,0 - 0,25|0 - -0,25|0 - -0,25|0,0 - 0,25|0,0 - 0,25|1
USDTNGN|0000000000|False|0 - -0,25|0 - -0,25|0 - -0,25|0 - -0,25|0 - -0,25|0,0 - 0,25|0,0 - 0,25|0 - -0,25|0 - -0,25|0,0 - 0,25|3
USDTNGN|1000000000|False|0,0 - 0,25|0 - -0,25|0 - -0,25|0 - -0,25|0 - -0,25|0,0 - 0,25|0 - -0,25|0 - -0,25|0 - -0,25|0 - -0,25|8
USDTNGN|0100000000|False|0 - -0,25|0,0 - 0,25|0 - -0,25|0 - -0,25|0 - -0,25|0,0 - 0,25|0,0 - 0,25|0 - -0,25|0 - -0,25|0 - -0,25|6
USDTNGN|0010000000|False|0 - -0,25|0 - -0,25|0,0 - 0,25|0 - -0,25|0 - -0,25|0,0 - 0,25|0,0 - 0,25|0,0 - 0,25|0 - -0,25|0 - -0,25|7
USDTNGN|0001000000|False|0 - -0,25|0 - -0,25|0 - -0,25|0,0 - 0,25|0 - -0,25|0,0 - 0,25|0,0 - 0,25|0,0 - 0,25|0,0 - 0,25|0 - -0,25|7
USDTNGN|0000100000|False|0 - -0,25|0 - -0,25|0 - -0,25|0 - -0,25|0,0 - 0,25|0,0 - 0,25|0,0 - 0,25|0,0 - 0,25|0,0 - 0,25|0,0 - 0,25|6
USDTNGN|0000010000|False|0 - -0,25|0 - -0,25|0 - -0,25|0 - -0,25|0 - -0,25|0 - -0,25|0,0 - 0,25|0,0 - 0,25|0,0 - 0,25|0,0 - 0,25|2
USDTNGN|0000001000|False|0 - -0,25|0 - -0,25|0 - -0,25|0 - -0,25|0 - -0,25|0 - -0,25|0 - -0,25|0,0 - 0,25|0,0 - 0,25|0,0 - 0,25|2
USDTNGN|0000000100|False|0 - -0,25|0 - -0,25|0 - -0,25|0 - -0,25|0 - -0,25|0 - -0,25|0 - -0,25|0 - -0,25|0,0 - 0,25|0,0 - 0,25|2
USDTNGN|0000000010|False|0 - -0,25|0 - -0,25|0 - -0,25|0 - -0,25|0 - -0,25|0 - -0,25|0 - -0,25|0 - -0,25|0 - -0,25|0,0 - 0,25|1
USDTNGN|0000000001|False|0 - -0,25|0 - -0,25|0 - -0,25|0 - -0,25|0 - -0,25|0 - -0,25|0 - -0,25|0 - -0,25|0 - -0,25|0 - -0,25|2
USDTNGN|0000010000|False|0 - -0,25|0 - -0,25|0 - -0,25|0 - -0,25|0 - -0,25|0,0 - 0,25|0,0 - 0,25|0,0 - 0,25|0,0 - 0,25|0,0 - 0,25|5
USDTNGN|0000001000|False|0 - -0,25|0 - -0,25|0 - -0,25|0 - -0,25|0 - -0,25|0 - -0,25|0,0 - 0,25|0,0 - 0,25|0,0 - 0,25|0,0 - 0,25|4
USDTNGN|0000000100|False|0 - -0,25|0 - -0,25|0 - -0,25|0 - -0,25|0 - -0,25|0 - -0,25|0 - -0,25|0,0 - 0,25|0,0 - 0,25|0,0 - 0,25|3
USDTNGN|0000000010|False|0 - -0,25|0 - -0,25|0 - -0,25|0 - -0,25|0 - -0,25|0 - -0,25|0 - -0,25|0 - -0,25|0,0 - 0,25|0,0 - 0,25|3
USDTNGN|0000000000|False|0 - -0,25|0 - -0,25|0 - -0,25|0 - -0,25|0 - -0,25|0 - -0,25|0,0 - 0,25|0 - -0,25|0 - -0,25|0 - -0,25|4
USDTNGN|0000000000|False|0 - -0,25|0 - -0,25|0 - -0,25|0 - -0,25|0 - -0,25|0 - -0,25|0 - -0,25|0,0 - 0,25|0 - -0,25|0 - -0,25|4
USDTNGN|0000000000|False|0 - -0,25|0 - -0,25|0 - -0,25|0 - -0,25|0 - -0,25|0 - -0,25|0 - -0,25|0 - -0,25|0,0 - 0,25|0 - -0,25|5
USDTNGN|0000000000|False|0,0 - 0,25|0 - -0,25|0 - -0,25|0 - -0,25|0 - -0,25|0 - -0,25|0 - -0,25|0 - -0,25|0 - -0,25|0 - -0,25|8
USDTNGN|0000000000|False|0 - -0,25|0,0 - 0,25|0 - -0,25|0 - -0,25|0 - -0,25|0 - -0,25|0 - -0,25|0 - -0,25|0 - -0,25|0 - -0,25|8
USDTNGN|0000000000|False|0 - -0,25|0 - -0,25|0,0 - 0,25|0 - -0,25|0 - -0,25|0 - -0,25|0 - -0,25|0 - -0,25|0 - -0,25|0 - -0,25|8
USDTNGN|0000000000|False|0,0 - 0,25|0 - -0,25|0 - -0,25|0,0 - 0,25|0 - -0,25|0 - -0,25|0 - -0,25|0 - -0,25|0 - -0,25|0 - -0,25|2
USDTNGN|0000000000|False|0 - -0,25|0,0 - 0,25|0 - -0,25|0 - -0,25|0,0 - 0,25|0 - -0,25|0 - -0,25|0 - -0,25|0 - -0,25|0 - -0,25|2
USDTNGN|0000000000|False|0 - -0,25|0 - -0,25|0 - -0,25|0,0 - 0,25|0 - -0,25|0 - -0,25|0 - -0,25|0 - -0,25|0 - -0,25|0 - -0,25|6
USDTNGN|0000000000|False|0 - -0,25|0 - -0,25|0 - -0,25|0 - -0,25|0,0 - 0,25|0 - -0,25|0 - -0,25|0 - -0,25|0 - -0,25|0 - -0,25|7
USDTNGN|0000000000|False|0,0 - 0,25|0 - -0,25|0 - -0,25|0 - -0,25|0 - -0,25|0,0 - 0,25|0 - -0,25|0 - -0,25|0 - -0,25|0 - -0,25|3
USDTNGN|0000000000|False|0 - -0,25|0,0 - 0,25|0 - -0,25|0 - -0,25|0 - -0,25|0 - -0,25|0,0 - 0,25|0 - -0,25|0 - -0,25|0 - -0,25|2
USDTNGN|0000000000|True|0 - -0,25|0 - -0,25|0,0 - 0,25|0 - -0,25|0 - -0,25|0,0 - 0,25|0 - -0,25|0,0 - 0,25|0 - -0,25|0 - -0,25|1
USDTNGN|1000000000|False|0,0 - 0,25|0 - -0,25|0 - -0,25|0,0 - 0,25|0 - -0,25|0,0 - 0,25|0,0 - 0,25|0 - -0,25|0,0 - 0,25|0 - -0,25|1
USDTNGN|0100000000|False|0 - -0,25|0,0 - 0,25|0 - -0,25|0 - -0,25|0,0 - 0,25|0,0 - 0,25|0,0 - 0,25|0,0 - 0,25|0 - -0,25|0,0 - 0,25|1
USDTNGN|0010000000|False|0 - -0,25|0 - -0,25|0,0 - 0,25|0 - -0,25|0 - -0,25|0,0 - 0,25|0,0 - 0,25|0,0 - 0,25|0,0 - 0,25|0 - -0,25|2
USDTNGN|0001000000|False|0 - -0,25|0 - -0,25|0 - -0,25|0,0 - 0,25|0 - -0,25|0,0 - 0,25|0,0 - 0,25|0,0 - 0,25|0,0 - 0,25|0,0 - 0,25|2
USDTNGN|0000100000|False|0 - -0,25|0 - -0,25|0 - -0,25|0 - -0,25|0,0 - 0,25|0 - -0,25|0,0 - 0,25|0,0 - 0,25|0,0 - 0,25|0,0 - 0,25|2
USDTNGN|0000010000|False|0 - -0,25|0 - -0,25|0 - -0,25|0 - -0,25|0 - -0,25|0,0 - 0,25|0 - -0,25|0,0 - 0,25|0,0 - 0,25|0,0 - 0,25|1
USDTNGN|0000001000|False|0 - -0,25|0 - -0,25|0 - -0,25|0 - -0,25|0 - -0,25|0 - -0,25|0,0 - 0,25|0 - -0,25|0,0 - 0,25|0,0 - 0,25|1
USDTNGN|0000000100|False|0 - -0,25|0 - -0,25|0 - -0,25|0 - -0,25|0 - -0,25|0 - -0,25|0 - -0,25|0,0 - 0,25|0 - -0,25|0,0 - 0,25|1
USDTNGN|0000000010|False|0 - -0,25|0 - -0,25|0 - -0,25|0 - -0,25|0 - -0,25|0 - -0,25|0 - -0,25|0 - -0,25|0,0 - 0,25|0 - -0,25|1
USDTNGN|0000000010|True|0 - -0,25|0 - -0,25|0 - -0,25|0 - -0,25|0 - -0,25|0 - -0,25|0 - -0,25|0 - -0,25|0 - -0,25|0,0 - 0,25|1
USDTNGN|1000000001|False|0,0 - 0,25|0 - -0,25|0 - -0,25|0 - -0,25|0 - -0,25|0 - -0,25|0 - -0,25|0 - -0,25|0 - -0,25|0 - -0,25|1
USDTNGN|0100000000|False|0 - -0,25|0,0 - 0,25|0 - -0,25|0 - -0,25|0 - -0,25|0,0 - 0,25|0 - -0,25|0 - -0,25|0 - -0,25|0 - -0,25|1
USDTNGN|0010000000|False|0 - -0,25|0 - -0,25|0,0 - 0,25|0 - -0,25|0 - -0,25|0,0 - 0,25|0,0 - 0,25|0 - -0,25|0 - -0,25|0 - -0,25|2
USDTNGN|0001000000|False|0 - -0,25|0 - -0,25|0 - -0,25|0,0 - 0,25|0 - -0,25|0 - -0,25|0,0 - 0,25|0,0 - 0,25|0 - -0,25|0 - -0,25|1
USDTNGN|0000100000|False|0 - -0,25|0 - -0,25|0 - -0,25|0 - -0,25|0,0 - 0,25|0 - -0,25|0 - -0,25|0,0 - 0,25|0,0 - 0,25|0 - -0,25|1
USDTNGN|0000010000|False|0 - -0,25|0 - -0,25|0 - -0,25|0 - -0,25|0 - -0,25|0 - -0,25|0 - -0,25|0 - -0,25|0,0 - 0,25|0,0 - 0,25|1
USDTNGN|0000001000|False|0 - -0,25|0 - -0,25|0 - -0,25|0 - -0,25|0 - -0,25|0 - -0,25|0 - -0,25|0 - -0,25|0 - -0,25|0,0 - 0,25|1
USDTNGN|0000000100|False|0 - -0,25|0 - -0,25|0 - -0,25|0 - -0,25|0 - -0,25|0 - -0,25|0 - -0,25|0 - -0,25|0 - -0,25|0 - -0,25|2
USDTNGN|0000000010|False|0 - -0,25|0 - -0,25|0 - -0,25|0 - -0,25|0 - -0,25|0 - -0,25|0 - -0,25|0 - -0,25|0 - -0,25|0 - -0,25|2
USDTNGN|0000000000|True|0 - -0,25|0 - -0,25|0,0 - 0,25|0 - -0,25|0 - -0,25|0 - -0,25|0 - -0,25|0 - -0,25|0 - -0,25|0 - -0,25|2
USDTNGN|1000000000|False|0,0 - 0,25|0 - -0,25|0 - -0,25|0,0 - 0,25|0 - -0,25|0 - -0,25|0 - -0,25|0 - -0,25|0 - -0,25|0 - -0,25|1
USDTNGN|0100000000|False|0 - -0,25|0,0 - 0,25|0 - -0,25|0 - -0,25|0,0 - 0,25|0,0 - 0,25|0 - -0,25|0 - -0,25|0 - -0,25|0 - -0,25|1
USDTNGN|0001000000|False|0 - -0,25|0 - -0,25|0 - -0,25|0,0 - 0,25|0 - -0,25|0,0 - 0,25|0,0 - 0,25|0,0 - 0,25|0 - -0,25|0 - -0,25|1
USDTNGN|0000100000|False|0 - -0,25|0 - -0,25|0 - -0,25|0 - -0,25|0,0 - 0,25|0,0 - 0,25|0,0 - 0,25|0,0 - 0,25|0,0 - 0,25|0 - -0,25|1
USDTNGN|0000001000|False|0 - -0,25|0 - -0,25|0 - -0,25|0 - -0,25|0 - -0,25|0,0 - 0,25|0,0 - 0,25|0,0 - 0,25|0,0 - 0,25|0,0 - 0,25|1
USDTNGN|0000000100|False|0 - -0,25|0 - -0,25|0 - -0,25|0 - -0,25|0 - -0,25|0,0 - 0,25|0,0 - 0,25|0,0 - 0,25|0,0 - 0,25|0,0 - 0,25|1
USDTNGN|0000000010|False|0,0 - 0,25|0 - -0,25|0 - -0,25|0 - -0,25|0 - -0,25|0 - -0,25|0,0 - 0,25|0,0 - 0,25|0,0 - 0,25|0,0 - 0,25|1
USDTNGN|0000000001|False|0 - -0,25|0,0 - 0,25|0 - -0,25|0 - -0,25|0 - -0,25|0 - -0,25|0 - -0,25|0,0 - 0,25|0,0 - 0,25|0,0 - 0,25|1
USDTNGN|0000000000|False|0 - -0,25|0 - -0,25|0,0 - 0,25|0 - -0,25|0 - -0,25|0 - -0,25|0 - -0,25|0 - -0,25|0,0 - 0,25|0,0 - 0,25|1
USDTNGN|0000000000|False|0,0 - 0,25|0 - -0,25|0 - -0,25|0,0 - 0,25|0 - -0,25|0 - -0,25|0 - -0,25|0 - -0,25|0 - -0,25|0,0 - 0,25|1
USDTNGN|0000000000|True|0,0 - 0,25|0,0 - 0,25|0 - -0,25|0 - -0,25|0,0 - 0,25|0 - -0,25|0 - -0,25|0 - -0,25|0 - -0,25|0 - -0,25|1
USDTNGN|1000000000|False|0,0 - 0,25|0,0 - 0,25|0,0 - 0,25|0 - -0,25|0 - -0,25|0,0 - 0,25|0 - -0,25|0 - -0,25|0 - -0,25|0 - -0,25|1
USDTNGN|0100000000|False|0,0 - 0,25|0,0 - 0,25|0,0 - 0,25|0,0 - 0,25|0 - -0,25|0 - -0,25|0,0 - 0,25|0 - -0,25|0 - -0,25|0 - -0,25|1
USDTNGN|0010000000|False|0,0 - 0,25|0,0 - 0,25|0,0 - 0,25|0,0 - 0,25|0,0 - 0,25|0 - -0,25|0 - -0,25|0,0 - 0,25|0 - -0,25|0 - -0,25|1
USDTNGN|0001000000|False|0 - -0,25|0,0 - 0,25|0,0 - 0,25|0,0 - 0,25|0,0 - 0,25|0,0 - 0,25|0 - -0,25|0 - -0,25|0,0 - 0,25|0 - -0,25|1
USDTNGN|0000100000|False|0 - -0,25|0 - -0,25|0,0 - 0,25|0,0 - 0,25|0,0 - 0,25|0,0 - 0,25|0,0 - 0,25|0 - -0,25|0 - -0,25|0,0 - 0,25|1
USDTNGN|0000010000|False|0 - -0,25|0 - -0,25|0 - -0,25|0,0 - 0,25|0,0 - 0,25|0 - -0,25|0,0 - 0,25|0,0 - 0,25|0 - -0,25|0 - -0,25|1
USDTNGN|0000001000|False|0,0 - 0,25|0 - -0,25|0 - -0,25|0 - -0,25|0,0 - 0,25|0,0 - 0,25|0 - -0,25|0,0 - 0,25|0,0 - 0,25|0 - -0,25|1
USDTNGN|0000000100|False|0 - -0,25|0,0 - 0,25|0 - -0,25|0 - -0,25|0 - -0,25|0,0 - 0,25|0,0 - 0,25|0 - -0,25|0,0 - 0,25|0,0 - 0,25|1
USDTNGN|0000000010|False|0 - -0,25|0 - -0,25|0,0 - 0,25|0 - -0,25|0 - -0,25|0 - -0,25|0,0 - 0,25|0,0 - 0,25|0 - -0,25|0,0 - 0,25|1
USDTNGN|0000000001|False|0 - -0,25|0 - -0,25|0 - -0,25|0,0 - 0,25|0 - -0,25|0 - -0,25|0 - -0,25|0,0 - 0,25|0,0 - 0,25|0 - -0,25|1
USDTNGN|0000000000|False|0 - -0,25|0 - -0,25|0 - -0,25|0 - -0,25|0,0 - 0,25|0 - -0,25|0 - -0,25|0 - -0,25|0,0 - 0,25|0,0 - 0,25|1
USDTNGN|0000000000|False|0,0 - 0,25|0 - -0,25|0 - -0,25|0 - -0,25|0 - -0,25|0,0 - 0,25|0,0 - 0,25|0,0 - 0,25|0,0 - 0,25|0 - -0,25|1
USDTNGN|0000000000|False|0 - -0,25|0,0 - 0,25|0 - -0,25|0 - -0,25|0 - -0,25|0,0 - 0,25|0,0 - 0,25|0,0 - 0,25|0,0 - 0,25|0,0 - 0,25|1
USDTNGN|0000000000|False|0,0 - 0,25|0 - -0,25|0,0 - 0,25|0 - -0,25|0 - -0,25|0,0 - 0,25|0,0 - 0,25|0,0 - 0,25|0,0 - 0,25|0,0 - 0,25|1
USDTNGN|0000000000|False|0 - -0,25|0,0 - 0,25|0 - -0,25|0,0 - 0,25|0 - -0,25|0,0 - 0,25|0,0 - 0,25|0,0 - 0,25|0,0 - 0,25|0,0 - 0,25|1
USDTNGN|0000000000|False|0,0 - 0,25|0 - -0,25|0,0 - 0,25|0 - -0,25|0,0 - 0,25|0 - -0,25|0,0 - 0,25|0,0 - 0,25|0,0 - 0,25|0,0 - 0,25|1
USDTNGN|0000000000|False|0 - -0,25|0,0 - 0,25|0 - -0,25|0,0 - 0,25|0 - -0,25|0,0 - 0,25|0 - -0,25|0,0 - 0,25|0,0 - 0,25|0,0 - 0,25|1
USDTNGN|0000000000|False|0 - -0,25|0 - -0,25|0,0 - 0,25|0 - -0,25|0,0 - 0,25|0,0 - 0,25|0,0 - 0,25|0 - -0,25|0,0 - 0,25|0,0 - 0,25|1
USDTNGN|0000000000|False|0 - -0,25|0 - -0,25|0 - -0,25|0,0 - 0,25|0 - -0,25|0,0 - 0,25|0,0 - 0,25|0,0 - 0,25|0 - -0,25|0,0 - 0,25|1
USDTNGN|0000000000|False|0 - -0,25|0 - -0,25|0 - -0,25|0 - -0,25|0,0 - 0,25|0 - -0,25|0,0 - 0,25|0,0 - 0,25|0,0 - 0,25|0 - -0,25|1
USDTNGN|0000000000|False|0 - -0,25|0 - -0,25|0 - -0,25|0 - -0,25|0 - -0,25|0,0 - 0,25|0 - -0,25|0,0 - 0,25|0,0 - 0,25|0,0 - 0,25|1
USDTNGN|0000000000|False|0 - -0,25|0 - -0,25|0 - -0,25|0 - -0,25|0 - -0,25|0 - -0,25|0,0 - 0,25|0 - -0,25|0,0 - 0,25|0,0 - 0,25|1
USDTNGN|0000000000|False|0 - -0,25|0 - -0,25|0 - -0,25|0 - -0,25|0 - -0,25|0 - -0,25|0 - -0,25|0,0 - 0,25|0 - -0,25|0,0 - 0,25|1
USDTNGN|0000000000|False|0 - -0,25|0 - -0,25|0 - -0,25|0 - -0,25|0 - -0,25|0,0 - 0,25|0 - -0,25|0 - -0,25|0 - -0,25|0,0 - 0,25|3
USDTNGN|0000000000|False|0 - -0,25|0 - -0,25|0 - -0,25|0 - -0,25|0 - -0,25|0 - -0,25|0,0 - 0,25|0,0 - 0,25|0,0 - 0,25|0 - -0,25|4
USDTNGN|0000000100|False|0 - -0,25|0 - -0,25|0 - -0,25|0 - -0,25|0 - -0,25|0,0 - 0,25|0 - -0,25|0,0 - 0,25|0,0 - 0,25|0,0 - 0,25|1
USDTNGN|0000000010|False|0 - -0,25|0 - -0,25|0 - -0,25|0 - -0,25|0 - -0,25|0 - -0,25|0,0 - 0,25|0 - -0,25|0,0 - 0,25|0,0 - 0,25|1
USDTNGN|0000000001|False|0 - -0,25|0 - -0,25|0 - -0,25|0 - -0,25|0 - -0,25|0 - -0,25|0 - -0,25|0,0 - 0,25|0 - -0,25|0,0 - 0,25|1
USDTNGN|0000000000|False|0 - -0,25|0 - -0,25|0 - -0,25|0 - -0,25|0 - -0,25|0,0 - 0,25|0 - -0,25|0 - -0,25|0,0 - 0,25|0 - -0,25|2
USDTNGN|0000000000|False|0 - -0,25|0 - -0,25|0 - -0,25|0 - -0,25|0 - -0,25|0 - -0,25|0,0 - 0,25|0,0 - 0,25|0 - -0,25|0 - -0,25|2
USDTNGN|0000000000|False|0 - -0,25|0 - -0,25|0 - -0,25|0 - -0,25|0 - -0,25|0 - -0,25|0 - -0,25|0,0 - 0,25|0,0 - 0,25|0 - -0,25|2
USDTNGN|0000000000|False|0 - -0,25|0,0 - 0,25|0 - -0,25|0 - -0,25|0 - -0,25|0 - -0,25|0,0 - 0,25|0,0 - 0,25|0 - -0,25|0 - -0,25|1
USDTNGN|0000000000|False|0 - -0,25|0 - -0,25|0,0 - 0,25|0 - -0,25|0 - -0,25|0 - -0,25|0 - -0,25|0,0 - 0,25|0,0 - 0,25|0 - -0,25|1
USDTNGN|0000000000|False|0 - -0,25|0 - -0,25|0 - -0,25|0,0 - 0,25|0 - -0,25|0 - -0,25|0 - -0,25|0 - -0,25|0,0 - 0,25|0,0 - 0,25|1
USDTNGN|0000000000|False|0 - -0,25|0 - -0,25|0 - -0,25|0 - -0,25|0,0 - 0,25|0 - -0,25|0 - -0,25|0 - -0,25|0 - -0,25|0,0 - 0,25|3
USDTNGN|0000000000|False|0,0 - 0,25|0,0 - 0,25|0 - -0,25|0 - -0,25|0 - -0,25|0,0 - 0,25|0,0 - 0,25|0 - -0,25|0 - -0,25|0 - -0,25|1
USDTNGN|0000000000|False|0 - -0,25|0,0 - 0,25|0,0 - 0,25|0 - -0,25|0 - -0,25|0 - -0,25|0,0 - 0,25|0,0 - 0,25|0 - -0,25|0 - -0,25|1
USDTNGN|0000000000|False|0 - -0,25|0 - -0,25|0,0 - 0,25|0,0 - 0,25|0 - -0,25|0 - -0,25|0 - -0,25|0,0 - 0,25|0,0 - 0,25|0 - -0,25|1
USDTNGN|0000000000|False|0 - -0,25|0 - -0,25|0 - -0,25|0,0 - 0,25|0,0 - 0,25|0 - -0,25|0 - -0,25|0 - -0,25|0,0 - 0,25|0,0 - 0,25|1
USDTNGN|0000000000|True|0 - -0,25|0 - -0,25|0 - -0,25|0 - -0,25|0 - -0,25|0,0 - 0,25|0,0 - 0,25|0,0 - 0,25|0 - -0,25|0 - -0,25|1
USDTNGN|1000000000|False|0,0 - 0,25|0 - -0,25|0 - -0,25|0 - -0,25|0 - -0,25|0,0 - 0,25|0,0 - 0,25|0,0 - 0,25|0,0 - 0,25|0 - -0,25|1
USDTNGN|0100000000|False|0 - -0,25|0,0 - 0,25|0 - -0,25|0 - -0,25|0 - -0,25|0,0 - 0,25|0,0 - 0,25|0,0 - 0,25|0,0 - 0,25|0,0 - 0,25|1
USDTNGN|0010000000|False|0 - -0,25|0 - -0,25|0,0 - 0,25|0 - -0,25|0 - -0,25|0 - -0,25|0,0 - 0,25|0,0 - 0,25|0,0 - 0,25|0,0 - 0,25|1
USDTNGN|0001000000|False|0 - -0,25|0 - -0,25|0 - -0,25|0,0 - 0,25|0 - -0,25|0 - -0,25|0 - -0,25|0,0 - 0,25|0,0 - 0,25|0,0 - 0,25|1
USDTNGN|0000100000|False|0 - -0,25|0 - -0,25|0 - -0,25|0 - -0,25|0,0 - 0,25|0 - -0,25|0 - -0,25|0 - -0,25|0,0 - 0,25|0,0 - 0,25|1
USDTNGN|0000010000|False|0 - -0,25|0 - -0,25|0 - -0,25|0 - -0,25|0 - -0,25|0,0 - 0,25|0 - -0,25|0 - -0,25|0 - -0,25|0,0 - 0,25|1
USDTNGN|0000001000|False|0 - -0,25|0 - -0,25|0 - -0,25|0 - -0,25|0 - -0,25|0,0 - 0,25|0,0 - 0,25|0 - -0,25|0 - -0,25|0 - -0,25|1
USDTNGN|0000000100|False|0 - -0,25|0 - -0,25|0 - -0,25|0 - -0,25|0 - -0,25|0,0 - 0,25|0,0 - 0,25|0,0 - 0,25|0 - -0,25|0 - -0,25|1
USDTNGN|0000000010|False|0 - -0,25|0 - -0,25|0 - -0,25|0 - -0,25|0 - -0,25|0,0 - 0,25|0,0 - 0,25|0,0 - 0,25|0,0 - 0,25|0 - -0,25|1
USDTNGN|0000000001|False|0 - -0,25|0 - -0,25|0 - -0,25|0 - -0,25|0 - -0,25|0,0 - 0,25|0,0 - 0,25|0,0 - 0,25|0,0 - 0,25|0,0 - 0,25|2
USDTNGN|0000000000|True|0 - -0,25|0 - -0,25|0 - -0,25|0 - -0,25|0 - -0,25|0,0 - 0,25|0 - -0,25|0,0 - 0,25|0,0 - 0,25|0,0 - 0,25|1
USDTNGN|1000000000|False|0,0 - 0,25|0 - -0,25|0 - -0,25|0 - -0,25|0 - -0,25|0,0 - 0,25|0,0 - 0,25|0 - -0,25|0,0 - 0,25|0,0 - 0,25|1
USDTNGN|0100000000|False|0 - -0,25|0,0 - 0,25|0 - -0,25|0 - -0,25|0 - -0,25|0,0 - 0,25|0,0 - 0,25|0,0 - 0,25|0 - -0,25|0,0 - 0,25|1
USDTNGN|0000010000|False|0 - -0,25|0 - -0,25|0 - -0,25|0 - -0,25|0 - -0,25|0 - -0,25|0 - -0,25|0,0 - 0,25|0,0 - 0,25|0,0 - 0,25|1
USDTNGN|0000001000|True|0 - -0,25|0 - -0,25|0 - -0,25|0 - -0,25|0 - -0,25|0 - -0,25|0 - -0,25|0 - -0,25|0,0 - 0,25|0,0 - 0,25|1
USDTNGN|1000000100|True|0,0 - 0,25|0 - -0,25|0 - -0,25|0 - -0,25|0 - -0,25|0 - -0,25|0 - -0,25|0 - -0,25|0 - -0,25|0,0 - 0,25|1
USDTNGN|1100000010|False|0,0 - 0,25|0,0 - 0,25|0 - -0,25|0 - -0,25|0 - -0,25|0 - -0,25|0 - -0,25|0 - -0,25|0 - -0,25|0 - -0,25|1
USDTNGN|0110000001|False|0 - -0,25|0,0 - 0,25|0,0 - 0,25|0 - -0,25|0 - -0,25|0,0 - 0,25|0 - -0,25|0 - -0,25|0 - -0,25|0 - -0,25|1
USDTNGN|0011000000|False|0 - -0,25|0 - -0,25|0,0 - 0,25|0,0 - 0,25|0 - -0,25|0,0 - 0,25|0,0 - 0,25|0 - -0,25|0 - -0,25|0 - -0,25|1
USDTNGN|0001100000|False|0 - -0,25|0 - -0,25|0 - -0,25|0,0 - 0,25|0,0 - 0,25|0,0 - 0,25|0,0 - 0,25|0,0 - 0,25|0 - -0,25|0 - -0,25|1
USDTNGN|0000110000|False|0 - -0,25|0 - -0,25|0 - -0,25|0 - -0,25|0,0 - 0,25|0,0 - 0,25|0,0 - 0,25|0,0 - 0,25|0,0 - 0,25|0 - -0,25|1
USDTNGN|0000011000|False|0 - -0,25|0 - -0,25|0 - -0,25|0 - -0,25|0 - -0,25|0,0 - 0,25|0,0 - 0,25|0,0 - 0,25|0,0 - 0,25|0,0 - 0,25|1
USDTNGN|0000001100|False|0 - -0,25|0 - -0,25|0 - -0,25|0 - -0,25|0 - -0,25|0 - -0,25|0,0 - 0,25|0,0 - 0,25|0,0 - 0,25|0,0 - 0,25|1
USDTNGN|0000000110|False|0 - -0,25|0 - -0,25|0 - -0,25|0 - -0,25|0 - -0,25|0 - -0,25|0 - -0,25|0,0 - 0,25|0,0 - 0,25|0,0 - 0,25|1
USDTNGN|0000000011|False|0 - -0,25|0 - -0,25|0 - -0,25|0 - -0,25|0 - -0,25|0 - -0,25|0 - -0,25|0 - -0,25|0,0 - 0,25|0,0 - 0,25|1
USDTNGN|0000000000|True|0 - -0,25|0 - -0,25|0 - -0,25|0 - -0,25|0 - -0,25|0 - -0,25|0 - -0,25|0,0 - 0,25|0,0 - 0,25|0,0 - 0,25|1
USDTNGN|1000000000|False|0,0 - 0,25|0 - -0,25|0 - -0,25|0 - -0,25|0 - -0,25|0,0 - 0,25|0 - -0,25|0 - -0,25|0,0 - 0,25|0,0 - 0,25|1
USDTNGN|0100000000|False|0 - -0,25|0,0 - 0,25|0 - -0,25|0 - -0,25|0 - -0,25|0,0 - 0,25|0,0 - 0,25|0 - -0,25|0 - -0,25|0,0 - 0,25|1
USDTNGN|0001000000|False|0 - -0,25|0 - -0,25|0 - -0,25|0,0 - 0,25|0 - -0,25|0 - -0,25|0,0 - 0,25|0,0 - 0,25|0,0 - 0,25|0 - -0,25|1
USDTNGN|0000100000|False|0 - -0,25|0 - -0,25|0 - -0,25|0 - -0,25|0,0 - 0,25|0 - -0,25|0 - -0,25|0,0 - 0,25|0,0 - 0,25|0,0 - 0,25|1
USDTNGN|0000010000|True|0 - -0,25|0 - -0,25|0 - -0,25|0 - -0,25|0 - -0,25|0 - -0,25|0 - -0,25|0 - -0,25|0,0 - 0,25|0,0 - 0,25|1
USDTNGN|1000001000|False|0,0 - 0,25|0 - -0,25|0 - -0,25|0 - -0,25|0 - -0,25|0 - -0,25|0 - -0,25|0 - -0,25|0 - -0,25|0,0 - 0,25|1
USDTNGN|0100000100|True|0 - -0,25|0,0 - 0,25|0 - -0,25|0 - -0,25|0 - -0,25|0 - -0,25|0 - -0,25|0 - -0,25|0 - -0,25|0 - -0,25|1
USDTNGN|1010000010|True|0,0 - 0,25|0 - -0,25|0,0 - 0,25|0 - -0,25|0 - -0,25|0,0 - 0,25|0 - -0,25|0 - -0,25|0 - -0,25|0 - -0,25|1
USDTNGN|1101000001|False|0,0 - 0,25|0,0 - 0,25|0 - -0,25|0,0 - 0,25|0 - -0,25|0,0 - 0,25|0,0 - 0,25|0 - -0,25|0 - -0,25|0 - -0,25|1
USDTNGN|0110100000|False|0 - -0,25|0,0 - 0,25|0,0 - 0,25|0 - -0,25|0,0 - 0,25|0,0 - 0,25|0,0 - 0,25|0,0 - 0,25|0 - -0,25|0 - -0,25|1
USDTNGN|0011010000|False|0 - -0,25|0 - -0,25|0,0 - 0,25|0,0 - 0,25|0 - -0,25|0,0 - 0,25|0,0 - 0,25|0,0 - 0,25|0,0 - 0,25|0 - -0,25|1
USDTNGN|0001101000|False|0 - -0,25|0 - -0,25|0 - -0,25|0,0 - 0,25|0,0 - 0,25|0 - -0,25|0,0 - 0,25|0,0 - 0,25|0,0 - 0,25|0,0 - 0,25|1
USDTNGN|0000110100|False|0 - -0,25|0 - -0,25|0 - -0,25|0 - -0,25|0,0 - 0,25|0 - -0,25|0 - -0,25|0,0 - 0,25|0,0 - 0,25|0,0 - 0,25|1
USDTNGN|0000011010|False|0 - -0,25|0 - -0,25|0 - -0,25|0 - -0,25|0 - -0,25|0,0 - 0,25|0 - -0,25|0 - -0,25|0,0 - 0,25|0,0 - 0,25|1
USDTNGN|0000001101|False|0 - -0,25|0 - -0,25|0 - -0,25|0 - -0,25|0 - -0,25|0 - -0,25|0,0 - 0,25|0 - -0,25|0 - -0,25|0,0 - 0,25|1
USDTNGN|0000000110|False|0 - -0,25|0 - -0,25|0 - -0,25|0 - -0,25|0 - -0,25|0 - -0,25|0 - -0,25|0,0 - 0,25|0 - -0,25|0 - -0,25|1
USDTNGN|0000000011|False|0 - -0,25|0 - -0,25|0 - -0,25|0 - -0,25|0 - -0,25|0 - -0,25|0 - -0,25|0 - -0,25|0,0 - 0,25|0 - -0,25|1
USDTNGN|0000000001|True|0 - -0,25|0 - -0,25|0 - -0,25|0 - -0,25|0 - -0,25|0 - -0,25|0 - -0,25|0 - -0,25|0 - -0,25|0,0 - 0,25|1
USDTNGN|0000000000|False|0 - -0,25|0 - -0,25|0,0 - 0,25|0 - -0,25|0 - -0,25|0,0 - 0,25|0 - -0,25|0 - -0,25|0 - -0,25|0 - -0,25|1
USDTNGN|0000000000|False|0 - -0,25|0 - -0,25|0 - -0,25|0,0 - 0,25|0 - -0,25|0 - -0,25|0,0 - 0,25|0 - -0,25|0 - -0,25|0 - -0,25|1
USDTNGN|0000000000|False|0 - -0,25|0 - -0,25|0 - -0,25|0 - -0,25|0,0 - 0,25|0 - -0,25|0 - -0,25|0,0 - 0,25|0 - -0,25|0 - -0,25|1
USDTNGN|1000000000|False|0,25 - 0,5|0 - -0,25|0 - -0,25|0,0 - 0,25|0 - -0,25|0,0 - 0,25|0 - -0,25|0 - -0,25|0 - -0,25|0 - -0,25|1
USDTNGN|0100000000|False|0 - -0,25|0,25 - 0,5|0 - -0,25|0 - -0,25|0,0 - 0,25|0 - -0,25|0,0 - 0,25|0 - -0,25|0 - -0,25|0 - -0,25|1
USDTNGN|0010000000|False|0 - -0,25|0 - -0,25|0,25 - 0,5|0 - -0,25|0 - -0,25|0 - -0,25|0 - -0,25|0,0 - 0,25|0 - -0,25|0 - -0,25|1
USDTNGN|0001000000|True|0 - -0,25|0 - -0,25|0 - -0,25|0,25 - 0,5|0 - -0,25|0 - -0,25|0 - -0,25|0 - -0,25|0,0 - 0,25|0 - -0,25|1
USDTNGN|1000100000|False|0,0 - 0,25|0 - -0,25|0 - -0,25|0 - -0,25|0,25 - 0,5|0,0 - 0,25|0 - -0,25|0 - -0,25|0 - -0,25|0,0 - 0,25|1
USDTNGN|0100010000|False|0 - -0,25|0,0 - 0,25|0 - -0,25|0 - -0,25|0 - -0,25|0,0 - 0,25|0,0 - 0,25|0 - -0,25|0 - -0,25|0 - -0,25|1
USDTNGN|0010001000|False|0 - -0,25|0 - -0,25|0,0 - 0,25|0 - -0,25|0 - -0,25|0,0 - 0,25|0,0 - 0,25|0,0 - 0,25|0 - -0,25|0 - -0,25|1
USDTNGN|0001000100|False|0 - -0,25|0 - -0,25|0 - -0,25|0,0 - 0,25|0 - -0,25|0,0 - 0,25|0,0 - 0,25|0,0 - 0,25|0,0 - 0,25|0 - -0,25|1
USDTNGN|0000100010|False|0 - -0,25|0 - -0,25|0 - -0,25|0 - -0,25|0,0 - 0,25|0 - -0,25|0,0 - 0,25|0,0 - 0,25|0,0 - 0,25|0,0 - 0,25|1
USDTNGN|0000010001|False|0 - -0,25|0 - -0,25|0 - -0,25|0 - -0,25|0 - -0,25|0 - -0,25|0 - -0,25|0,0 - 0,25|0,0 - 0,25|0,0 - 0,25|1
USDTNGN|0000001000|False|0 - -0,25|0 - -0,25|0 - -0,25|0 - -0,25|0 - -0,25|0,0 - 0,25|0 - -0,25|0 - -0,25|0,0 - 0,25|0,0 - 0,25|1
USDTNGN|0000000100|False|0 - -0,25|0 - -0,25|0 - -0,25|0 - -0,25|0 - -0,25|0,0 - 0,25|0,0 - 0,25|0 - -0,25|0 - -0,25|0,0 - 0,25|1
USDTNGN|0000000010|False|0 - -0,25|0 - -0,25|0 - -0,25|0 - -0,25|0 - -0,25|0,0 - 0,25|0,0 - 0,25|0,0 - 0,25|0 - -0,25|0 - -0,25|1
USDTNGN|0000000001|False|0 - -0,25|0 - -0,25|0 - -0,25|0 - -0,25|0 - -0,25|0,0 - 0,25|0,0 - 0,25|0,0 - 0,25|0,0 - 0,25|0 - -0,25|1
USDTNGN|0000000000|False|0,0 - 0,25|0 - -0,25|0 - -0,25|0 - -0,25|0 - -0,25|0 - -0,25|0 - -0,25|0 - -0,25|0,0 - 0,25|0,0 - 0,25|1
USDTNGN|0000000000|False|0 - -0,25|0,0 - 0,25|0 - -0,25|0 - -0,25|0 - -0,25|0 - -0,25|0 - -0,25|0 - -0,25|0 - -0,25|0,0 - 0,25|1
USDTNGN|0000000000|False|0,0 - 0,25|0 - -0,25|0 - -0,25|0 - -0,25|0 - -0,25|0 - -0,25|0,0 - 0,25|0,0 - 0,25|0,0 - 0,25|0,0 - 0,25|1
USDTNGN|0000000000|False|0,0 - 0,25|0,0 - 0,25|0 - -0,25|0 - -0,25|0 - -0,25|0 - -0,25|0 - -0,25|0,0 - 0,25|0,0 - 0,25|0,0 - 0,25|1
USDTNGN|0000000000|False|0 - -0,25|0,0 - 0,25|0,0 - 0,25|0 - -0,25|0 - -0,25|0 - -0,25|0 - -0,25|0 - -0,25|0,0 - 0,25|0,0 - 0,25|1
USDTNGN|0000000000|False|0 - -0,25|0 - -0,25|0,0 - 0,25|0,0 - 0,25|0 - -0,25|0 - -0,25|0 - -0,25|0 - -0,25|0 - -0,25|0,0 - 0,25|1
USDTNGN|0000000000|False|0 - -0,25|0 - -0,25|0 - -0,25|0,0 - 0,25|0,0 - 0,25|0 - -0,25|0 - -0,25|0 - -0,25|0 - -0,25|0 - -0,25|1
USDTNGN|0000000000|False|0,0 - 0,25|0 - -0,25|0 - -0,25|0 - -0,25|0 - -0,25|0 - -0,25|0,0 - 0,25|0,0 - 0,25|0,0 - 0,25|0 - -0,25|1
USDTNGN|0000000000|False|0 - -0,25|0,0 - 0,25|0 - -0,25|0 - -0,25|0 - -0,25|-0,25 - -0,5|0 - -0,25|0,0 - 0,25|0,0 - 0,25|0,0 - 0,25|1
USDTNGN|0000000000|False|0 - -0,25|0 - -0,25|0,0 - 0,25|0 - -0,25|0 - -0,25|-0,25 - -0,5|-0,25 - -0,5|0 - -0,25|0,0 - 0,25|0,0 - 0,25|1
USDTNGN|0000000000|False|0 - -0,25|0 - -0,25|0 - -0,25|0,0 - 0,25|0 - -0,25|-0,25 - -0,5|-0,25 - -0,5|-0,25 - -0,5|0 - -0,25|0,0 - 0,25|1
USDTNGN|0000000000|False|0 - -0,25|0 - -0,25|0 - -0,25|0 - -0,25|0,0 - 0,25|0 - -0,25|-0,25 - -0,5|-0,25 - -0,5|-0,25 - -0,5|0 - -0,25|1
USDTNGN|0000000000|False|0 - -0,25|0 - -0,25|0 - -0,25|0 - -0,25|0 - -0,25|0,25 - 0,5|0 - -0,25|-0,25 - -0,5|-0,25 - -0,5|-0,25 - -0,5|1
USDTNGN|0000000000|False|0 - -0,25|0 - -0,25|0 - -0,25|0 - -0,25|0 - -0,25|0,25 - 0,5|0,25 - 0,5|0 - -0,25|-0,25 - -0,5|-0,25 - -0,5|1
USDTNGN|0000000000|False|0 - -0,25|0 - -0,25|0 - -0,25|0 - -0,25|0 - -0,25|0,25 - 0,5|0,25 - 0,5|0,25 - 0,5|0 - -0,25|-0,25 - -0,5|1
USDTNGN|0000000000|False|0 - -0,25|0 - -0,25|0 - -0,25|0 - -0,25|0 - -0,25|0,25 - 0,5|0,25 - 0,5|0,25 - 0,5|0,25 - 0,5|0 - -0,25|6
USDTNGN|0000000000|False|0,25 - 0,5|0 - -0,25|0 - -0,25|0 - -0,25|0 - -0,25|0,0 - 0,25|0,25 - 0,5|0,25 - 0,5|0,25 - 0,5|0,25 - 0,5|1
USDTNGN|0000000000|False|0 - -0,25|0,25 - 0,5|0 - -0,25|0 - -0,25|0 - -0,25|-0,25 - -0,5|0,0 - 0,25|0,25 - 0,5|0,25 - 0,5|0,25 - 0,5|1
USDTNGN|0000000000|False|0 - -0,25|0 - -0,25|0,25 - 0,5|0 - -0,25|0 - -0,25|0 - -0,25|-0,25 - -0,5|0,0 - 0,25|0,25 - 0,5|0,25 - 0,5|1
USDTNGN|0000000000|False|0 - -0,25|0 - -0,25|0 - -0,25|0,25 - 0,5|0 - -0,25|0 - -0,25|0 - -0,25|-0,25 - -0,5|0,0 - 0,25|0,25 - 0,5|1
USDTNGN|0000000000|False|0 - -0,25|0 - -0,25|0 - -0,25|0 - -0,25|0,25 - 0,5|0 - -0,25|0 - -0,25|0 - -0,25|-0,25 - -0,5|0,0 - 0,25|1
USDTNGN|0000000000|False|0 - -0,25|0 - -0,25|0 - -0,25|0 - -0,25|0 - -0,25|0,25 - 0,5|0 - -0,25|0 - -0,25|0 - -0,25|-0,25 - -0,5|2
USDTNGN|0000000000|False|0 - -0,25|0 - -0,25|0 - -0,25|0 - -0,25|0 - -0,25|0,25 - 0,5|0,25 - 0,5|0 - -0,25|0 - -0,25|0 - -0,25|6
USDTNGN|0000000000|False|0 - -0,25|0 - -0,25|0 - -0,25|0 - -0,25|0 - -0,25|0 - -0,25|0,25 - 0,5|0,25 - 0,5|0 - -0,25|0 - -0,25|2
USDTNGN|0000000000|False|0 - -0,25|0 - -0,25|0 - -0,25|0 - -0,25|0 - -0,25|0 - -0,25|0 - -0,25|0,25 - 0,5|0,25 - 0,5|0 - -0,25|1
USDTNGN|0000000000|False|0 - -0,25|0 - -0,25|0 - -0,25|0 - -0,25|0 - -0,25|0 - -0,25|0 - -0,25|0 - -0,25|0,25 - 0,5|0,25 - 0,5|9
USDTNGN|0000000000|False|0 - -0,25|0 - -0,25|0 - -0,25|0 - -0,25|0 - -0,25|0 - -0,25|0 - -0,25|0 - -0,25|0 - -0,25|0,25 - 0,5|9
USDTNGN|0000000000|False|0 - -0,25|0 - -0,25|0 - -0,25|0 - -0,25|0 - -0,25|0,0 - 0,25|0 - -0,25|-0,25 - -0,5|-0,25 - -0,5|-0,25 - -0,5|1
USDTNGN|0000000000|False|0 - -0,25|0 - -0,25|0 - -0,25|0 - -0,25|0 - -0,25|0,0 - 0,25|0,0 - 0,25|0 - -0,25|-0,25 - -0,5|-0,25 - -0,5|1
USDTNGN|0000000000|False|0 - -0,25|0 - -0,25|0 - -0,25|0 - -0,25|0 - -0,25|0,0 - 0,25|0,0 - 0,25|0,0 - 0,25|0 - -0,25|-0,25 - -0,5|1
USDTNGN|0000000000|True|0 - -0,25|0 - -0,25|0 - -0,25|0 - -0,25|0 - -0,25|0 - -0,25|0 - -0,25|0 - -0,25|0,0 - 0,25|0,0 - 0,25|1
USDTNGN|1000000000|False|0,25 - 0,5|0 - -0,25|0 - -0,25|0 - -0,25|0 - -0,25|0,0 - 0,25|0 - -0,25|0 - -0,25|0 - -0,25|0,0 - 0,25|1
USDTNGN|0100000000|False|0 - -0,25|0,25 - 0,5|0 - -0,25|0 - -0,25|0 - -0,25|0,0 - 0,25|0,0 - 0,25|0 - -0,25|0 - -0,25|0 - -0,25|2
USDTNGN|0010000000|False|0,25 - 0,5|0 - -0,25|0,25 - 0,5|0 - -0,25|0 - -0,25|0,0 - 0,25|0,0 - 0,25|0,0 - 0,25|0 - -0,25|0 - -0,25|1
USDTNGN|0001000000|False|0 - -0,25|0,25 - 0,5|0 - -0,25|0,25 - 0,5|0 - -0,25|0 - -0,25|0,0 - 0,25|0,0 - 0,25|0,0 - 0,25|0 - -0,25|1
USDTNGN|0000100000|False|0 - -0,25|0 - -0,25|0,25 - 0,5|0 - -0,25|0,25 - 0,5|0 - -0,25|0 - -0,25|0,0 - 0,25|0,0 - 0,25|0,0 - 0,25|1
USDTNGN|0000010000|False|0 - -0,25|0 - -0,25|0 - -0,25|0,25 - 0,5|0 - -0,25|0 - -0,25|0 - -0,25|0 - -0,25|0,0 - 0,25|0,0 - 0,25|1
USDTNGN|0000001000|False|0 - -0,25|0 - -0,25|0 - -0,25|0 - -0,25|0,25 - 0,5|-0,25 - -0,5|0 - -0,25|0 - -0,25|0 - -0,25|0,0 - 0,25|1
USDTNGN|0000000100|False|0 - -0,25|0 - -0,25|0 - -0,25|0 - -0,25|0 - -0,25|0 - -0,25|-0,25 - -0,5|0 - -0,25|0 - -0,25|0 - -0,25|1
USDTNGN|0000000010|False|0 - -0,25|0 - -0,25|0 - -0,25|0 - -0,25|0 - -0,25|0 - -0,25|0 - -0,25|-0,25 - -0,5|0 - -0,25|0 - -0,25|1
USDTNGN|0000000001|False|0 - -0,25|0 - -0,25|0 - -0,25|0 - -0,25|0 - -0,25|0 - -0,25|0 - -0,25|0 - -0,25|-0,25 - -0,5|0 - -0,25|1
USDTNGN|0000000000|True|0 - -0,25|0 - -0,25|0 - -0,25|0 - -0,25|0 - -0,25|0,25 - 0,5|0 - -0,25|0 - -0,25|0 - -0,25|-0,25 - -0,5|1
USDTNGN|1000000000|False|0,0 - 0,25|0 - -0,25|0 - -0,25|0 - -0,25|0 - -0,25|0,25 - 0,5|0,25 - 0,5|0 - -0,25|0 - -0,25|0 - -0,25|1
USDTNGN|0100000000|False|0 - -0,25|0,0 - 0,25|0 - -0,25|0 - -0,25|0 - -0,25|0,25 - 0,5|0,25 - 0,5|0,25 - 0,5|0 - -0,25|0 - -0,25|1
USDTNGN|0010000000|False|0 - -0,25|0 - -0,25|0,0 - 0,25|0 - -0,25|0 - -0,25|0,25 - 0,5|0,25 - 0,5|0,25 - 0,5|0,25 - 0,5|0 - -0,25|1
USDTNGN|0001000000|False|0 - -0,25|0 - -0,25|0 - -0,25|0,0 - 0,25|0 - -0,25|0,25 - 0,5|0,25 - 0,5|0,25 - 0,5|0,25 - 0,5|0,25 - 0,5|1
USDTNGN|0000100000|False|0 - -0,25|0 - -0,25|0 - -0,25|0 - -0,25|0,0 - 0,25|0 - -0,25|0,25 - 0,5|0,25 - 0,5|0,25 - 0,5|0,25 - 0,5|1
USDTNGN|0000010000|False|0 - -0,25|0 - -0,25|0 - -0,25|0 - -0,25|0 - -0,25|0 - -0,25|0 - -0,25|0,25 - 0,5|0,25 - 0,5|0,25 - 0,5|1
USDTNGN|0000001000|False|0 - -0,25|0 - -0,25|0 - -0,25|0 - -0,25|0 - -0,25|0 - -0,25|0 - -0,25|0 - -0,25|0,25 - 0,5|0,25 - 0,5|1
USDTNGN|0000000100|False|0 - -0,25|0 - -0,25|0 - -0,25|0 - -0,25|0 - -0,25|0 - -0,25|0 - -0,25|0 - -0,25|0 - -0,25|0,25 - 0,5|1
USDTNGN|0000000000|False|0 - -0,25|0 - -0,25|0 - -0,25|0 - -0,25|0 - -0,25|-0,25 - -0,5|0 - -0,25|0 - -0,25|0 - -0,25|0,0 - 0,25|1
USDTNGN|0000000000|False|0,0 - 0,25|0 - -0,25|0 - -0,25|0 - -0,25|0 - -0,25|0,25 - 0,5|-0,25 - -0,5|-0,25 - -0,5|-0,25 - -0,5|-0,25 - -0,5|1
USDTNGN|0000000000|False|0,25 - 0,5|0,0 - 0,25|0 - -0,25|0 - -0,25|0 - -0,25|0,25 - 0,5|0,25 - 0,5|-0,25 - -0,5|-0,25 - -0,5|-0,25 - -0,5|1
USDTNGN|0000000000|False|0 - -0,25|0,25 - 0,5|0,0 - 0,25|0 - -0,25|0 - -0,25|0,0 - 0,25|0,25 - 0,5|0,25 - 0,5|-0,25 - -0,5|-0,25 - -0,5|1
USDTNGN|0000000000|False|0 - -0,25|0 - -0,25|0,25 - 0,5|0,0 - 0,25|0 - -0,25|0,0 - 0,25|0,0 - 0,25|0,25 - 0,5|0,25 - 0,5|-0,25 - -0,5|1
USDTNGN|0000000000|False|0 - -0,25|0 - -0,25|0 - -0,25|0,25 - 0,5|0,0 - 0,25|0,0 - 0,25|0,0 - 0,25|0,0 - 0,25|0,25 - 0,5|0,25 - 0,5|1
USDTNGN|0000000000|False|0 - -0,25|0 - -0,25|0 - -0,25|0 - -0,25|0,25 - 0,5|0 - -0,25|0,0 - 0,25|0,0 - 0,25|0,0 - 0,25|0,25 - 0,5|1
USDTNGN|0000000000|False|0 - -0,25|0 - -0,25|0 - -0,25|0 - -0,25|0 - -0,25|0,25 - 0,5|0 - -0,25|0,0 - 0,25|0,0 - 0,25|0,0 - 0,25|1
USDTNGN|0000000000|False|0 - -0,25|0 - -0,25|0 - -0,25|0 - -0,25|0 - -0,25|0,25 - 0,5|0,25 - 0,5|0 - -0,25|0,0 - 0,25|0,0 - 0,25|1
USDTNGN|0000000000|False|0 - -0,25|0 - -0,25|0 - -0,25|0 - -0,25|0 - -0,25|0,25 - 0,5|0,25 - 0,5|0,25 - 0,5|0 - -0,25|0,0 - 0,25|1
USDTNGN|0000000000|False|0 - -0,25|0 - -0,25|0 - -0,25|0 - -0,25|0 - -0,25|0,25 - 0,5|0,25 - 0,5|0,25 - 0,5|0,25 - 0,5|0,25 - 0,5|6
USDTNGN|0000000000|False|0 - -0,25|0 - -0,25|0 - -0,25|0 - -0,25|0 - -0,25|0 - -0,25|0,25 - 0,5|0,25 - 0,5|0,25 - 0,5|0,25 - 0,5|6
USDTNGN|0000000000|False|0 - -0,25|0 - -0,25|0 - -0,25|0 - -0,25|0 - -0,25|0 - -0,25|0 - -0,25|0,25 - 0,5|0,25 - 0,5|0,25 - 0,5|8
USDTNGN|1000000000|False|0,25 - 0,5|0 - -0,25|0 - -0,25|0 - -0,25|0 - -0,25|0 - -0,25|0 - -0,25|0 - -0,25|0 - -0,25|0 - -0,25|1
USDTNGN|0100000000|False|0 - -0,25|0,25 - 0,5|0 - -0,25|0 - -0,25|0 - -0,25|0 - -0,25|0 - -0,25|0 - -0,25|0 - -0,25|0 - -0,25|1
USDTNGN|0010000000|False|0 - -0,25|0 - -0,25|0,25 - 0,5|0 - -0,25|0 - -0,25|-0,25 - -0,5|0 - -0,25|0 - -0,25|0 - -0,25|0 - -0,25|1
USDTNGN|0001000000|False|0 - -0,25|0 - -0,25|0 - -0,25|0,25 - 0,5|0 - -0,25|-0,25 - -0,5|-0,25 - -0,5|0 - -0,25|0 - -0,25|0 - -0,25|1
USDTNGN|0000100000|False|0 - -0,25|0 - -0,25|0 - -0,25|0 - -0,25|0,25 - 0,5|-0,25 - -0,5|-0,25 - -0,5|-0,25 - -0,5|0 - -0,25|0 - -0,25|1
USDTNGN|0000010000|True|0 - -0,25|0 - -0,25|0 - -0,25|0 - -0,25|0 - -0,25|0 - -0,25|-0,25 - -0,5|-0,25 - -0,5|-0,25 - -0,5|0 - -0,25|1
USDTNGN|1000001000|False|0,25 - 0,5|0 - -0,25|0 - -0,25|0 - -0,25|0 - -0,25|0,25 - 0,5|0 - -0,25|-0,25 - -0,5|-0,25 - -0,5|-0,25 - -0,5|1
USDTNGN|0100000100|False|0 - -0,25|0,25 - 0,5|0 - -0,25|0 - -0,25|0 - -0,25|0,5 - 1|0,25 - 0,5|0 - -0,25|-0,25 - -0,5|-0,25 - -0,5|1
USDTNGN|0010000010|False|0 - -0,25|0 - -0,25|0,25 - 0,5|0 - -0,25|0 - -0,25|0,5 - 1|0,5 - 1|0,25 - 0,5|0 - -0,25|-0,25 - -0,5|1
USDTNGN|0001000001|False|0 - -0,25|0 - -0,25|0 - -0,25|0,25 - 0,5|0 - -0,25|0,5 - 1|0,5 - 1|0,5 - 1|0,25 - 0,5|0 - -0,25|1
USDTNGN|0000100000|False|0 - -0,25|0 - -0,25|0 - -0,25|0 - -0,25|0,25 - 0,5|0,5 - 1|0,5 - 1|0,5 - 1|0,5 - 1|0,25 - 0,5|1
USDTNGN|0000010000|True|0 - -0,25|0 - -0,25|0 - -0,25|0 - -0,25|0 - -0,25|0,0 - 0,25|0,5 - 1|0,5 - 1|0,5 - 1|0,5 - 1|1
USDTNGN|1000001000|False|0,5 - 1|0 - -0,25|0 - -0,25|0 - -0,25|0 - -0,25|0,0 - 0,25|0,0 - 0,25|0,5 - 1|0,5 - 1|0,5 - 1|1
USDTNGN|0100000100|False|0,5 - 1|0,5 - 1|0 - -0,25|0 - -0,25|0 - -0,25|0,0 - 0,25|0,0 - 0,25|0,0 - 0,25|0,5 - 1|0,5 - 1|1
USDTNGN|0010000010|False|0 - -0,25|0,5 - 1|0,5 - 1|0 - -0,25|0 - -0,25|-0,25 - -0,5|0,0 - 0,25|0,0 - 0,25|0,0 - 0,25|0,5 - 1|1
USDTNGN|0001000001|False|0 - -0,25|0 - -0,25|0,5 - 1|0,5 - 1|0 - -0,25|-0,25 - -0,5|-0,25 - -0,5|0,0 - 0,25|0,0 - 0,25|0,0 - 0,25|1
USDTNGN|0000100000|False|0 - -0,25|0 - -0,25|0 - -0,25|0,5 - 1|0,5 - 1|-0,25 - -0,5|-0,25 - -0,5|-0,25 - -0,5|0,0 - 0,25|0,0 - 0,25|1
USDTNGN|0000010000|False|0 - -0,25|0 - -0,25|0 - -0,25|0 - -0,25|0,5 - 1|0,0 - 0,25|-0,25 - -0,5|-0,25 - -0,5|-0,25 - -0,5|0,0 - 0,25|1
USDTNGN|0000001000|False|0 - -0,25|0 - -0,25|0 - -0,25|0 - -0,25|0 - -0,25|0 - -0,25|0,0 - 0,25|-0,25 - -0,5|-0,25 - -0,5|-0,25 - -0,5|2
USDTNGN|0000000100|False|0 - -0,25|0 - -0,25|0 - -0,25|0 - -0,25|0 - -0,25|0,5 - 1|0 - -0,25|0,0 - 0,25|-0,25 - -0,5|-0,25 - -0,5|1
USDTNGN|0000000010|False|0 - -0,25|0 - -0,25|0 - -0,25|0 - -0,25|0 - -0,25|0,5 - 1|0,5 - 1|0 - -0,25|0,0 - 0,25|-0,25 - -0,5|1
USDTNGN|0000000001|False|0 - -0,25|0 - -0,25|0 - -0,25|0 - -0,25|0 - -0,25|0,5 - 1|0,5 - 1|0,5 - 1|0 - -0,25|0,0 - 0,25|1
USDTNGN|0000000000|False|0 - -0,25|0 - -0,25|0 - -0,25|0 - -0,25|0 - -0,25|0,0 - 0,25|0,5 - 1|0,5 - 1|0,5 - 1|0 - -0,25|1
USDTNGN|0000000000|False|0 - -0,25|0 - -0,25|0 - -0,25|0 - -0,25|0 - -0,25|0,0 - 0,25|0,0 - 0,25|0,5 - 1|0,5 - 1|0,5 - 1|1
USDTNGN|0000000000|False|0 - -0,25|0 - -0,25|0 - -0,25|0 - -0,25|0 - -0,25|-0,5 - -1|0,0 - 0,25|0,0 - 0,25|0,5 - 1|0,5 - 1|1
USDTNGN|0000000000|False|0 - -0,25|0 - -0,25|0 - -0,25|0 - -0,25|0 - -0,25|-0,5 - -1|-0,5 - -1|0,0 - 0,25|0,0 - 0,25|0,5 - 1|1
USDTNGN|0000000000|False|0 - -0,25|0 - -0,25|0 - -0,25|0 - -0,25|0 - -0,25|-0,5 - -1|-0,5 - -1|-0,5 - -1|0,0 - 0,25|0,0 - 0,25|1
USDTNGN|0000000000|False|0 - -0,25|0 - -0,25|0 - -0,25|0 - -0,25|0 - -0,25|0 - -0,25|-0,5 - -1|-0,5 - -1|-0,5 - -1|0,0 - 0,25|1
USDTNGN|0000000000|False|0 - -0,25|0 - -0,25|0,0 - 0,25|0 - -0,25|0 - -0,25|0 - -0,25|0 - -0,25|0,0 - 0,25|0 - -0,25|0 - -0,25|1
USDTNGN|0000000000|False|0 - -0,25|0 - -0,25|0 - -0,25|0,0 - 0,25|0 - -0,25|0 - -0,25|0 - -0,25|0 - -0,25|0,0 - 0,25|0 - -0,25|1
USDTNGN|0000000000|True|0 - -0,25|0 - -0,25|0 - -0,25|0 - -0,25|0 - -0,25|0,0 - 0,25|0 - -0,25|0 - -0,25|0 - -0,25|0 - -0,25|1
USDTNGN|1000000000|False|0,5 - 1|0 - -0,25|0 - -0,25|0 - -0,25|0 - -0,25|0,5 - 1|0,0 - 0,25|0 - -0,25|0 - -0,25|0 - -0,25|1
USDTNGN|0100000000|False|0 - -0,25|0,5 - 1|0 - -0,25|0 - -0,25|0 - -0,25|0,5 - 1|0,5 - 1|0,0 - 0,25|0 - -0,25|0 - -0,25|1
USDTNGN|0010000000|False|0 - -0,25|0 - -0,25|0,5 - 1|0 - -0,25|0 - -0,25|0,5 - 1|0,5 - 1|0,5 - 1|0,0 - 0,25|0 - -0,25|1
USDTNGN|0001000000|False|0 - -0,25|0 - -0,25|0 - -0,25|0,5 - 1|0 - -0,25|0,0 - 0,25|0,5 - 1|0,5 - 1|0,5 - 1|0,0 - 0,25|1
USDTNGN|0000100000|False|0 - -0,25|0 - -0,25|0 - -0,25|0 - -0,25|0,5 - 1|0,0 - 0,25|0,0 - 0,25|0,5 - 1|0,5 - 1|0,5 - 1|1
USDTNGN|0000010000|False|0 - -0,25|0 - -0,25|0 - -0,25|0 - -0,25|0 - -0,25|0,0 - 0,25|0,0 - 0,25|0,0 - 0,25|0,5 - 1|0,5 - 1|1
USDTNGN|0000001000|False|0 - -0,25|0 - -0,25|0 - -0,25|0 - -0,25|0 - -0,25|0,0 - 0,25|0,0 - 0,25|0,0 - 0,25|0,0 - 0,25|0,5 - 1|1
USDTNGN|0000000100|False|0,0 - 0,25|0 - -0,25|0 - -0,25|0 - -0,25|0 - -0,25|0 - -0,25|0,0 - 0,25|0,0 - 0,25|0,0 - 0,25|0,0 - 0,25|1
USDTNGN|0000000010|False|0,25 - 0,5|0,0 - 0,25|0 - -0,25|0 - -0,25|0 - -0,25|0,5 - 1|0 - -0,25|0,0 - 0,25|0,0 - 0,25|0,0 - 0,25|1
USDTNGN|0000000001|False|0 - -0,25|0,25 - 0,5|0,0 - 0,25|0 - -0,25|0 - -0,25|0,0 - 0,25|0,5 - 1|0 - -0,25|0,0 - 0,25|0,0 - 0,25|1
USDTNGN|0000000000|False|0 - -0,25|0 - -0,25|0,25 - 0,5|0,0 - 0,25|0 - -0,25|0,25 - 0,5|0,0 - 0,25|0,5 - 1|0 - -0,25|0,0 - 0,25|1
USDTNGN|0000000000|False|0,0 - 0,25|0 - -0,25|0 - -0,25|0,25 - 0,5|0,0 - 0,25|-0,25 - -0,5|0,25 - 0,5|0,0 - 0,25|0,5 - 1|0 - -0,25|1
USDTNGN|0000000000|False|0 - -0,25|0,0 - 0,25|0 - -0,25|0 - -0,25|0,25 - 0,5|0,0 - 0,25|-0,25 - -0,5|0,25 - 0,5|0,0 - 0,25|0,5 - 1|1
USDTNGN|0000000000|False|0 - -0,25|0 - -0,25|0,0 - 0,25|0 - -0,25|0 - -0,25|0,5 - 1|0,0 - 0,25|-0,25 - -0,5|0,25 - 0,5|0,0 - 0,25|1
USDTNGN|0000000000|False|0 - -0,25|0 - -0,25|0 - -0,25|0,0 - 0,25|0 - -0,25|0,5 - 1|0,5 - 1|0,0 - 0,25|-0,25 - -0,5|0,25 - 0,5|1
USDTNGN|0000000000|False|0 - -0,25|0 - -0,25|0 - -0,25|0 - -0,25|0,0 - 0,25|0,0 - 0,25|0,5 - 1|0,5 - 1|0,0 - 0,25|-0,25 - -0,5|1
USDTNGN|0000000000|False|0 - -0,25|0 - -0,25|0 - -0,25|0 - -0,25|0 - -0,25|0,5 - 1|0,0 - 0,25|0,5 - 1|0,5 - 1|0,0 - 0,25|1
USDTNGN|0000000000|False|0 - -0,25|0 - -0,25|0 - -0,25|0 - -0,25|0 - -0,25|-0,25 - -0,5|0,5 - 1|0,0 - 0,25|0,5 - 1|0,5 - 1|1
USDTNGN|0000000000|False|0 - -0,25|0 - -0,25|0 - -0,25|0 - -0,25|0 - -0,25|-0,25 - -0,5|-0,25 - -0,5|0,5 - 1|0,0 - 0,25|0,5 - 1|1
USDTNGN|0000000000|False|0 - -0,25|0 - -0,25|0 - -0,25|0 - -0,25|0 - -0,25|-0,25 - -0,5|-0,25 - -0,5|-0,25 - -0,5|0,5 - 1|0,0 - 0,25|1
USDTNGN|0000000000|False|0 - -0,25|0 - -0,25|0 - -0,25|0 - -0,25|0 - -0,25|-0,25 - -0,5|-0,25 - -0,5|-0,25 - -0,5|-0,25 - -0,5|0,5 - 1|1
USDTNGN|0000000000|False|0 - -0,25|0 - -0,25|0 - -0,25|0 - -0,25|0 - -0,25|0,25 - 0,5|0 - -0,25|0 - -0,25|0 - -0,25|0 - -0,25|5
USDTNGN|0000000000|False|0 - -0,25|0 - -0,25|0 - -0,25|0 - -0,25|0 - -0,25|0,25 - 0,5|0,25 - 0,5|0,25 - 0,5|0 - -0,25|0 - -0,25|6
USDTNGN|0000000000|False|0 - -0,25|0 - -0,25|0 - -0,25|0 - -0,25|0 - -0,25|-0,25 - -0,5|0,0 - 0,25|0 - -0,25|0 - -0,25|0 - -0,25|2
USDTNGN|0000000000|True|0 - -0,25|0 - -0,25|0 - -0,25|0 - -0,25|0 - -0,25|-0,25 - -0,5|-0,25 - -0,5|0,0 - 0,25|0 - -0,25|0 - -0,25|1
USDTNGN|1000000000|False|0,0 - 0,25|0 - -0,25|0 - -0,25|0 - -0,25|0 - -0,25|0,0 - 0,25|-0,25 - -0,5|-0,25 - -0,5|0,0 - 0,25|0 - -0,25|1
USDTNGN|0100000000|False|0 - -0,25|0,0 - 0,25|0 - -0,25|0 - -0,25|0 - -0,25|0,0 - 0,25|0,0 - 0,25|-0,25 - -0,5|-0,25 - -0,5|0,0 - 0,25|1
USDTNGN|0010000000|False|0 - -0,25|0 - -0,25|0,0 - 0,25|0 - -0,25|0 - -0,25|0 - -0,25|0,0 - 0,25|0,0 - 0,25|-0,25 - -0,5|-0,25 - -0,5|1
USDTNGN|0001000000|False|0 - -0,25|0 - -0,25|0 - -0,25|0,0 - 0,25|0 - -0,25|0,25 - 0,5|0 - -0,25|0,0 - 0,25|0,0 - 0,25|-0,25 - -0,5|1
USDTNGN|0000100000|True|0 - -0,25|0 - -0,25|0 - -0,25|0 - -0,25|0,0 - 0,25|0,25 - 0,5|0,25 - 0,5|0 - -0,25|0,0 - 0,25|0,0 - 0,25|1
USDTNGN|1000010000|False|0,25 - 0,5|0 - -0,25|0 - -0,25|0 - -0,25|0 - -0,25|0,25 - 0,5|0,25 - 0,5|0,25 - 0,5|0 - -0,25|0,0 - 0,25|1
USDTNGN|0100001000|False|0 - -0,25|0,25 - 0,5|0 - -0,25|0 - -0,25|0 - -0,25|0,0 - 0,25|0,25 - 0,5|0,25 - 0,5|0,25 - 0,5|0 - -0,25|1
USDTNGN|0010000100|False|0 - -0,25|0 - -0,25|0,25 - 0,5|0 - -0,25|0 - -0,25|0,25 - 0,5|0,0 - 0,25|0,25 - 0,5|0,25 - 0,5|0,25 - 0,5|1
USDTNGN|0001000010|False|0 - -0,25|0 - -0,25|0 - -0,25|0,25 - 0,5|0 - -0,25|0,25 - 0,5|0,25 - 0,5|0,0 - 0,25|0,25 - 0,5|0,25 - 0,5|1
USDTNGN|0000100001|False|0 - -0,25|0 - -0,25|0 - -0,25|0 - -0,25|0,25 - 0,5|0,25 - 0,5|0,25 - 0,5|0,25 - 0,5|0,0 - 0,25|0,25 - 0,5|1
USDTNGN|0000010000|False|0 - -0,25|0 - -0,25|0 - -0,25|0 - -0,25|0 - -0,25|0,0 - 0,25|0,25 - 0,5|0,25 - 0,5|0,25 - 0,5|0,0 - 0,25|1
USDTNGN|0000001000|False|0 - -0,25|0 - -0,25|0 - -0,25|0 - -0,25|0 - -0,25|0 - -0,25|0,0 - 0,25|0,25 - 0,5|0,25 - 0,5|0,25 - 0,5|1
USDTNGN|0000000100|False|0 - -0,25|0 - -0,25|0 - -0,25|0 - -0,25|0 - -0,25|0 - -0,25|0 - -0,25|0,0 - 0,25|0,25 - 0,5|0,25 - 0,5|1
USDTNGN|0000000010|False|0 - -0,25|0 - -0,25|0 - -0,25|0 - -0,25|0 - -0,25|0 - -0,25|0 - -0,25|0 - -0,25|0,0 - 0,25|0,25 - 0,5|1
USDTNGN|0000000000|False|0 - -0,25|0 - -0,25|0 - -0,25|0 - -0,25|0 - -0,25|0,25 - 0,5|-0,25 - -0,5|-0,25 - -0,5|-0,25 - -0,5|-0,25 - -0,5|1
USDTNGN|0000000000|False|0 - -0,25|0 - -0,25|0 - -0,25|0 - -0,25|0 - -0,25|0,25 - 0,5|0,25 - 0,5|-0,25 - -0,5|-0,25 - -0,5|-0,25 - -0,5|1
USDTNGN|0000000000|False|0 - -0,25|0 - -0,25|0 - -0,25|0 - -0,25|0 - -0,25|0,25 - 0,5|0,25 - 0,5|0,25 - 0,5|-0,25 - -0,5|-0,25 - -0,5|1
USDTNGN|0000000000|False|0 - -0,25|0 - -0,25|0 - -0,25|0 - -0,25|0 - -0,25|0,25 - 0,5|0,25 - 0,5|0,25 - 0,5|0,25 - 0,5|-0,25 - -0,5|1
USDTNGN|0000000000|True|0 - -0,25|0 - -0,25|0 - -0,25|0 - -0,25|0 - -0,25|0 - -0,25|0 - -0,25|0,25 - 0,5|0,25 - 0,5|0,25 - 0,5|1
USDTNGN|1000000000|False|0,0 - 0,25|0 - -0,25|0 - -0,25|0 - -0,25|0 - -0,25|0,0 - 0,25|0 - -0,25|0 - -0,25|0,25 - 0,5|0,25 - 0,5|1
USDTNGN|0100000000|False|0 - -0,25|0,0 - 0,25|0 - -0,25|0 - -0,25|0 - -0,25|-0,25 - -0,5|0,0 - 0,25|0 - -0,25|0 - -0,25|0,25 - 0,5|1
USDTNGN|0010000000|False|0 - -0,25|0 - -0,25|0,0 - 0,25|0 - -0,25|0 - -0,25|0 - -0,25|-0,25 - -0,5|0,0 - 0,25|0 - -0,25|0 - -0,25|1
USDTNGN|0001000000|False|0 - -0,25|0 - -0,25|0 - -0,25|0,0 - 0,25|0 - -0,25|0 - -0,25|0 - -0,25|-0,25 - -0,5|0,0 - 0,25|0 - -0,25|1
USDTNGN|0000100000|True|0,0 - 0,25|0 - -0,25|0 - -0,25|0 - -0,25|0,0 - 0,25|0 - -0,25|0 - -0,25|0 - -0,25|-0,25 - -0,5|0,0 - 0,25|1
USDTNGN|1000010000|False|0,0 - 0,25|0,0 - 0,25|0 - -0,25|0 - -0,25|0 - -0,25|0 - -0,25|0 - -0,25|0 - -0,25|0 - -0,25|-0,25 - -0,5|1
USDTNGN|0100001000|False|0,0 - 0,25|0,0 - 0,25|0,0 - 0,25|0 - -0,25|0 - -0,25|0,0 - 0,25|0 - -0,25|0 - -0,25|0 - -0,25|0 - -0,25|1
USDTNGN|0010000100|False|0,0 - 0,25|0,0 - 0,25|0,0 - 0,25|0,0 - 0,25|0 - -0,25|0 - -0,25|0,0 - 0,25|0 - -0,25|0 - -0,25|0 - -0,25|1
USDTNGN|0001000010|False|0 - -0,25|0,0 - 0,25|0,0 - 0,25|0,0 - 0,25|0,0 - 0,25|0 - -0,25|0 - -0,25|0,0 - 0,25|0 - -0,25|0 - -0,25|1
USDTNGN|0000100001|False|0 - -0,25|0 - -0,25|0,0 - 0,25|0,0 - 0,25|0,0 - 0,25|-0,25 - -0,5|0 - -0,25|0 - -0,25|0,0 - 0,25|0 - -0,25|1
USDTNGN|0000010000|False|0 - -0,25|0 - -0,25|0 - -0,25|0,0 - 0,25|0,0 - 0,25|0 - -0,25|-0,25 - -0,5|0 - -0,25|0 - -0,25|0,0 - 0,25|1
USDTNGN|0000001000|False|0 - -0,25|0 - -0,25|0 - -0,25|0 - -0,25|0,0 - 0,25|0 - -0,25|0 - -0,25|-0,25 - -0,5|0 - -0,25|0 - -0,25|1
USDTNGN|0000000100|False|0,25 - 0,5|0 - -0,25|0 - -0,25|0 - -0,25|0 - -0,25|0,25 - 0,5|0 - -0,25|0 - -0,25|-0,25 - -0,5|0 - -0,25|1
USDTNGN|0000000010|False|0 - -0,25|0,25 - 0,5|0 - -0,25|0 - -0,25|0 - -0,25|0 - -0,25|0,25 - 0,5|0 - -0,25|0 - -0,25|-0,25 - -0,5|1
USDTNGN|0000000001|False|0 - -0,25|0 - -0,25|0,25 - 0,5|0 - -0,25|0 - -0,25|0 - -0,25|0 - -0,25|0,25 - 0,5|0 - -0,25|0 - -0,25|1
USDTNGN|0000000000|False|0 - -0,25|0 - -0,25|0 - -0,25|0,25 - 0,5|0 - -0,25|-0,25 - -0,5|0 - -0,25|0 - -0,25|0,25 - 0,5|0 - -0,25|1
USDTNGN|0000000000|False|0 - -0,25|0 - -0,25|0 - -0,25|0 - -0,25|0,25 - 0,5|0 - -0,25|-0,25 - -0,5|0 - -0,25|0 - -0,25|0,25 - 0,5|1
USDTNGN|0000000000|False|0 - -0,25|0 - -0,25|0 - -0,25|0 - -0,25|0 - -0,25|0 - -0,25|0 - -0,25|-0,25 - -0,5|0 - -0,25|0 - -0,25|2
USDTNGN|0000000000|False|0 - -0,25|0 - -0,25|0 - -0,25|0 - -0,25|0 - -0,25|0 - -0,25|0 - -0,25|0 - -0,25|-0,25 - -0,5|0 - -0,25|2
USDTNGN|0000000000|False|0,0 - 0,25|0 - -0,25|0,0 - 0,25|0 - -0,25|0 - -0,25|0,25 - 0,5|0,0 - 0,25|0,0 - 0,25|0,0 - 0,25|0 - -0,25|1
USDTNGN|0000000000|False|0 - -0,25|0,0 - 0,25|0 - -0,25|0,0 - 0,25|0 - -0,25|0,0 - 0,25|0,25 - 0,5|0,0 - 0,25|0,0 - 0,25|0,0 - 0,25|1
USDTNGN|0000000000|False|0,25 - 0,5|0 - -0,25|0,0 - 0,25|0 - -0,25|0,0 - 0,25|0,25 - 0,5|0,0 - 0,25|0,25 - 0,5|0,0 - 0,25|0,0 - 0,25|1
USDTNGN|0000000000|False|0,0 - 0,25|0,25 - 0,5|0 - -0,25|0,0 - 0,25|0 - -0,25|0,0 - 0,25|0,25 - 0,5|0,0 - 0,25|0,25 - 0,5|0,0 - 0,25|1
USDTNGN|0000000000|False|0,25 - 0,5|0,0 - 0,25|0,25 - 0,5|0 - -0,25|0,0 - 0,25|0 - -0,25|0,0 - 0,25|0,25 - 0,5|0,0 - 0,25|0,25 - 0,5|1
USDTNGN|0000000000|False|0 - -0,25|0,25 - 0,5|0,0 - 0,25|0,25 - 0,5|0 - -0,25|0,0 - 0,25|0 - -0,25|0,0 - 0,25|0,25 - 0,5|0,0 - 0,25|1
USDTNGN|0000000000|False|0 - -0,25|0 - -0,25|0,25 - 0,5|0,0 - 0,25|0,25 - 0,5|0,0 - 0,25|0,0 - 0,25|0 - -0,25|0,0 - 0,25|0,25 - 0,5|1
USDTNGN|0000000000|False|0,0 - 0,25|0 - -0,25|0 - -0,25|0,25 - 0,5|0,0 - 0,25|-0,25 - -0,5|0,0 - 0,25|0,0 - 0,25|0 - -0,25|0,0 - 0,25|1
USDTNGN|0000000000|False|0 - -0,25|0,0 - 0,25|0 - -0,25|0 - -0,25|0,25 - 0,5|-0,25 - -0,5|-0,25 - -0,5|0,0 - 0,25|0,0 - 0,25|0 - -0,25|1
USDTNGN|0000000000|False|0 - -0,25|0 - -0,25|0,0 - 0,25|0 - -0,25|0 - -0,25|0 - -0,25|-0,25 - -0,5|-0,25 - -0,5|0,0 - 0,25|0,0 - 0,25|1
USDTNGN|0000000000|False|0 - -0,25|0 - -0,25|0 - -0,25|0,0 - 0,25|0 - -0,25|-0,5 - -1|0 - -0,25|-0,25 - -0,5|-0,25 - -0,5|0,0 - 0,25|1
USDTNGN|0000000000|True|0 - -0,25|0 - -0,25|0 - -0,25|0 - -0,25|0,0 - 0,25|-0,5 - -1|-0,5 - -1|0 - -0,25|-0,25 - -0,5|-0,25 - -0,5|1
USDTNGN|1000000000|False|0,0 - 0,25|0 - -0,25|0 - -0,25|0 - -0,25|0 - -0,25|0,0 - 0,25|-0,5 - -1|-0,5 - -1|0 - -0,25|-0,25 - -0,5|1
USDTNGN|0100000000|False|0,0 - 0,25|0,0 - 0,25|0 - -0,25|0 - -0,25|0 - -0,25|0,0 - 0,25|0,0 - 0,25|-0,5 - -1|-0,5 - -1|0 - -0,25|1
USDTNGN|0010000000|False|0 - -0,25|0,0 - 0,25|0,0 - 0,25|0 - -0,25|0 - -0,25|0 - -0,25|0,0 - 0,25|0,0 - 0,25|-0,5 - -1|-0,5 - -1|1
USDTNGN|0001000000|False|0 - -0,25|0 - -0,25|0,0 - 0,25|0,0 - 0,25|0 - -0,25|0 - -0,25|0 - -0,25|0,0 - 0,25|0,0 - 0,25|-0,5 - -1|1
USDTNGN|0000100000|False|0 - -0,25|0 - -0,25|0 - -0,25|0,0 - 0,25|0,0 - 0,25|0 - -0,25|0 - -0,25|0 - -0,25|0,0 - 0,25|0,0 - 0,25|1
USDTNGN|0000010000|True|0 - -0,25|0 - -0,25|0 - -0,25|0 - -0,25|0,0 - 0,25|0 - -0,25|0 - -0,25|0 - -0,25|0 - -0,25|0,0 - 0,25|1
USDTNGN|1000001000|False|0,0 - 0,25|0 - -0,25|0 - -0,25|0 - -0,25|0 - -0,25|0,0 - 0,25|0 - -0,25|0 - -0,25|0 - -0,25|0 - -0,25|1
USDTNGN|0100000100|False|0 - -0,25|0,0 - 0,25|0 - -0,25|0 - -0,25|0 - -0,25|0 - -0,25|0,0 - 0,25|0 - -0,25|0 - -0,25|0 - -0,25|1
USDTNGN|0010000010|False|0 - -0,25|0 - -0,25|0,0 - 0,25|0 - -0,25|0 - -0,25|0,0 - 0,25|0 - -0,25|0,0 - 0,25|0 - -0,25|0 - -0,25|1
USDTNGN|0001000001|False|0 - -0,25|0 - -0,25|0 - -0,25|0,0 - 0,25|0 - -0,25|0,0 - 0,25|0,0 - 0,25|0 - -0,25|0,0 - 0,25|0 - -0,25|1
USDTNGN|0000100000|False|0,0 - 0,25|0 - -0,25|0 - -0,25|0 - -0,25|0,0 - 0,25|0,0 - 0,25|0,0 - 0,25|0,0 - 0,25|0 - -0,25|0,0 - 0,25|1
USDTNGN|0000010000|False|0 - -0,25|0,0 - 0,25|0 - -0,25|0 - -0,25|0 - -0,25|0 - -0,25|0,0 - 0,25|0,0 - 0,25|0,0 - 0,25|0 - -0,25|1
USDTNGN|0000001000|False|0 - -0,25|0 - -0,25|0,0 - 0,25|0 - -0,25|0 - -0,25|0 - -0,25|0 - -0,25|0,0 - 0,25|0,0 - 0,25|0,0 - 0,25|1
USDTNGN|0000000100|False|0 - -0,25|0 - -0,25|0 - -0,25|0,0 - 0,25|0 - -0,25|0,0 - 0,25|0 - -0,25|0 - -0,25|0,0 - 0,25|0,0 - 0,25|1
USDTNGN|0000000010|False|0 - -0,25|0 - -0,25|0 - -0,25|0 - -0,25|0,0 - 0,25|0,0 - 0,25|0,0 - 0,25|0 - -0,25|0 - -0,25|0,0 - 0,25|1
USDTNGN|0000000001|False|0 - -0,25|0 - -0,25|0 - -0,25|0 - -0,25|0 - -0,25|0,25 - 0,5|0,0 - 0,25|0,0 - 0,25|0 - -0,25|0 - -0,25|1
USDTNGN|0000000000|False|0 - -0,25|0 - -0,25|0 - -0,25|0 - -0,25|0 - -0,25|0,25 - 0,5|0,25 - 0,5|0,0 - 0,25|0,0 - 0,25|0 - -0,25|2
USDTNGN|0000000000|False|0 - -0,25|0 - -0,25|0 - -0,25|0 - -0,25|0 - -0,25|0,25 - 0,5|0,25 - 0,5|0,25 - 0,5|0,0 - 0,25|0,0 - 0,25|2
USDTNGN|0000000000|False|0 - -0,25|0 - -0,25|0 - -0,25|0 - -0,25|0 - -0,25|0 - -0,25|0,25 - 0,5|0,25 - 0,5|0,25 - 0,5|0,0 - 0,25|2
USDTNGN|0000000000|False|0 - -0,25|0 - -0,25|0 - -0,25|0 - -0,25|0 - -0,25|-0,25 - -0,5|0 - -0,25|0,25 - 0,5|0,25 - 0,5|0,25 - 0,5|1
USDTNGN|0000000000|False|0 - -0,25|0 - -0,25|0 - -0,25|0 - -0,25|0 - -0,25|-0,25 - -0,5|-0,25 - -0,5|0 - -0,25|0,25 - 0,5|0,25 - 0,5|1
USDTNGN|0000000000|False|0 - -0,25|0 - -0,25|0 - -0,25|0 - -0,25|0 - -0,25|-0,25 - -0,5|-0,25 - -0,5|-0,25 - -0,5|0 - -0,25|0,25 - 0,5|2
USDTNGN|0000000000|False|0,0 - 0,25|0 - -0,25|0 - -0,25|0 - -0,25|0 - -0,25|0,0 - 0,25|-0,25 - -0,5|-0,25 - -0,5|-0,25 - -0,5|0 - -0,25|1
USDTNGN|0000000000|False|0 - -0,25|0,0 - 0,25|0 - -0,25|0 - -0,25|0 - -0,25|-0,25 - -0,5|0,0 - 0,25|-0,25 - -0,5|-0,25 - -0,5|-0,25 - -0,5|1
USDTNGN|0000000000|False|0 - -0,25|0 - -0,25|0,0 - 0,25|0 - -0,25|0 - -0,25|0 - -0,25|-0,25 - -0,5|0,0 - 0,25|-0,25 - -0,5|-0,25 - -0,5|1
USDTNGN|0000000000|False|0 - -0,25|0 - -0,25|0 - -0,25|0,0 - 0,25|0 - -0,25|0 - -0,25|0 - -0,25|-0,25 - -0,5|0,0 - 0,25|-0,25 - -0,5|1
USDTNGN|0000000000|False|0 - -0,25|0 - -0,25|0 - -0,25|0 - -0,25|0,0 - 0,25|0,0 - 0,25|0 - -0,25|0 - -0,25|-0,25 - -0,5|0,0 - 0,25|1
USDTNGN|0000000000|False|0 - -0,25|0 - -0,25|0 - -0,25|0 - -0,25|0 - -0,25|0 - -0,25|0,0 - 0,25|0 - -0,25|0 - -0,25|-0,25 - -0,5|1
USDTNGN|0000000000|False|0 - -0,25|0 - -0,25|0 - -0,25|0 - -0,25|0 - -0,25|0,0 - 0,25|0 - -0,25|0,0 - 0,25|0 - -0,25|0 - -0,25|1
USDTNGN|0000000000|False|0 - -0,25|0 - -0,25|0 - -0,25|0 - -0,25|0 - -0,25|0,0 - 0,25|0,0 - 0,25|0 - -0,25|0,0 - 0,25|0 - -0,25|1
USDTNGN|0000000000|False|0 - -0,25|0 - -0,25|0 - -0,25|0 - -0,25|0 - -0,25|0,0 - 0,25|0,0 - 0,25|0,0 - 0,25|0 - -0,25|0,0 - 0,25|1
USDTNGN|0000000000|False|0 - -0,25|0 - -0,25|0 - -0,25|0,0 - 0,25|0 - -0,25|0,0 - 0,25|0 - -0,25|0 - -0,25|0 - -0,25|0 - -0,25|1
USDTNGN|0000000000|False|0 - -0,25|0 - -0,25|0 - -0,25|0 - -0,25|0,0 - 0,25|0,0 - 0,25|0,0 - 0,25|0 - -0,25|0 - -0,25|0 - -0,25|1
USDTNGN|0000000000|False|0 - -0,25|0 - -0,25|0 - -0,25|0 - -0,25|0 - -0,25|0,25 - 0,5|0,0 - 0,25|0,0 - 0,25|0 - -0,25|0 - -0,25|1
USDTNGN|0000000000|False|0 - -0,25|0 - -0,25|0 - -0,25|0 - -0,25|0 - -0,25|-0,25 - -0,5|-0,25 - -0,5|0,0 - 0,25|0 - -0,25|0 - -0,25|1
USDTNGN|0000000000|False|0 - -0,25|0 - -0,25|0 - -0,25|0 - -0,25|0 - -0,25|-0,25 - -0,5|-0,25 - -0,5|-0,25 - -0,5|0,0 - 0,25|0 - -0,25|1
USDTNGN|0000000000|False|0 - -0,25|0 - -0,25|0 - -0,25|0 - -0,25|0 - -0,25|-0,25 - -0,5|-0,25 - -0,5|-0,25 - -0,5|-0,25 - -0,5|0,0 - 0,25|2
USDTNGN|0000000000|False|0 - -0,25|0 - -0,25|0 - -0,25|0 - -0,25|0 - -0,25|0,0 - 0,25|-0,25 - -0,5|-0,25 - -0,5|-0,25 - -0,5|-0,25 - -0,5|1
USDTNGN|0000000000|False|0 - -0,25|0 - -0,25|0 - -0,25|0 - -0,25|0 - -0,25|0,25 - 0,5|0,0 - 0,25|-0,25 - -0,5|-0,25 - -0,5|-0,25 - -0,5|2
USDTNGN|0000000000|False|0 - -0,25|0 - -0,25|0 - -0,25|0 - -0,25|0 - -0,25|0,25 - 0,5|0,25 - 0,5|0,0 - 0,25|-0,25 - -0,5|-0,25 - -0,5|2
USDTNGN|0000000000|False|0 - -0,25|0 - -0,25|0 - -0,25|0 - -0,25|0 - -0,25|0,25 - 0,5|0,25 - 0,5|0,25 - 0,5|0,0 - 0,25|-0,25 - -0,5|2
USDTNGN|0000000000|True|0 - -0,25|0 - -0,25|0 - -0,25|0 - -0,25|0 - -0,25|0,25 - 0,5|0,25 - 0,5|0,25 - 0,5|0,25 - 0,5|0,0 - 0,25|1
USDTNGN|1000000000|False|0,0 - 0,25|0 - -0,25|0 - -0,25|0 - -0,25|0 - -0,25|0,0 - 0,25|0,25 - 0,5|0,25 - 0,5|0,25 - 0,5|0,25 - 0,5|1
USDTNGN|0100000000|False|0 - -0,25|0,0 - 0,25|0 - -0,25|0 - -0,25|0 - -0,25|-0,25 - -0,5|0,0 - 0,25|0,25 - 0,5|0,25 - 0,5|0,25 - 0,5|1
USDTNGN|0010000000|False|0 - -0,25|0 - -0,25|0,0 - 0,25|0 - -0,25|0 - -0,25|-0,25 - -0,5|-0,25 - -0,5|0,0 - 0,25|0,25 - 0,5|0,25 - 0,5|1
USDTNGN|0001000000|False|0 - -0,25|0 - -0,25|0 - -0,25|0,0 - 0,25|0 - -0,25|-0,25 - -0,5|-0,25 - -0,5|-0,25 - -0,5|0,0 - 0,25|0,25 - 0,5|1
USDTNGN|0000100000|False|0 - -0,25|0 - -0,25|0 - -0,25|0 - -0,25|0,0 - 0,25|-0,25 - -0,5|-0,25 - -0,5|-0,25 - -0,5|-0,25 - -0,5|0,0 - 0,25|1
USDTNGN|0000010000|False|0 - -0,25|0 - -0,25|0 - -0,25|0 - -0,25|0 - -0,25|0,0 - 0,25|-0,25 - -0,5|-0,25 - -0,5|-0,25 - -0,5|-0,25 - -0,5|1
USDTNGN|0000000100|False|0 - -0,25|0 - -0,25|0 - -0,25|0 - -0,25|0 - -0,25|0 - -0,25|0 - -0,25|0,0 - 0,25|-0,25 - -0,5|-0,25 - -0,5|1
USDTNGN|0000000010|False|0 - -0,25|0 - -0,25|0 - -0,25|0 - -0,25|0 - -0,25|0 - -0,25|0 - -0,25|0 - -0,25|0,0 - 0,25|-0,25 - -0,5|1
USDTNGN|0100000000|False|0 - -0,25|0,0 - 0,25|0 - -0,25|0 - -0,25|0 - -0,25|0,25 - 0,5|0,0 - 0,25|0 - -0,25|0 - -0,25|0 - -0,25|2
USDTNGN|0010000000|False|0 - -0,25|0 - -0,25|0,0 - 0,25|0 - -0,25|0 - -0,25|0,25 - 0,5|0,25 - 0,5|0,0 - 0,25|0 - -0,25|0 - -0,25|2
USDTNGN|0001000000|False|0 - -0,25|0 - -0,25|0 - -0,25|0,0 - 0,25|0 - -0,25|0,25 - 0,5|0,25 - 0,5|0,25 - 0,5|0,0 - 0,25|0 - -0,25|2
USDTNGN|0000100000|False|0 - -0,25|0 - -0,25|0 - -0,25|0 - -0,25|0,0 - 0,25|0,25 - 0,5|0,25 - 0,5|0,25 - 0,5|0,25 - 0,5|0,0 - 0,25|2
USDTNGN|0000010000|False|0 - -0,25|0 - -0,25|0 - -0,25|0 - -0,25|0 - -0,25|0,25 - 0,5|0,25 - 0,5|0,25 - 0,5|0,25 - 0,5|0,25 - 0,5|1
USDTNGN|0000001000|False|0 - -0,25|0 - -0,25|0 - -0,25|0 - -0,25|0 - -0,25|0 - -0,25|0,25 - 0,5|0,25 - 0,5|0,25 - 0,5|0,25 - 0,5|1
USDTNGN|0000000100|False|0 - -0,25|0 - -0,25|0 - -0,25|0 - -0,25|0 - -0,25|0 - -0,25|0 - -0,25|0,25 - 0,5|0,25 - 0,5|0,25 - 0,5|1
USDTNGN|0000000010|False|0 - -0,25|0 - -0,25|0 - -0,25|0 - -0,25|0 - -0,25|0 - -0,25|0 - -0,25|0 - -0,25|0,25 - 0,5|0,25 - 0,5|1
USDTNGN|0000000001|False|0 - -0,25|0 - -0,25|0 - -0,25|0 - -0,25|0 - -0,25|0 - -0,25|0 - -0,25|0 - -0,25|0 - -0,25|0,25 - 0,5|1
USDTNGN|1000000000|False|0,0 - 0,25|0 - -0,25|0 - -0,25|0 - -0,25|0 - -0,25|0 - -0,25|0 - -0,25|0 - -0,25|0 - -0,25|0 - -0,25|1
USDTNGN|0100000000|False|0 - -0,25|0,0 - 0,25|0 - -0,25|0 - -0,25|0 - -0,25|0 - -0,25|0 - -0,25|0 - -0,25|0 - -0,25|0 - -0,25|1
USDTNGN|0010000000|False|0 - -0,25|0 - -0,25|0,0 - 0,25|0 - -0,25|0 - -0,25|0 - -0,25|0 - -0,25|0 - -0,25|0 - -0,25|0 - -0,25|1
USDTNGN|0001000000|False|0 - -0,25|0 - -0,25|0 - -0,25|0,0 - 0,25|0 - -0,25|0 - -0,25|0 - -0,25|0 - -0,25|0 - -0,25|0 - -0,25|2
USDTNGN|0000100000|False|0 - -0,25|0 - -0,25|0 - -0,25|0 - -0,25|0,0 - 0,25|0 - -0,25|0 - -0,25|0 - -0,25|0 - -0,25|0 - -0,25|2
USDTNGN|0000010000|False|0 - -0,25|0 - -0,25|0 - -0,25|0 - -0,25|0 - -0,25|0,25 - 0,5|0 - -0,25|0 - -0,25|0 - -0,25|0 - -0,25|1
USDTNGN|0000001000|False|0 - -0,25|0 - -0,25|0 - -0,25|0 - -0,25|0 - -0,25|-0,25 - -0,5|0,25 - 0,5|0 - -0,25|0 - -0,25|0 - -0,25|1
USDTNGN|0000000100|False|0 - -0,25|0 - -0,25|0 - -0,25|0 - -0,25|0 - -0,25|-0,25 - -0,5|-0,25 - -0,5|0,25 - 0,5|0 - -0,25|0 - -0,25|1
USDTNGN|0000000010|False|0 - -0,25|0 - -0,25|0 - -0,25|0 - -0,25|0 - -0,25|-0,25 - -0,5|-0,25 - -0,5|-0,25 - -0,5|0,25 - 0,5|0 - -0,25|1
USDTNGN|0000000001|False|0 - -0,25|0 - -0,25|0 - -0,25|0 - -0,25|0 - -0,25|0 - -0,25|-0,25 - -0,5|-0,25 - -0,5|-0,25 - -0,5|0,25 - 0,5|1
USDTNGN|0000000000|False|0 - -0,25|0 - -0,25|0 - -0,25|0 - -0,25|0 - -0,25|0,25 - 0,5|0 - -0,25|0 - -0,25|-0,25 - -0,5|-0,25 - -0,5|2
USDTNGN|0000000000|False|0 - -0,25|0 - -0,25|0 - -0,25|0 - -0,25|0 - -0,25|0,25 - 0,5|0,25 - 0,5|0 - -0,25|0 - -0,25|-0,25 - -0,5|2
USDTNGN|0000000000|False|0 - -0,25|0 - -0,25|0 - -0,25|0 - -0,25|0 - -0,25|0,0 - 0,25|0,25 - 0,5|0,25 - 0,5|0,25 - 0,5|0,25 - 0,5|1
USDTNGN|0000000000|True|0 - -0,25|0 - -0,25|0 - -0,25|0 - -0,25|0 - -0,25|0 - -0,25|0,0 - 0,25|0,25 - 0,5|0,25 - 0,5|0,25 - 0,5|1
USDTNGN|1000000000|False|0,0 - 0,25|0 - -0,25|0 - -0,25|0 - -0,25|0 - -0,25|0 - -0,25|0 - -0,25|0,0 - 0,25|0,25 - 0,5|0,25 - 0,5|1
USDTNGN|0100000000|False|0 - -0,25|0,0 - 0,25|0 - -0,25|0 - -0,25|0 - -0,25|0 - -0,25|0 - -0,25|0 - -0,25|0,0 - 0,25|0,25 - 0,5|1
USDTNGN|0010000000|False|0 - -0,25|0 - -0,25|0,0 - 0,25|0 - -0,25|0 - -0,25|0 - -0,25|0 - -0,25|0 - -0,25|0 - -0,25|0,0 - 0,25|1
USDTNGN|0000010000|False|0 - -0,25|0 - -0,25|0 - -0,25|0 - -0,25|0 - -0,25|0 - -0,25|0 - -0,25|0 - -0,25|0 - -0,25|0 - -0,25|1
USDTNGN|0000001000|False|0 - -0,25|0 - -0,25|0 - -0,25|0 - -0,25|0 - -0,25|0 - -0,25|0 - -0,25|0 - -0,25|0 - -0,25|0 - -0,25|1
USDTNGN|0000000010|False|0 - -0,25|0 - -0,25|0 - -0,25|0 - -0,25|0 - -0,25|0,0 - 0,25|0 - -0,25|0 - -0,25|0 - -0,25|0 - -0,25|1
USDTNGN|0000000001|False|0 - -0,25|0 - -0,25|0 - -0,25|0 - -0,25|0 - -0,25|0,0 - 0,25|0,0 - 0,25|0 - -0,25|0 - -0,25|0 - -0,25|1
USDTNGN|0000000000|True|0,0 - 0,25|0 - -0,25|0 - -0,25|0 - -0,25|0 - -0,25|0 - -0,25|0 - -0,25|0 - -0,25|0 - -0,25|0 - -0,25|1
USDTNGN|1000000000|False|0,0 - 0,25|0,0 - 0,25|0 - -0,25|0 - -0,25|0 - -0,25|0 - -0,25|0 - -0,25|0 - -0,25|0 - -0,25|0 - -0,25|1
USDTNGN|0100000000|False|0 - -0,25|0,0 - 0,25|0,0 - 0,25|0 - -0,25|0 - -0,25|0 - -0,25|0 - -0,25|0 - -0,25|0 - -0,25|0 - -0,25|1
USDTNGN|0010000000|False|0 - -0,25|0 - -0,25|0,0 - 0,25|0,0 - 0,25|0 - -0,25|0 - -0,25|0 - -0,25|0 - -0,25|0 - -0,25|0 - -0,25|1
USDTNGN|0001000000|False|0 - -0,25|0 - -0,25|0 - -0,25|0,0 - 0,25|0,0 - 0,25|0 - -0,25|0 - -0,25|0 - -0,25|0 - -0,25|0 - -0,25|1
USDTNGN|0000100000|False|0 - -0,25|0 - -0,25|0 - -0,25|0 - -0,25|0,0 - 0,25|0,0 - 0,25|0 - -0,25|0 - -0,25|0 - -0,25|0 - -0,25|1
USDTNGN|0000010000|False|0 - -0,25|0 - -0,25|0 - -0,25|0 - -0,25|0 - -0,25|0,0 - 0,25|0,0 - 0,25|0 - -0,25|0 - -0,25|0 - -0,25|1
USDTNGN|0000001000|False|0 - -0,25|0 - -0,25|0 - -0,25|0 - -0,25|0 - -0,25|0,0 - 0,25|0,0 - 0,25|0,0 - 0,25|0 - -0,25|0 - -0,25|1
USDTNGN|0000000100|False|0 - -0,25|0 - -0,25|0 - -0,25|0 - -0,25|0 - -0,25|0,0 - 0,25|0,0 - 0,25|0,0 - 0,25|0,0 - 0,25|0 - -0,25|1
USDTNGN|0000000010|False|0 - -0,25|0 - -0,25|0 - -0,25|0 - -0,25|0 - -0,25|0,0 - 0,25|0,0 - 0,25|0,0 - 0,25|0,0 - 0,25|0,0 - 0,25|1
USDTNGN|0000000000|True|0 - -0,25|0 - -0,25|0 - -0,25|0 - -0,25|0 - -0,25|0 - -0,25|0,0 - 0,25|0,0 - 0,25|0,0 - 0,25|0,0 - 0,25|1
USDTNGN|1000000000|False|0,0 - 0,25|0 - -0,25|0 - -0,25|0 - -0,25|0 - -0,25|0,0 - 0,25|0 - -0,25|0,0 - 0,25|0,0 - 0,25|0,0 - 0,25|1
USDTNGN|0100000000|False|0 - -0,25|0,0 - 0,25|0 - -0,25|0 - -0,25|0 - -0,25|0,0 - 0,25|0,0 - 0,25|0 - -0,25|0,0 - 0,25|0,0 - 0,25|1
USDTNGN|0010000000|False|0 - -0,25|0 - -0,25|0,0 - 0,25|0 - -0,25|0 - -0,25|0,0 - 0,25|0,0 - 0,25|0,0 - 0,25|0 - -0,25|0,0 - 0,25|1
USDTNGN|0000100000|False|0 - -0,25|0 - -0,25|0 - -0,25|0 - -0,25|0,0 - 0,25|0,25 - 0,5|0,0 - 0,25|0,0 - 0,25|0,0 - 0,25|0,0 - 0,25|1
USDTNGN|0000010000|False|0 - -0,25|0 - -0,25|0 - -0,25|0 - -0,25|0 - -0,25|0,25 - 0,5|0,25 - 0,5|0,0 - 0,25|0,0 - 0,25|0,0 - 0,25|1
USDTNGN|0000001000|False|0 - -0,25|0 - -0,25|0 - -0,25|0 - -0,25|0 - -0,25|0,25 - 0,5|0,25 - 0,5|0,25 - 0,5|0,0 - 0,25|0,0 - 0,25|1
USDTNGN|0000000100|False|0 - -0,25|0 - -0,25|0 - -0,25|0 - -0,25|0 - -0,25|0,25 - 0,5|0,25 - 0,5|0,25 - 0,5|0,25 - 0,5|0,0 - 0,25|1
USDTNGN|0000000010|False|0 - -0,25|0 - -0,25|0 - -0,25|0 - -0,25|0 - -0,25|0,25 - 0,5|0,25 - 0,5|0,25 - 0,5|0,25 - 0,5|0,25 - 0,5|1
USDTNGN|0000000001|False|0 - -0,25|0 - -0,25|0 - -0,25|0 - -0,25|0 - -0,25|0 - -0,25|0,25 - 0,5|0,25 - 0,5|0,25 - 0,5|0,25 - 0,5|1
USDTNGN|0000000000|False|0 - -0,25|0 - -0,25|0 - -0,25|0 - -0,25|0 - -0,25|0 - -0,25|-0,25 - -0,5|-0,25 - -0,5|-0,25 - -0,5|0 - -0,25|1
USDTNGN|0000000000|False|0 - -0,25|0 - -0,25|0 - -0,25|0 - -0,25|0 - -0,25|0 - -0,25|0,25 - 0,5|0,25 - 0,5|0,25 - 0,5|0 - -0,25|1
USDTNGN|0000000000|True|0 - -0,25|0 - -0,25|0 - -0,25|0 - -0,25|0 - -0,25|0 - -0,25|0 - -0,25|0 - -0,25|0 - -0,25|0,0 - 0,25|1
USDTNGN|0000010000|False|0 - -0,25|0 - -0,25|0 - -0,25|0 - -0,25|0 - -0,25|0,0 - 0,25|0,25 - 0,5|0,25 - 0,5|0,25 - 0,5|0,25 - 0,5|1
USDTNGN|0000001000|False|0 - -0,25|0 - -0,25|0 - -0,25|0 - -0,25|0 - -0,25|0,0 - 0,25|0,0 - 0,25|0,25 - 0,5|0,25 - 0,5|0,25 - 0,5|1
USDTNGN|0000000100|False|0 - -0,25|0 - -0,25|0 - -0,25|0 - -0,25|0 - -0,25|0,0 - 0,25|0,0 - 0,25|0,0 - 0,25|0,25 - 0,5|0,25 - 0,5|1
USDTNGN|0000000010|False|0 - -0,25|0 - -0,25|0 - -0,25|0 - -0,25|0 - -0,25|0 - -0,25|0,0 - 0,25|0,0 - 0,25|0,0 - 0,25|0,25 - 0,5|1
USDTNGN|0000000001|False|0 - -0,25|0 - -0,25|0 - -0,25|0 - -0,25|0 - -0,25|0 - -0,25|0 - -0,25|0,0 - 0,25|0,0 - 0,25|0,0 - 0,25|1
USDTNGN|0000000000|False|0 - -0,25|0 - -0,25|0 - -0,25|0 - -0,25|0 - -0,25|0,0 - 0,25|0,25 - 0,5|0,25 - 0,5|0 - -0,25|0 - -0,25|1
USDTNGN|0000000000|False|0 - -0,25|0 - -0,25|0 - -0,25|0 - -0,25|0 - -0,25|0,0 - 0,25|0,0 - 0,25|0,25 - 0,5|0,25 - 0,5|0 - -0,25|1
USDTNGN|0000000000|False|0 - -0,25|0 - -0,25|0 - -0,25|0 - -0,25|0 - -0,25|0,0 - 0,25|0,0 - 0,25|0,0 - 0,25|0,25 - 0,5|0,25 - 0,5|1
USDTNGN|0000000000|False|0,25 - 0,5|0 - -0,25|0 - -0,25|0 - -0,25|0 - -0,25|0 - -0,25|0,0 - 0,25|0,0 - 0,25|0,0 - 0,25|0,25 - 0,5|1
USDTNGN|0000000000|False|0 - -0,25|0,25 - 0,5|0 - -0,25|0 - -0,25|0 - -0,25|-0,25 - -0,5|0 - -0,25|0,0 - 0,25|0,0 - 0,25|0,0 - 0,25|1
USDTNGN|0000000000|False|0 - -0,25|0 - -0,25|0,25 - 0,5|0 - -0,25|0 - -0,25|0 - -0,25|-0,25 - -0,5|0 - -0,25|0,0 - 0,25|0,0 - 0,25|1
USDTNGN|0000000000|False|0 - -0,25|0 - -0,25|0 - -0,25|0,25 - 0,5|0 - -0,25|0 - -0,25|0 - -0,25|-0,25 - -0,5|0 - -0,25|0,0 - 0,25|1
USDTNGN|0000000000|False|0 - -0,25|0 - -0,25|0 - -0,25|0 - -0,25|0,25 - 0,5|0 - -0,25|0 - -0,25|0 - -0,25|-0,25 - -0,5|0 - -0,25|1
USDTNGN|0000000000|False|0,25 - 0,5|0 - -0,25|0 - -0,25|0 - -0,25|0 - -0,25|0 - -0,25|0 - -0,25|0 - -0,25|0 - -0,25|0 - -0,25|1
USDTNGN|0000000000|False|0 - -0,25|0,25 - 0,5|0 - -0,25|0 - -0,25|0 - -0,25|-0,25 - -0,5|0 - -0,25|0 - -0,25|0 - -0,25|0 - -0,25|1
USDTNGN|0000000000|False|0 - -0,25|0 - -0,25|0,25 - 0,5|0 - -0,25|0 - -0,25|-0,25 - -0,5|-0,25 - -0,5|0 - -0,25|0 - -0,25|0 - -0,25|1
USDTNGN|0000000000|False|0 - -0,25|0 - -0,25|0 - -0,25|0,25 - 0,5|0 - -0,25|-0,25 - -0,5|-0,25 - -0,5|-0,25 - -0,5|0 - -0,25|0 - -0,25|1
USDTNGN|0000000000|False|0 - -0,25|0 - -0,25|0 - -0,25|0 - -0,25|0,25 - 0,5|-0,25 - -0,5|-0,25 - -0,5|-0,25 - -0,5|-0,25 - -0,5|0 - -0,25|1
USDTNGN|0000000000|False|0,0 - 0,25|0 - -0,25|0 - -0,25|0 - -0,25|0 - -0,25|0 - -0,25|0,25 - 0,5|0,25 - 0,5|0,25 - 0,5|0 - -0,25|1
USDTNGN|0000000000|False|0 - -0,25|0,0 - 0,25|0 - -0,25|0 - -0,25|0 - -0,25|0,25 - 0,5|0 - -0,25|0,25 - 0,5|0,25 - 0,5|0,25 - 0,5|1
USDTNGN|0000000000|False|0 - -0,25|0 - -0,25|0,0 - 0,25|0 - -0,25|0 - -0,25|-0,25 - -0,5|0,25 - 0,5|0 - -0,25|0,25 - 0,5|0,25 - 0,5|1
USDTNGN|0000000000|False|0 - -0,25|0 - -0,25|0 - -0,25|0,0 - 0,25|0 - -0,25|-0,25 - -0,5|-0,25 - -0,5|0,25 - 0,5|0 - -0,25|0,25 - 0,5|1
USDTNGN|0000000000|False|0 - -0,25|0 - -0,25|0 - -0,25|0 - -0,25|0,0 - 0,25|-0,25 - -0,5|-0,25 - -0,5|-0,25 - -0,5|0,25 - 0,5|0 - -0,25|1
USDTNGN|0000000000|False|0 - -0,25|0 - -0,25|0 - -0,25|0 - -0,25|0 - -0,25|0,0 - 0,25|-0,25 - -0,5|-0,25 - -0,5|-0,25 - -0,5|0,25 - 0,5|1
USDTNGN|0000000000|False|0 - -0,25|0 - -0,25|0 - -0,25|0 - -0,25|0 - -0,25|-0,25 - -0,5|0,0 - 0,25|-0,25 - -0,5|-0,25 - -0,5|-0,25 - -0,5|1
USDTNGN|0000000000|False|0 - -0,25|0 - -0,25|0 - -0,25|0 - -0,25|0 - -0,25|0,0 - 0,25|-0,25 - -0,5|0,0 - 0,25|-0,25 - -0,5|-0,25 - -0,5|1
USDTNGN|0000000000|False|0 - -0,25|0 - -0,25|0 - -0,25|0 - -0,25|0 - -0,25|-0,25 - -0,5|0,0 - 0,25|-0,25 - -0,5|0,0 - 0,25|-0,25 - -0,5|1
USDTNGN|0000000000|False|0 - -0,25|0 - -0,25|0 - -0,25|0 - -0,25|0 - -0,25|-0,25 - -0,5|-0,25 - -0,5|0,0 - 0,25|-0,25 - -0,5|0,0 - 0,25|1
USDTNGN|0000000000|False|0 - -0,25|0 - -0,25|0 - -0,25|0 - -0,25|0 - -0,25|-0,25 - -0,5|-0,25 - -0,5|-0,25 - -0,5|0,0 - 0,25|-0,25 - -0,5|1
USDTNGN|0000000000|False|0 - -0,25|0 - -0,25|0 - -0,25|0 - -0,25|0 - -0,25|0,5 - 1|0 - -0,25|-0,25 - -0,5|-0,25 - -0,5|-0,25 - -0,5|1
USDTNGN|0000000000|False|0 - -0,25|0 - -0,25|0 - -0,25|0 - -0,25|0 - -0,25|0,5 - 1|0,5 - 1|0 - -0,25|-0,25 - -0,5|-0,25 - -0,5|1
USDTNGN|0000000000|False|0 - -0,25|0 - -0,25|0 - -0,25|0 - -0,25|0 - -0,25|0,5 - 1|0,5 - 1|0,5 - 1|0 - -0,25|-0,25 - -0,5|1
USDTNGN|0000000000|False|0 - -0,25|0 - -0,25|0 - -0,25|0 - -0,25|0 - -0,25|-0,25 - -0,5|-0,5 - -1|-0,5 - -1|-0,5 - -1|-0,5 - -1|1
USDTNGN|0000000000|False|0,0 - 0,25|0 - -0,25|0 - -0,25|0 - -0,25|0 - -0,25|0,0 - 0,25|-0,25 - -0,5|-0,5 - -1|-0,5 - -1|-0,5 - -1|1
USDTNGN|0000000000|False|0 - -0,25|0,0 - 0,25|0 - -0,25|0 - -0,25|0 - -0,25|0,0 - 0,25|0,0 - 0,25|-0,25 - -0,5|-0,5 - -1|-0,5 - -1|1
USDTNGN|0000000000|False|0 - -0,25|0 - -0,25|0,0 - 0,25|0 - -0,25|0 - -0,25|0 - -0,25|0,0 - 0,25|0,0 - 0,25|-0,25 - -0,5|-0,5 - -1|1
USDTNGN|0000000000|False|0 - -0,25|0 - -0,25|0 - -0,25|0,0 - 0,25|0 - -0,25|0 - -0,25|0 - -0,25|0,0 - 0,25|0,0 - 0,25|-0,25 - -0,5|1
USDTNGN|0000000000|False|0 - -0,25|0 - -0,25|0 - -0,25|0 - -0,25|0,0 - 0,25|0,25 - 0,5|0 - -0,25|0 - -0,25|0,0 - 0,25|0,0 - 0,25|1
USDTNGN|0000000000|False|0 - -0,25|0 - -0,25|0 - -0,25|0 - -0,25|0 - -0,25|0,25 - 0,5|0,25 - 0,5|0 - -0,25|0 - -0,25|0,0 - 0,25|1
USDTNGN|0000000000|False|0 - -0,25|0 - -0,25|0 - -0,25|0 - -0,25|0 - -0,25|0,0 - 0,25|0 - -0,25|0,25 - 0,5|0,25 - 0,5|0 - -0,25|1
USDTNGN|0000000000|False|0 - -0,25|0 - -0,25|0 - -0,25|0 - -0,25|0 - -0,25|0,0 - 0,25|0,0 - 0,25|0 - -0,25|0,25 - 0,5|0,25 - 0,5|1
USDTNGN|0000000000|False|0 - -0,25|0 - -0,25|0 - -0,25|0 - -0,25|0 - -0,25|-0,25 - -0,5|0,0 - 0,25|0,0 - 0,25|0 - -0,25|0,25 - 0,5|1
USDTNGN|0000000000|False|0 - -0,25|0 - -0,25|0 - -0,25|0 - -0,25|0 - -0,25|-0,25 - -0,5|-0,25 - -0,5|0,0 - 0,25|0,0 - 0,25|0 - -0,25|1
USDTNGN|0000000000|False|0 - -0,25|0 - -0,25|0 - -0,25|0 - -0,25|0 - -0,25|0,0 - 0,25|-0,25 - -0,5|-0,25 - -0,5|0,0 - 0,25|0,0 - 0,25|1
USDTNGN|0000000000|False|0 - -0,25|0 - -0,25|0 - -0,25|0 - -0,25|0 - -0,25|0,0 - 0,25|0,0 - 0,25|-0,25 - -0,5|-0,25 - -0,5|0,0 - 0,25|1
USDTNGN|0000000000|False|0 - -0,25|0 - -0,25|0 - -0,25|0 - -0,25|0 - -0,25|0 - -0,25|0,0 - 0,25|0,0 - 0,25|-0,25 - -0,5|-0,25 - -0,5|1
USDTNGN|0000000000|False|0,0 - 0,25|0 - -0,25|0 - -0,25|0 - -0,25|0 - -0,25|0 - -0,25|0 - -0,25|0,0 - 0,25|0,0 - 0,25|-0,25 - -0,5|1
USDTNGN|0000000000|False|0 - -0,25|0,0 - 0,25|0 - -0,25|0 - -0,25|0 - -0,25|0 - -0,25|0 - -0,25|0 - -0,25|0,0 - 0,25|0,0 - 0,25|1
USDTNGN|0000000000|False|0 - -0,25|0 - -0,25|0,0 - 0,25|0 - -0,25|0 - -0,25|0 - -0,25|0 - -0,25|0 - -0,25|0 - -0,25|0,0 - 0,25|1
USDTNGN|1000000000|False|0,25 - 0,5|0 - -0,25|0 - -0,25|0 - -0,25|0 - -0,25|0,0 - 0,25|0 - -0,25|0 - -0,25|0 - -0,25|0 - -0,25|1
USDTNGN|0010000000|False|0,0 - 0,25|0 - -0,25|0,25 - 0,5|0 - -0,25|0 - -0,25|0 - -0,25|0,0 - 0,25|0,0 - 0,25|0 - -0,25|0 - -0,25|1
USDTNGN|0001000000|False|0 - -0,25|0,0 - 0,25|0 - -0,25|0,25 - 0,5|0 - -0,25|0,0 - 0,25|0 - -0,25|0,0 - 0,25|0,0 - 0,25|0 - -0,25|1
USDTNGN|0000100000|False|0 - -0,25|0 - -0,25|0,0 - 0,25|0 - -0,25|0,25 - 0,5|0,0 - 0,25|0,0 - 0,25|0 - -0,25|0,0 - 0,25|0,0 - 0,25|1
USDTNGN|0000010000|False|0 - -0,25|0 - -0,25|0 - -0,25|0,0 - 0,25|0 - -0,25|0,25 - 0,5|0,0 - 0,25|0,0 - 0,25|0 - -0,25|0,0 - 0,25|1
USDTNGN|0000001000|False|0,0 - 0,25|0 - -0,25|0 - -0,25|0 - -0,25|0,0 - 0,25|-0,25 - -0,5|0,25 - 0,5|0,0 - 0,25|0,0 - 0,25|0 - -0,25|1
USDTNGN|0000000100|False|0 - -0,25|0,0 - 0,25|0 - -0,25|0 - -0,25|0 - -0,25|0 - -0,25|-0,25 - -0,5|0,25 - 0,5|0,0 - 0,25|0,0 - 0,25|1
USDTNGN|0000000010|False|0 - -0,25|0 - -0,25|0,0 - 0,25|0 - -0,25|0 - -0,25|-0,25 - -0,5|0 - -0,25|-0,25 - -0,5|0,25 - 0,5|0,0 - 0,25|1
USDTNGN|0000000001|False|0 - -0,25|0 - -0,25|0 - -0,25|0,0 - 0,25|0 - -0,25|-0,25 - -0,5|-0,25 - -0,5|0 - -0,25|-0,25 - -0,5|0,25 - 0,5|1
USDTNGN|0000000000|False|0 - -0,25|0 - -0,25|0 - -0,25|0 - -0,25|0,0 - 0,25|-0,25 - -0,5|-0,25 - -0,5|-0,25 - -0,5|0 - -0,25|-0,25 - -0,5|1
USDTNGN|0000000000|False|0 - -0,25|0 - -0,25|0 - -0,25|0 - -0,25|0 - -0,25|0,0 - 0,25|-0,25 - -0,5|-0,25 - -0,5|-0,25 - -0,5|0 - -0,25|1
USDTNGN|0000000000|False|0 - -0,25|0 - -0,25|0 - -0,25|0 - -0,25|0 - -0,25|0,25 - 0,5|0,25 - 0,5|0,25 - 0,5|0,25 - 0,5|0,0 - 0,25|1
USDTNGN|0000000000|False|0 - -0,25|0 - -0,25|0 - -0,25|0 - -0,25|0 - -0,25|0 - -0,25|-0,25 - -0,5|0 - -0,25|0 - -0,25|0 - -0,25|1
USDTNGN|0000000000|False|0 - -0,25|0 - -0,25|0 - -0,25|0 - -0,25|0 - -0,25|0 - -0,25|0,25 - 0,5|0 - -0,25|0 - -0,25|0 - -0,25|1
USDTNGN|0000000000|False|0 - -0,25|0 - -0,25|0 - -0,25|0 - -0,25|0 - -0,25|-0,25 - -0,5|0 - -0,25|0,25 - 0,5|0 - -0,25|0 - -0,25|1
USDTNGN|0000000000|False|0 - -0,25|0 - -0,25|0 - -0,25|0 - -0,25|0 - -0,25|-0,25 - -0,5|-0,25 - -0,5|0 - -0,25|0,25 - 0,5|0 - -0,25|1
USDTNGN|0000000000|False|0,25 - 0,5|0 - -0,25|0 - -0,25|0 - -0,25|0 - -0,25|0 - -0,25|-0,25 - -0,5|-0,25 - -0,5|-0,25 - -0,5|-0,25 - -0,5|1
USDTNGN|0000000000|False|0 - -0,25|0,25 - 0,5|0 - -0,25|0 - -0,25|0 - -0,25|0 - -0,25|0 - -0,25|-0,25 - -0,5|-0,25 - -0,5|-0,25 - -0,5|1
USDTNGN|0000000000|False|0 - -0,25|0 - -0,25|0,25 - 0,5|0 - -0,25|0 - -0,25|0 - -0,25|0 - -0,25|0 - -0,25|-0,25 - -0,5|-0,25 - -0,5|1
USDTNGN|0000000000|False|0 - -0,25|0 - -0,25|0 - -0,25|0,25 - 0,5|0 - -0,25|0 - -0,25|0 - -0,25|0 - -0,25|0 - -0,25|-0,25 - -0,5|1
USDTNGN|0000000000|False|0 - -0,25|0 - -0,25|0 - -0,25|0 - -0,25|0,25 - 0,5|0 - -0,25|0 - -0,25|0 - -0,25|0 - -0,25|0 - -0,25|1
