WANUSDT||True||||||3
WANUSDT||False||||||2
WANUSDT|01011|True|0 - -0,25|0,0 - 0,25|0,0 - 0,25|0,0 - 0,25|0,0 - 0,25|1
WANUSDT|10101|False|0,0 - 0,25|0 - -0,25|0,0 - 0,25|0,0 - 0,25|0,0 - 0,25|4
WANUSDT|01010|False|0,0 - 0,25|0,0 - 0,25|0 - -0,25|0,0 - 0,25|0,0 - 0,25|3
WANUSDT|00101|True|0,0 - 0,25|0,0 - 0,25|0,0 - 0,25|0 - -0,25|0,0 - 0,25|2
WANUSDT|10010|False|0,0 - 0,25|0,0 - 0,25|0,0 - 0,25|0,0 - 0,25|0 - -0,25|4
WANUSDT|01001|False|0 - -0,25|0,0 - 0,25|0,0 - 0,25|0,0 - 0,25|0,0 - 0,25|2
WANUSDT|00100|False|0,0 - 0,25|0 - -0,25|0,0 - 0,25|0,0 - 0,25|0,0 - 0,25|3
WANUSDT|00010|True|0 - -0,25|0,0 - 0,25|0 - -0,25|0,0 - 0,25|0,0 - 0,25|2
WANUSDT|10001|True|0,0 - 0,25|0 - -0,25|0,0 - 0,25|0 - -0,25|0,0 - 0,25|1
WANUSDT|11000|False|0,0 - 0,25|0,0 - 0,25|0 - -0,25|0,0 - 0,25|0 - -0,25|1
WANUSDT|01100|False|0,0 - 0,25|0,0 - 0,25|0,0 - 0,25|0 - -0,25|0,0 - 0,25|2
WANUSDT|00110|True|0,0 - 0,25|0,0 - 0,25|0,0 - 0,25|0,0 - 0,25|0 - -0,25|2
WANUSDT|10011|True|0,0 - 0,25|0,0 - 0,25|0,0 - 0,25|0,0 - 0,25|0,0 - 0,25|5
WANUSDT|11001|False|0,0 - 0,25|0,0 - 0,25|0,0 - 0,25|0,0 - 0,25|0,0 - 0,25|6
WANUSDT|01100|False|0,0 - 0,25|0,0 - 0,25|0,0 - 0,25|0,0 - 0,25|0,0 - 0,25|6
WANUSDT|00110|True|0,0 - 0,25|0,0 - 0,25|0,0 - 0,25|0,0 - 0,25|0,0 - 0,25|7
WANUSDT|10011|False|0,0 - 0,25|0,0 - 0,25|0,0 - 0,25|0,0 - 0,25|0,0 - 0,25|9
WANUSDT|01001|True|0,0 - 0,25|0,0 - 0,25|0,0 - 0,25|0,0 - 0,25|0,0 - 0,25|7
WANUSDT|10100|False|0,0 - 0,25|0,0 - 0,25|0,0 - 0,25|0,0 - 0,25|0,0 - 0,25|8
WANUSDT|01010|False|0,0 - 0,25|0,0 - 0,25|0,0 - 0,25|0,0 - 0,25|0,0 - 0,25|8
WANUSDT|00101|True|0,0 - 0,25|0,0 - 0,25|0,0 - 0,25|0,0 - 0,25|0,0 - 0,25|4
WANUSDT|10010|False|0,0 - 0,25|0,0 - 0,25|0,0 - 0,25|0,0 - 0,25|0,0 - 0,25|7
WANUSDT|10100|True|0,0 - 0,25|0,0 - 0,25|0,0 - 0,25|0,0 - 0,25|0,0 - 0,25|3
WANUSDT|11010|False|0,0 - 0,25|0,0 - 0,25|0,0 - 0,25|0,0 - 0,25|0,0 - 0,25|8
WANUSDT|01101|False|0,0 - 0,25|0,0 - 0,25|0,0 - 0,25|0,0 - 0,25|0,0 - 0,25|7
WANUSDT|00110|False|0,0 - 0,25|0,0 - 0,25|0,0 - 0,25|0,0 - 0,25|0,0 - 0,25|8
WANUSDT|00011|False|0,0 - 0,25|0,0 - 0,25|0,0 - 0,25|0,0 - 0,25|0,0 - 0,25|6
WANUSDT|00001|False|0,0 - 0,25|0,0 - 0,25|0,0 - 0,25|0,0 - 0,25|0,0 - 0,25|7
WANUSDT|00000|True|0,5 - 1|0,0 - 0,25|0,0 - 0,25|0,0 - 0,25|0,0 - 0,25|1
WANUSDT|10000|False|0,0 - 0,25|0,5 - 1|0,0 - 0,25|0,0 - 0,25|0,0 - 0,25|1
WANUSDT|01000|True|0 - -0,25|0,0 - 0,25|0,5 - 1|0,0 - 0,25|0,0 - 0,25|1
WANUSDT|10100|False|0,0 - 0,25|0 - -0,25|0,0 - 0,25|0,5 - 1|0,0 - 0,25|1
WANUSDT|01010|True|0,0 - 0,25|0,0 - 0,25|0 - -0,25|0,0 - 0,25|0,5 - 1|1
WANUSDT|10101|False|0,0 - 0,25|0,0 - 0,25|0,0 - 0,25|0 - -0,25|0,0 - 0,25|4
WANUSDT|01010|False|0 - -0,25|0,0 - 0,25|0,0 - 0,25|0,0 - 0,25|0 - -0,25|1
WANUSDT|00101|True|0,0 - 0,25|0 - -0,25|0,0 - 0,25|0,0 - 0,25|0,0 - 0,25|5
WANUSDT|10010|True|0,0 - 0,25|0,0 - 0,25|0 - -0,25|0,0 - 0,25|0,0 - 0,25|1
WANUSDT|11001|False|0,0 - 0,25|0,0 - 0,25|0,0 - 0,25|0 - -0,25|0,0 - 0,25|1
WANUSDT|01100|False|0,0 - 0,25|0,0 - 0,25|0,0 - 0,25|0,0 - 0,25|0 - -0,25|3
WANUSDT|00110|False|0 - -0,25|0,0 - 0,25|0,0 - 0,25|0,0 - 0,25|0,0 - 0,25|2
WANUSDT|00011|True|0,0 - 0,25|0 - -0,25|0,0 - 0,25|0,0 - 0,25|0,0 - 0,25|2
WANUSDT|10001|True|0,0 - 0,25|0,0 - 0,25|0 - -0,25|0,0 - 0,25|0,0 - 0,25|3
WANUSDT|11000|False|0,25 - 0,5|0,0 - 0,25|0,0 - 0,25|0 - -0,25|0,0 - 0,25|1
WANUSDT|01100|True|0,25 - 0,5|0,25 - 0,5|0,0 - 0,25|0,0 - 0,25|0 - -0,25|1
WANUSDT|10110|False|0,0 - 0,25|0,25 - 0,5|0,25 - 0,5|0,0 - 0,25|0,0 - 0,25|1
WANUSDT|01011|False|0 - -0,25|0,0 - 0,25|0,25 - 0,5|0,25 - 0,5|0,0 - 0,25|1
WANUSDT|00101|False|0,0 - 0,25|0 - -0,25|0,0 - 0,25|0,25 - 0,5|0,25 - 0,5|1
WANUSDT|00010|True|0,0 - 0,25|0,0 - 0,25|0 - -0,25|0,0 - 0,25|0,25 - 0,5|2
WANUSDT|10001|True|0,25 - 0,5|0,0 - 0,25|0,0 - 0,25|0 - -0,25|0,0 - 0,25|1
WANUSDT|11000|False|0,0 - 0,25|0,25 - 0,5|0,0 - 0,25|0,0 - 0,25|0 - -0,25|1
WANUSDT|01100|True|0,0 - 0,25|0,0 - 0,25|0,25 - 0,5|0,0 - 0,25|0,0 - 0,25|1
WANUSDT|10110|True|0,0 - 0,25|0,0 - 0,25|0,0 - 0,25|0,25 - 0,5|0,0 - 0,25|1
WANUSDT|11011|True|0,0 - 0,25|0,0 - 0,25|0,0 - 0,25|0,0 - 0,25|0,25 - 0,5|1
WANUSDT|11101|False|0,0 - 0,25|0,0 - 0,25|0,0 - 0,25|0,0 - 0,25|0,0 - 0,25|2
WANUSDT|01110|False|0,0 - 0,25|0,0 - 0,25|0,0 - 0,25|0,0 - 0,25|0,0 - 0,25|2
WANUSDT|00111|True|0,0 - 0,25|0,0 - 0,25|0,0 - 0,25|0,0 - 0,25|0,0 - 0,25|4
WANUSDT|00011|False|0,5 - 1|0,0 - 0,25|0,0 - 0,25|0,0 - 0,25|0,0 - 0,25|1
WANUSDT|00001|True|0,5 - 1|0,5 - 1|0,0 - 0,25|0,0 - 0,25|0,0 - 0,25|1
WANUSDT|10000|True|0,25 - 0,5|0,5 - 1|0,5 - 1|0,0 - 0,25|0,0 - 0,25|1
WANUSDT|11000|False|0,25 - 0,5|0,25 - 0,5|0,5 - 1|0,5 - 1|0,0 - 0,25|1
WANUSDT|01100|True|0,25 - 0,5|0,25 - 0,5|0,25 - 0,5|0,5 - 1|0,5 - 1|1
WANUSDT|10110|False|0,25 - 0,5|0,25 - 0,5|0,25 - 0,5|0,25 - 0,5|0,5 - 1|1
WANUSDT|01011|False|0,0 - 0,25|0,25 - 0,5|0,25 - 0,5|0,25 - 0,5|0,25 - 0,5|1
WANUSDT|00101|False|0,0 - 0,25|0,0 - 0,25|0,25 - 0,5|0,25 - 0,5|0,25 - 0,5|1
WANUSDT|00010|False|0,25 - 0,5|0,0 - 0,25|0,0 - 0,25|0,25 - 0,5|0,25 - 0,5|2
WANUSDT|00001|True|0,0 - 0,25|0,25 - 0,5|0,0 - 0,25|0,0 - 0,25|0,25 - 0,5|1
WANUSDT|10000|False|0,25 - 0,5|0,0 - 0,25|0,25 - 0,5|0,0 - 0,25|0,0 - 0,25|2
WANUSDT|01000|True|0,0 - 0,25|0,25 - 0,5|0,0 - 0,25|0,25 - 0,5|0,0 - 0,25|2
WANUSDT|10100|True|0,0 - 0,25|0,0 - 0,25|0,25 - 0,5|0,0 - 0,25|0,25 - 0,5|3
WANUSDT|11010|False|0,0 - 0,25|0,0 - 0,25|0,0 - 0,25|0,25 - 0,5|0,0 - 0,25|2
WANUSDT|01101|False|0 - -0,25|0,0 - 0,25|0,0 - 0,25|0,0 - 0,25|0,25 - 0,5|1
WANUSDT|00110|False|0,0 - 0,25|0 - -0,25|0,0 - 0,25|0,0 - 0,25|0,0 - 0,25|3
WANUSDT|00011|True|0,25 - 0,5|0,0 - 0,25|0 - -0,25|0,0 - 0,25|0,0 - 0,25|1
WANUSDT|10001|False|0,0 - 0,25|0,25 - 0,5|0,0 - 0,25|0 - -0,25|0,0 - 0,25|1
WANUSDT|01000|False|0,0 - 0,25|0,0 - 0,25|0,25 - 0,5|0,0 - 0,25|0 - -0,25|1
WANUSDT|00100|False|0 - -0,25|0,0 - 0,25|0,0 - 0,25|0,25 - 0,5|0,0 - 0,25|1
WANUSDT|00010|True|0,0 - 0,25|0 - -0,25|0,0 - 0,25|0,0 - 0,25|0,25 - 0,5|1
WANUSDT|10001|False|0,0 - 0,25|0,0 - 0,25|0 - -0,25|0,0 - 0,25|0,0 - 0,25|3
WANUSDT|01000|False|0,0 - 0,25|0,0 - 0,25|0,0 - 0,25|0 - -0,25|0,0 - 0,25|3
WANUSDT|00100|False|0,0 - 0,25|0,0 - 0,25|0,0 - 0,25|0,0 - 0,25|0 - -0,25|2
WANUSDT|00010|False|0,0 - 0,25|0,0 - 0,25|0,0 - 0,25|0,0 - 0,25|0,0 - 0,25|11
WANUSDT|00001|True|0 - -0,25|0,0 - 0,25|0,0 - 0,25|0,0 - 0,25|0,0 - 0,25|3
WANUSDT|10000|True|0,25 - 0,5|0 - -0,25|0,0 - 0,25|0,0 - 0,25|0,0 - 0,25|1
WANUSDT|11000|False|0,0 - 0,25|0,25 - 0,5|0 - -0,25|0,0 - 0,25|0,0 - 0,25|1
WANUSDT|01100|False|0,0 - 0,25|0,0 - 0,25|0,25 - 0,5|0 - -0,25|0,0 - 0,25|1
WANUSDT|00110|True|0 - -0,25|0,0 - 0,25|0,0 - 0,25|0,25 - 0,5|0 - -0,25|1
WANUSDT|10011|True|0,5 - 1|0 - -0,25|0,0 - 0,25|0,0 - 0,25|0,25 - 0,5|1
WANUSDT|11001|False|0,25 - 0,5|0,5 - 1|0 - -0,25|0,0 - 0,25|0,0 - 0,25|1
WANUSDT|01100|True|0,0 - 0,25|0,25 - 0,5|0,5 - 1|0 - -0,25|0,0 - 0,25|1
WANUSDT|10110|False|0,0 - 0,25|0,0 - 0,25|0,25 - 0,5|0,5 - 1|0 - -0,25|1
WANUSDT|01011|False|0,0 - 0,25|0,0 - 0,25|0,0 - 0,25|0,25 - 0,5|0,5 - 1|1
WANUSDT|00101|False|0,25 - 0,5|0,0 - 0,25|0,0 - 0,25|0,0 - 0,25|0,25 - 0,5|1
WANUSDT|00010|False|0 - -0,25|0,25 - 0,5|0,0 - 0,25|0,0 - 0,25|0,0 - 0,25|1
WANUSDT|00001|True|0,0 - 0,25|0 - -0,25|0,25 - 0,5|0,0 - 0,25|0,0 - 0,25|1
WANUSDT|10000|True|0,0 - 0,25|0,0 - 0,25|0 - -0,25|0,25 - 0,5|0,0 - 0,25|1
WANUSDT|11000|False|0,0 - 0,25|0,0 - 0,25|0,0 - 0,25|0 - -0,25|0,25 - 0,5|1
WANUSDT|01100|True|0,0 - 0,25|0,0 - 0,25|0,0 - 0,25|0,0 - 0,25|0 - -0,25|2
WANUSDT|10110|False|0,0 - 0,25|0,0 - 0,25|0,0 - 0,25|0,0 - 0,25|0,0 - 0,25|7
WANUSDT|01011|False|0,0 - 0,25|0,0 - 0,25|0,0 - 0,25|0,0 - 0,25|0,0 - 0,25|6
WANUSDT|01001|True|0,25 - 0,5|0,0 - 0,25|0,0 - 0,25|0,0 - 0,25|0,0 - 0,25|3
WANUSDT|10100|False|0,0 - 0,25|0,25 - 0,5|0,0 - 0,25|0,0 - 0,25|0,0 - 0,25|2
WANUSDT|01010|False|0 - -0,25|0,0 - 0,25|0,25 - 0,5|0,0 - 0,25|0,0 - 0,25|1
WANUSDT|00101|False|0 - -0,25|0 - -0,25|0,0 - 0,25|0,25 - 0,5|0,0 - 0,25|1
WANUSDT|00010|True|0,0 - 0,25|0 - -0,25|0 - -0,25|0,0 - 0,25|0,25 - 0,5|2
WANUSDT|10001|False|0,0 - 0,25|0,0 - 0,25|0 - -0,25|0 - -0,25|0,0 - 0,25|2
WANUSDT|01000|True|0,0 - 0,25|0,0 - 0,25|0,0 - 0,25|0 - -0,25|0 - -0,25|1
WANUSDT|10100|True|0,0 - 0,25|0,0 - 0,25|0,0 - 0,25|0,0 - 0,25|0 - -0,25|3
WANUSDT|01101|True|0,0 - 0,25|0,0 - 0,25|0,0 - 0,25|0,0 - 0,25|0,0 - 0,25|3
WANUSDT|01011|True|0,25 - 0,5|0,0 - 0,25|0,0 - 0,25|0,0 - 0,25|0,0 - 0,25|1
WANUSDT|10101|True|0,0 - 0,25|0,25 - 0,5|0,0 - 0,25|0,0 - 0,25|0,0 - 0,25|1
WANUSDT|11010|True|0,0 - 0,25|0,0 - 0,25|0,25 - 0,5|0,0 - 0,25|0,0 - 0,25|1
WANUSDT|11101|False|0,0 - 0,25|0,0 - 0,25|0,0 - 0,25|0,25 - 0,5|0,0 - 0,25|1
WANUSDT|01110|False|0,0 - 0,25|0,0 - 0,25|0,0 - 0,25|0,0 - 0,25|0,25 - 0,5|1
WANUSDT|10001|False|0,25 - 0,5|0 - -0,25|0,0 - 0,25|0 - -0,25|0,0 - 0,25|1
WANUSDT|01000|False|0,0 - 0,25|0,25 - 0,5|0 - -0,25|0,0 - 0,25|0 - -0,25|1
WANUSDT|00100|False|0,0 - 0,25|0,0 - 0,25|0,25 - 0,5|0 - -0,25|0,0 - 0,25|1
WANUSDT|00010|False|0,0 - 0,25|0,0 - 0,25|0,0 - 0,25|0,25 - 0,5|0 - -0,25|1
WANUSDT|00001|False|0,0 - 0,25|0,0 - 0,25|0,0 - 0,25|0,0 - 0,25|0,25 - 0,5|1
WANUSDT|00000|False|0 - -0,25|0,0 - 0,25|0,0 - 0,25|0,0 - 0,25|0,0 - 0,25|1
WANUSDT|00000|True|0,0 - 0,25|0 - -0,25|0,0 - 0,25|0,0 - 0,25|0,0 - 0,25|4
WANUSDT|10000|True|0,25 - 0,5|0,0 - 0,25|0 - -0,25|0,0 - 0,25|0,0 - 0,25|1
WANUSDT|11000|False|0,0 - 0,25|0,25 - 0,5|0,0 - 0,25|0 - -0,25|0,0 - 0,25|1
WANUSDT|01100|True|0,0 - 0,25|0,0 - 0,25|0,25 - 0,5|0,0 - 0,25|0 - -0,25|1
WANUSDT|10110|False|0,0 - 0,25|0,0 - 0,25|0,0 - 0,25|0,25 - 0,5|0,0 - 0,25|1
WANUSDT|01011|False|0 - -0,25|0,0 - 0,25|0,0 - 0,25|0,0 - 0,25|0,25 - 0,5|1
WANUSDT|10010|False|0,0 - 0,25|0,0 - 0,25|0 - -0,25|0,0 - 0,25|0,0 - 0,25|7
WANUSDT|01001|True|0,0 - 0,25|0,0 - 0,25|0,0 - 0,25|0 - -0,25|0,0 - 0,25|5
WANUSDT|11010|True|0,0 - 0,25|0,0 - 0,25|0,0 - 0,25|0,0 - 0,25|0,0 - 0,25|4
WANUSDT|01110|True|0 - -0,25|0,0 - 0,25|0,0 - 0,25|0,0 - 0,25|0,0 - 0,25|2
WANUSDT|10111|True|0,0 - 0,25|0 - -0,25|0,0 - 0,25|0,0 - 0,25|0,0 - 0,25|1
WANUSDT|11011|False|0,0 - 0,25|0,0 - 0,25|0 - -0,25|0,0 - 0,25|0,0 - 0,25|1
WANUSDT|01101|False|0,0 - 0,25|0,0 - 0,25|0,0 - 0,25|0 - -0,25|0,0 - 0,25|1
WANUSDT|00110|False|0,0 - 0,25|0,0 - 0,25|0,0 - 0,25|0,0 - 0,25|0 - -0,25|2
WANUSDT|00011|False|0 - -0,25|0,0 - 0,25|0,0 - 0,25|0,0 - 0,25|0,0 - 0,25|1
WANUSDT|00001|False|0 - -0,25|0 - -0,25|0,0 - 0,25|0,0 - 0,25|0,0 - 0,25|2
WANUSDT|00000|False|0 - -0,25|0 - -0,25|0 - -0,25|0,0 - 0,25|0,0 - 0,25|1
WANUSDT|00000|False|0,0 - 0,25|0 - -0,25|0 - -0,25|0 - -0,25|0,0 - 0,25|1
WANUSDT|00000|False|0,0 - 0,25|0,0 - 0,25|0 - -0,25|0 - -0,25|0 - -0,25|2
WANUSDT|00000|True|0,0 - 0,25|0,0 - 0,25|0,0 - 0,25|0 - -0,25|0 - -0,25|2
WANUSDT|10000|False|0,0 - 0,25|0,0 - 0,25|0,0 - 0,25|0,0 - 0,25|0 - -0,25|3
WANUSDT|01000|True|0 - -0,25|0,0 - 0,25|0,0 - 0,25|0,0 - 0,25|0,0 - 0,25|1
WANUSDT|10100|True|0,0 - 0,25|0 - -0,25|0,0 - 0,25|0,0 - 0,25|0,0 - 0,25|3
WANUSDT|11010|True|0,0 - 0,25|0,0 - 0,25|0 - -0,25|0,0 - 0,25|0,0 - 0,25|3
WANUSDT|11101|False|0,0 - 0,25|0,0 - 0,25|0,0 - 0,25|0 - -0,25|0,0 - 0,25|3
WANUSDT|01110|True|0,0 - 0,25|0,0 - 0,25|0,0 - 0,25|0,0 - 0,25|0 - -0,25|1
WANUSDT|10111|True|0,0 - 0,25|0,0 - 0,25|0,0 - 0,25|0,0 - 0,25|0,0 - 0,25|2
WANUSDT|11011|False|0,0 - 0,25|0,0 - 0,25|0,0 - 0,25|0,0 - 0,25|0,0 - 0,25|4
WANUSDT|01001|True|0 - -0,25|0,0 - 0,25|0,0 - 0,25|0,0 - 0,25|0,0 - 0,25|3
WANUSDT|11010|False|0,0 - 0,25|0,0 - 0,25|0 - -0,25|0,0 - 0,25|0,0 - 0,25|1
WANUSDT|01101|True|0 - -0,25|0,0 - 0,25|0,0 - 0,25|0 - -0,25|0,0 - 0,25|1
WANUSDT|10110|False|0,0 - 0,25|0 - -0,25|0,0 - 0,25|0,0 - 0,25|0 - -0,25|1
WANUSDT|01011|True|0,0 - 0,25|0,0 - 0,25|0 - -0,25|0,0 - 0,25|0,0 - 0,25|3
WANUSDT|01010|True|0,0 - 0,25|0,0 - 0,25|0,0 - 0,25|0,0 - 0,25|0 - -0,25|2
WANUSDT|10101|False|0,0 - 0,25|0,0 - 0,25|0,0 - 0,25|0,0 - 0,25|0,0 - 0,25|6
WANUSDT|01010|True|0,0 - 0,25|0,0 - 0,25|0,0 - 0,25|0,0 - 0,25|0,0 - 0,25|7
WANUSDT|10101|True|0,0 - 0,25|0,0 - 0,25|0,0 - 0,25|0,0 - 0,25|0,0 - 0,25|5
WANUSDT|11101|True|0,0 - 0,25|0,0 - 0,25|0,0 - 0,25|0,0 - 0,25|0,0 - 0,25|3
WANUSDT|11110|False|0,0 - 0,25|0,0 - 0,25|0,0 - 0,25|0,0 - 0,25|0,0 - 0,25|5
WANUSDT|01111|False|0,0 - 0,25|0,0 - 0,25|0,0 - 0,25|0,0 - 0,25|0,0 - 0,25|5
WANUSDT|00111|False|0,0 - 0,25|0,0 - 0,25|0,0 - 0,25|0,0 - 0,25|0,0 - 0,25|3
WANUSDT|00000|True|0,0 - 0,25|0,0 - 0,25|0,0 - 0,25|0,0 - 0,25|0,0 - 0,25|6
WANUSDT|10000|True|0,0 - 0,25|0,0 - 0,25|0,0 - 0,25|0,0 - 0,25|0,0 - 0,25|3
WANUSDT|11000|True|0,0 - 0,25|0,0 - 0,25|0,0 - 0,25|0,0 - 0,25|0,0 - 0,25|5
WANUSDT|11100|False|0,0 - 0,25|0,0 - 0,25|0,0 - 0,25|0,0 - 0,25|0,0 - 0,25|4
WANUSDT|10111|False|0,0 - 0,25|0 - -0,25|0,0 - 0,25|0,0 - 0,25|0,0 - 0,25|2
WANUSDT|10101|True|0,25 - 0,5|0,0 - 0,25|0,0 - 0,25|0 - -0,25|0,0 - 0,25|1
WANUSDT|11010|False|0,0 - 0,25|0,25 - 0,5|0,0 - 0,25|0,0 - 0,25|0 - -0,25|1
WANUSDT|01101|False|0 - -0,25|0,0 - 0,25|0,25 - 0,5|0,0 - 0,25|0,0 - 0,25|1
WANUSDT|00110|False|0,0 - 0,25|0 - -0,25|0,0 - 0,25|0,25 - 0,5|0,0 - 0,25|1
WANUSDT|00011|False|0 - -0,25|0,0 - 0,25|0 - -0,25|0,0 - 0,25|0,25 - 0,5|1
WANUSDT|00001|False|0,0 - 0,25|0 - -0,25|0,0 - 0,25|0 - -0,25|0,0 - 0,25|3
WANUSDT|00000|False|0 - -0,25|0,0 - 0,25|0 - -0,25|0,0 - 0,25|0 - -0,25|2
WANUSDT|00000|False|0,0 - 0,25|0 - -0,25|0,0 - 0,25|0 - -0,25|0,0 - 0,25|1
WANUSDT|00000|False|0 - -0,25|0 - -0,25|0,0 - 0,25|0 - -0,25|0,0 - 0,25|1
WANUSDT|00000|True|0,0 - 0,25|0 - -0,25|0 - -0,25|0,0 - 0,25|0 - -0,25|1
WANUSDT|10000|True|0,0 - 0,25|0,0 - 0,25|0 - -0,25|0 - -0,25|0,0 - 0,25|1
WANUSDT|11000|True|0,0 - 0,25|0,0 - 0,25|0,0 - 0,25|0 - -0,25|0 - -0,25|1
WANUSDT|11100|False|0,0 - 0,25|0,0 - 0,25|0,0 - 0,25|0,0 - 0,25|0 - -0,25|1
WANUSDT|01110|True|0,0 - 0,25|0,0 - 0,25|0,0 - 0,25|0,0 - 0,25|0,0 - 0,25|2
WANUSDT|01101|False|0 - -0,25|0,0 - 0,25|0,0 - 0,25|0,0 - 0,25|0,0 - 0,25|1
WANUSDT|00011|False|0 - -0,25|0,0 - 0,25|0 - -0,25|0,0 - 0,25|0,0 - 0,25|2
WANUSDT|00000|True|0,0 - 0,25|0,0 - 0,25|0 - -0,25|0,0 - 0,25|0 - -0,25|1
WANUSDT|10000|True|0,0 - 0,25|0,0 - 0,25|0,0 - 0,25|0 - -0,25|0,0 - 0,25|1
WANUSDT|11000|True|0,0 - 0,25|0,0 - 0,25|0,0 - 0,25|0,0 - 0,25|0 - -0,25|2
WANUSDT|00111|False|0 - -0,25|0,0 - 0,25|0,0 - 0,25|0,0 - 0,25|0,0 - 0,25|1
WANUSDT|00011|False|0,0 - 0,25|0 - -0,25|0,0 - 0,25|0,0 - 0,25|0,0 - 0,25|1
WANUSDT|00001|False|0 - -0,25|0,0 - 0,25|0 - -0,25|0,0 - 0,25|0,0 - 0,25|1
WANUSDT|00000|True|0 - -0,25|0 - -0,25|0,0 - 0,25|0 - -0,25|0,0 - 0,25|1
WANUSDT|10000|False|0,0 - 0,25|0 - -0,25|0 - -0,25|0,0 - 0,25|0 - -0,25|1
WANUSDT|01000|True|0,0 - 0,25|0,0 - 0,25|0 - -0,25|0 - -0,25|0,0 - 0,25|1
WANUSDT|10100|False|0,0 - 0,25|0,0 - 0,25|0,0 - 0,25|0 - -0,25|0 - -0,25|2
WANUSDT|01010|False|0,0 - 0,25|0,0 - 0,25|0,0 - 0,25|0,0 - 0,25|0 - -0,25|5
WANUSDT|00101|True|0 - -0,25|0,0 - 0,25|0,0 - 0,25|0,0 - 0,25|0,0 - 0,25|5
WANUSDT|10010|False|0,0 - 0,25|0 - -0,25|0,0 - 0,25|0,0 - 0,25|0,0 - 0,25|4
WANUSDT|01001|True|0,0 - 0,25|0,0 - 0,25|0 - -0,25|0,0 - 0,25|0,0 - 0,25|1
WANUSDT|10100|False|0,0 - 0,25|0,0 - 0,25|0,0 - 0,25|0 - -0,25|0,0 - 0,25|4
WANUSDT|01010|True|0 - -0,25|0,0 - 0,25|0,0 - 0,25|0,0 - 0,25|0 - -0,25|2
WANUSDT|00101|False|0 - -0,25|0,0 - 0,25|0,0 - 0,25|0 - -0,25|0,0 - 0,25|2
WANUSDT|00010|False|0 - -0,25|0 - -0,25|0,0 - 0,25|0,0 - 0,25|0 - -0,25|1
WANUSDT|00001|False|0,0 - 0,25|0 - -0,25|0 - -0,25|0,0 - 0,25|0,0 - 0,25|2
WANUSDT|00000|True|0,0 - 0,25|0,0 - 0,25|0 - -0,25|0 - -0,25|0,0 - 0,25|1
WANUSDT|10000|False|0,0 - 0,25|0,0 - 0,25|0,0 - 0,25|0 - -0,25|0 - -0,25|1
WANUSDT|01000|True|0,0 - 0,25|0,0 - 0,25|0,0 - 0,25|0,0 - 0,25|0 - -0,25|3
WANUSDT|01010|True|0 - -0,25|0,0 - 0,25|0,0 - 0,25|0,0 - 0,25|0,0 - 0,25|3
WANUSDT|10101|False|0,5 - 1|0 - -0,25|0,0 - 0,25|0,0 - 0,25|0,0 - 0,25|1
WANUSDT|01010|False|0 - -0,25|0,5 - 1|0 - -0,25|0,0 - 0,25|0,0 - 0,25|1
WANUSDT|00101|False|0,0 - 0,25|0 - -0,25|0,5 - 1|0 - -0,25|0,0 - 0,25|1
WANUSDT|00010|False|0,25 - 0,5|0,0 - 0,25|0 - -0,25|0,5 - 1|0 - -0,25|1
WANUSDT|00001|False|0,0 - 0,25|0,25 - 0,5|0,0 - 0,25|0 - -0,25|0,5 - 1|1
WANUSDT|00000|False|0,0 - 0,25|0,0 - 0,25|0,25 - 0,5|0,0 - 0,25|0 - -0,25|1
WANUSDT|00000|False|0 - -0,25|0,0 - 0,25|0,0 - 0,25|0,25 - 0,5|0,0 - 0,25|1
WANUSDT|00000|False|0,0 - 0,25|0 - -0,25|0,0 - 0,25|0,0 - 0,25|0,25 - 0,5|1
WANUSDT|00000|True|0 - -0,25|0,0 - 0,25|0 - -0,25|0,0 - 0,25|0,0 - 0,25|1
WANUSDT|10000|False|0,0 - 0,25|0 - -0,25|0,0 - 0,25|0 - -0,25|0,0 - 0,25|1
WANUSDT|01000|True|0,0 - 0,25|0,0 - 0,25|0 - -0,25|0,0 - 0,25|0 - -0,25|1
WANUSDT|10010|True|0,0 - 0,25|0 - -0,25|0,0 - 0,25|0,0 - 0,25|0,0 - 0,25|2
WANUSDT|11001|True|0,0 - 0,25|0,0 - 0,25|0 - -0,25|0,0 - 0,25|0,0 - 0,25|1
WANUSDT|11100|True|0,0 - 0,25|0,0 - 0,25|0,0 - 0,25|0 - -0,25|0,0 - 0,25|1
WANUSDT|11110|True|0,0 - 0,25|0,0 - 0,25|0,0 - 0,25|0,0 - 0,25|0 - -0,25|1
WANUSDT|11111|False|0,0 - 0,25|0,0 - 0,25|0,0 - 0,25|0,0 - 0,25|0,0 - 0,25|2
WANUSDT|01001|False|0,0 - 0,25|0,0 - 0,25|0,0 - 0,25|0,0 - 0,25|0,0 - 0,25|5
WANUSDT|00100|False|0 - -0,25|0,0 - 0,25|0,0 - 0,25|0,0 - 0,25|0,0 - 0,25|3
WANUSDT|00010|True|0 - -0,25|0 - -0,25|0,0 - 0,25|0,0 - 0,25|0,0 - 0,25|1
WANUSDT|10001|True|0,0 - 0,25|0 - -0,25|0 - -0,25|0,0 - 0,25|0,0 - 0,25|1
WANUSDT|11000|False|0,25 - 0,5|0,0 - 0,25|0 - -0,25|0 - -0,25|0,0 - 0,25|1
WANUSDT|01100|True|0 - -0,25|0,25 - 0,5|0,0 - 0,25|0 - -0,25|0 - -0,25|1
WANUSDT|10110|False|0,0 - 0,25|0 - -0,25|0,25 - 0,5|0,0 - 0,25|0 - -0,25|1
WANUSDT|01011|False|0 - -0,25|0,0 - 0,25|0 - -0,25|0,25 - 0,5|0,0 - 0,25|1
WANUSDT|00101|False|0,0 - 0,25|0 - -0,25|0,0 - 0,25|0 - -0,25|0,25 - 0,5|1
WANUSDT|00010|True|0,0 - 0,25|0,0 - 0,25|0 - -0,25|0,0 - 0,25|0 - -0,25|1
WANUSDT|10001|False|0,0 - 0,25|0,0 - 0,25|0,0 - 0,25|0 - -0,25|0,0 - 0,25|2
WANUSDT|10101|True|0,0 - 0,25|0 - -0,25|0,0 - 0,25|0,0 - 0,25|0,0 - 0,25|1
WANUSDT|01110|False|0,0 - 0,25|0,0 - 0,25|0,0 - 0,25|0,0 - 0,25|0 - -0,25|1
WANUSDT|00101|False|0 - -0,25|0,0 - 0,25|0,0 - 0,25|0,0 - 0,25|0,0 - 0,25|3
WANUSDT|00010|True|0,0 - 0,25|0 - -0,25|0,0 - 0,25|0,0 - 0,25|0,0 - 0,25|4
WANUSDT|11000|False|0,0 - 0,25|0,0 - 0,25|0,0 - 0,25|0 - -0,25|0,0 - 0,25|3
WANUSDT|00110|True|0 - -0,25|0,0 - 0,25|0,0 - 0,25|0,0 - 0,25|0,0 - 0,25|1
WANUSDT|10011|False|0,0 - 0,25|0 - -0,25|0,0 - 0,25|0,0 - 0,25|0,0 - 0,25|1
WANUSDT|01001|False|0 - -0,25|0,0 - 0,25|0 - -0,25|0,0 - 0,25|0,0 - 0,25|2
WANUSDT|00100|True|0 - -0,25|0 - -0,25|0,0 - 0,25|0 - -0,25|0,0 - 0,25|1
WANUSDT|10010|False|0,0 - 0,25|0 - -0,25|0 - -0,25|0,0 - 0,25|0 - -0,25|1
WANUSDT|01001|True|0,0 - 0,25|0,0 - 0,25|0 - -0,25|0 - -0,25|0,0 - 0,25|1
WANUSDT|00101|False|0,0 - 0,25|0,0 - 0,25|0,0 - 0,25|0,0 - 0,25|0,0 - 0,25|8
WANUSDT|00010|False|0,25 - 0,5|0,0 - 0,25|0,0 - 0,25|0,0 - 0,25|0,0 - 0,25|2
WANUSDT|00001|True|0,0 - 0,25|0,25 - 0,5|0,0 - 0,25|0,0 - 0,25|0,0 - 0,25|2
WANUSDT|10000|False|0,0 - 0,25|0,0 - 0,25|0,25 - 0,5|0,0 - 0,25|0,0 - 0,25|2
WANUSDT|01000|False|0,0 - 0,25|0,0 - 0,25|0,0 - 0,25|0,25 - 0,5|0,0 - 0,25|2
WANUSDT|00100|False|0,0 - 0,25|0,0 - 0,25|0,0 - 0,25|0,0 - 0,25|0,25 - 0,5|3
WANUSDT|00001|False|0 - -0,25|0,0 - 0,25|0,0 - 0,25|0,0 - 0,25|0,0 - 0,25|3
WANUSDT|10000|False|0,0 - 0,25|0,0 - 0,25|0 - -0,25|0,0 - 0,25|0,0 - 0,25|4
WANUSDT|00100|True|0,0 - 0,25|0,0 - 0,25|0,0 - 0,25|0,0 - 0,25|0 - -0,25|2
WANUSDT|10010|True|0,0 - 0,25|0,0 - 0,25|0,0 - 0,25|0,0 - 0,25|0,0 - 0,25|2
WANUSDT|11001|False|0,25 - 0,5|0,0 - 0,25|0,0 - 0,25|0,0 - 0,25|0,0 - 0,25|1
WANUSDT|01100|True|0,0 - 0,25|0,25 - 0,5|0,0 - 0,25|0,0 - 0,25|0,0 - 0,25|2
WANUSDT|10110|True|0,0 - 0,25|0,0 - 0,25|0,25 - 0,5|0,0 - 0,25|0,0 - 0,25|2
WANUSDT|11011|False|0,0 - 0,25|0,0 - 0,25|0,0 - 0,25|0,25 - 0,5|0,0 - 0,25|2
WANUSDT|01101|True|0,0 - 0,25|0,0 - 0,25|0,0 - 0,25|0,0 - 0,25|0,25 - 0,5|1
WANUSDT|00010|False|0,0 - 0,25|0 - -0,25|0,0 - 0,25|0,0 - 0,25|0,0 - 0,25|1
WANUSDT|00001|False|0,0 - 0,25|0,0 - 0,25|0 - -0,25|0,0 - 0,25|0,0 - 0,25|3
WANUSDT|00000|True|0,0 - 0,25|0,0 - 0,25|0,0 - 0,25|0 - -0,25|0,0 - 0,25|3
WANUSDT|10000|True|0,0 - 0,25|0,0 - 0,25|0,0 - 0,25|0,0 - 0,25|0 - -0,25|2
WANUSDT|11000|False|0,0 - 0,25|0,0 - 0,25|0,0 - 0,25|0,0 - 0,25|0,0 - 0,25|6
WANUSDT|01100|False|0 - -0,25|0,0 - 0,25|0,0 - 0,25|0,0 - 0,25|0,0 - 0,25|2
WANUSDT|00110|False|0 - -0,25|0 - -0,25|0,0 - 0,25|0,0 - 0,25|0,0 - 0,25|1
WANUSDT|00011|False|0,0 - 0,25|0 - -0,25|0 - -0,25|0,0 - 0,25|0,0 - 0,25|1
WANUSDT|00001|True|0 - -0,25|0,0 - 0,25|0 - -0,25|0 - -0,25|0,0 - 0,25|1
WANUSDT|10000|False|0,0 - 0,25|0 - -0,25|0,0 - 0,25|0 - -0,25|0 - -0,25|1
WANUSDT|01000|False|0 - -0,25|0,0 - 0,25|0 - -0,25|0,0 - 0,25|0 - -0,25|1
WANUSDT|00100|False|0,25 - 0,5|0 - -0,25|0,0 - 0,25|0 - -0,25|0,0 - 0,25|1
WANUSDT|00010|False|0 - -0,25|0,25 - 0,5|0 - -0,25|0,0 - 0,25|0 - -0,25|1
WANUSDT|00001|True|0,0 - 0,25|0 - -0,25|0,25 - 0,5|0 - -0,25|0,0 - 0,25|1
WANUSDT|10000|False|0,0 - 0,25|0,0 - 0,25|0 - -0,25|0,25 - 0,5|0 - -0,25|1
WANUSDT|01000|False|0 - -0,25|0,0 - 0,25|0,0 - 0,25|0 - -0,25|0,25 - 0,5|1
WANUSDT|00100|False|0,0 - 0,25|0 - -0,25|0,0 - 0,25|0,0 - 0,25|0 - -0,25|2
WANUSDT|00010|False|0,0 - 0,25|0,0 - 0,25|0 - -0,25|0,0 - 0,25|0,0 - 0,25|2
WANUSDT|00001|True|0,0 - 0,25|0,0 - 0,25|0,0 - 0,25|0 - -0,25|0,0 - 0,25|1
WANUSDT|01000|False|0 - -0,25|0,0 - 0,25|0,0 - 0,25|0,0 - 0,25|0,0 - 0,25|3
WANUSDT|00100|True|0,0 - 0,25|0 - -0,25|0,0 - 0,25|0,0 - 0,25|0,0 - 0,25|2
WANUSDT|10100|False|0,0 - 0,25|0,0 - 0,25|0,0 - 0,25|0,0 - 0,25|0 - -0,25|4
WANUSDT|00100|False|0 - -0,25|0,0 - 0,25|0,0 - 0,25|0,0 - 0,25|0 - -0,25|1
WANUSDT|00010|False|0 - -0,25|0 - -0,25|0,0 - 0,25|0,0 - 0,25|0,0 - 0,25|1
WANUSDT|00000|False|0,0 - 0,25|0,0 - 0,25|0 - -0,25|0 - -0,25|0,0 - 0,25|2
WANUSDT|00000|True|0 - -0,25|0,0 - 0,25|0,0 - 0,25|0 - -0,25|0 - -0,25|1
WANUSDT|10000|False|0,0 - 0,25|0 - -0,25|0,0 - 0,25|0,0 - 0,25|0 - -0,25|1
WANUSDT|01000|True|0,0 - 0,25|0,0 - 0,25|0 - -0,25|0,0 - 0,25|0,0 - 0,25|3
WANUSDT|11001|False|0,0 - 0,25|0,0 - 0,25|0 - -0,25|0,0 - 0,25|0,0 - 0,25|1
WANUSDT|01100|True|0,0 - 0,25|0,0 - 0,25|0,0 - 0,25|0 - -0,25|0,0 - 0,25|1
WANUSDT|10110|False|0,0 - 0,25|0,0 - 0,25|0,0 - 0,25|0,0 - 0,25|0 - -0,25|1
WANUSDT|01001|False|0,0 - 0,25|0,0 - 0,25|0 - -0,25|0,0 - 0,25|0,0 - 0,25|1
WANUSDT|00100|True|0,0 - 0,25|0,0 - 0,25|0,0 - 0,25|0 - -0,25|0,0 - 0,25|1
WANUSDT|00100|True|0,0 - 0,25|0,0 - 0,25|0,0 - 0,25|0,0 - 0,25|0,0 - 0,25|3
WANUSDT|01101|True|0 - -0,25|0,0 - 0,25|0,0 - 0,25|0,0 - 0,25|0,0 - 0,25|1
WANUSDT|10110|False|0,0 - 0,25|0 - -0,25|0,0 - 0,25|0,0 - 0,25|0,0 - 0,25|1
WANUSDT|01010|True|0,0 - 0,25|0,0 - 0,25|0 - -0,25|0,0 - 0,25|0,0 - 0,25|1
WANUSDT|00010|False|0 - -0,25|0,0 - 0,25|0,0 - 0,25|0,0 - 0,25|0,0 - 0,25|1
WANUSDT|00001|True|0,0 - 0,25|0 - -0,25|0,0 - 0,25|0,0 - 0,25|0,0 - 0,25|1
WANUSDT|10000|True|0,0 - 0,25|0,0 - 0,25|0 - -0,25|0,0 - 0,25|0,0 - 0,25|1
WANUSDT|01110|False|0 - -0,25|0,0 - 0,25|0,0 - 0,25|0,0 - 0,25|0 - -0,25|1
WANUSDT|00111|False|0,0 - 0,25|0 - -0,25|0,0 - 0,25|0,0 - 0,25|0,0 - 0,25|2
WANUSDT|00011|False|0,0 - 0,25|0,0 - 0,25|0 - -0,25|0,0 - 0,25|0,0 - 0,25|3
WANUSDT|00001|False|0 - -0,25|0,0 - 0,25|0,0 - 0,25|0 - -0,25|0,0 - 0,25|3
WANUSDT|00000|False|0,0 - 0,25|0 - -0,25|0,0 - 0,25|0,0 - 0,25|0 - -0,25|2
WANUSDT|00000|True|0,0 - 0,25|0,0 - 0,25|0 - -0,25|0,0 - 0,25|0,0 - 0,25|2
WANUSDT|10000|False|0,0 - 0,25|0,0 - 0,25|0,0 - 0,25|0 - -0,25|0,0 - 0,25|1
WANUSDT|01000|False|0 - -0,25|0,0 - 0,25|0,0 - 0,25|0,0 - 0,25|0 - -0,25|1
WANUSDT|00010|True|0,0 - 0,25|0,0 - 0,25|0 - -0,25|0,0 - 0,25|0,0 - 0,25|1
WANUSDT|00100|False|0,0 - 0,25|0 - -0,25|0,0 - 0,25|0 - -0,25|0,0 - 0,25|1
WANUSDT|00010|False|0,0 - 0,25|0,0 - 0,25|0 - -0,25|0,0 - 0,25|0 - -0,25|1
WANUSDT|00001|True|0 - -0,25|0,0 - 0,25|0,0 - 0,25|0 - -0,25|0,0 - 0,25|1
WANUSDT|10000|True|0,0 - 0,25|0 - -0,25|0,0 - 0,25|0,0 - 0,25|0 - -0,25|1
WANUSDT|11000|False|0,0 - 0,25|0,0 - 0,25|0 - -0,25|0,0 - 0,25|0,0 - 0,25|2
WANUSDT|01100|False|0 - -0,25|0,0 - 0,25|0,0 - 0,25|0 - -0,25|0,0 - 0,25|1
WANUSDT|00110|False|0,0 - 0,25|0 - -0,25|0,0 - 0,25|0,0 - 0,25|0 - -0,25|1
WANUSDT|00001|True|0,25 - 0,5|0,0 - 0,25|0,0 - 0,25|0 - -0,25|0,0 - 0,25|2
WANUSDT|10000|True|0,0 - 0,25|0,25 - 0,5|0,0 - 0,25|0,0 - 0,25|0 - -0,25|1
WANUSDT|11000|False|0,0 - 0,25|0,0 - 0,25|0,25 - 0,5|0,0 - 0,25|0,0 - 0,25|3
WANUSDT|01100|True|0,0 - 0,25|0,0 - 0,25|0,0 - 0,25|0,25 - 0,5|0,0 - 0,25|2
WANUSDT|10110|False|0,0 - 0,25|0,0 - 0,25|0,0 - 0,25|0,0 - 0,25|0,25 - 0,5|1
WANUSDT|01011|True|0,0 - 0,25|0,0 - 0,25|0,0 - 0,25|0,0 - 0,25|0,0 - 0,25|2
WANUSDT|00001|True|0,0 - 0,25|0,0 - 0,25|0,0 - 0,25|0,0 - 0,25|0,0 - 0,25|1
WANUSDT|10000|False|0,0 - 0,25|0,0 - 0,25|0,0 - 0,25|0,0 - 0,25|0,0 - 0,25|3
WANUSDT|01001|False|0 - -0,25|0,0 - 0,25|0,0 - 0,25|0 - -0,25|0,0 - 0,25|1
WANUSDT|00100|True|0,0 - 0,25|0 - -0,25|0,0 - 0,25|0,0 - 0,25|0 - -0,25|1
WANUSDT|00000|False|0,0 - 0,25|0,0 - 0,25|0,0 - 0,25|0,0 - 0,25|0,0 - 0,25|8
WANUSDT|01000|False|0,0 - 0,25|0,0 - 0,25|0,0 - 0,25|0,0 - 0,25|0,0 - 0,25|6
WANUSDT|11001|True|0,0 - 0,25|0,0 - 0,25|0,0 - 0,25|0,0 - 0,25|0,0 - 0,25|2
WANUSDT|10111|False|0,25 - 0,5|0,0 - 0,25|0,0 - 0,25|0,0 - 0,25|0,0 - 0,25|1
WANUSDT|01011|False|0,0 - 0,25|0,25 - 0,5|0,0 - 0,25|0,0 - 0,25|0,0 - 0,25|1
WANUSDT|00101|True|0 - -0,25|0,0 - 0,25|0,25 - 0,5|0,0 - 0,25|0,0 - 0,25|1
WANUSDT|10010|True|0,0 - 0,25|0 - -0,25|0,0 - 0,25|0,25 - 0,5|0,0 - 0,25|1
WANUSDT|11001|False|0,25 - 0,5|0,0 - 0,25|0 - -0,25|0,0 - 0,25|0,25 - 0,5|1
WANUSDT|01100|True|0 - -0,25|0,25 - 0,5|0,0 - 0,25|0 - -0,25|0,0 - 0,25|1
WANUSDT|10110|True|0,0 - 0,25|0 - -0,25|0,25 - 0,5|0,0 - 0,25|0 - -0,25|1
WANUSDT|11011|False|0,0 - 0,25|0,0 - 0,25|0 - -0,25|0,25 - 0,5|0,0 - 0,25|1
WANUSDT|01101|False|0,0 - 0,25|0,0 - 0,25|0,0 - 0,25|0 - -0,25|0,25 - 0,5|1
WANUSDT|01010|False|0 - -0,25|0,0 - 0,25|0,0 - 0,25|0,0 - 0,25|0,0 - 0,25|1
WANUSDT|01001|False|0,0 - 0,25|0,0 - 0,25|0,0 - 0,25|0 - -0,25|0,0 - 0,25|1
WANUSDT|00001|True|0,25 - 0,5|0,0 - 0,25|0,0 - 0,25|0,0 - 0,25|0,0 - 0,25|3
WANUSDT|10000|False|0,25 - 0,5|0,25 - 0,5|0,0 - 0,25|0,0 - 0,25|0,0 - 0,25|1
WANUSDT|01000|False|0 - -0,25|0,25 - 0,5|0,25 - 0,5|0,0 - 0,25|0,0 - 0,25|1
WANUSDT|00100|True|0,0 - 0,25|0 - -0,25|0,25 - 0,5|0,25 - 0,5|0,0 - 0,25|1
WANUSDT|10010|False|0,0 - 0,25|0,0 - 0,25|0 - -0,25|0,25 - 0,5|0,25 - 0,5|1
WANUSDT|01001|False|0,0 - 0,25|0,0 - 0,25|0,0 - 0,25|0 - -0,25|0,25 - 0,5|1
WANUSDT|00100|True|0 - -0,25|0,0 - 0,25|0,0 - 0,25|0,0 - 0,25|0,0 - 0,25|1
WANUSDT|01001|True|0,25 - 0,5|0,0 - 0,25|0 - -0,25|0,0 - 0,25|0,0 - 0,25|1
WANUSDT|10100|True|0,25 - 0,5|0,25 - 0,5|0,0 - 0,25|0 - -0,25|0,0 - 0,25|1
WANUSDT|11010|False|0,0 - 0,25|0,25 - 0,5|0,25 - 0,5|0,0 - 0,25|0 - -0,25|1
WANUSDT|01101|False|0,0 - 0,25|0,0 - 0,25|0,25 - 0,5|0,25 - 0,5|0,0 - 0,25|1
WANUSDT|00110|False|0 - -0,25|0,0 - 0,25|0,0 - 0,25|0,25 - 0,5|0,25 - 0,5|1
WANUSDT|00011|False|0,0 - 0,25|0 - -0,25|0,0 - 0,25|0,0 - 0,25|0,25 - 0,5|1
WANUSDT|00100|False|0,0 - 0,25|0,0 - 0,25|0,0 - 0,25|0,0 - 0,25|0,0 - 0,25|4
WANUSDT|10000|True|0,0 - 0,25|0,25 - 0,5|0,0 - 0,25|0,0 - 0,25|0,0 - 0,25|1
WANUSDT|10110|False|0,25 - 0,5|0,0 - 0,25|0,0 - 0,25|0,0 - 0,25|0,25 - 0,5|1
WANUSDT|01011|True|0,25 - 0,5|0,25 - 0,5|0,0 - 0,25|0,0 - 0,25|0,0 - 0,25|1
WANUSDT|10101|True|0,0 - 0,25|0,25 - 0,5|0,25 - 0,5|0,0 - 0,25|0,0 - 0,25|1
WANUSDT|11010|False|0,0 - 0,25|0,0 - 0,25|0,25 - 0,5|0,25 - 0,5|0,0 - 0,25|1
WANUSDT|01101|False|0,0 - 0,25|0,0 - 0,25|0,0 - 0,25|0,25 - 0,5|0,25 - 0,5|1
WANUSDT|00110|False|0,0 - 0,25|0,0 - 0,25|0,0 - 0,25|0,0 - 0,25|0,25 - 0,5|3
WANUSDT|00011|True|0,0 - 0,25|0,0 - 0,25|0,0 - 0,25|0,0 - 0,25|0,0 - 0,25|5
WANUSDT|10001|True|0,0 - 0,25|0,0 - 0,25|0,0 - 0,25|0,0 - 0,25|0,0 - 0,25|6
WANUSDT|01100|True|0,0 - 0,25|0,0 - 0,25|0,0 - 0,25|0,0 - 0,25|0,0 - 0,25|3
WANUSDT|10110|False|0,25 - 0,5|0,0 - 0,25|0,0 - 0,25|0,0 - 0,25|0,0 - 0,25|1
WANUSDT|01011|True|0,0 - 0,25|0,25 - 0,5|0,0 - 0,25|0,0 - 0,25|0,0 - 0,25|1
WANUSDT|10101|False|0,0 - 0,25|0,0 - 0,25|0,25 - 0,5|0,0 - 0,25|0,0 - 0,25|1
WANUSDT|01010|True|0,0 - 0,25|0,0 - 0,25|0,0 - 0,25|0,25 - 0,5|0,0 - 0,25|1
WANUSDT|10101|True|0,0 - 0,25|0,0 - 0,25|0,0 - 0,25|0,0 - 0,25|0,25 - 0,5|1
WANUSDT|00010|True|0,0 - 0,25|0,0 - 0,25|0,0 - 0,25|0,0 - 0,25|0,0 - 0,25|3
WANUSDT|10001|False|0,0 - 0,25|0,0 - 0,25|0,0 - 0,25|0,0 - 0,25|0,0 - 0,25|4
WANUSDT|01000|True|0,0 - 0,25|0,0 - 0,25|0,0 - 0,25|0,0 - 0,25|0,0 - 0,25|1
WANUSDT|10100|False|0,25 - 0,5|0,0 - 0,25|0,0 - 0,25|0,0 - 0,25|0,0 - 0,25|1
WANUSDT|01010|False|0,0 - 0,25|0,25 - 0,5|0,0 - 0,25|0,0 - 0,25|0,0 - 0,25|1
WANUSDT|00101|True|0,0 - 0,25|0,0 - 0,25|0,25 - 0,5|0,0 - 0,25|0,0 - 0,25|1
WANUSDT|10010|True|0,0 - 0,25|0,0 - 0,25|0,0 - 0,25|0,25 - 0,5|0,0 - 0,25|1
WANUSDT|11001|False|0,0 - 0,25|0,0 - 0,25|0,0 - 0,25|0,0 - 0,25|0,25 - 0,5|1
WANUSDT|01100|False|0,25 - 0,5|0,0 - 0,25|0,0 - 0,25|0,0 - 0,25|0,0 - 0,25|2
WANUSDT|00110|True|0,0 - 0,25|0,25 - 0,5|0,0 - 0,25|0,0 - 0,25|0,0 - 0,25|1
WANUSDT|10011|True|0,0 - 0,25|0,0 - 0,25|0,25 - 0,5|0,0 - 0,25|0,0 - 0,25|1
WANUSDT|11001|False|0,0 - 0,25|0,0 - 0,25|0,0 - 0,25|0,25 - 0,5|0,0 - 0,25|2
WANUSDT|01100|True|0,0 - 0,25|0,0 - 0,25|0,0 - 0,25|0,0 - 0,25|0,25 - 0,5|1
WANUSDT|01011|False|0 - -0,25|0,0 - 0,25|0,0 - 0,25|0,0 - 0,25|0,0 - 0,25|2
WANUSDT|01000|False|0 - -0,25|0,0 - 0,25|0,0 - 0,25|0 - -0,25|0,0 - 0,25|1
WANUSDT|00001|False|0,0 - 0,25|0,0 - 0,25|0,0 - 0,25|0 - -0,25|0,0 - 0,25|1
WANUSDT|00000|False|0,0 - 0,25|0,0 - 0,25|0,0 - 0,25|0,0 - 0,25|0 - -0,25|1
WANUSDT|10110|True|0,0 - 0,25|0,0 - 0,25|0,0 - 0,25|0,0 - 0,25|0,0 - 0,25|2
WANUSDT|00000|False|0,0 - 0,25|0,0 - 0,25|0 - -0,25|0,0 - 0,25|0 - -0,25|1
WANUSDT|11100|True|0,0 - 0,25|0,0 - 0,25|0,0 - 0,25|0,0 - 0,25|0,0 - 0,25|4
WANUSDT|11110|True|0,0 - 0,25|0,0 - 0,25|0,0 - 0,25|0,0 - 0,25|0,0 - 0,25|1
WANUSDT|01111|True|0,0 - 0,25|0,0 - 0,25|0,0 - 0,25|0,0 - 0,25|0,0 - 0,25|3
WANUSDT|10111|False|0,0 - 0,25|0,0 - 0,25|0,0 - 0,25|0,0 - 0,25|0,0 - 0,25|2
WANUSDT|01111|True|0 - -0,25|0,0 - 0,25|0,0 - 0,25|0,0 - 0,25|0,0 - 0,25|2
WANUSDT|01011|False|0,0 - 0,25|0,0 - 0,25|0 - -0,25|0,0 - 0,25|0,0 - 0,25|2
WANUSDT|01001|False|0,25 - 0,5|0,0 - 0,25|0,0 - 0,25|0,0 - 0,25|0,0 - 0,25|3
WANUSDT|00100|True|0,0 - 0,25|0,25 - 0,5|0,0 - 0,25|0,0 - 0,25|0,0 - 0,25|2
WANUSDT|10010|True|0,0 - 0,25|0,0 - 0,25|0,25 - 0,5|0,0 - 0,25|0,0 - 0,25|1
WANUSDT|01100|False|0,0 - 0,25|0,0 - 0,25|0,0 - 0,25|0,0 - 0,25|0,25 - 0,5|1
WANUSDT|10000|False|0,0 - 0,25|0 - -0,25|0,0 - 0,25|0,0 - 0,25|0,0 - 0,25|2
WANUSDT|11000|False|0,25 - 0,5|0,0 - 0,25|0,0 - 0,25|0,0 - 0,25|0,0 - 0,25|1
WANUSDT|01101|False|0,0 - 0,25|0,0 - 0,25|0,0 - 0,25|0,0 - 0,25|0,25 - 0,5|2
WANUSDT|00011|True|0 - -0,25|0,0 - 0,25|0,0 - 0,25|0,0 - 0,25|0,0 - 0,25|2
WANUSDT|10001|False|0,0 - 0,25|0 - -0,25|0,0 - 0,25|0,0 - 0,25|0,0 - 0,25|2
WANUSDT|01000|False|0,0 - 0,25|0,0 - 0,25|0 - -0,25|0,0 - 0,25|0,0 - 0,25|1
WANUSDT|00100|False|0,0 - 0,25|0,0 - 0,25|0,0 - 0,25|0 - -0,25|0,0 - 0,25|2
WANUSDT|00010|True|0,0 - 0,25|0,0 - 0,25|0,0 - 0,25|0,0 - 0,25|0 - -0,25|1
WANUSDT|01110|False|0 - -0,25|0,0 - 0,25|0,0 - 0,25|0,0 - 0,25|0,0 - 0,25|1
WANUSDT|00000|True|0,0 - 0,25|0 - -0,25|0,0 - 0,25|0,0 - 0,25|0 - -0,25|1
WANUSDT|01000|True|0,0 - 0,25|0,0 - 0,25|0,0 - 0,25|0 - -0,25|0,0 - 0,25|1
WANUSDT|00001|False|0,25 - 0,5|0,0 - 0,25|0,0 - 0,25|0,0 - 0,25|0,0 - 0,25|2
WANUSDT|00000|True|0,0 - 0,25|0,25 - 0,5|0,0 - 0,25|0,0 - 0,25|0,0 - 0,25|2
WANUSDT|00110|True|0,25 - 0,5|0,0 - 0,25|0,0 - 0,25|0,0 - 0,25|0,0 - 0,25|1
WANUSDT|10011|True|0,0 - 0,25|0,25 - 0,5|0,0 - 0,25|0,0 - 0,25|0,0 - 0,25|1
WANUSDT|11001|False|0,0 - 0,25|0,0 - 0,25|0,25 - 0,5|0,0 - 0,25|0,0 - 0,25|1
WANUSDT|01100|True|0,25 - 0,5|0,0 - 0,25|0,0 - 0,25|0,25 - 0,5|0,0 - 0,25|1
WANUSDT|10110|True|0,0 - 0,25|0,25 - 0,5|0,0 - 0,25|0,0 - 0,25|0,25 - 0,5|1
WANUSDT|11011|False|0,0 - 0,25|0,0 - 0,25|0,25 - 0,5|0,0 - 0,25|0,0 - 0,25|1
WANUSDT|01101|True|0,0 - 0,25|0,0 - 0,25|0,0 - 0,25|0,25 - 0,5|0,0 - 0,25|1
WANUSDT|10110|True|0,25 - 0,5|0,0 - 0,25|0,0 - 0,25|0,0 - 0,25|0,25 - 0,5|1
WANUSDT|11011|True|0,0 - 0,25|0,25 - 0,5|0,0 - 0,25|0,0 - 0,25|0,0 - 0,25|2
WANUSDT|11101|False|0,0 - 0,25|0,0 - 0,25|0,25 - 0,5|0,0 - 0,25|0,0 - 0,25|2
WANUSDT|01110|True|0,0 - 0,25|0,0 - 0,25|0,0 - 0,25|0,25 - 0,5|0,0 - 0,25|1
WANUSDT|10111|True|0,25 - 0,5|0,0 - 0,25|0,0 - 0,25|0,0 - 0,25|0,25 - 0,5|1
WANUSDT|01110|False|0,0 - 0,25|0,0 - 0,25|0,0 - 0,25|0,25 - 0,5|0,0 - 0,25|2
WANUSDT|00111|True|0,0 - 0,25|0,0 - 0,25|0,0 - 0,25|0,0 - 0,25|0,25 - 0,5|1
WANUSDT|00101|True|0 - -0,25|0,0 - 0,25|0,0 - 0,25|0 - -0,25|0,0 - 0,25|1
WANUSDT|10010|True|0,25 - 0,5|0 - -0,25|0,0 - 0,25|0,0 - 0,25|0 - -0,25|1
WANUSDT|11001|False|0,0 - 0,25|0,25 - 0,5|0 - -0,25|0,0 - 0,25|0,0 - 0,25|1
WANUSDT|01100|True|0,0 - 0,25|0,0 - 0,25|0,25 - 0,5|0 - -0,25|0,0 - 0,25|1
WANUSDT|10110|False|0,0 - 0,25|0,0 - 0,25|0,0 - 0,25|0,25 - 0,5|0 - -0,25|1
WANUSDT|01011|False|0,0 - 0,25|0,0 - 0,25|0,0 - 0,25|0,0 - 0,25|0,25 - 0,5|2
WANUSDT|01000|True|0,25 - 0,5|0,0 - 0,25|0,0 - 0,25|0 - -0,25|0,0 - 0,25|1
WANUSDT|10100|True|0,0 - 0,25|0,25 - 0,5|0,0 - 0,25|0,0 - 0,25|0 - -0,25|1
WANUSDT|11010|False|0,0 - 0,25|0,0 - 0,25|0,25 - 0,5|0,0 - 0,25|0,0 - 0,25|1
WANUSDT|01101|False|0,0 - 0,25|0,0 - 0,25|0,0 - 0,25|0,25 - 0,5|0,0 - 0,25|1
WANUSDT|00100|True|0 - -0,25|0 - -0,25|0,0 - 0,25|0,0 - 0,25|0,0 - 0,25|1
WANUSDT|10010|False|0,0 - 0,25|0 - -0,25|0 - -0,25|0,0 - 0,25|0,0 - 0,25|1
WANUSDT|01001|False|0,0 - 0,25|0,0 - 0,25|0 - -0,25|0 - -0,25|0,0 - 0,25|2
WANUSDT|00100|False|0,0 - 0,25|0,0 - 0,25|0,0 - 0,25|0 - -0,25|0 - -0,25|1
WANUSDT|00010|False|0 - -0,25|0,0 - 0,25|0,0 - 0,25|0,0 - 0,25|0 - -0,25|1
WANUSDT|00000|True|0,25 - 0,5|0 - -0,25|0 - -0,25|0,0 - 0,25|0,0 - 0,25|1
WANUSDT|10000|True|0,0 - 0,25|0,25 - 0,5|0 - -0,25|0 - -0,25|0,0 - 0,25|1
WANUSDT|11000|False|0,5 - 1|0,0 - 0,25|0,25 - 0,5|0 - -0,25|0 - -0,25|1
WANUSDT|01100|False|0,25 - 0,5|0,5 - 1|0,0 - 0,25|0,25 - 0,5|0 - -0,25|1
WANUSDT|00110|True|0,25 - 0,5|0,25 - 0,5|0,5 - 1|0,0 - 0,25|0,25 - 0,5|1
WANUSDT|10011|False|0,0 - 0,25|0,25 - 0,5|0,25 - 0,5|0,5 - 1|0,0 - 0,25|1
WANUSDT|01001|False|0,0 - 0,25|0,0 - 0,25|0,25 - 0,5|0,25 - 0,5|0,5 - 1|1
WANUSDT|00100|False|0,0 - 0,25|0,0 - 0,25|0,0 - 0,25|0,25 - 0,5|0,25 - 0,5|1
WANUSDT|00010|True|0,25 - 0,5|0,0 - 0,25|0,0 - 0,25|0,0 - 0,25|0,25 - 0,5|2
WANUSDT|10001|True|0,0 - 0,25|0,25 - 0,5|0,0 - 0,25|0,0 - 0,25|0,0 - 0,25|1
WANUSDT|01100|False|0 - -0,25|0,0 - 0,25|0,0 - 0,25|0,25 - 0,5|0,0 - 0,25|1
WANUSDT|00110|True|0,0 - 0,25|0 - -0,25|0,0 - 0,25|0,0 - 0,25|0,25 - 0,5|1
WANUSDT|10011|False|0,0 - 0,25|0,0 - 0,25|0 - -0,25|0,0 - 0,25|0,0 - 0,25|1
WANUSDT|01001|False|0,5 - 1|0,0 - 0,25|0,0 - 0,25|0 - -0,25|0,0 - 0,25|1
WANUSDT|00100|True|0,25 - 0,5|0,5 - 1|0,0 - 0,25|0,0 - 0,25|0 - -0,25|1
WANUSDT|10010|False|0,0 - 0,25|0,25 - 0,5|0,5 - 1|0,0 - 0,25|0,0 - 0,25|1
WANUSDT|01001|False|0,0 - 0,25|0,0 - 0,25|0,25 - 0,5|0,5 - 1|0,0 - 0,25|1
WANUSDT|00100|True|0,0 - 0,25|0,0 - 0,25|0,0 - 0,25|0,25 - 0,5|0,5 - 1|1
WANUSDT|10010|True|0,0 - 0,25|0,0 - 0,25|0,0 - 0,25|0,0 - 0,25|0,25 - 0,5|1
WANUSDT|11100|True|0,25 - 0,5|0,0 - 0,25|0,0 - 0,25|0,0 - 0,25|0,0 - 0,25|1
WANUSDT|11110|True|0,0 - 0,25|0,25 - 0,5|0,0 - 0,25|0,0 - 0,25|0,0 - 0,25|1
WANUSDT|11111|True|0,0 - 0,25|0,0 - 0,25|0,25 - 0,5|0,0 - 0,25|0,0 - 0,25|1
WANUSDT|11111|True|0,0 - 0,25|0,0 - 0,25|0,0 - 0,25|0,25 - 0,5|0,0 - 0,25|1
WANUSDT|11111|False|0,0 - 0,25|0,0 - 0,25|0,0 - 0,25|0,0 - 0,25|0,25 - 0,5|1
WANUSDT|00111|False|0,25 - 0,5|0,0 - 0,25|0,0 - 0,25|0,0 - 0,25|0,0 - 0,25|1
WANUSDT|00011|False|0 - -0,25|0,25 - 0,5|0,0 - 0,25|0,0 - 0,25|0,0 - 0,25|1
WANUSDT|00001|True|0,25 - 0,5|0 - -0,25|0,25 - 0,5|0,0 - 0,25|0,0 - 0,25|1
WANUSDT|10000|True|0,0 - 0,25|0,25 - 0,5|0 - -0,25|0,25 - 0,5|0,0 - 0,25|1
WANUSDT|11000|False|0,0 - 0,25|0,0 - 0,25|0,25 - 0,5|0 - -0,25|0,25 - 0,5|1
WANUSDT|01100|False|0,0 - 0,25|0,0 - 0,25|0,0 - 0,25|0,25 - 0,5|0 - -0,25|1
WANUSDT|10001|False|0,25 - 0,5|0,0 - 0,25|0 - -0,25|0,0 - 0,25|0,0 - 0,25|1
WANUSDT|01000|True|0,0 - 0,25|0,25 - 0,5|0,0 - 0,25|0 - -0,25|0,0 - 0,25|1
WANUSDT|10100|False|0,0 - 0,25|0,0 - 0,25|0,25 - 0,5|0,0 - 0,25|0 - -0,25|1
WANUSDT|01010|False|0,25 - 0,5|0,0 - 0,25|0,0 - 0,25|0,25 - 0,5|0,0 - 0,25|1
WANUSDT|00101|False|0,0 - 0,25|0,25 - 0,5|0,0 - 0,25|0,0 - 0,25|0,25 - 0,5|1
WANUSDT|00010|False|0,0 - 0,25|0,0 - 0,25|0,25 - 0,5|0,0 - 0,25|0,0 - 0,25|1
WANUSDT|00001|False|0,0 - 0,25|0,0 - 0,25|0,0 - 0,25|0,25 - 0,5|0,0 - 0,25|1
WANUSDT|00000|True|0,25 - 0,5|0,0 - 0,25|0,0 - 0,25|0,0 - 0,25|0,25 - 0,5|1
WANUSDT|10000|True|0,25 - 0,5|0,25 - 0,5|0,0 - 0,25|0,0 - 0,25|0,0 - 0,25|2
WANUSDT|11000|False|0,25 - 0,5|0,25 - 0,5|0,25 - 0,5|0,0 - 0,25|0,0 - 0,25|1
WANUSDT|01100|True|0,0 - 0,25|0,25 - 0,5|0,25 - 0,5|0,25 - 0,5|0,0 - 0,25|1
WANUSDT|10110|True|0,25 - 0,5|0,0 - 0,25|0,25 - 0,5|0,25 - 0,5|0,25 - 0,5|1
WANUSDT|11011|False|0,25 - 0,5|0,25 - 0,5|0,0 - 0,25|0,25 - 0,5|0,25 - 0,5|1
WANUSDT|01101|False|0,5 - 1|0,25 - 0,5|0,25 - 0,5|0,0 - 0,25|0,25 - 0,5|1
WANUSDT|00110|True|0,0 - 0,25|0,5 - 1|0,25 - 0,5|0,25 - 0,5|0,0 - 0,25|1
WANUSDT|10011|False|0,0 - 0,25|0,0 - 0,25|0,5 - 1|0,25 - 0,5|0,25 - 0,5|1
WANUSDT|01001|True|0,25 - 0,5|0,0 - 0,25|0,0 - 0,25|0,5 - 1|0,25 - 0,5|1
WANUSDT|10100|False|0,0 - 0,25|0,25 - 0,5|0,0 - 0,25|0,0 - 0,25|0,5 - 1|1
WANUSDT|01010|True|0,0 - 0,25|0,0 - 0,25|0,25 - 0,5|0,0 - 0,25|0,0 - 0,25|1
WANUSDT|10101|False|0,25 - 0,5|0,0 - 0,25|0,0 - 0,25|0,25 - 0,5|0,0 - 0,25|1
WANUSDT|01010|True|0,25 - 0,5|0,25 - 0,5|0,0 - 0,25|0,0 - 0,25|0,25 - 0,5|1
WANUSDT|10101|False|0,0 - 0,25|0,25 - 0,5|0,25 - 0,5|0,0 - 0,25|0,0 - 0,25|1
WANUSDT|01010|False|0,0 - 0,25|0,0 - 0,25|0,25 - 0,5|0,25 - 0,5|0,0 - 0,25|1
WANUSDT|00101|False|0,25 - 0,5|0,0 - 0,25|0,0 - 0,25|0,25 - 0,5|0,25 - 0,5|1
WANUSDT|00010|False|0,5 - 1|0,25 - 0,5|0,0 - 0,25|0,0 - 0,25|0,25 - 0,5|1
WANUSDT|00001|True|0,25 - 0,5|0,5 - 1|0,25 - 0,5|0,0 - 0,25|0,0 - 0,25|1
WANUSDT|10000|False|0,25 - 0,5|0,25 - 0,5|0,5 - 1|0,25 - 0,5|0,0 - 0,25|2
WANUSDT|01000|False|0,0 - 0,25|0,25 - 0,5|0,25 - 0,5|0,5 - 1|0,25 - 0,5|1
WANUSDT|00100|False|0,0 - 0,25|0,0 - 0,25|0,25 - 0,5|0,25 - 0,5|0,5 - 1|1
WANUSDT|00001|False|0,25 - 0,5|0,25 - 0,5|0,0 - 0,25|0,0 - 0,25|0,25 - 0,5|1
WANUSDT|00000|False|0,25 - 0,5|0,25 - 0,5|0,25 - 0,5|0,0 - 0,25|0,0 - 0,25|1
WANUSDT|00000|True|0,5 - 1|0,25 - 0,5|0,25 - 0,5|0,25 - 0,5|0,0 - 0,25|1
WANUSDT|10000|False|0,5 - 1|0,5 - 1|0,25 - 0,5|0,25 - 0,5|0,25 - 0,5|1
WANUSDT|01000|False|0,5 - 1|0,5 - 1|0,5 - 1|0,25 - 0,5|0,25 - 0,5|1
WANUSDT|00100|False|0,5 - 1|0,5 - 1|0,5 - 1|0,5 - 1|0,25 - 0,5|1
WANUSDT|00010|False|0,5 - 1|0,5 - 1|0,5 - 1|0,5 - 1|0,5 - 1|1
WANUSDT|00001|True|0,25 - 0,5|0,5 - 1|0,5 - 1|0,5 - 1|0,5 - 1|1
WANUSDT|10000|True|0,25 - 0,5|0,25 - 0,5|0,5 - 1|0,5 - 1|0,5 - 1|1
WANUSDT|11000|False|0,25 - 0,5|0,25 - 0,5|0,25 - 0,5|0,5 - 1|0,5 - 1|1
WANUSDT|01100|False|0,5 - 1|0,25 - 0,5|0,25 - 0,5|0,25 - 0,5|0,5 - 1|1
WANUSDT|00110|False|0,5 - 1|0,5 - 1|0,25 - 0,5|0,25 - 0,5|0,25 - 0,5|1
WANUSDT|00011|True|0,25 - 0,5|0,5 - 1|0,5 - 1|0,25 - 0,5|0,25 - 0,5|1
WANUSDT|10001|False|0,5 - 1|0,25 - 0,5|0,5 - 1|0,5 - 1|0,25 - 0,5|1
WANUSDT|01000|False|0,25 - 0,5|0,5 - 1|0,25 - 0,5|0,5 - 1|0,5 - 1|1
WANUSDT|00100|True|0,5 - 1|0,25 - 0,5|0,5 - 1|0,25 - 0,5|0,5 - 1|1
WANUSDT|10010|True|0,5 - 1|0,5 - 1|0,25 - 0,5|0,5 - 1|0,25 - 0,5|1
WANUSDT|11001|False|0,25 - 0,5|0,5 - 1|0,5 - 1|0,25 - 0,5|0,5 - 1|1
WANUSDT|01100|False|0,5 - 1|0,25 - 0,5|0,5 - 1|0,5 - 1|0,25 - 0,5|1
WANUSDT|00110|True|0,25 - 0,5|0,5 - 1|0,25 - 0,5|0,5 - 1|0,5 - 1|1
WANUSDT|10011|True|0,0 - 0,25|0,25 - 0,5|0,5 - 1|0,25 - 0,5|0,5 - 1|1
WANUSDT|11001|True|0,25 - 0,5|0,0 - 0,25|0,25 - 0,5|0,5 - 1|0,25 - 0,5|1
WANUSDT|11100|False|0,0 - 0,25|0,25 - 0,5|0,0 - 0,25|0,25 - 0,5|0,5 - 1|1
WANUSDT|01110|True|0,25 - 0,5|0,0 - 0,25|0,25 - 0,5|0,0 - 0,25|0,25 - 0,5|1
WANUSDT|10111|False|0,0 - 0,25|0,25 - 0,5|0,0 - 0,25|0,25 - 0,5|0,0 - 0,25|1
WANUSDT|01011|False|0,0 - 0,25|0,0 - 0,25|0,25 - 0,5|0,0 - 0,25|0,25 - 0,5|2
WANUSDT|00101|False|0,0 - 0,25|0,0 - 0,25|0,0 - 0,25|0,25 - 0,5|0,0 - 0,25|2
WANUSDT|00010|False|0,0 - 0,25|0,0 - 0,25|0,0 - 0,25|0,0 - 0,25|0,25 - 0,5|2
WANUSDT|11000|False|0,0 - 0,25|0,25 - 0,5|0,25 - 0,5|0,0 - 0,25|0,0 - 0,25|2
WANUSDT|01100|False|0,25 - 0,5|0,0 - 0,25|0,25 - 0,5|0,25 - 0,5|0,0 - 0,25|1
WANUSDT|00110|False|0,0 - 0,25|0,25 - 0,5|0,0 - 0,25|0,25 - 0,5|0,25 - 0,5|1
WANUSDT|00011|False|0,0 - 0,25|0,0 - 0,25|0,25 - 0,5|0,0 - 0,25|0,25 - 0,5|1
WANUSDT|00001|True|0,0 - 0,25|0,0 - 0,25|0,0 - 0,25|0,25 - 0,5|0,0 - 0,25|1
WANUSDT|10000|True|0,0 - 0,25|0,0 - 0,25|0,0 - 0,25|0,0 - 0,25|0,25 - 0,5|1
WANUSDT|00110|True|0,25 - 0,5|0,25 - 0,5|0,0 - 0,25|0,0 - 0,25|0,0 - 0,25|1
WANUSDT|10011|False|0,0 - 0,25|0,25 - 0,5|0,25 - 0,5|0,0 - 0,25|0,0 - 0,25|1
WANUSDT|01001|False|0,0 - 0,25|0,0 - 0,25|0,25 - 0,5|0,25 - 0,5|0,0 - 0,25|1
WANUSDT|00100|False|0,5 - 1|0,0 - 0,25|0,0 - 0,25|0,25 - 0,5|0,25 - 0,5|1
WANUSDT|00010|True|0,25 - 0,5|0,5 - 1|0,0 - 0,25|0,0 - 0,25|0,25 - 0,5|1
WANUSDT|10001|False|0,25 - 0,5|0,25 - 0,5|0,5 - 1|0,0 - 0,25|0,0 - 0,25|1
WANUSDT|01000|False|0,0 - 0,25|0,25 - 0,5|0,25 - 0,5|0,5 - 1|0,0 - 0,25|1
WANUSDT|00100|True|0,5 - 1|0,0 - 0,25|0,25 - 0,5|0,25 - 0,5|0,5 - 1|1
WANUSDT|10010|False|0,5 - 1|0,5 - 1|0,0 - 0,25|0,25 - 0,5|0,25 - 0,5|1
WANUSDT|01001|True|0,5 - 1|0,5 - 1|0,5 - 1|0,0 - 0,25|0,25 - 0,5|1
WANUSDT|10100|False|0,5 - 1|0,5 - 1|0,5 - 1|0,5 - 1|0,0 - 0,25|1
WANUSDT|01010|False|0,25 - 0,5|0,5 - 1|0,5 - 1|0,5 - 1|0,5 - 1|1
WANUSDT|00101|True|0,25 - 0,5|0,25 - 0,5|0,5 - 1|0,5 - 1|0,5 - 1|1
WANUSDT|10010|True|0,25 - 0,5|0,25 - 0,5|0,25 - 0,5|0,5 - 1|0,5 - 1|1
WANUSDT|11001|False|0,25 - 0,5|0,25 - 0,5|0,25 - 0,5|0,25 - 0,5|0,5 - 1|1
WANUSDT|01100|True|0,5 - 1|0,25 - 0,5|0,25 - 0,5|0,25 - 0,5|0,25 - 0,5|1
WANUSDT|10110|False|0,0 - 0,25|0,5 - 1|0,25 - 0,5|0,25 - 0,5|0,25 - 0,5|1
WANUSDT|01011|False|0,0 - 0,25|0,0 - 0,25|0,5 - 1|0,25 - 0,5|0,25 - 0,5|1
WANUSDT|00101|False|0,25 - 0,5|0,0 - 0,25|0,0 - 0,25|0,5 - 1|0,25 - 0,5|1
WANUSDT|00010|False|0,0 - 0,25|0,25 - 0,5|0,0 - 0,25|0,0 - 0,25|0,5 - 1|1
WANUSDT|00001|True|0,25 - 0,5|0,0 - 0,25|0,25 - 0,5|0,0 - 0,25|0,0 - 0,25|1
WANUSDT|10000|False|0,0 - 0,25|0,25 - 0,5|0,0 - 0,25|0,25 - 0,5|0,0 - 0,25|2
WANUSDT|01000|True|0,25 - 0,5|0,0 - 0,25|0,25 - 0,5|0,0 - 0,25|0,25 - 0,5|1
WANUSDT|10100|True|0,25 - 0,5|0,25 - 0,5|0,0 - 0,25|0,25 - 0,5|0,0 - 0,25|1
WANUSDT|11010|True|0,25 - 0,5|0,25 - 0,5|0,25 - 0,5|0,0 - 0,25|0,25 - 0,5|1
WANUSDT|11101|True|0,0 - 0,25|0,25 - 0,5|0,25 - 0,5|0,25 - 0,5|0,0 - 0,25|1
WANUSDT|11110|True|0,25 - 0,5|0,0 - 0,25|0,25 - 0,5|0,25 - 0,5|0,25 - 0,5|1
WANUSDT|11111|True|0,25 - 0,5|0,25 - 0,5|0,0 - 0,25|0,25 - 0,5|0,25 - 0,5|1
WANUSDT|11111|False|0,25 - 0,5|0,25 - 0,5|0,25 - 0,5|0,0 - 0,25|0,25 - 0,5|1
WANUSDT|01111|True|0,25 - 0,5|0,25 - 0,5|0,25 - 0,5|0,25 - 0,5|0,0 - 0,25|1
WANUSDT|10111|False|0,25 - 0,5|0,25 - 0,5|0,25 - 0,5|0,25 - 0,5|0,25 - 0,5|1
WANUSDT|01011|True|0,0 - 0,25|0,25 - 0,5|0,25 - 0,5|0,25 - 0,5|0,25 - 0,5|1
WANUSDT|10101|False|0,0 - 0,25|0,0 - 0,25|0,25 - 0,5|0,25 - 0,5|0,25 - 0,5|1
WANUSDT|01010|True|0,5 - 1|0,0 - 0,25|0,0 - 0,25|0,25 - 0,5|0,25 - 0,5|1
WANUSDT|10101|True|0,25 - 0,5|0,5 - 1|0,0 - 0,25|0,0 - 0,25|0,25 - 0,5|1
WANUSDT|11010|False|0,25 - 0,5|0,25 - 0,5|0,5 - 1|0,0 - 0,25|0,0 - 0,25|1
WANUSDT|01101|False|0,25 - 0,5|0,25 - 0,5|0,25 - 0,5|0,5 - 1|0,0 - 0,25|1
WANUSDT|00110|False|0,0 - 0,25|0,25 - 0,5|0,25 - 0,5|0,25 - 0,5|0,5 - 1|1
WANUSDT|00011|True|0,5 - 1|0,0 - 0,25|0,25 - 0,5|0,25 - 0,5|0,25 - 0,5|1
WANUSDT|10001|True|0,25 - 0,5|0,5 - 1|0,0 - 0,25|0,25 - 0,5|0,25 - 0,5|1
WANUSDT|11000|False|0,0 - 0,25|0,25 - 0,5|0,5 - 1|0,0 - 0,25|0,25 - 0,5|1
WANUSDT|01100|False|0,0 - 0,25|0,0 - 0,25|0,25 - 0,5|0,5 - 1|0,0 - 0,25|1
WANUSDT|00110|True|0,0 - 0,25|0,0 - 0,25|0,0 - 0,25|0,25 - 0,5|0,5 - 1|1
WANUSDT|10011|False|0,0 - 0,25|0,0 - 0,25|0,0 - 0,25|0,0 - 0,25|0,25 - 0,5|2
WANUSDT|10010|False|0,0 - 0,25|0,0 - 0,25|0,25 - 0,5|0,0 - 0,25|0,0 - 0,25|1
WANUSDT|01001|True|0 - -0,25|0,0 - 0,25|0,0 - 0,25|0,25 - 0,5|0,0 - 0,25|1
WANUSDT|10100|False|0,0 - 0,25|0 - -0,25|0,0 - 0,25|0,0 - 0,25|0,25 - 0,5|1
WANUSDT|01010|True|0 - -0,25|0,0 - 0,25|0 - -0,25|0,0 - 0,25|0,0 - 0,25|1
WANUSDT|10101|True|0,0 - 0,25|0 - -0,25|0,0 - 0,25|0 - -0,25|0,0 - 0,25|1
WANUSDT|11010|False|0,25 - 0,5|0,0 - 0,25|0 - -0,25|0,0 - 0,25|0 - -0,25|1
WANUSDT|01101|False|0,0 - 0,25|0,25 - 0,5|0,0 - 0,25|0 - -0,25|0,0 - 0,25|1
WANUSDT|00110|True|0,25 - 0,5|0,0 - 0,25|0,25 - 0,5|0,0 - 0,25|0 - -0,25|1
WANUSDT|10011|False|0,25 - 0,5|0,25 - 0,5|0,0 - 0,25|0,25 - 0,5|0,0 - 0,25|1
WANUSDT|01001|True|0,25 - 0,5|0,25 - 0,5|0,25 - 0,5|0,0 - 0,25|0,25 - 0,5|1
WANUSDT|10100|True|0,25 - 0,5|0,25 - 0,5|0,25 - 0,5|0,25 - 0,5|0,0 - 0,25|1
WANUSDT|11010|False|0,0 - 0,25|0,25 - 0,5|0,25 - 0,5|0,25 - 0,5|0,25 - 0,5|1
WANUSDT|01101|True|0,25 - 0,5|0,0 - 0,25|0,25 - 0,5|0,25 - 0,5|0,25 - 0,5|1
WANUSDT|10110|False|0,0 - 0,25|0,25 - 0,5|0,0 - 0,25|0,25 - 0,5|0,25 - 0,5|1
WANUSDT|10001|True|0,25 - 0,5|0,25 - 0,5|0,0 - 0,25|0,0 - 0,25|0,0 - 0,25|1
WANUSDT|11000|True|0,25 - 0,5|0,25 - 0,5|0,25 - 0,5|0,0 - 0,25|0,0 - 0,25|1
WANUSDT|11100|False|0,0 - 0,25|0,25 - 0,5|0,25 - 0,5|0,25 - 0,5|0,0 - 0,25|1
WANUSDT|01110|False|0,0 - 0,25|0,0 - 0,25|0,25 - 0,5|0,25 - 0,5|0,25 - 0,5|1
WANUSDT|00111|False|0,0 - 0,25|0,0 - 0,25|0,0 - 0,25|0,25 - 0,5|0,25 - 0,5|2
WANUSDT|00011|True|0,0 - 0,25|0,0 - 0,25|0,0 - 0,25|0,0 - 0,25|0,25 - 0,5|1
WANUSDT|00001|True|0,5 - 1|0,0 - 0,25|0,0 - 0,25|0,0 - 0,25|0,0 - 0,25|1
WANUSDT|10000|True|0,5 - 1|0,5 - 1|0,0 - 0,25|0,0 - 0,25|0,0 - 0,25|1
WANUSDT|11000|False|0,0 - 0,25|0,5 - 1|0,5 - 1|0,0 - 0,25|0,0 - 0,25|1
WANUSDT|01100|False|0,0 - 0,25|0,0 - 0,25|0,5 - 1|0,5 - 1|0,0 - 0,25|1
WANUSDT|00110|True|0,0 - 0,25|0,0 - 0,25|0,0 - 0,25|0,5 - 1|0,5 - 1|1
WANUSDT|10011|True|0,0 - 0,25|0,0 - 0,25|0,0 - 0,25|0,0 - 0,25|0,5 - 1|1
WANUSDT|00000|True|0,25 - 0,5|0,0 - 0,25|0,0 - 0,25|0,0 - 0,25|0,0 - 0,25|1
WANUSDT|10000|False|0,0 - 0,25|0,25 - 0,5|0,0 - 0,25|0,0 - 0,25|0,0 - 0,25|1
WANUSDT|01000|False|0,25 - 0,5|0,0 - 0,25|0,25 - 0,5|0,0 - 0,25|0,0 - 0,25|1
WANUSDT|00100|True|0,25 - 0,5|0,25 - 0,5|0,0 - 0,25|0,25 - 0,5|0,0 - 0,25|1
WANUSDT|10010|False|0,25 - 0,5|0,25 - 0,5|0,25 - 0,5|0,0 - 0,25|0,25 - 0,5|1
WANUSDT|01001|True|0,25 - 0,5|0,25 - 0,5|0,25 - 0,5|0,25 - 0,5|0,0 - 0,25|1
WANUSDT|10100|False|0,25 - 0,5|0,25 - 0,5|0,25 - 0,5|0,25 - 0,5|0,25 - 0,5|1
WANUSDT|01010|False|0,0 - 0,25|0,25 - 0,5|0,25 - 0,5|0,25 - 0,5|0,25 - 0,5|1
WANUSDT|00101|True|0 - -0,25|0,0 - 0,25|0,25 - 0,5|0,25 - 0,5|0,25 - 0,5|1
WANUSDT|10010|False|0,0 - 0,25|0 - -0,25|0,0 - 0,25|0,25 - 0,5|0,25 - 0,5|1
WANUSDT|01001|True|0,0 - 0,25|0,0 - 0,25|0 - -0,25|0,0 - 0,25|0,25 - 0,5|1
WANUSDT|10100|True|0,5 - 1|0,0 - 0,25|0,0 - 0,25|0 - -0,25|0,0 - 0,25|1
WANUSDT|11010|True|0,25 - 0,5|0,5 - 1|0,0 - 0,25|0,0 - 0,25|0 - -0,25|1
WANUSDT|11101|False|0,0 - 0,25|0,25 - 0,5|0,5 - 1|0,0 - 0,25|0,0 - 0,25|1
WANUSDT|01110|False|0,0 - 0,25|0,0 - 0,25|0,25 - 0,5|0,5 - 1|0,0 - 0,25|1
WANUSDT|00111|True|0,5 - 1|0,0 - 0,25|0,0 - 0,25|0,25 - 0,5|0,5 - 1|1
WANUSDT|10011|False|0,0 - 0,25|0,5 - 1|0,0 - 0,25|0,0 - 0,25|0,25 - 0,5|1
WANUSDT|01001|False|0,25 - 0,5|0,0 - 0,25|0,5 - 1|0,0 - 0,25|0,0 - 0,25|1
WANUSDT|00100|False|0,0 - 0,25|0,25 - 0,5|0,0 - 0,25|0,5 - 1|0,0 - 0,25|1
WANUSDT|00010|False|0,25 - 0,5|0,0 - 0,25|0,25 - 0,5|0,0 - 0,25|0,5 - 1|1
WANUSDT|00001|False|0,0 - 0,25|0,25 - 0,5|0,0 - 0,25|0,25 - 0,5|0,0 - 0,25|1
WANUSDT|00000|False|0,25 - 0,5|0,0 - 0,25|0,25 - 0,5|0,0 - 0,25|0,25 - 0,5|1
WANUSDT|00000|False|0,25 - 0,5|0,25 - 0,5|0,0 - 0,25|0,25 - 0,5|0,0 - 0,25|1
WANUSDT|00000|False|0,0 - 0,25|0,25 - 0,5|0,25 - 0,5|0,0 - 0,25|0,25 - 0,5|1
WANUSDT|00000|False|0,0 - 0,25|0,0 - 0,25|0,25 - 0,5|0,25 - 0,5|0,0 - 0,25|1
WANUSDT|00000|False|0,0 - 0,25|0,0 - 0,25|0,0 - 0,25|0,25 - 0,5|0,25 - 0,5|2
WANUSDT|00000|False|0,0 - 0,25|0,0 - 0,25|0,0 - 0,25|0,0 - 0,25|0,25 - 0,5|2
WANUSDT|00011|True|0,5 - 1|0,0 - 0,25|0,0 - 0,25|0,0 - 0,25|0,0 - 0,25|1
WANUSDT|10001|False|0,25 - 0,5|0,5 - 1|0,0 - 0,25|0,0 - 0,25|0,0 - 0,25|1
WANUSDT|01000|False|0,0 - 0,25|0,25 - 0,5|0,5 - 1|0,0 - 0,25|0,0 - 0,25|1
WANUSDT|00100|True|0,0 - 0,25|0,0 - 0,25|0,25 - 0,5|0,5 - 1|0,0 - 0,25|1
WANUSDT|10010|False|0,25 - 0,5|0,0 - 0,25|0,0 - 0,25|0,25 - 0,5|0,5 - 1|1
WANUSDT|01001|False|0 - -0,25|0,25 - 0,5|0,0 - 0,25|0,0 - 0,25|0,25 - 0,5|1
WANUSDT|00100|False|0,25 - 0,5|0 - -0,25|0,25 - 0,5|0,0 - 0,25|0,0 - 0,25|1
WANUSDT|00010|False|0,25 - 0,5|0,25 - 0,5|0 - -0,25|0,25 - 0,5|0,0 - 0,25|1
WANUSDT|00001|False|1 - 2|0,25 - 0,5|0,25 - 0,5|0 - -0,25|0,25 - 0,5|1
WANUSDT|00000|False|1 - 2|1 - 2|0,25 - 0,5|0,25 - 0,5|0 - -0,25|1
WANUSDT|00000|False|0,5 - 1|1 - 2|1 - 2|0,25 - 0,5|0,25 - 0,5|1
WANUSDT|00000|True|0,5 - 1|0,5 - 1|1 - 2|1 - 2|0,25 - 0,5|1
WANUSDT|10000|False|0,5 - 1|0,5 - 1|0,5 - 1|1 - 2|1 - 2|1
WANUSDT|01000|True|1 - 2|0,5 - 1|0,5 - 1|0,5 - 1|1 - 2|1
WANUSDT|10100|True|1 - 2|1 - 2|0,5 - 1|0,5 - 1|0,5 - 1|1
WANUSDT|11010|True|0,5 - 1|1 - 2|1 - 2|0,5 - 1|0,5 - 1|1
WANUSDT|11101|True|0,5 - 1|0,5 - 1|1 - 2|1 - 2|0,5 - 1|1
WANUSDT|11110|True|1 - 2|0,5 - 1|0,5 - 1|1 - 2|1 - 2|1
WANUSDT|11111|True|0,5 - 1|1 - 2|0,5 - 1|0,5 - 1|1 - 2|1
WANUSDT|11111|True|0,25 - 0,5|0,5 - 1|1 - 2|0,5 - 1|0,5 - 1|1
WANUSDT|11111|True|0,25 - 0,5|0,25 - 0,5|0,5 - 1|1 - 2|0,5 - 1|1
WANUSDT|11111|True|0,25 - 0,5|0,25 - 0,5|0,25 - 0,5|0,5 - 1|1 - 2|1
WANUSDT|11111|True|0,25 - 0,5|0,25 - 0,5|0,25 - 0,5|0,25 - 0,5|0,5 - 1|1
WANUSDT|11111|False|0,25 - 0,5|0,25 - 0,5|0,25 - 0,5|0,25 - 0,5|0,25 - 0,5|2
WANUSDT|01111|True|0,25 - 0,5|0,25 - 0,5|0,25 - 0,5|0,25 - 0,5|0,25 - 0,5|1
WANUSDT|10111|False|0,0 - 0,25|0,25 - 0,5|0,25 - 0,5|0,25 - 0,5|0,25 - 0,5|1
WANUSDT|01011|True|0,0 - 0,25|0,0 - 0,25|0,25 - 0,5|0,25 - 0,5|0,25 - 0,5|1
WANUSDT|10101|True|0,0 - 0,25|0,0 - 0,25|0,0 - 0,25|0,25 - 0,5|0,25 - 0,5|1
WANUSDT|11010|False|0,25 - 0,5|0,0 - 0,25|0,0 - 0,25|0,0 - 0,25|0,25 - 0,5|1
WANUSDT|01101|False|0,0 - 0,25|0,25 - 0,5|0,0 - 0,25|0,0 - 0,25|0,0 - 0,25|1
WANUSDT|00110|False|0,25 - 0,5|0,0 - 0,25|0,25 - 0,5|0,0 - 0,25|0,0 - 0,25|1
WANUSDT|00011|False|0,25 - 0,5|0,25 - 0,5|0,0 - 0,25|0,25 - 0,5|0,0 - 0,25|1
WANUSDT|00001|False|0,25 - 0,5|0,25 - 0,5|0,25 - 0,5|0,0 - 0,25|0,25 - 0,5|1
WANUSDT|00000|False|0,0 - 0,25|0,25 - 0,5|0,25 - 0,5|0,25 - 0,5|0,0 - 0,25|1
WANUSDT|00000|False|0,25 - 0,5|0,0 - 0,25|0,25 - 0,5|0,25 - 0,5|0,25 - 0,5|1
WANUSDT|00000|False|0,5 - 1|0,25 - 0,5|0,0 - 0,25|0,25 - 0,5|0,25 - 0,5|1
WANUSDT|00000|True|0,25 - 0,5|0,5 - 1|0,25 - 0,5|0,0 - 0,25|0,25 - 0,5|1
WANUSDT|01000|False|0,25 - 0,5|0,25 - 0,5|0,25 - 0,5|0,5 - 1|0,25 - 0,5|1
WANUSDT|00100|True|0,25 - 0,5|0,25 - 0,5|0,25 - 0,5|0,25 - 0,5|0,5 - 1|1
WANUSDT|10010|False|0,25 - 0,5|0,25 - 0,5|0,25 - 0,5|0,25 - 0,5|0,25 - 0,5|1
WANUSDT|01001|False|0,5 - 1|0,25 - 0,5|0,25 - 0,5|0,25 - 0,5|0,25 - 0,5|1
WANUSDT|00100|True|0,25 - 0,5|0,5 - 1|0,25 - 0,5|0,25 - 0,5|0,25 - 0,5|1
WANUSDT|10010|False|0,25 - 0,5|0,25 - 0,5|0,5 - 1|0,25 - 0,5|0,25 - 0,5|1
WANUSDT|01001|True|0,25 - 0,5|0,25 - 0,5|0,25 - 0,5|0,5 - 1|0,25 - 0,5|1
WANUSDT|10100|True|0,5 - 1|0,25 - 0,5|0,25 - 0,5|0,25 - 0,5|0,5 - 1|1
WANUSDT|11010|False|0,25 - 0,5|0,5 - 1|0,25 - 0,5|0,25 - 0,5|0,25 - 0,5|1
WANUSDT|01101|True|0,25 - 0,5|0,25 - 0,5|0,5 - 1|0,25 - 0,5|0,25 - 0,5|1
WANUSDT|10110|False|0,25 - 0,5|0,25 - 0,5|0,25 - 0,5|0,5 - 1|0,25 - 0,5|1
WANUSDT|01011|True|0,0 - 0,25|0,25 - 0,5|0,25 - 0,5|0,25 - 0,5|0,5 - 1|1
WANUSDT|10101|True|0,0 - 0,25|0,0 - 0,25|0,25 - 0,5|0,25 - 0,5|0,25 - 0,5|1
WANUSDT|11010|True|0,0 - 0,25|0,0 - 0,25|0,0 - 0,25|0,25 - 0,5|0,25 - 0,5|1
WANUSDT|11101|True|0,25 - 0,5|0,0 - 0,25|0,0 - 0,25|0,0 - 0,25|0,25 - 0,5|1
WANUSDT|11110|True|0,25 - 0,5|0,25 - 0,5|0,0 - 0,25|0,0 - 0,25|0,0 - 0,25|2
WANUSDT|11111|True|0,25 - 0,5|0,25 - 0,5|0,25 - 0,5|0,0 - 0,25|0,0 - 0,25|1
WANUSDT|11111|True|0,25 - 0,5|0,25 - 0,5|0,25 - 0,5|0,25 - 0,5|0,0 - 0,25|1
WANUSDT|01111|False|0,25 - 0,5|0,25 - 0,5|0,25 - 0,5|0,25 - 0,5|0,25 - 0,5|1
WANUSDT|00111|False|0,25 - 0,5|0,25 - 0,5|0,25 - 0,5|0,25 - 0,5|0,25 - 0,5|1
WANUSDT|00011|False|0,0 - 0,25|0,25 - 0,5|0,25 - 0,5|0,25 - 0,5|0,25 - 0,5|1
WANUSDT|00001|False|0,0 - 0,25|0,0 - 0,25|0,25 - 0,5|0,25 - 0,5|0,25 - 0,5|1
WANUSDT|00000|False|0,25 - 0,5|0,0 - 0,25|0,0 - 0,25|0,0 - 0,25|0,25 - 0,5|1
WANUSDT|10000|True|0,25 - 0,5|0,0 - 0,25|0,25 - 0,5|0,0 - 0,25|0,0 - 0,25|1
WANUSDT|11000|True|0,0 - 0,25|0,25 - 0,5|0,0 - 0,25|0,25 - 0,5|0,0 - 0,25|1
WANUSDT|11100|False|0,0 - 0,25|0,0 - 0,25|0,25 - 0,5|0,0 - 0,25|0,25 - 0,5|1
WANUSDT|00111|True|0 - -0,25|0,0 - 0,25|0,0 - 0,25|0,0 - 0,25|0,25 - 0,5|1
WANUSDT|10011|True|0,0 - 0,25|0 - -0,25|0,0 - 0,25|0,0 - 0,25|0,0 - 0,25|1
WANUSDT|11001|True|0,5 - 1|0,0 - 0,25|0 - -0,25|0,0 - 0,25|0,0 - 0,25|1
WANUSDT|11100|True|0,0 - 0,25|0,5 - 1|0,0 - 0,25|0 - -0,25|0,0 - 0,25|1
WANUSDT|11110|False|0,25 - 0,5|0,0 - 0,25|0,5 - 1|0,0 - 0,25|0 - -0,25|1
WANUSDT|01111|False|0,0 - 0,25|0,25 - 0,5|0,0 - 0,25|0,5 - 1|0,0 - 0,25|1
WANUSDT|00111|True|0,0 - 0,25|0,0 - 0,25|0,25 - 0,5|0,0 - 0,25|0,5 - 1|1
WANUSDT|10011|False|0,0 - 0,25|0,0 - 0,25|0,0 - 0,25|0,25 - 0,5|0,0 - 0,25|1
WANUSDT|01001|True|0,0 - 0,25|0,0 - 0,25|0,0 - 0,25|0,0 - 0,25|0,25 - 0,5|1
WANUSDT|10000|False|0,25 - 0,5|0,0 - 0,25|0,0 - 0,25|0,0 - 0,25|0,0 - 0,25|2
WANUSDT|01000|False|0,0 - 0,25|0,25 - 0,5|0,0 - 0,25|0,0 - 0,25|0,0 - 0,25|1
WANUSDT|00100|False|0,0 - 0,25|0,0 - 0,25|0,25 - 0,5|0,0 - 0,25|0,0 - 0,25|1
WANUSDT|00010|True|0,0 - 0,25|0,0 - 0,25|0,0 - 0,25|0,25 - 0,5|0,0 - 0,25|1
WANUSDT|10001|False|0,0 - 0,25|0,0 - 0,25|0,0 - 0,25|0,0 - 0,25|0,25 - 0,5|1
WANUSDT|00000|False|0,0 - 0,25|0,25 - 0,5|0,0 - 0,25|0,0 - 0,25|0,0 - 0,25|2
WANUSDT|00000|False|0,0 - 0,25|0,0 - 0,25|0,25 - 0,5|0,0 - 0,25|0,0 - 0,25|2
WANUSDT|00000|True|0,25 - 0,5|0,0 - 0,25|0,0 - 0,25|0,25 - 0,5|0,0 - 0,25|1
WANUSDT|10000|False|0,0 - 0,25|0,25 - 0,5|0,0 - 0,25|0,0 - 0,25|0,25 - 0,5|1
WANUSDT|01000|False|0 - -0,25|0,0 - 0,25|0,25 - 0,5|0,0 - 0,25|0,0 - 0,25|1
WANUSDT|00100|False|0,0 - 0,25|0 - -0,25|0,0 - 0,25|0,25 - 0,5|0,0 - 0,25|1
WANUSDT|00010|False|0,0 - 0,25|0,0 - 0,25|0 - -0,25|0,0 - 0,25|0,25 - 0,5|1
WANUSDT|00000|True|0,25 - 0,5|0 - -0,25|0,0 - 0,25|0,0 - 0,25|0 - -0,25|1
WANUSDT|10000|True|0,0 - 0,25|0,25 - 0,5|0 - -0,25|0,0 - 0,25|0,0 - 0,25|1
WANUSDT|11000|False|0,25 - 0,5|0,0 - 0,25|0,25 - 0,5|0 - -0,25|0,0 - 0,25|1
WANUSDT|01100|True|0,25 - 0,5|0,25 - 0,5|0,0 - 0,25|0,25 - 0,5|0 - -0,25|1
WANUSDT|10110|True|0,0 - 0,25|0,25 - 0,5|0,25 - 0,5|0,0 - 0,25|0,25 - 0,5|1
WANUSDT|11011|True|0,0 - 0,25|0,0 - 0,25|0,25 - 0,5|0,25 - 0,5|0,0 - 0,25|1
WANUSDT|11101|True|0,0 - 0,25|0,0 - 0,25|0,0 - 0,25|0,25 - 0,5|0,25 - 0,5|1
WANUSDT|11110|True|0,25 - 0,5|0,0 - 0,25|0,0 - 0,25|0,0 - 0,25|0,25 - 0,5|1
WANUSDT|11111|False|0,0 - 0,25|0,25 - 0,5|0,0 - 0,25|0,0 - 0,25|0,0 - 0,25|2
WANUSDT|01111|False|0 - -0,25|0,0 - 0,25|0,25 - 0,5|0,0 - 0,25|0,0 - 0,25|1
WANUSDT|00111|False|0,0 - 0,25|0 - -0,25|0,0 - 0,25|0,25 - 0,5|0,0 - 0,25|1
WANUSDT|00011|False|0,0 - 0,25|0,0 - 0,25|0 - -0,25|0,0 - 0,25|0,25 - 0,5|1
WANUSDT|10000|False|0,25 - 0,5|0,25 - 0,5|0,0 - 0,25|0,0 - 0,25|0 - -0,25|1
WANUSDT|01000|True|0,25 - 0,5|0,25 - 0,5|0,25 - 0,5|0,0 - 0,25|0,0 - 0,25|1
WANUSDT|10100|True|0,0 - 0,25|0,25 - 0,5|0,25 - 0,5|0,25 - 0,5|0,0 - 0,25|1
WANUSDT|11010|True|0,0 - 0,25|0,0 - 0,25|0,25 - 0,5|0,25 - 0,5|0,25 - 0,5|1
WANUSDT|11101|True|0,25 - 0,5|0,0 - 0,25|0,0 - 0,25|0,25 - 0,5|0,25 - 0,5|1
WANUSDT|11110|True|0,25 - 0,5|0,25 - 0,5|0,0 - 0,25|0,0 - 0,25|0,25 - 0,5|1
WANUSDT|11111|False|0,0 - 0,25|0,25 - 0,5|0,25 - 0,5|0,0 - 0,25|0,0 - 0,25|1
WANUSDT|01111|True|0,0 - 0,25|0,0 - 0,25|0,25 - 0,5|0,25 - 0,5|0,0 - 0,25|1
WANUSDT|10111|True|0,0 - 0,25|0,0 - 0,25|0,0 - 0,25|0,25 - 0,5|0,25 - 0,5|1
WANUSDT|11011|False|0,0 - 0,25|0,0 - 0,25|0,0 - 0,25|0,0 - 0,25|0,25 - 0,5|1
WANUSDT|01101|True|0,25 - 0,5|0,0 - 0,25|0,0 - 0,25|0,0 - 0,25|0,0 - 0,25|1
WANUSDT|10110|True|0,25 - 0,5|0,25 - 0,5|0,0 - 0,25|0,0 - 0,25|0,0 - 0,25|1
WANUSDT|11011|False|0,0 - 0,25|0,25 - 0,5|0,25 - 0,5|0,0 - 0,25|0,0 - 0,25|1
WANUSDT|01101|True|0 - -0,25|0,0 - 0,25|0,25 - 0,5|0,25 - 0,5|0,0 - 0,25|1
WANUSDT|10110|False|0,0 - 0,25|0 - -0,25|0,0 - 0,25|0,25 - 0,5|0,25 - 0,5|1
WANUSDT|01011|True|0,25 - 0,5|0,0 - 0,25|0 - -0,25|0,0 - 0,25|0,25 - 0,5|1
WANUSDT|10101|False|0,0 - 0,25|0,25 - 0,5|0,0 - 0,25|0 - -0,25|0,0 - 0,25|1
WANUSDT|01010|False|0,0 - 0,25|0,0 - 0,25|0,25 - 0,5|0,0 - 0,25|0 - -0,25|1
WANUSDT|00101|True|0,0 - 0,25|0,0 - 0,25|0,0 - 0,25|0,25 - 0,5|0,0 - 0,25|1
WANUSDT|10010|False|0,0 - 0,25|0,0 - 0,25|0,0 - 0,25|0,0 - 0,25|0,25 - 0,5|1
WANUSDT|01010|False|0,0 - 0,25|0,0 - 0,25|0,25 - 0,5|0,0 - 0,25|0,0 - 0,25|1
WANUSDT|00101|True|0,5 - 1|0,0 - 0,25|0,0 - 0,25|0,25 - 0,5|0,0 - 0,25|1
WANUSDT|10010|True|0,25 - 0,5|0,5 - 1|0,0 - 0,25|0,0 - 0,25|0,25 - 0,5|1
WANUSDT|11001|False|0,0 - 0,25|0,25 - 0,5|0,5 - 1|0,0 - 0,25|0,0 - 0,25|1
WANUSDT|01100|False|0,25 - 0,5|0,0 - 0,25|0,25 - 0,5|0,5 - 1|0,0 - 0,25|1
WANUSDT|00110|False|0,0 - 0,25|0,25 - 0,5|0,0 - 0,25|0,25 - 0,5|0,5 - 1|1
WANUSDT|00011|True|0,25 - 0,5|0,0 - 0,25|0,25 - 0,5|0,0 - 0,25|0,25 - 0,5|1
WANUSDT|10001|True|0,25 - 0,5|0,25 - 0,5|0,0 - 0,25|0,25 - 0,5|0,0 - 0,25|1
WANUSDT|11000|True|0,0 - 0,25|0,25 - 0,5|0,25 - 0,5|0,0 - 0,25|0,25 - 0,5|1
WANUSDT|11100|False|0,25 - 0,5|0,0 - 0,25|0,25 - 0,5|0,25 - 0,5|0,0 - 0,25|1
WANUSDT|01110|True|0,0 - 0,25|0,25 - 0,5|0,0 - 0,25|0,25 - 0,5|0,25 - 0,5|1
WANUSDT|10111|True|0,25 - 0,5|0,0 - 0,25|0,25 - 0,5|0,0 - 0,25|0,25 - 0,5|1
WANUSDT|11011|False|0,25 - 0,5|0,25 - 0,5|0,0 - 0,25|0,25 - 0,5|0,0 - 0,25|1
WANUSDT|01101|True|0,25 - 0,5|0,25 - 0,5|0,25 - 0,5|0,0 - 0,25|0,25 - 0,5|1
WANUSDT|10110|True|0,25 - 0,5|0,25 - 0,5|0,25 - 0,5|0,25 - 0,5|0,0 - 0,25|1
WANUSDT|11011|False|0,0 - 0,25|0,25 - 0,5|0,25 - 0,5|0,25 - 0,5|0,25 - 0,5|1
WANUSDT|01101|False|0,0 - 0,25|0,0 - 0,25|0,25 - 0,5|0,25 - 0,5|0,25 - 0,5|1
WANUSDT|00110|True|0,0 - 0,25|0,0 - 0,25|0,0 - 0,25|0,25 - 0,5|0,25 - 0,5|1
WANUSDT|10100|False|0,25 - 0,5|0,25 - 0,5|0,0 - 0,25|0,0 - 0,25|0,0 - 0,25|1
WANUSDT|01010|True|0,0 - 0,25|0,25 - 0,5|0,25 - 0,5|0,0 - 0,25|0,0 - 0,25|1
WANUSDT|10101|False|0,25 - 0,5|0,0 - 0,25|0,25 - 0,5|0,25 - 0,5|0,0 - 0,25|1
WANUSDT|01010|False|0,25 - 0,5|0,25 - 0,5|0,0 - 0,25|0,25 - 0,5|0,25 - 0,5|1
WANUSDT|00101|True|0,0 - 0,25|0,25 - 0,5|0,25 - 0,5|0,0 - 0,25|0,25 - 0,5|1
WANUSDT|10010|False|0,25 - 0,5|0,0 - 0,25|0,25 - 0,5|0,25 - 0,5|0,0 - 0,25|1
WANUSDT|01001|True|0,0 - 0,25|0,25 - 0,5|0,0 - 0,25|0,25 - 0,5|0,25 - 0,5|1
WANUSDT|11010|False|0,25 - 0,5|0,0 - 0,25|0,0 - 0,25|0,25 - 0,5|0,0 - 0,25|1
WANUSDT|01101|True|0,0 - 0,25|0,25 - 0,5|0,0 - 0,25|0,0 - 0,25|0,25 - 0,5|1
WANUSDT|10110|True|0,25 - 0,5|0,0 - 0,25|0,25 - 0,5|0,0 - 0,25|0,0 - 0,25|1
WANUSDT|11011|False|0,5 - 1|0,25 - 0,5|0,0 - 0,25|0,25 - 0,5|0,0 - 0,25|1
WANUSDT|01101|True|0,0 - 0,25|0,5 - 1|0,25 - 0,5|0,0 - 0,25|0,25 - 0,5|1
WANUSDT|10110|True|0,0 - 0,25|0,0 - 0,25|0,5 - 1|0,25 - 0,5|0,0 - 0,25|1
WANUSDT|11011|False|0,25 - 0,5|0,0 - 0,25|0,0 - 0,25|0,5 - 1|0,25 - 0,5|1
WANUSDT|01101|False|0,25 - 0,5|0,25 - 0,5|0,0 - 0,25|0,0 - 0,25|0,5 - 1|1
WANUSDT|00110|False|0,25 - 0,5|0,25 - 0,5|0,25 - 0,5|0,0 - 0,25|0,0 - 0,25|1
WANUSDT|00011|False|0,25 - 0,5|0,25 - 0,5|0,25 - 0,5|0,25 - 0,5|0,0 - 0,25|1
WANUSDT|00001|True|0,0 - 0,25|0,25 - 0,5|0,25 - 0,5|0,25 - 0,5|0,25 - 0,5|1
WANUSDT|10000|False|0,0 - 0,25|0,0 - 0,25|0,25 - 0,5|0,25 - 0,5|0,25 - 0,5|1
WANUSDT|01000|True|0,0 - 0,25|0,0 - 0,25|0,0 - 0,25|0,25 - 0,5|0,25 - 0,5|1
WANUSDT|10100|False|0,0 - 0,25|0,0 - 0,25|0,0 - 0,25|0,0 - 0,25|0,25 - 0,5|1
WANUSDT|00000|False|0,25 - 0,5|0,0 - 0,25|0,0 - 0,25|0,0 - 0,25|0,0 - 0,25|1
WANUSDT|00000|False|0,0 - 0,25|0,0 - 0,25|0,0 - 0,25|0,25 - 0,5|0,0 - 0,25|1
WANUSDT|01000|False|0,25 - 0,5|0,25 - 0,5|0,0 - 0,25|0,0 - 0,25|0,0 - 0,25|1
WANUSDT|00100|True|0,0 - 0,25|0,25 - 0,5|0,25 - 0,5|0,0 - 0,25|0,0 - 0,25|1
WANUSDT|10010|True|0,0 - 0,25|0,0 - 0,25|0,25 - 0,5|0,25 - 0,5|0,0 - 0,25|1
WANUSDT|11001|True|0,0 - 0,25|0,0 - 0,25|0,0 - 0,25|0,25 - 0,5|0,25 - 0,5|1
WANUSDT|11100|True|0,25 - 0,5|0,0 - 0,25|0,0 - 0,25|0,0 - 0,25|0,25 - 0,5|1
WANUSDT|11111|False|0,5 - 1|0,25 - 0,5|0,25 - 0,5|0,0 - 0,25|0,0 - 0,25|1
WANUSDT|01111|True|0,0 - 0,25|0,5 - 1|0,25 - 0,5|0,25 - 0,5|0,0 - 0,25|1
WANUSDT|10111|False|0,0 - 0,25|0,0 - 0,25|0,5 - 1|0,25 - 0,5|0,25 - 0,5|1
WANUSDT|01011|False|0,0 - 0,25|0,0 - 0,25|0,0 - 0,25|0,5 - 1|0,25 - 0,5|1
WANUSDT|00101|False|0,0 - 0,25|0,0 - 0,25|0,0 - 0,25|0,0 - 0,25|0,5 - 1|1
WANUSDT|00010|True|0 - -0,25|0,0 - 0,25|0,0 - 0,25|0,0 - 0,25|0,0 - 0,25|1
WANUSDT|10100|False|0,25 - 0,5|0,0 - 0,25|0,0 - 0,25|0 - -0,25|0,0 - 0,25|1
WANUSDT|01010|True|0,0 - 0,25|0,25 - 0,5|0,0 - 0,25|0,0 - 0,25|0 - -0,25|1
WANUSDT|10101|False|0,5 - 1|0,0 - 0,25|0,25 - 0,5|0,0 - 0,25|0,0 - 0,25|1
WANUSDT|01010|True|0,25 - 0,5|0,5 - 1|0,0 - 0,25|0,25 - 0,5|0,0 - 0,25|1
WANUSDT|10101|False|0,0 - 0,25|0,25 - 0,5|0,5 - 1|0,0 - 0,25|0,25 - 0,5|1
WANUSDT|01010|True|0 - -0,25|0,0 - 0,25|0,25 - 0,5|0,5 - 1|0,0 - 0,25|1
WANUSDT|10101|True|0,25 - 0,5|0 - -0,25|0,0 - 0,25|0,25 - 0,5|0,5 - 1|1
WANUSDT|11010|False|0,5 - 1|0,25 - 0,5|0 - -0,25|0,0 - 0,25|0,25 - 0,5|1
WANUSDT|01101|True|0,5 - 1|0,5 - 1|0,25 - 0,5|0 - -0,25|0,0 - 0,25|1
WANUSDT|10110|True|0,25 - 0,5|0,5 - 1|0,5 - 1|0,25 - 0,5|0 - -0,25|1
WANUSDT|11011|False|0,0 - 0,25|0,25 - 0,5|0,5 - 1|0,5 - 1|0,25 - 0,5|1
WANUSDT|01101|False|0,25 - 0,5|0,0 - 0,25|0,25 - 0,5|0,5 - 1|0,5 - 1|1
WANUSDT|00110|False|0,5 - 1|0,25 - 0,5|0,0 - 0,25|0,25 - 0,5|0,5 - 1|1
WANUSDT|00011|False|0,0 - 0,25|0,5 - 1|0,25 - 0,5|0,0 - 0,25|0,25 - 0,5|1
WANUSDT|00001|False|0,0 - 0,25|0,0 - 0,25|0,5 - 1|0,25 - 0,5|0,0 - 0,25|1
WANUSDT|00000|False|0,0 - 0,25|0,0 - 0,25|0,0 - 0,25|0,5 - 1|0,25 - 0,5|1
WANUSDT|00000|False|0,0 - 0,25|0,0 - 0,25|0,0 - 0,25|0,0 - 0,25|0,5 - 1|1
WANUSDT|00000|False|0,5 - 1|0,0 - 0,25|0,0 - 0,25|0,0 - 0,25|0,0 - 0,25|1
WANUSDT|00000|False|0,25 - 0,5|0,5 - 1|0,0 - 0,25|0,0 - 0,25|0,0 - 0,25|1
WANUSDT|00000|True|0,0 - 0,25|0,25 - 0,5|0,5 - 1|0,0 - 0,25|0,0 - 0,25|1
WANUSDT|10000|False|0,0 - 0,25|0,0 - 0,25|0,25 - 0,5|0,5 - 1|0,0 - 0,25|1
WANUSDT|01000|False|0,0 - 0,25|0,0 - 0,25|0,0 - 0,25|0,25 - 0,5|0,5 - 1|1
WANUSDT|11110|True|0,25 - 0,5|0,0 - 0,25|0,0 - 0,25|0,0 - 0,25|0,0 - 0,25|1
WANUSDT|01111|False|0,25 - 0,5|0,0 - 0,25|0,25 - 0,5|0,0 - 0,25|0,0 - 0,25|1
WANUSDT|00111|True|0,25 - 0,5|0,25 - 0,5|0,0 - 0,25|0,25 - 0,5|0,0 - 0,25|1
WANUSDT|10011|False|0,0 - 0,25|0,25 - 0,5|0,25 - 0,5|0,0 - 0,25|0,25 - 0,5|1
WANUSDT|01001|False|0 - -0,25|0,0 - 0,25|0,25 - 0,5|0,25 - 0,5|0,0 - 0,25|1
WANUSDT|00100|True|0 - -0,25|0 - -0,25|0,0 - 0,25|0,25 - 0,5|0,25 - 0,5|1
WANUSDT|10010|False|0,0 - 0,25|0 - -0,25|0 - -0,25|0,0 - 0,25|0,25 - 0,5|1
WANUSDT|00100|True|0,0 - 0,25|0,0 - 0,25|0,0 - 0,25|0 - -0,25|0 - -0,25|1
WANUSDT|10100|False|0,25 - 0,5|0 - -0,25|0,0 - 0,25|0,0 - 0,25|0,0 - 0,25|1
WANUSDT|01010|True|0 - -0,25|0,25 - 0,5|0 - -0,25|0,0 - 0,25|0,0 - 0,25|1
WANUSDT|10101|True|0,0 - 0,25|0 - -0,25|0,25 - 0,5|0 - -0,25|0,0 - 0,25|1
WANUSDT|11010|True|0,0 - 0,25|0,0 - 0,25|0 - -0,25|0,25 - 0,5|0 - -0,25|1
WANUSDT|11101|True|0,0 - 0,25|0,0 - 0,25|0,0 - 0,25|0 - -0,25|0,25 - 0,5|1
WANUSDT|11110|False|0,0 - 0,25|0,0 - 0,25|0,0 - 0,25|0,0 - 0,25|0 - -0,25|2
WANUSDT|00101|True|0,25 - 0,5|0,0 - 0,25|0,0 - 0,25|0,0 - 0,25|0,0 - 0,25|1
WANUSDT|10010|True|0,5 - 1|0,25 - 0,5|0,0 - 0,25|0,0 - 0,25|0,0 - 0,25|1
WANUSDT|11001|True|0,0 - 0,25|0,5 - 1|0,25 - 0,5|0,0 - 0,25|0,0 - 0,25|1
WANUSDT|11100|True|0,0 - 0,25|0,0 - 0,25|0,5 - 1|0,25 - 0,5|0,0 - 0,25|1
WANUSDT|11110|False|1 - 2|0,0 - 0,25|0,0 - 0,25|0,5 - 1|0,25 - 0,5|1
WANUSDT|01111|False|0,0 - 0,25|1 - 2|0,0 - 0,25|0,0 - 0,25|0,5 - 1|1
WANUSDT|00111|False|0,0 - 0,25|0,0 - 0,25|1 - 2|0,0 - 0,25|0,0 - 0,25|1
WANUSDT|00011|True|0,0 - 0,25|0,0 - 0,25|0,0 - 0,25|1 - 2|0,0 - 0,25|1
WANUSDT|10001|True|0,25 - 0,5|0,0 - 0,25|0,0 - 0,25|0,0 - 0,25|1 - 2|1
WANUSDT|11000|False|0,0 - 0,25|0,25 - 0,5|0,0 - 0,25|0,0 - 0,25|0,0 - 0,25|1
WANUSDT|01100|False|0 - -0,25|0,0 - 0,25|0,25 - 0,5|0,0 - 0,25|0,0 - 0,25|1
WANUSDT|00110|False|0,5 - 1|0 - -0,25|0,0 - 0,25|0,25 - 0,5|0,0 - 0,25|1
WANUSDT|00011|False|0,0 - 0,25|0,5 - 1|0 - -0,25|0,0 - 0,25|0,25 - 0,5|1
WANUSDT|00001|False|0 - -0,25|0,0 - 0,25|0,5 - 1|0 - -0,25|0,0 - 0,25|1
WANUSDT|00000|False|0,0 - 0,25|0 - -0,25|0,0 - 0,25|0,5 - 1|0 - -0,25|1
WANUSDT|00000|False|0,0 - 0,25|0,0 - 0,25|0 - -0,25|0,0 - 0,25|0,5 - 1|1
WANUSDT|00000|False|0,0 - 0,25|0,0 - 0,25|0,0 - 0,25|0 - -0,25|0,0 - 0,25|1
WANUSDT|00000|True|0,0 - 0,25|0,0 - 0,25|0,0 - 0,25|0,0 - 0,25|0 - -0,25|1
WANUSDT|00100|False|0,0 - 0,25|0,25 - 0,5|0,0 - 0,25|0,0 - 0,25|0,0 - 0,25|1
WANUSDT|00010|True|0 - -0,25|0,0 - 0,25|0,25 - 0,5|0,0 - 0,25|0,0 - 0,25|1
WANUSDT|10001|False|0,0 - 0,25|0 - -0,25|0,0 - 0,25|0,25 - 0,5|0,0 - 0,25|1
WANUSDT|01000|False|0,0 - 0,25|0,0 - 0,25|0 - -0,25|0,0 - 0,25|0,25 - 0,5|1
WANUSDT|00010|False|0,0 - 0,25|0,0 - 0,25|0,0 - 0,25|0,0 - 0,25|0 - -0,25|1
WANUSDT|01000|False|0 - -0,25|0,0 - 0,25|0 - -0,25|0,0 - 0,25|0,0 - 0,25|1
WANUSDT|00100|False|0 - -0,25|0 - -0,25|0,0 - 0,25|0 - -0,25|0,0 - 0,25|1
WANUSDT|00010|False|0 - -0,25|0 - -0,25|0 - -0,25|0,0 - 0,25|0 - -0,25|1
WANUSDT|00001|False|0,0 - 0,25|0 - -0,25|0 - -0,25|0 - -0,25|0,0 - 0,25|1
WANUSDT|00000|True|0,25 - 0,5|0,0 - 0,25|0,0 - 0,25|0 - -0,25|0 - -0,25|1
WANUSDT|10000|True|0,25 - 0,5|0,25 - 0,5|0,0 - 0,25|0,0 - 0,25|0 - -0,25|1
WANUSDT|01100|True|0,0 - 0,25|0,0 - 0,25|0,25 - 0,5|0,25 - 0,5|0,0 - 0,25|1
WANUSDT|10110|False|0,0 - 0,25|0,0 - 0,25|0,0 - 0,25|0,25 - 0,5|0,25 - 0,5|1
WANUSDT|01000|True|0 - -0,25|0,0 - 0,25|0,0 - 0,25|0 - -0,25|0,0 - 0,25|1
WANUSDT|10100|False|0,0 - 0,25|0 - -0,25|0,0 - 0,25|0,0 - 0,25|0 - -0,25|1
WANUSDT|01010|False|0 - -0,25|0,0 - 0,25|0 - -0,25|0,0 - 0,25|0,0 - 0,25|1
WANUSDT|00101|True|0,25 - 0,5|0 - -0,25|0,0 - 0,25|0 - -0,25|0,0 - 0,25|1
WANUSDT|10010|False|0,0 - 0,25|0,25 - 0,5|0 - -0,25|0,0 - 0,25|0 - -0,25|1
WANUSDT|01001|True|0,25 - 0,5|0,0 - 0,25|0,25 - 0,5|0 - -0,25|0,0 - 0,25|1
WANUSDT|10100|False|0,0 - 0,25|0,25 - 0,5|0,0 - 0,25|0,25 - 0,5|0 - -0,25|1
WANUSDT|01010|True|0,0 - 0,25|0,0 - 0,25|0,25 - 0,5|0,0 - 0,25|0,25 - 0,5|1
WANUSDT|10101|False|1 - 2|0,0 - 0,25|0,0 - 0,25|0,25 - 0,5|0,0 - 0,25|1
WANUSDT|01010|False|0,5 - 1|1 - 2|0,0 - 0,25|0,0 - 0,25|0,25 - 0,5|1
WANUSDT|00101|True|0 - -0,25|0,5 - 1|1 - 2|0,0 - 0,25|0,0 - 0,25|1
WANUSDT|10010|True|0,0 - 0,25|0 - -0,25|0,5 - 1|1 - 2|0,0 - 0,25|1
WANUSDT|11001|True|0,0 - 0,25|0,0 - 0,25|0 - -0,25|0,5 - 1|1 - 2|1
WANUSDT|11100|True|0,0 - 0,25|0,0 - 0,25|0,0 - 0,25|0 - -0,25|0,5 - 1|1
WANUSDT|10111|False|0,5 - 1|0,0 - 0,25|0,0 - 0,25|0,0 - 0,25|0,0 - 0,25|1
WANUSDT|01011|False|0,5 - 1|0,5 - 1|0,0 - 0,25|0,0 - 0,25|0,0 - 0,25|1
WANUSDT|00101|True|0,25 - 0,5|0,5 - 1|0,5 - 1|0,0 - 0,25|0,0 - 0,25|1
WANUSDT|10010|False|0,0 - 0,25|0,25 - 0,5|0,5 - 1|0,5 - 1|0,0 - 0,25|1
WANUSDT|01001|False|0,25 - 0,5|0,0 - 0,25|0,25 - 0,5|0,5 - 1|0,5 - 1|1
WANUSDT|00100|False|0 - -0,25|0,25 - 0,5|0,0 - 0,25|0,25 - 0,5|0,5 - 1|1
WANUSDT|00010|False|0,0 - 0,25|0 - -0,25|0,25 - 0,5|0,0 - 0,25|0,25 - 0,5|1
WANUSDT|00001|True|0,5 - 1|0,0 - 0,25|0 - -0,25|0,25 - 0,5|0,0 - 0,25|1
WANUSDT|10000|True|0,0 - 0,25|0,5 - 1|0,0 - 0,25|0 - -0,25|0,25 - 0,5|1
WANUSDT|11000|False|0,25 - 0,5|0,0 - 0,25|0,5 - 1|0,0 - 0,25|0 - -0,25|1
WANUSDT|01100|True|0,0 - 0,25|0,25 - 0,5|0,0 - 0,25|0,5 - 1|0,0 - 0,25|1
WANUSDT|10110|False|0,0 - 0,25|0,0 - 0,25|0,25 - 0,5|0,0 - 0,25|0,5 - 1|1
WANUSDT|01011|False|0,5 - 1|0,0 - 0,25|0,0 - 0,25|0,25 - 0,5|0,0 - 0,25|1
WANUSDT|00101|True|0,25 - 0,5|0,5 - 1|0,0 - 0,25|0,0 - 0,25|0,25 - 0,5|1
WANUSDT|10010|True|0,5 - 1|0,25 - 0,5|0,5 - 1|0,0 - 0,25|0,0 - 0,25|1
WANUSDT|11001|False|0,0 - 0,25|0,5 - 1|0,25 - 0,5|0,5 - 1|0,0 - 0,25|1
WANUSDT|01100|False|0,0 - 0,25|0,0 - 0,25|0,5 - 1|0,25 - 0,5|0,5 - 1|1
WANUSDT|00110|True|0,25 - 0,5|0,0 - 0,25|0,0 - 0,25|0,5 - 1|0,25 - 0,5|1
WANUSDT|10011|True|0,25 - 0,5|0,25 - 0,5|0,0 - 0,25|0,0 - 0,25|0,5 - 1|1
WANUSDT|11001|False|0,25 - 0,5|0,25 - 0,5|0,25 - 0,5|0,0 - 0,25|0,0 - 0,25|1
WANUSDT|01100|False|0,0 - 0,25|0,25 - 0,5|0,25 - 0,5|0,25 - 0,5|0,0 - 0,25|1
WANUSDT|00110|False|0,5 - 1|0,0 - 0,25|0,25 - 0,5|0,25 - 0,5|0,25 - 0,5|1
WANUSDT|00011|False|0,0 - 0,25|0,5 - 1|0,0 - 0,25|0,25 - 0,5|0,25 - 0,5|1
WANUSDT|00001|False|0,0 - 0,25|0,0 - 0,25|0,5 - 1|0,0 - 0,25|0,25 - 0,5|1
WANUSDT|00000|True|0,0 - 0,25|0,0 - 0,25|0,0 - 0,25|0,5 - 1|0,0 - 0,25|1
WANUSDT|10000|True|0,25 - 0,5|0,0 - 0,25|0,0 - 0,25|0,0 - 0,25|0,5 - 1|1
WANUSDT|11000|False|0,5 - 1|0,25 - 0,5|0,0 - 0,25|0,0 - 0,25|0,0 - 0,25|1
WANUSDT|01100|False|0 - -0,25|0,5 - 1|0,25 - 0,5|0,0 - 0,25|0,0 - 0,25|1
WANUSDT|00110|True|0,0 - 0,25|0 - -0,25|0,5 - 1|0,25 - 0,5|0,0 - 0,25|1
WANUSDT|10011|True|0,5 - 1|0,0 - 0,25|0 - -0,25|0,5 - 1|0,25 - 0,5|1
WANUSDT|11001|True|0,5 - 1|0,5 - 1|0,0 - 0,25|0 - -0,25|0,5 - 1|1
WANUSDT|11100|True|0,0 - 0,25|0,5 - 1|0,5 - 1|0,0 - 0,25|0 - -0,25|1
WANUSDT|11110|False|0,0 - 0,25|0,0 - 0,25|0,5 - 1|0,5 - 1|0,0 - 0,25|1
WANUSDT|01111|False|0 - -0,25|0,0 - 0,25|0,0 - 0,25|0,5 - 1|0,5 - 1|1
WANUSDT|00111|True|0,25 - 0,5|0 - -0,25|0,0 - 0,25|0,0 - 0,25|0,5 - 1|1
WANUSDT|10011|True|0,5 - 1|0,25 - 0,5|0 - -0,25|0,0 - 0,25|0,0 - 0,25|1
WANUSDT|11001|False|0,0 - 0,25|0,5 - 1|0,25 - 0,5|0 - -0,25|0,0 - 0,25|1
WANUSDT|01100|True|0 - -0,25|0,0 - 0,25|0,5 - 1|0,25 - 0,5|0 - -0,25|1
WANUSDT|10110|True|0,25 - 0,5|0 - -0,25|0,0 - 0,25|0,5 - 1|0,25 - 0,5|1
WANUSDT|11011|True|0,0 - 0,25|0,25 - 0,5|0 - -0,25|0,0 - 0,25|0,5 - 1|1
WANUSDT|11101|True|0,0 - 0,25|0,0 - 0,25|0,25 - 0,5|0 - -0,25|0,0 - 0,25|1
WANUSDT|11110|True|0,0 - 0,25|0,0 - 0,25|0,0 - 0,25|0,25 - 0,5|0 - -0,25|1
WANUSDT|11111|True|0,25 - 0,5|0,0 - 0,25|0,0 - 0,25|0,0 - 0,25|0,25 - 0,5|1
WANUSDT|11111|False|0,25 - 0,5|0,25 - 0,5|0,0 - 0,25|0,0 - 0,25|0,0 - 0,25|1
WANUSDT|01111|True|0,0 - 0,25|0,25 - 0,5|0,25 - 0,5|0,0 - 0,25|0,0 - 0,25|1
WANUSDT|10111|False|0,0 - 0,25|0,0 - 0,25|0,25 - 0,5|0,25 - 0,5|0,0 - 0,25|1
WANUSDT|01011|False|0,25 - 0,5|0,0 - 0,25|0,0 - 0,25|0,25 - 0,5|0,25 - 0,5|1
WANUSDT|00101|True|0,0 - 0,25|0,25 - 0,5|0,0 - 0,25|0,0 - 0,25|0,25 - 0,5|1
WANUSDT|10010|False|0,25 - 0,5|0,0 - 0,25|0,25 - 0,5|0,0 - 0,25|0,0 - 0,25|1
WANUSDT|01001|False|0,25 - 0,5|0,25 - 0,5|0,0 - 0,25|0,25 - 0,5|0,0 - 0,25|1
WANUSDT|00100|True|0,5 - 1|0,25 - 0,5|0,25 - 0,5|0,0 - 0,25|0,25 - 0,5|1
WANUSDT|10010|True|0,25 - 0,5|0,5 - 1|0,25 - 0,5|0,25 - 0,5|0,0 - 0,25|1
WANUSDT|11001|True|0,0 - 0,25|0,25 - 0,5|0,5 - 1|0,25 - 0,5|0,25 - 0,5|1
WANUSDT|11100|False|0,0 - 0,25|0,0 - 0,25|0,25 - 0,5|0,5 - 1|0,25 - 0,5|1
WANUSDT|01110|True|0 - -0,25|0,0 - 0,25|0,0 - 0,25|0,25 - 0,5|0,5 - 1|1
WANUSDT|10111|False|0,0 - 0,25|0 - -0,25|0,0 - 0,25|0,0 - 0,25|0,25 - 0,5|1
WANUSDT|00010|False|0,0 - 0,25|0 - -0,25|0,0 - 0,25|0,0 - 0,25|0 - -0,25|1
WANUSDT|00000|False|0 - -0,25|0,0 - 0,25|0,0 - 0,25|0 - -0,25|0,0 - 0,25|2
WANUSDT|10000|False|0,5 - 1|0,0 - 0,25|0,0 - 0,25|0 - -0,25|0,0 - 0,25|1
WANUSDT|01000|True|0,25 - 0,5|0,5 - 1|0,0 - 0,25|0,0 - 0,25|0 - -0,25|1
WANUSDT|10100|False|0,0 - 0,25|0,25 - 0,5|0,5 - 1|0,0 - 0,25|0,0 - 0,25|1
WANUSDT|01010|False|0 - -0,25|0,0 - 0,25|0,25 - 0,5|0,5 - 1|0,0 - 0,25|1
WANUSDT|00101|False|0,0 - 0,25|0 - -0,25|0,0 - 0,25|0,25 - 0,5|0,5 - 1|1
WANUSDT|10001|True|0,0 - 0,25|0,0 - 0,25|0,0 - 0,25|0 - -0,25|0,0 - 0,25|1
WANUSDT|10111|False|0,25 - 0,5|0 - -0,25|0,0 - 0,25|0,0 - 0,25|0,0 - 0,25|1
WANUSDT|01011|False|0,0 - 0,25|0,25 - 0,5|0 - -0,25|0,0 - 0,25|0,0 - 0,25|1
WANUSDT|00101|True|0 - -0,25|0,0 - 0,25|0,25 - 0,5|0 - -0,25|0,0 - 0,25|1
WANUSDT|10010|True|0,25 - 0,5|0 - -0,25|0,0 - 0,25|0,25 - 0,5|0 - -0,25|1
WANUSDT|11001|True|0,25 - 0,5|0,25 - 0,5|0 - -0,25|0,0 - 0,25|0,25 - 0,5|1
WANUSDT|11100|False|0,0 - 0,25|0,25 - 0,5|0,25 - 0,5|0 - -0,25|0,0 - 0,25|1
WANUSDT|01110|False|0,0 - 0,25|0,0 - 0,25|0,25 - 0,5|0,25 - 0,5|0 - -0,25|1
WANUSDT|00011|False|0,0 - 0,25|0,0 - 0,25|0,0 - 0,25|0,0 - 0,25|0,25 - 0,5|1
WANUSDT|00000|True|0 - -0,25|0,0 - 0,25|0,0 - 0,25|0,0 - 0,25|0,0 - 0,25|1
WANUSDT|10000|True|0,0 - 0,25|0 - -0,25|0,0 - 0,25|0,0 - 0,25|0,0 - 0,25|1
WANUSDT|10001|True|0,25 - 0,5|0 - -0,25|0,0 - 0,25|0,0 - 0,25|0,0 - 0,25|1
WANUSDT|11000|False|0,25 - 0,5|0,25 - 0,5|0 - -0,25|0,0 - 0,25|0,0 - 0,25|1
WANUSDT|01100|True|0,0 - 0,25|0,25 - 0,5|0,25 - 0,5|0 - -0,25|0,0 - 0,25|1
WANUSDT|10110|False|0,25 - 0,5|0,0 - 0,25|0,25 - 0,5|0,25 - 0,5|0 - -0,25|1
WANUSDT|01011|False|0,5 - 1|0,25 - 0,5|0,0 - 0,25|0,25 - 0,5|0,25 - 0,5|1
WANUSDT|00101|True|0,25 - 0,5|0,5 - 1|0,25 - 0,5|0,0 - 0,25|0,25 - 0,5|1
WANUSDT|10010|False|0,25 - 0,5|0,25 - 0,5|0,5 - 1|0,25 - 0,5|0,0 - 0,25|1
WANUSDT|01001|False|0,0 - 0,25|0,25 - 0,5|0,25 - 0,5|0,5 - 1|0,25 - 0,5|1
WANUSDT|00100|False|0 - -0,25|0,0 - 0,25|0,25 - 0,5|0,25 - 0,5|0,5 - 1|1
WANUSDT|00010|False|0 - -0,25|0 - -0,25|0,0 - 0,25|0,25 - 0,5|0,25 - 0,5|1
WANUSDT|00001|False|0,0 - 0,25|0 - -0,25|0 - -0,25|0,0 - 0,25|0,25 - 0,5|1
WANUSDT|10000|False|0,5 - 1|0,0 - 0,25|0,0 - 0,25|0,0 - 0,25|0 - -0,25|1
WANUSDT|01000|True|0,0 - 0,25|0,5 - 1|0,0 - 0,25|0,0 - 0,25|0,0 - 0,25|1
WANUSDT|10100|False|0,5 - 1|0,0 - 0,25|0,5 - 1|0,0 - 0,25|0,0 - 0,25|1
WANUSDT|01010|False|0,5 - 1|0,5 - 1|0,0 - 0,25|0,5 - 1|0,0 - 0,25|1
WANUSDT|00101|False|0,0 - 0,25|0,5 - 1|0,5 - 1|0,0 - 0,25|0,5 - 1|1
WANUSDT|00010|True|0,5 - 1|0,0 - 0,25|0,5 - 1|0,5 - 1|0,0 - 0,25|1
WANUSDT|10001|True|0,0 - 0,25|0,5 - 1|0,0 - 0,25|0,5 - 1|0,5 - 1|1
WANUSDT|11000|False|0,25 - 0,5|0,0 - 0,25|0,5 - 1|0,0 - 0,25|0,5 - 1|1
WANUSDT|01100|True|0,25 - 0,5|0,25 - 0,5|0,0 - 0,25|0,5 - 1|0,0 - 0,25|1
WANUSDT|10110|False|0,0 - 0,25|0,25 - 0,5|0,25 - 0,5|0,0 - 0,25|0,5 - 1|1
WANUSDT|01011|True|0,0 - 0,25|0,0 - 0,25|0,25 - 0,5|0,25 - 0,5|0,0 - 0,25|1
WANUSDT|10101|False|0,25 - 0,5|0,0 - 0,25|0,0 - 0,25|0,25 - 0,5|0,25 - 0,5|1
WANUSDT|01010|False|0,0 - 0,25|0,25 - 0,5|0,0 - 0,25|0,0 - 0,25|0,25 - 0,5|1
WANUSDT|00101|False|0 - -0,25|0,0 - 0,25|0,25 - 0,5|0,0 - 0,25|0,0 - 0,25|1
WANUSDT|00010|False|0,0 - 0,25|0 - -0,25|0,0 - 0,25|0,25 - 0,5|0,0 - 0,25|1
WANUSDT|00001|False|0,0 - 0,25|0,0 - 0,25|0 - -0,25|0,0 - 0,25|0,25 - 0,5|1
WANUSDT|00000|False|0,25 - 0,5|0 - -0,25|0,0 - 0,25|0,0 - 0,25|0 - -0,25|1
WANUSDT|00000|True|0,0 - 0,25|0,25 - 0,5|0 - -0,25|0,0 - 0,25|0,0 - 0,25|1
WANUSDT|10000|True|0,0 - 0,25|0,0 - 0,25|0,25 - 0,5|0 - -0,25|0,0 - 0,25|1
WANUSDT|11000|False|0,25 - 0,5|0,0 - 0,25|0,0 - 0,25|0,25 - 0,5|0 - -0,25|1
WANUSDT|01100|False|0,0 - 0,25|0,25 - 0,5|0,0 - 0,25|0,0 - 0,25|0,25 - 0,5|1
WANUSDT|00110|False|0,0 - 0,25|0,0 - 0,25|0,25 - 0,5|0,0 - 0,25|0,0 - 0,25|1
WANUSDT|00011|False|0,25 - 0,5|0,0 - 0,25|0,0 - 0,25|0,25 - 0,5|0,0 - 0,25|1
WANUSDT|00001|False|0,0 - 0,25|0,25 - 0,5|0,0 - 0,25|0,0 - 0,25|0,25 - 0,5|1
WANUSDT|00000|True|0,25 - 0,5|0,0 - 0,25|0,25 - 0,5|0,0 - 0,25|0,0 - 0,25|1
WANUSDT|01000|False|0,0 - 0,25|0,0 - 0,25|0,25 - 0,5|0,0 - 0,25|0,25 - 0,5|1
WANUSDT|00100|False|0,0 - 0,25|0,0 - 0,25|0,0 - 0,25|0,25 - 0,5|0,0 - 0,25|1
WANUSDT|00001|False|0,5 - 1|0,0 - 0,25|0,0 - 0,25|0,0 - 0,25|0,0 - 0,25|1
WANUSDT|00000|False|0,5 - 1|0,5 - 1|0,0 - 0,25|0,0 - 0,25|0,0 - 0,25|1
WANUSDT|00000|True|0,25 - 0,5|0,5 - 1|0,5 - 1|0,0 - 0,25|0,0 - 0,25|1
WANUSDT|10000|False|0,0 - 0,25|0,25 - 0,5|0,5 - 1|0,5 - 1|0,0 - 0,25|1
WANUSDT|01000|False|0 - -0,25|0,0 - 0,25|0,25 - 0,5|0,5 - 1|0,5 - 1|1
WANUSDT|00100|False|0 - -0,25|0 - -0,25|0,0 - 0,25|0,25 - 0,5|0,5 - 1|1
WANUSDT|01000|False|0 - -0,25|0,0 - 0,25|0,0 - 0,25|0 - -0,25|0 - -0,25|1
