WTCUSDT||False||||||5
WTCUSDT|00000|True|0,5 - 1|0,25 - 0,5|0,25 - 0,5|0,25 - 0,5|0,5 - 1|1
WTCUSDT|10000|False|0,25 - 0,5|0,5 - 1|0,25 - 0,5|0,25 - 0,5|0,25 - 0,5|1
WTCUSDT|01000|False|0,25 - 0,5|0,25 - 0,5|0,5 - 1|0,25 - 0,5|0,25 - 0,5|1
WTCUSDT|00100|False|0,25 - 0,5|0,25 - 0,5|0,25 - 0,5|0,5 - 1|0,25 - 0,5|1
WTCUSDT|00010|False|0,25 - 0,5|0,25 - 0,5|0,25 - 0,5|0,25 - 0,5|0,5 - 1|1
WTCUSDT|00001|True|0,25 - 0,5|0,25 - 0,5|0,25 - 0,5|0,25 - 0,5|0,25 - 0,5|1
WTCUSDT|10000|False|0,25 - 0,5|0,25 - 0,5|0,25 - 0,5|0,25 - 0,5|0,25 - 0,5|1
WTCUSDT|01000|False|0,25 - 0,5|0,25 - 0,5|0,25 - 0,5|0,25 - 0,5|0,25 - 0,5|1
WTCUSDT|00100|True|0,25 - 0,5|0,25 - 0,5|0,25 - 0,5|0,25 - 0,5|0,25 - 0,5|1
WTCUSDT|10010|False|0,25 - 0,5|0,25 - 0,5|0,25 - 0,5|0,25 - 0,5|0,25 - 0,5|1
WTCUSDT|01001|True|0,25 - 0,5|0,25 - 0,5|0,25 - 0,5|0,25 - 0,5|0,25 - 0,5|1
WTCUSDT|10100|False|0,25 - 0,5|0,25 - 0,5|0,25 - 0,5|0,25 - 0,5|0,25 - 0,5|1
WTCUSDT|01010|False|0,25 - 0,5|0,25 - 0,5|0,25 - 0,5|0,25 - 0,5|0,25 - 0,5|1
WTCUSDT|00101|False|0,0 - 0,25|0,25 - 0,5|0,25 - 0,5|0,25 - 0,5|0,25 - 0,5|1
WTCUSDT|00010|False|0,0 - 0,25|0,0 - 0,25|0,25 - 0,5|0,25 - 0,5|0,25 - 0,5|1
WTCUSDT|00001|False|0,0 - 0,25|0,0 - 0,25|0,0 - 0,25|0,25 - 0,5|0,25 - 0,5|2
WTCUSDT|00000|False|0,0 - 0,25|0,0 - 0,25|0,0 - 0,25|0,0 - 0,25|0,25 - 0,5|2
WTCUSDT|00000|False|0,25 - 0,5|0,0 - 0,25|0,0 - 0,25|0,0 - 0,25|0,0 - 0,25|2
WTCUSDT|00000|True|0,0 - 0,25|0,25 - 0,5|0,0 - 0,25|0,0 - 0,25|0,0 - 0,25|3
WTCUSDT|10000|False|0,25 - 0,5|0,0 - 0,25|0,25 - 0,5|0,0 - 0,25|0,0 - 0,25|2
WTCUSDT|01000|True|0,25 - 0,5|0,25 - 0,5|0,0 - 0,25|0,25 - 0,5|0,0 - 0,25|2
WTCUSDT|10100|False|0,0 - 0,25|0,25 - 0,5|0,25 - 0,5|0,0 - 0,25|0,25 - 0,5|1
WTCUSDT|01010|False|0,0 - 0,25|0,0 - 0,25|0,25 - 0,5|0,25 - 0,5|0,0 - 0,25|1
WTCUSDT|00101|True|0,25 - 0,5|0,0 - 0,25|0,0 - 0,25|0,25 - 0,5|0,25 - 0,5|1
WTCUSDT|10010|True|0,25 - 0,5|0,25 - 0,5|0,0 - 0,25|0,0 - 0,25|0,25 - 0,5|1
WTCUSDT|11001|True|0,0 - 0,25|0,25 - 0,5|0,25 - 0,5|0,0 - 0,25|0,0 - 0,25|1
WTCUSDT|11100|False|0,0 - 0,25|0,0 - 0,25|0,25 - 0,5|0,25 - 0,5|0,0 - 0,25|2
WTCUSDT|01110|False|0,0 - 0,25|0,0 - 0,25|0,0 - 0,25|0,25 - 0,5|0,25 - 0,5|2
WTCUSDT|00111|False|0,5 - 1|0,0 - 0,25|0,0 - 0,25|0,0 - 0,25|0,25 - 0,5|1
WTCUSDT|00011|True|0,0 - 0,25|0,5 - 1|0,0 - 0,25|0,0 - 0,25|0,0 - 0,25|1
WTCUSDT|10001|True|0,0 - 0,25|0,0 - 0,25|0,5 - 1|0,0 - 0,25|0,0 - 0,25|1
WTCUSDT|11000|True|0,5 - 1|0,0 - 0,25|0,0 - 0,25|0,5 - 1|0,0 - 0,25|1
WTCUSDT|11100|False|0,5 - 1|0,5 - 1|0,0 - 0,25|0,0 - 0,25|0,5 - 1|1
WTCUSDT|01110|False|0,25 - 0,5|0,5 - 1|0,5 - 1|0,0 - 0,25|0,0 - 0,25|1
WTCUSDT|00111|True|0,0 - 0,25|0,25 - 0,5|0,5 - 1|0,5 - 1|0,0 - 0,25|1
WTCUSDT|10011|False|0,25 - 0,5|0,0 - 0,25|0,25 - 0,5|0,5 - 1|0,5 - 1|1
WTCUSDT|01001|False|0,25 - 0,5|0,25 - 0,5|0,0 - 0,25|0,25 - 0,5|0,5 - 1|1
WTCUSDT|00100|True|0,0 - 0,25|0,25 - 0,5|0,25 - 0,5|0,0 - 0,25|0,25 - 0,5|1
WTCUSDT|10010|True|0,5 - 1|0,0 - 0,25|0,25 - 0,5|0,25 - 0,5|0,0 - 0,25|1
WTCUSDT|11001|False|0,0 - 0,25|0,5 - 1|0,0 - 0,25|0,25 - 0,5|0,25 - 0,5|1
WTCUSDT|01100|True|0,25 - 0,5|0,0 - 0,25|0,5 - 1|0,0 - 0,25|0,25 - 0,5|1
WTCUSDT|10110|True|0,0 - 0,25|0,25 - 0,5|0,0 - 0,25|0,5 - 1|0,0 - 0,25|1
WTCUSDT|11011|True|0,25 - 0,5|0,0 - 0,25|0,25 - 0,5|0,0 - 0,25|0,5 - 1|1
WTCUSDT|11101|False|0,0 - 0,25|0,25 - 0,5|0,0 - 0,25|0,25 - 0,5|0,0 - 0,25|1
WTCUSDT|01110|True|0,5 - 1|0,0 - 0,25|0,25 - 0,5|0,0 - 0,25|0,25 - 0,5|1
WTCUSDT|10111|False|0,0 - 0,25|0,5 - 1|0,0 - 0,25|0,25 - 0,5|0,0 - 0,25|1
WTCUSDT|01011|False|0,25 - 0,5|0,0 - 0,25|0,5 - 1|0,0 - 0,25|0,25 - 0,5|1
WTCUSDT|00101|True|0,0 - 0,25|0,25 - 0,5|0,0 - 0,25|0,5 - 1|0,0 - 0,25|1
WTCUSDT|10010|False|0,25 - 0,5|0,0 - 0,25|0,25 - 0,5|0,0 - 0,25|0,5 - 1|1
WTCUSDT|01001|False|0,25 - 0,5|0,25 - 0,5|0,0 - 0,25|0,25 - 0,5|0,0 - 0,25|1
WTCUSDT|00100|False|0,25 - 0,5|0,25 - 0,5|0,25 - 0,5|0,0 - 0,25|0,25 - 0,5|1
WTCUSDT|00010|False|0,25 - 0,5|0,25 - 0,5|0,25 - 0,5|0,25 - 0,5|0,0 - 0,25|1
WTCUSDT|00001|True|0 - -0,25|0,25 - 0,5|0,25 - 0,5|0,25 - 0,5|0,25 - 0,5|1
WTCUSDT|10000|True|0,0 - 0,25|0 - -0,25|0,25 - 0,5|0,25 - 0,5|0,25 - 0,5|1
WTCUSDT|11000|True|0,25 - 0,5|0,0 - 0,25|0 - -0,25|0,25 - 0,5|0,25 - 0,5|1
WTCUSDT|11100|True|0,25 - 0,5|0,25 - 0,5|0,0 - 0,25|0 - -0,25|0,25 - 0,5|1
WTCUSDT|11110|False|0,25 - 0,5|0,25 - 0,5|0,25 - 0,5|0,0 - 0,25|0 - -0,25|1
WTCUSDT|01111|True|0,0 - 0,25|0,25 - 0,5|0,25 - 0,5|0,25 - 0,5|0,0 - 0,25|1
WTCUSDT|10111|True|0,0 - 0,25|0,0 - 0,25|0,25 - 0,5|0,25 - 0,5|0,25 - 0,5|1
WTCUSDT|11011|False|0,0 - 0,25|0,0 - 0,25|0,0 - 0,25|0,25 - 0,5|0,25 - 0,5|1
WTCUSDT|01101|False|0,25 - 0,5|0,0 - 0,25|0,0 - 0,25|0,0 - 0,25|0,25 - 0,5|1
WTCUSDT|00110|False|0,0 - 0,25|0,25 - 0,5|0,0 - 0,25|0,0 - 0,25|0,0 - 0,25|1
WTCUSDT|00011|False|0,0 - 0,25|0,0 - 0,25|0,25 - 0,5|0,0 - 0,25|0,0 - 0,25|1
WTCUSDT|00001|False|0,5 - 1|0,0 - 0,25|0,0 - 0,25|0,25 - 0,5|0,0 - 0,25|1
WTCUSDT|00000|True|0,25 - 0,5|0,5 - 1|0,0 - 0,25|0,0 - 0,25|0,25 - 0,5|1
WTCUSDT|10000|False|0,0 - 0,25|0,25 - 0,5|0,5 - 1|0,0 - 0,25|0,0 - 0,25|1
WTCUSDT|01000|True|0,25 - 0,5|0,0 - 0,25|0,25 - 0,5|0,5 - 1|0,0 - 0,25|1
WTCUSDT|10100|False|0,25 - 0,5|0,25 - 0,5|0,0 - 0,25|0,25 - 0,5|0,5 - 1|1
WTCUSDT|01010|False|0 - -0,25|0,25 - 0,5|0,25 - 0,5|0,0 - 0,25|0,25 - 0,5|1
WTCUSDT|00101|False|0,0 - 0,25|0 - -0,25|0,25 - 0,5|0,25 - 0,5|0,0 - 0,25|1
WTCUSDT|00010|False|0 - -0,25|0,0 - 0,25|0 - -0,25|0,25 - 0,5|0,25 - 0,5|1
WTCUSDT|00001|True|0,25 - 0,5|0 - -0,25|0,0 - 0,25|0 - -0,25|0,25 - 0,5|1
WTCUSDT|10000|False|0,25 - 0,5|0,25 - 0,5|0 - -0,25|0,0 - 0,25|0 - -0,25|1
WTCUSDT|01000|False|0,0 - 0,25|0,25 - 0,5|0,25 - 0,5|0 - -0,25|0,0 - 0,25|1
WTCUSDT|00100|False|0 - -0,25|0,0 - 0,25|0,25 - 0,5|0,25 - 0,5|0 - -0,25|1
WTCUSDT|00010|False|0,0 - 0,25|0 - -0,25|0,0 - 0,25|0,25 - 0,5|0,25 - 0,5|1
WTCUSDT|00001|True|0,25 - 0,5|0,0 - 0,25|0 - -0,25|0,0 - 0,25|0,25 - 0,5|1
WTCUSDT|10000|False|0,25 - 0,5|0,25 - 0,5|0,0 - 0,25|0 - -0,25|0,0 - 0,25|1
WTCUSDT|01000|True|0,0 - 0,25|0,25 - 0,5|0,25 - 0,5|0,0 - 0,25|0 - -0,25|1
WTCUSDT|10100|False|0,25 - 0,5|0,0 - 0,25|0,25 - 0,5|0,25 - 0,5|0,0 - 0,25|1
WTCUSDT|01010|True|0,0 - 0,25|0,25 - 0,5|0,0 - 0,25|0,25 - 0,5|0,25 - 0,5|1
WTCUSDT|10101|False|0,5 - 1|0,0 - 0,25|0,25 - 0,5|0,0 - 0,25|0,25 - 0,5|1
WTCUSDT|01010|True|0,5 - 1|0,5 - 1|0,0 - 0,25|0,25 - 0,5|0,0 - 0,25|1
WTCUSDT|10101|True|0,0 - 0,25|0,5 - 1|0,5 - 1|0,0 - 0,25|0,25 - 0,5|1
WTCUSDT|11010|False|0,25 - 0,5|0,0 - 0,25|0,5 - 1|0,5 - 1|0,0 - 0,25|1
WTCUSDT|01101|True|0,5 - 1|0,25 - 0,5|0,0 - 0,25|0,5 - 1|0,5 - 1|1
WTCUSDT|10110|False|0,25 - 0,5|0,5 - 1|0,25 - 0,5|0,0 - 0,25|0,5 - 1|1
WTCUSDT|01011|False|0,0 - 0,25|0,25 - 0,5|0,5 - 1|0,25 - 0,5|0,0 - 0,25|1
WTCUSDT|00101|True|0,0 - 0,25|0,0 - 0,25|0,25 - 0,5|0,5 - 1|0,25 - 0,5|1
WTCUSDT|10010|False|0,0 - 0,25|0,0 - 0,25|0,0 - 0,25|0,25 - 0,5|0,5 - 1|1
WTCUSDT|01001|False|0,0 - 0,25|0,0 - 0,25|0,0 - 0,25|0,0 - 0,25|0,25 - 0,5|1
WTCUSDT|00100|True|0,25 - 0,5|0,0 - 0,25|0,0 - 0,25|0,0 - 0,25|0,0 - 0,25|3
WTCUSDT|10010|False|0,5 - 1|0,25 - 0,5|0,0 - 0,25|0,0 - 0,25|0,0 - 0,25|1
WTCUSDT|01001|False|0,0 - 0,25|0,5 - 1|0,25 - 0,5|0,0 - 0,25|0,0 - 0,25|1
WTCUSDT|00100|True|0,0 - 0,25|0,0 - 0,25|0,5 - 1|0,25 - 0,5|0,0 - 0,25|1
WTCUSDT|10010|False|0,5 - 1|0,0 - 0,25|0,0 - 0,25|0,5 - 1|0,25 - 0,5|1
WTCUSDT|01001|False|0,25 - 0,5|0,5 - 1|0,0 - 0,25|0,0 - 0,25|0,5 - 1|1
WTCUSDT|00100|False|0,0 - 0,25|0,25 - 0,5|0,5 - 1|0,0 - 0,25|0,0 - 0,25|1
WTCUSDT|00010|False|0,0 - 0,25|0,0 - 0,25|0,25 - 0,5|0,5 - 1|0,0 - 0,25|1
WTCUSDT|00001|False|0,0 - 0,25|0,0 - 0,25|0,0 - 0,25|0,25 - 0,5|0,5 - 1|1
WTCUSDT|00000|True|0,0 - 0,25|0,0 - 0,25|0,0 - 0,25|0,0 - 0,25|0,25 - 0,5|2
WTCUSDT|10000|False|0,0 - 0,25|0,0 - 0,25|0,0 - 0,25|0,0 - 0,25|0,0 - 0,25|3
WTCUSDT|01000|False|0,0 - 0,25|0,0 - 0,25|0,0 - 0,25|0,0 - 0,25|0,0 - 0,25|5
WTCUSDT|00100|False|0,25 - 0,5|0,0 - 0,25|0,0 - 0,25|0,0 - 0,25|0,0 - 0,25|1
WTCUSDT|00010|False|0,0 - 0,25|0,25 - 0,5|0,0 - 0,25|0,0 - 0,25|0,0 - 0,25|1
WTCUSDT|00001|True|0 - -0,25|0,0 - 0,25|0,25 - 0,5|0,0 - 0,25|0,0 - 0,25|1
WTCUSDT|10000|False|0,25 - 0,5|0 - -0,25|0,0 - 0,25|0,25 - 0,5|0,0 - 0,25|1
WTCUSDT|01000|False|0,0 - 0,25|0,25 - 0,5|0 - -0,25|0,0 - 0,25|0,25 - 0,5|1
WTCUSDT|00100|True|0,5 - 1|0,0 - 0,25|0,25 - 0,5|0 - -0,25|0,0 - 0,25|1
WTCUSDT|10010|True|0,0 - 0,25|0,5 - 1|0,0 - 0,25|0,25 - 0,5|0 - -0,25|1
WTCUSDT|11001|False|0,0 - 0,25|0,0 - 0,25|0,5 - 1|0,0 - 0,25|0,25 - 0,5|1
WTCUSDT|01100|True|0,0 - 0,25|0,0 - 0,25|0,0 - 0,25|0,5 - 1|0,0 - 0,25|1
WTCUSDT|10110|True|0,5 - 1|0,0 - 0,25|0,0 - 0,25|0,0 - 0,25|0,5 - 1|1
WTCUSDT|11011|True|0,25 - 0,5|0,5 - 1|0,0 - 0,25|0,0 - 0,25|0,0 - 0,25|1
WTCUSDT|11101|False|0,25 - 0,5|0,25 - 0,5|0,5 - 1|0,0 - 0,25|0,0 - 0,25|1
WTCUSDT|01110|True|0,25 - 0,5|0,25 - 0,5|0,25 - 0,5|0,5 - 1|0,0 - 0,25|1
WTCUSDT|10111|False|0,5 - 1|0,25 - 0,5|0,25 - 0,5|0,25 - 0,5|0,5 - 1|1
WTCUSDT|01011|True|0,0 - 0,25|0,5 - 1|0,25 - 0,5|0,25 - 0,5|0,25 - 0,5|1
WTCUSDT|10101|False|0,25 - 0,5|0,0 - 0,25|0,5 - 1|0,25 - 0,5|0,25 - 0,5|1
WTCUSDT|01010|False|0,0 - 0,25|0,25 - 0,5|0,0 - 0,25|0,5 - 1|0,25 - 0,5|1
WTCUSDT|00101|False|0,0 - 0,25|0,0 - 0,25|0,25 - 0,5|0,0 - 0,25|0,5 - 1|1
WTCUSDT|00010|False|0,0 - 0,25|0,0 - 0,25|0,0 - 0,25|0,25 - 0,5|0,0 - 0,25|2
WTCUSDT|00001|False|0,25 - 0,5|0,0 - 0,25|0,0 - 0,25|0,0 - 0,25|0,25 - 0,5|1
WTCUSDT|00000|True|0 - -0,25|0,25 - 0,5|0,0 - 0,25|0,0 - 0,25|0,0 - 0,25|1
WTCUSDT|10000|False|0,0 - 0,25|0 - -0,25|0,25 - 0,5|0,0 - 0,25|0,0 - 0,25|1
WTCUSDT|01000|True|0 - -0,25|0,0 - 0,25|0 - -0,25|0,25 - 0,5|0,0 - 0,25|1
WTCUSDT|10100|False|0,0 - 0,25|0 - -0,25|0,0 - 0,25|0 - -0,25|0,25 - 0,5|1
WTCUSDT|01010|False|0 - -0,25|0,0 - 0,25|0 - -0,25|0,0 - 0,25|0 - -0,25|1
WTCUSDT|00101|True|0,0 - 0,25|0 - -0,25|0,0 - 0,25|0 - -0,25|0,0 - 0,25|1
WTCUSDT|10010|False|0,0 - 0,25|0,0 - 0,25|0 - -0,25|0,0 - 0,25|0 - -0,25|3
WTCUSDT|01001|True|0,25 - 0,5|0,0 - 0,25|0,0 - 0,25|0 - -0,25|0,0 - 0,25|1
WTCUSDT|10100|False|0,0 - 0,25|0,25 - 0,5|0,0 - 0,25|0,0 - 0,25|0 - -0,25|1
WTCUSDT|01010|True|0,0 - 0,25|0,0 - 0,25|0,25 - 0,5|0,0 - 0,25|0,0 - 0,25|1
WTCUSDT|10101|False|0,0 - 0,25|0,0 - 0,25|0,0 - 0,25|0,25 - 0,5|0,0 - 0,25|1
WTCUSDT|01010|True|0 - -0,25|0,0 - 0,25|0,0 - 0,25|0,0 - 0,25|0,25 - 0,5|1
WTCUSDT|10101|True|0,0 - 0,25|0 - -0,25|0,0 - 0,25|0,0 - 0,25|0,0 - 0,25|1
WTCUSDT|11010|True|0,0 - 0,25|0,0 - 0,25|0 - -0,25|0,0 - 0,25|0,0 - 0,25|1
WTCUSDT|11101|False|0,0 - 0,25|0,0 - 0,25|0,0 - 0,25|0 - -0,25|0,0 - 0,25|1
WTCUSDT|01110|False|0 - -0,25|0,0 - 0,25|0,0 - 0,25|0,0 - 0,25|0 - -0,25|2
WTCUSDT|00111|False|0 - -0,25|0 - -0,25|0,0 - 0,25|0,0 - 0,25|0,0 - 0,25|3
WTCUSDT|00011|False|0,0 - 0,25|0 - -0,25|0 - -0,25|0,0 - 0,25|0,0 - 0,25|2
WTCUSDT|00001|True|0 - -0,25|0,0 - 0,25|0 - -0,25|0 - -0,25|0,0 - 0,25|2
WTCUSDT|10000|True|0,25 - 0,5|0 - -0,25|0,0 - 0,25|0 - -0,25|0 - -0,25|1
WTCUSDT|11000|False|0,0 - 0,25|0,25 - 0,5|0 - -0,25|0,0 - 0,25|0 - -0,25|1
WTCUSDT|01100|True|0 - -0,25|0,0 - 0,25|0,25 - 0,5|0 - -0,25|0,0 - 0,25|1
WTCUSDT|10110|True|0,0 - 0,25|0 - -0,25|0,0 - 0,25|0,25 - 0,5|0 - -0,25|1
WTCUSDT|11011|False|0,0 - 0,25|0,0 - 0,25|0 - -0,25|0,0 - 0,25|0,25 - 0,5|1
WTCUSDT|01101|True|0 - -0,25|0,0 - 0,25|0,0 - 0,25|0 - -0,25|0,0 - 0,25|1
WTCUSDT|10110|False|0,0 - 0,25|0 - -0,25|0,0 - 0,25|0,0 - 0,25|0 - -0,25|2
WTCUSDT|01011|True|0,0 - 0,25|0,0 - 0,25|0 - -0,25|0,0 - 0,25|0,0 - 0,25|4
WTCUSDT|10101|True|0,0 - 0,25|0,0 - 0,25|0,0 - 0,25|0 - -0,25|0,0 - 0,25|2
WTCUSDT|11010|True|0,25 - 0,5|0,0 - 0,25|0,0 - 0,25|0,0 - 0,25|0 - -0,25|1
WTCUSDT|11101|True|0,0 - 0,25|0,25 - 0,5|0,0 - 0,25|0,0 - 0,25|0,0 - 0,25|2
WTCUSDT|11110|True|0,0 - 0,25|0,0 - 0,25|0,25 - 0,5|0,0 - 0,25|0,0 - 0,25|1
WTCUSDT|11111|False|0,25 - 0,5|0,0 - 0,25|0,0 - 0,25|0,25 - 0,5|0,0 - 0,25|1
WTCUSDT|01111|True|0,0 - 0,25|0,25 - 0,5|0,0 - 0,25|0,0 - 0,25|0,25 - 0,5|1
WTCUSDT|10111|True|0,0 - 0,25|0,0 - 0,25|0,25 - 0,5|0,0 - 0,25|0,0 - 0,25|1
WTCUSDT|11011|False|0,0 - 0,25|0,0 - 0,25|0,0 - 0,25|0,25 - 0,5|0,0 - 0,25|2
WTCUSDT|01101|True|0,5 - 1|0,0 - 0,25|0,0 - 0,25|0,0 - 0,25|0,25 - 0,5|1
WTCUSDT|10110|True|0,5 - 1|0,5 - 1|0,0 - 0,25|0,0 - 0,25|0,0 - 0,25|1
WTCUSDT|11011|True|0,5 - 1|0,5 - 1|0,5 - 1|0,0 - 0,25|0,0 - 0,25|1
WTCUSDT|11101|False|0,25 - 0,5|0,5 - 1|0,5 - 1|0,5 - 1|0,0 - 0,25|1
WTCUSDT|01110|False|0,0 - 0,25|0,25 - 0,5|0,5 - 1|0,5 - 1|0,5 - 1|1
WTCUSDT|00111|True|1 - 2|0,0 - 0,25|0,25 - 0,5|0,5 - 1|0,5 - 1|1
WTCUSDT|10011|True|0,0 - 0,25|1 - 2|0,0 - 0,25|0,25 - 0,5|0,5 - 1|1
WTCUSDT|11001|True|0,0 - 0,25|0,0 - 0,25|1 - 2|0,0 - 0,25|0,25 - 0,5|1
WTCUSDT|11100|True|0,0 - 0,25|0,0 - 0,25|0,0 - 0,25|1 - 2|0,0 - 0,25|1
WTCUSDT|11110|False|0,25 - 0,5|0,0 - 0,25|0,0 - 0,25|0,0 - 0,25|1 - 2|1
WTCUSDT|01111|True|0,0 - 0,25|0,25 - 0,5|0,0 - 0,25|0,0 - 0,25|0,0 - 0,25|1
WTCUSDT|10111|False|0,0 - 0,25|0,0 - 0,25|0,25 - 0,5|0,0 - 0,25|0,0 - 0,25|2
WTCUSDT|01011|True|0,25 - 0,5|0,0 - 0,25|0,0 - 0,25|0,25 - 0,5|0,0 - 0,25|1
WTCUSDT|10101|True|0,25 - 0,5|0,25 - 0,5|0,0 - 0,25|0,0 - 0,25|0,25 - 0,5|1
WTCUSDT|11010|True|0,25 - 0,5|0,25 - 0,5|0,25 - 0,5|0,0 - 0,25|0,0 - 0,25|1
WTCUSDT|11101|False|0,25 - 0,5|0,25 - 0,5|0,25 - 0,5|0,25 - 0,5|0,0 - 0,25|1
WTCUSDT|01110|False|0,25 - 0,5|0,25 - 0,5|0,25 - 0,5|0,25 - 0,5|0,25 - 0,5|1
WTCUSDT|00111|True|0,25 - 0,5|0,25 - 0,5|0,25 - 0,5|0,25 - 0,5|0,25 - 0,5|2
WTCUSDT|10011|False|0,25 - 0,5|0,25 - 0,5|0,25 - 0,5|0,25 - 0,5|0,25 - 0,5|1
WTCUSDT|01001|False|0,0 - 0,25|0,25 - 0,5|0,25 - 0,5|0,25 - 0,5|0,25 - 0,5|1
WTCUSDT|00100|False|0,0 - 0,25|0,0 - 0,25|0,25 - 0,5|0,25 - 0,5|0,25 - 0,5|1
WTCUSDT|00010|True|0,0 - 0,25|0,0 - 0,25|0,0 - 0,25|0,25 - 0,5|0,25 - 0,5|1
WTCUSDT|10001|True|0,0 - 0,25|0,0 - 0,25|0,0 - 0,25|0,0 - 0,25|0,25 - 0,5|2
WTCUSDT|11000|True|0,0 - 0,25|0,0 - 0,25|0,0 - 0,25|0,0 - 0,25|0,0 - 0,25|2
WTCUSDT|11100|True|0,0 - 0,25|0,0 - 0,25|0,0 - 0,25|0,0 - 0,25|0,0 - 0,25|3
WTCUSDT|11110|True|0,25 - 0,5|0,0 - 0,25|0,0 - 0,25|0,0 - 0,25|0,0 - 0,25|1
WTCUSDT|11111|False|0,0 - 0,25|0,25 - 0,5|0,0 - 0,25|0,0 - 0,25|0,0 - 0,25|1
WTCUSDT|01111|False|0,25 - 0,5|0,0 - 0,25|0,25 - 0,5|0,0 - 0,25|0,0 - 0,25|1
WTCUSDT|00111|True|0,0 - 0,25|0,25 - 0,5|0,0 - 0,25|0,25 - 0,5|0,0 - 0,25|1
WTCUSDT|10011|False|0,0 - 0,25|0,0 - 0,25|0,25 - 0,5|0,0 - 0,25|0,25 - 0,5|1
WTCUSDT|01001|False|0,0 - 0,25|0,0 - 0,25|0,0 - 0,25|0,25 - 0,5|0,0 - 0,25|2
WTCUSDT|00100|True|0,25 - 0,5|0,0 - 0,25|0,0 - 0,25|0,0 - 0,25|0,25 - 0,5|1
WTCUSDT|10010|False|0,25 - 0,5|0,25 - 0,5|0,0 - 0,25|0,0 - 0,25|0,0 - 0,25|1
WTCUSDT|01001|True|0,0 - 0,25|0,25 - 0,5|0,25 - 0,5|0,0 - 0,25|0,0 - 0,25|1
WTCUSDT|10100|False|0,0 - 0,25|0,0 - 0,25|0,25 - 0,5|0,25 - 0,5|0,0 - 0,25|1
WTCUSDT|01010|True|0,0 - 0,25|0,0 - 0,25|0,0 - 0,25|0,25 - 0,5|0,25 - 0,5|1
WTCUSDT|10101|True|0,0 - 0,25|0,0 - 0,25|0,0 - 0,25|0,0 - 0,25|0,25 - 0,5|1
WTCUSDT|11010|False|0,0 - 0,25|0,0 - 0,25|0,0 - 0,25|0,0 - 0,25|0,0 - 0,25|2
WTCUSDT|01101|False|0,25 - 0,5|0,0 - 0,25|0,0 - 0,25|0,0 - 0,25|0,0 - 0,25|2
WTCUSDT|00110|True|0,25 - 0,5|0,25 - 0,5|0,0 - 0,25|0,0 - 0,25|0,0 - 0,25|1
WTCUSDT|10011|False|0,25 - 0,5|0,25 - 0,5|0,25 - 0,5|0,0 - 0,25|0,0 - 0,25|1
WTCUSDT|01001|True|0,0 - 0,25|0,25 - 0,5|0,25 - 0,5|0,25 - 0,5|0,0 - 0,25|1
WTCUSDT|10100|True|0,0 - 0,25|0,0 - 0,25|0,25 - 0,5|0,25 - 0,5|0,25 - 0,5|1
WTCUSDT|11010|False|0,0 - 0,25|0,0 - 0,25|0,0 - 0,25|0,25 - 0,5|0,25 - 0,5|1
WTCUSDT|01101|False|0,0 - 0,25|0,0 - 0,25|0,0 - 0,25|0,0 - 0,25|0,25 - 0,5|2
WTCUSDT|00110|True|0,25 - 0,5|0,0 - 0,25|0,0 - 0,25|0,0 - 0,25|0,0 - 0,25|1
WTCUSDT|10011|True|0,25 - 0,5|0,25 - 0,5|0,0 - 0,25|0,0 - 0,25|0,0 - 0,25|1
WTCUSDT|11001|False|0,0 - 0,25|0,25 - 0,5|0,25 - 0,5|0,0 - 0,25|0,0 - 0,25|2
WTCUSDT|01100|False|0,0 - 0,25|0,0 - 0,25|0,25 - 0,5|0,25 - 0,5|0,0 - 0,25|2
WTCUSDT|00110|True|0,0 - 0,25|0,0 - 0,25|0,0 - 0,25|0,25 - 0,5|0,25 - 0,5|2
WTCUSDT|10011|False|0,0 - 0,25|0,0 - 0,25|0,0 - 0,25|0,0 - 0,25|0,25 - 0,5|3
WTCUSDT|01001|False|0,25 - 0,5|0,0 - 0,25|0,0 - 0,25|0,0 - 0,25|0,0 - 0,25|1
WTCUSDT|00100|True|0,25 - 0,5|0,25 - 0,5|0,0 - 0,25|0,0 - 0,25|0,0 - 0,25|1
WTCUSDT|10010|True|0,0 - 0,25|0,25 - 0,5|0,25 - 0,5|0,0 - 0,25|0,0 - 0,25|1
WTCUSDT|11001|False|0,25 - 0,5|0,0 - 0,25|0,25 - 0,5|0,25 - 0,5|0,0 - 0,25|1
WTCUSDT|01100|False|0,0 - 0,25|0,25 - 0,5|0,0 - 0,25|0,25 - 0,5|0,25 - 0,5|1
WTCUSDT|00110|True|0,0 - 0,25|0,0 - 0,25|0,25 - 0,5|0,0 - 0,25|0,25 - 0,5|1
WTCUSDT|10011|True|0,0 - 0,25|0,0 - 0,25|0,0 - 0,25|0,25 - 0,5|0,0 - 0,25|3
WTCUSDT|11001|True|0,0 - 0,25|0,0 - 0,25|0,0 - 0,25|0,0 - 0,25|0,25 - 0,5|2
WTCUSDT|11110|False|0,0 - 0,25|0,0 - 0,25|0,0 - 0,25|0,0 - 0,25|0,0 - 0,25|3
WTCUSDT|01111|True|0 - -0,25|0,0 - 0,25|0,0 - 0,25|0,0 - 0,25|0,0 - 0,25|2
WTCUSDT|10111|True|0,25 - 0,5|0 - -0,25|0,0 - 0,25|0,0 - 0,25|0,0 - 0,25|1
WTCUSDT|11011|False|0,25 - 0,5|0,25 - 0,5|0 - -0,25|0,0 - 0,25|0,0 - 0,25|1
WTCUSDT|01101|False|0,25 - 0,5|0,25 - 0,5|0,25 - 0,5|0 - -0,25|0,0 - 0,25|1
WTCUSDT|00110|True|0,0 - 0,25|0,25 - 0,5|0,25 - 0,5|0,25 - 0,5|0 - -0,25|1
WTCUSDT|10011|False|0,0 - 0,25|0,0 - 0,25|0,25 - 0,5|0,25 - 0,5|0,25 - 0,5|1
WTCUSDT|01001|True|0,0 - 0,25|0,0 - 0,25|0,0 - 0,25|0,25 - 0,5|0,25 - 0,5|1
WTCUSDT|10100|False|0,5 - 1|0,0 - 0,25|0,0 - 0,25|0,0 - 0,25|0,25 - 0,5|1
WTCUSDT|01010|True|0,25 - 0,5|0,5 - 1|0,0 - 0,25|0,0 - 0,25|0,0 - 0,25|1
WTCUSDT|10101|False|0,0 - 0,25|0,25 - 0,5|0,5 - 1|0,0 - 0,25|0,0 - 0,25|1
WTCUSDT|01010|False|0,25 - 0,5|0,0 - 0,25|0,25 - 0,5|0,5 - 1|0,0 - 0,25|1
WTCUSDT|00101|False|0,25 - 0,5|0,25 - 0,5|0,0 - 0,25|0,25 - 0,5|0,5 - 1|1
WTCUSDT|00010|False|0,0 - 0,25|0,25 - 0,5|0,25 - 0,5|0,0 - 0,25|0,25 - 0,5|1
WTCUSDT|00001|False|0,0 - 0,25|0,0 - 0,25|0,25 - 0,5|0,25 - 0,5|0,0 - 0,25|1
WTCUSDT|00000|False|0,0 - 0,25|0,0 - 0,25|0,0 - 0,25|0,25 - 0,5|0,25 - 0,5|1
WTCUSDT|00000|True|0,0 - 0,25|0,0 - 0,25|0,0 - 0,25|0,0 - 0,25|0,0 - 0,25|4
WTCUSDT|10000|True|0,0 - 0,25|0,0 - 0,25|0,0 - 0,25|0,0 - 0,25|0,0 - 0,25|4
WTCUSDT|10111|False|0,0 - 0,25|0 - -0,25|0,0 - 0,25|0,0 - 0,25|0,0 - 0,25|1
WTCUSDT|11010|False|0,0 - 0,25|0,0 - 0,25|0,0 - 0,25|0,0 - 0,25|0 - -0,25|1
WTCUSDT|01101|True|0,0 - 0,25|0,0 - 0,25|0,0 - 0,25|0,0 - 0,25|0,0 - 0,25|4
WTCUSDT|10110|True|0,0 - 0,25|0,0 - 0,25|0,0 - 0,25|0,0 - 0,25|0,0 - 0,25|2
WTCUSDT|11011|True|0,0 - 0,25|0,0 - 0,25|0,0 - 0,25|0,0 - 0,25|0,0 - 0,25|1
WTCUSDT|11101|False|0,0 - 0,25|0,0 - 0,25|0,0 - 0,25|0,0 - 0,25|0,0 - 0,25|3
WTCUSDT|01110|False|0,0 - 0,25|0,0 - 0,25|0,0 - 0,25|0,0 - 0,25|0,0 - 0,25|3
WTCUSDT|00111|True|0,25 - 0,5|0,0 - 0,25|0,0 - 0,25|0,0 - 0,25|0,0 - 0,25|1
WTCUSDT|10011|False|0,25 - 0,5|0,25 - 0,5|0,0 - 0,25|0,0 - 0,25|0,0 - 0,25|2
WTCUSDT|01001|True|0 - -0,25|0,25 - 0,5|0,25 - 0,5|0,0 - 0,25|0,0 - 0,25|1
WTCUSDT|10100|False|0,25 - 0,5|0 - -0,25|0,25 - 0,5|0,25 - 0,5|0,0 - 0,25|1
WTCUSDT|01010|False|0,25 - 0,5|0,25 - 0,5|0 - -0,25|0,25 - 0,5|0,25 - 0,5|1
WTCUSDT|00101|False|0,25 - 0,5|0,25 - 0,5|0,25 - 0,5|0 - -0,25|0,25 - 0,5|1
WTCUSDT|00010|False|0,0 - 0,25|0,25 - 0,5|0,25 - 0,5|0,25 - 0,5|0 - -0,25|1
WTCUSDT|00001|False|0,0 - 0,25|0,0 - 0,25|0,25 - 0,5|0,25 - 0,5|0,25 - 0,5|1
WTCUSDT|00000|True|0,0 - 0,25|0,0 - 0,25|0,0 - 0,25|0,25 - 0,5|0,25 - 0,5|1
WTCUSDT|10000|False|0,25 - 0,5|0,0 - 0,25|0,0 - 0,25|0,0 - 0,25|0,25 - 0,5|1
WTCUSDT|01000|False|0,0 - 0,25|0,25 - 0,5|0,0 - 0,25|0,0 - 0,25|0,0 - 0,25|1
WTCUSDT|00100|False|0,0 - 0,25|0,0 - 0,25|0,25 - 0,5|0,0 - 0,25|0,0 - 0,25|1
WTCUSDT|00001|True|0,0 - 0,25|0,0 - 0,25|0,0 - 0,25|0,0 - 0,25|0,25 - 0,5|1
WTCUSDT|01000|True|0,0 - 0,25|0,0 - 0,25|0,0 - 0,25|0,0 - 0,25|0,0 - 0,25|1
WTCUSDT|10100|True|0,0 - 0,25|0,0 - 0,25|0,0 - 0,25|0,0 - 0,25|0,0 - 0,25|2
WTCUSDT|11010|False|1 - 2|0,0 - 0,25|0,0 - 0,25|0,0 - 0,25|0,0 - 0,25|1
WTCUSDT|01101|False|0,25 - 0,5|1 - 2|0,0 - 0,25|0,0 - 0,25|0,0 - 0,25|1
WTCUSDT|00110|False|0,0 - 0,25|0,25 - 0,5|1 - 2|0,0 - 0,25|0,0 - 0,25|1
WTCUSDT|00011|False|0,0 - 0,25|0,0 - 0,25|0,25 - 0,5|1 - 2|0,0 - 0,25|1
WTCUSDT|00001|True|0 - -0,25|0,0 - 0,25|0,0 - 0,25|0,25 - 0,5|1 - 2|1
WTCUSDT|10000|True|0,25 - 0,5|0 - -0,25|0,0 - 0,25|0,0 - 0,25|0,25 - 0,5|1
WTCUSDT|11000|True|0,0 - 0,25|0,25 - 0,5|0 - -0,25|0,0 - 0,25|0,0 - 0,25|1
WTCUSDT|11100|True|0,25 - 0,5|0,0 - 0,25|0,25 - 0,5|0 - -0,25|0,0 - 0,25|1
WTCUSDT|11110|False|0,0 - 0,25|0,25 - 0,5|0,0 - 0,25|0,25 - 0,5|0 - -0,25|1
WTCUSDT|01111|True|0,0 - 0,25|0,0 - 0,25|0,25 - 0,5|0,0 - 0,25|0,25 - 0,5|1
WTCUSDT|10111|False|0,0 - 0,25|0,0 - 0,25|0,0 - 0,25|0,25 - 0,5|0,0 - 0,25|2
WTCUSDT|01011|True|0,0 - 0,25|0,0 - 0,25|0,0 - 0,25|0,0 - 0,25|0,25 - 0,5|2
WTCUSDT|10101|False|0,0 - 0,25|0,0 - 0,25|0,0 - 0,25|0,0 - 0,25|0,0 - 0,25|5
WTCUSDT|01010|False|0,0 - 0,25|0,0 - 0,25|0,0 - 0,25|0,0 - 0,25|0,0 - 0,25|4
WTCUSDT|00101|True|0,0 - 0,25|0,0 - 0,25|0,0 - 0,25|0,0 - 0,25|0,0 - 0,25|4
WTCUSDT|10010|False|0,25 - 0,5|0,0 - 0,25|0,0 - 0,25|0,0 - 0,25|0,0 - 0,25|2
WTCUSDT|01001|False|0,25 - 0,5|0,25 - 0,5|0,0 - 0,25|0,0 - 0,25|0,0 - 0,25|1
WTCUSDT|00100|True|0 - -0,25|0,25 - 0,5|0,25 - 0,5|0,0 - 0,25|0,0 - 0,25|1
WTCUSDT|10010|False|0,0 - 0,25|0 - -0,25|0,25 - 0,5|0,25 - 0,5|0,0 - 0,25|1
WTCUSDT|01001|False|0 - -0,25|0,0 - 0,25|0 - -0,25|0,25 - 0,5|0,25 - 0,5|1
WTCUSDT|00100|True|0,0 - 0,25|0 - -0,25|0,0 - 0,25|0 - -0,25|0,25 - 0,5|1
WTCUSDT|01001|False|0,0 - 0,25|0,0 - 0,25|0,0 - 0,25|0 - -0,25|0,0 - 0,25|1
WTCUSDT|00100|False|0,0 - 0,25|0,0 - 0,25|0,0 - 0,25|0,0 - 0,25|0 - -0,25|1
WTCUSDT|00010|False|0,0 - 0,25|0,0 - 0,25|0,0 - 0,25|0,0 - 0,25|0,0 - 0,25|5
WTCUSDT|00001|False|0,0 - 0,25|0,0 - 0,25|0,0 - 0,25|0,0 - 0,25|0,0 - 0,25|5
WTCUSDT|00100|False|0,0 - 0,25|0,0 - 0,25|0,0 - 0,25|0,0 - 0,25|0,0 - 0,25|5
WTCUSDT|00010|True|0,0 - 0,25|0,0 - 0,25|0,0 - 0,25|0,0 - 0,25|0,0 - 0,25|3
WTCUSDT|10001|False|0,0 - 0,25|0,0 - 0,25|0,0 - 0,25|0,0 - 0,25|0,0 - 0,25|3
WTCUSDT|00100|True|0 - -0,25|0,0 - 0,25|0,0 - 0,25|0,0 - 0,25|0,0 - 0,25|2
WTCUSDT|10010|False|0,0 - 0,25|0 - -0,25|0,0 - 0,25|0,0 - 0,25|0,0 - 0,25|3
WTCUSDT|01001|True|0 - -0,25|0,0 - 0,25|0 - -0,25|0,0 - 0,25|0,0 - 0,25|1
WTCUSDT|10100|True|0,25 - 0,5|0 - -0,25|0,0 - 0,25|0 - -0,25|0,0 - 0,25|1
WTCUSDT|11010|False|0,0 - 0,25|0,25 - 0,5|0 - -0,25|0,0 - 0,25|0 - -0,25|1
WTCUSDT|01101|True|0,25 - 0,5|0,0 - 0,25|0,25 - 0,5|0 - -0,25|0,0 - 0,25|1
WTCUSDT|10110|False|0,25 - 0,5|0,25 - 0,5|0,0 - 0,25|0,25 - 0,5|0 - -0,25|1
WTCUSDT|01011|True|3 - 4|0,25 - 0,5|0,25 - 0,5|0,0 - 0,25|0,25 - 0,5|1
WTCUSDT|10101|False|0,5 - 1|3 - 4|0,25 - 0,5|0,25 - 0,5|0,0 - 0,25|1
WTCUSDT|01010|False|0,5 - 1|0,5 - 1|3 - 4|0,25 - 0,5|0,25 - 0,5|1
WTCUSDT|00101|True|0,25 - 0,5|0,5 - 1|0,5 - 1|3 - 4|0,25 - 0,5|1
WTCUSDT|10010|True|0,25 - 0,5|0,25 - 0,5|0,5 - 1|0,5 - 1|3 - 4|1
WTCUSDT|11001|False|0,25 - 0,5|0,25 - 0,5|0,25 - 0,5|0,5 - 1|0,5 - 1|1
WTCUSDT|01100|True|0,0 - 0,25|0,25 - 0,5|0,25 - 0,5|0,25 - 0,5|0,5 - 1|1
WTCUSDT|10110|False|0,25 - 0,5|0,0 - 0,25|0,25 - 0,5|0,25 - 0,5|0,25 - 0,5|2
WTCUSDT|01011|True|0,25 - 0,5|0,25 - 0,5|0,0 - 0,25|0,25 - 0,5|0,25 - 0,5|2
WTCUSDT|10101|True|0,25 - 0,5|0,25 - 0,5|0,25 - 0,5|0,0 - 0,25|0,25 - 0,5|2
WTCUSDT|11010|False|0,0 - 0,25|0,25 - 0,5|0,25 - 0,5|0,25 - 0,5|0,0 - 0,25|2
WTCUSDT|01101|False|0,0 - 0,25|0,0 - 0,25|0,25 - 0,5|0,25 - 0,5|0,25 - 0,5|1
WTCUSDT|00110|False|0,0 - 0,25|0,0 - 0,25|0,0 - 0,25|0,25 - 0,5|0,25 - 0,5|1
WTCUSDT|00011|False|0,25 - 0,5|0,0 - 0,25|0,0 - 0,25|0,0 - 0,25|0,25 - 0,5|1
WTCUSDT|00001|False|0,5 - 1|0,25 - 0,5|0,0 - 0,25|0,0 - 0,25|0,0 - 0,25|2
WTCUSDT|00000|True|0,25 - 0,5|0,5 - 1|0,25 - 0,5|0,0 - 0,25|0,0 - 0,25|1
WTCUSDT|10000|False|0,0 - 0,25|0,25 - 0,5|0,5 - 1|0,25 - 0,5|0,0 - 0,25|1
WTCUSDT|01000|True|0,25 - 0,5|0,0 - 0,25|0,25 - 0,5|0,5 - 1|0,25 - 0,5|1
WTCUSDT|10100|True|0,0 - 0,25|0,25 - 0,5|0,0 - 0,25|0,25 - 0,5|0,5 - 1|1
WTCUSDT|11010|False|0,25 - 0,5|0,0 - 0,25|0,25 - 0,5|0,0 - 0,25|0,25 - 0,5|1
WTCUSDT|01101|False|0,0 - 0,25|0,25 - 0,5|0,0 - 0,25|0,25 - 0,5|0,0 - 0,25|1
WTCUSDT|00110|False|0,25 - 0,5|0,0 - 0,25|0,25 - 0,5|0,0 - 0,25|0,25 - 0,5|1
WTCUSDT|00011|False|0,5 - 1|0,25 - 0,5|0,0 - 0,25|0,25 - 0,5|0,0 - 0,25|1
WTCUSDT|00001|False|0,25 - 0,5|0,5 - 1|0,25 - 0,5|0,0 - 0,25|0,25 - 0,5|1
WTCUSDT|00000|False|0,0 - 0,25|0,25 - 0,5|0,5 - 1|0,25 - 0,5|0,0 - 0,25|1
WTCUSDT|00000|False|0,0 - 0,25|0,0 - 0,25|0,25 - 0,5|0,5 - 1|0,25 - 0,5|1
WTCUSDT|00000|True|0,25 - 0,5|0,0 - 0,25|0,0 - 0,25|0,25 - 0,5|0,5 - 1|1
WTCUSDT|10000|True|0,0 - 0,25|0,25 - 0,5|0,0 - 0,25|0,0 - 0,25|0,25 - 0,5|1
WTCUSDT|11000|True|0,25 - 0,5|0,0 - 0,25|0,25 - 0,5|0,0 - 0,25|0,0 - 0,25|1
WTCUSDT|11100|False|0,5 - 1|0,25 - 0,5|0,0 - 0,25|0,25 - 0,5|0,0 - 0,25|1
WTCUSDT|01110|False|0,0 - 0,25|0,5 - 1|0,25 - 0,5|0,0 - 0,25|0,25 - 0,5|1
WTCUSDT|00111|False|0,0 - 0,25|0,0 - 0,25|0,5 - 1|0,25 - 0,5|0,0 - 0,25|1
WTCUSDT|00011|False|0,0 - 0,25|0,0 - 0,25|0,0 - 0,25|0,5 - 1|0,25 - 0,5|1
WTCUSDT|00001|False|0,0 - 0,25|0,0 - 0,25|0,0 - 0,25|0,0 - 0,25|0,5 - 1|1
WTCUSDT|00000|True|0,25 - 0,5|0,0 - 0,25|0,0 - 0,25|0,0 - 0,25|0,0 - 0,25|2
WTCUSDT|10000|False|0,25 - 0,5|0,25 - 0,5|0,0 - 0,25|0,0 - 0,25|0,0 - 0,25|1
WTCUSDT|01000|True|0,25 - 0,5|0,25 - 0,5|0,25 - 0,5|0,0 - 0,25|0,0 - 0,25|1
WTCUSDT|10100|False|0,0 - 0,25|0,25 - 0,5|0,25 - 0,5|0,25 - 0,5|0,0 - 0,25|1
WTCUSDT|01010|True|0,0 - 0,25|0,0 - 0,25|0,25 - 0,5|0,25 - 0,5|0,25 - 0,5|1
WTCUSDT|10101|True|0,25 - 0,5|0,0 - 0,25|0,0 - 0,25|0,25 - 0,5|0,25 - 0,5|1
WTCUSDT|11010|False|1 - 2|0,25 - 0,5|0,0 - 0,25|0,0 - 0,25|0,25 - 0,5|1
WTCUSDT|01101|True|0,0 - 0,25|1 - 2|0,25 - 0,5|0,0 - 0,25|0,0 - 0,25|1
WTCUSDT|10110|False|0,0 - 0,25|0,0 - 0,25|1 - 2|0,25 - 0,5|0,0 - 0,25|1
WTCUSDT|01011|False|0,0 - 0,25|0,0 - 0,25|0,0 - 0,25|1 - 2|0,25 - 0,5|1
WTCUSDT|00101|True|0,0 - 0,25|0,0 - 0,25|0,0 - 0,25|0,0 - 0,25|1 - 2|1
WTCUSDT|01001|True|0,0 - 0,25|0,25 - 0,5|0,0 - 0,25|0,0 - 0,25|0,0 - 0,25|1
WTCUSDT|10100|True|0,0 - 0,25|0,0 - 0,25|0,25 - 0,5|0,0 - 0,25|0,0 - 0,25|1
WTCUSDT|11010|True|0,0 - 0,25|0,0 - 0,25|0,0 - 0,25|0,25 - 0,5|0,0 - 0,25|1
WTCUSDT|11101|True|0,0 - 0,25|0,0 - 0,25|0,0 - 0,25|0,0 - 0,25|0,25 - 0,5|1
WTCUSDT|11110|True|0,5 - 1|0,0 - 0,25|0,0 - 0,25|0,0 - 0,25|0,0 - 0,25|1
WTCUSDT|11111|False|0,0 - 0,25|0,5 - 1|0,0 - 0,25|0,0 - 0,25|0,0 - 0,25|1
WTCUSDT|01111|False|0,25 - 0,5|0,0 - 0,25|0,5 - 1|0,0 - 0,25|0,0 - 0,25|1
WTCUSDT|00111|False|0,25 - 0,5|0,25 - 0,5|0,0 - 0,25|0,5 - 1|0,0 - 0,25|1
WTCUSDT|00011|True|0,0 - 0,25|0,25 - 0,5|0,25 - 0,5|0,0 - 0,25|0,5 - 1|1
WTCUSDT|10001|True|0,25 - 0,5|0,0 - 0,25|0,25 - 0,5|0,25 - 0,5|0,0 - 0,25|1
WTCUSDT|11000|False|0,0 - 0,25|0,25 - 0,5|0,0 - 0,25|0,25 - 0,5|0,25 - 0,5|2
WTCUSDT|01100|False|0,0 - 0,25|0,0 - 0,25|0,25 - 0,5|0,0 - 0,25|0,25 - 0,5|2
WTCUSDT|00110|True|0,0 - 0,25|0,0 - 0,25|0,0 - 0,25|0,25 - 0,5|0,0 - 0,25|2
WTCUSDT|10011|True|0,0 - 0,25|0,0 - 0,25|0,0 - 0,25|0,0 - 0,25|0,25 - 0,5|2
WTCUSDT|11001|False|0,25 - 0,5|0,0 - 0,25|0,0 - 0,25|0,0 - 0,25|0,0 - 0,25|3
WTCUSDT|01100|True|0,25 - 0,5|0,25 - 0,5|0,0 - 0,25|0,0 - 0,25|0,0 - 0,25|1
WTCUSDT|10110|True|0,5 - 1|0,25 - 0,5|0,25 - 0,5|0,0 - 0,25|0,0 - 0,25|1
WTCUSDT|11011|False|0,0 - 0,25|0,5 - 1|0,25 - 0,5|0,25 - 0,5|0,0 - 0,25|1
WTCUSDT|01101|True|0,0 - 0,25|0,0 - 0,25|0,5 - 1|0,25 - 0,5|0,25 - 0,5|1
WTCUSDT|10110|True|0,0 - 0,25|0,0 - 0,25|0,0 - 0,25|0,5 - 1|0,25 - 0,5|1
WTCUSDT|11011|True|0,0 - 0,25|0,0 - 0,25|0,0 - 0,25|0,0 - 0,25|0,5 - 1|1
WTCUSDT|00111|False|0,0 - 0,25|0,0 - 0,25|0,0 - 0,25|0,0 - 0,25|0,0 - 0,25|3
WTCUSDT|00011|False|0 - -0,25|0,0 - 0,25|0,0 - 0,25|0,0 - 0,25|0,0 - 0,25|1
WTCUSDT|00001|False|0,0 - 0,25|0 - -0,25|0,0 - 0,25|0,0 - 0,25|0,0 - 0,25|1
WTCUSDT|00000|False|0,0 - 0,25|0,0 - 0,25|0 - -0,25|0,0 - 0,25|0,0 - 0,25|1
WTCUSDT|00000|False|0,0 - 0,25|0,0 - 0,25|0,0 - 0,25|0 - -0,25|0,0 - 0,25|2
WTCUSDT|00000|False|0,0 - 0,25|0,0 - 0,25|0,0 - 0,25|0,0 - 0,25|0 - -0,25|1
WTCUSDT|00000|False|0,0 - 0,25|0,0 - 0,25|0,0 - 0,25|0,0 - 0,25|0,0 - 0,25|7
WTCUSDT|11000|True|0,25 - 0,5|0,0 - 0,25|0,0 - 0,25|0,0 - 0,25|0,0 - 0,25|2
WTCUSDT|11100|False|0,0 - 0,25|0,25 - 0,5|0,0 - 0,25|0,0 - 0,25|0,0 - 0,25|2
WTCUSDT|01110|False|0,0 - 0,25|0,0 - 0,25|0,25 - 0,5|0,0 - 0,25|0,0 - 0,25|1
WTCUSDT|00111|False|0,0 - 0,25|0,0 - 0,25|0,0 - 0,25|0,25 - 0,5|0,0 - 0,25|1
WTCUSDT|00011|False|0,0 - 0,25|0,0 - 0,25|0,0 - 0,25|0,0 - 0,25|0,25 - 0,5|1
WTCUSDT|00000|False|0 - -0,25|0,25 - 0,5|0,0 - 0,25|0,0 - 0,25|0,0 - 0,25|1
WTCUSDT|00000|True|0,0 - 0,25|0 - -0,25|0,25 - 0,5|0,0 - 0,25|0,0 - 0,25|1
WTCUSDT|10000|False|0,0 - 0,25|0,0 - 0,25|0 - -0,25|0,25 - 0,5|0,0 - 0,25|1
WTCUSDT|01000|True|0,0 - 0,25|0,0 - 0,25|0,0 - 0,25|0 - -0,25|0,25 - 0,5|1
WTCUSDT|10100|True|0,0 - 0,25|0,0 - 0,25|0,0 - 0,25|0,0 - 0,25|0 - -0,25|1
WTCUSDT|11010|False|0,25 - 0,5|0,0 - 0,25|0,0 - 0,25|0,0 - 0,25|0,0 - 0,25|1
WTCUSDT|01101|True|0 - -0,25|0,25 - 0,5|0,0 - 0,25|0,0 - 0,25|0,0 - 0,25|1
WTCUSDT|10110|True|0,0 - 0,25|0 - -0,25|0,25 - 0,5|0,0 - 0,25|0,0 - 0,25|1
WTCUSDT|11011|False|0,25 - 0,5|0,0 - 0,25|0 - -0,25|0,25 - 0,5|0,0 - 0,25|1
WTCUSDT|01101|False|0,0 - 0,25|0,25 - 0,5|0,0 - 0,25|0 - -0,25|0,25 - 0,5|1
WTCUSDT|00110|False|0,0 - 0,25|0,0 - 0,25|0,25 - 0,5|0,0 - 0,25|0 - -0,25|1
WTCUSDT|00011|False|0,0 - 0,25|0,0 - 0,25|0,0 - 0,25|0,25 - 0,5|0,0 - 0,25|1
WTCUSDT|00001|False|0 - -0,25|0,0 - 0,25|0,0 - 0,25|0,0 - 0,25|0,25 - 0,5|1
WTCUSDT|00000|False|0,0 - 0,25|0 - -0,25|0,0 - 0,25|0,0 - 0,25|0,0 - 0,25|2
WTCUSDT|00000|True|0 - -0,25|0,0 - 0,25|0 - -0,25|0,0 - 0,25|0,0 - 0,25|1
WTCUSDT|10000|False|0,0 - 0,25|0 - -0,25|0,0 - 0,25|0 - -0,25|0,0 - 0,25|1
WTCUSDT|01000|True|0,0 - 0,25|0,0 - 0,25|0 - -0,25|0,0 - 0,25|0 - -0,25|2
WTCUSDT|10100|True|0,0 - 0,25|0,0 - 0,25|0,0 - 0,25|0 - -0,25|0,0 - 0,25|1
WTCUSDT|11010|True|0,0 - 0,25|0,0 - 0,25|0,0 - 0,25|0,0 - 0,25|0 - -0,25|2
WTCUSDT|11101|False|0,25 - 0,5|0,0 - 0,25|0,0 - 0,25|0,0 - 0,25|0,0 - 0,25|1
WTCUSDT|01110|False|0,0 - 0,25|0,25 - 0,5|0,0 - 0,25|0,0 - 0,25|0,0 - 0,25|1
WTCUSDT|00111|False|0 - -0,25|0,0 - 0,25|0,25 - 0,5|0,0 - 0,25|0,0 - 0,25|1
WTCUSDT|00011|True|0,0 - 0,25|0 - -0,25|0,0 - 0,25|0,25 - 0,5|0,0 - 0,25|1
WTCUSDT|10001|True|0,25 - 0,5|0,0 - 0,25|0 - -0,25|0,0 - 0,25|0,25 - 0,5|1
WTCUSDT|11000|True|0,0 - 0,25|0,25 - 0,5|0,0 - 0,25|0 - -0,25|0,0 - 0,25|1
WTCUSDT|11100|False|0,0 - 0,25|0,0 - 0,25|0,25 - 0,5|0,0 - 0,25|0 - -0,25|1
WTCUSDT|01110|True|0 - -0,25|0,0 - 0,25|0,0 - 0,25|0,25 - 0,5|0,0 - 0,25|1
WTCUSDT|10111|False|0,0 - 0,25|0 - -0,25|0,0 - 0,25|0,0 - 0,25|0,25 - 0,5|1
WTCUSDT|10101|False|0,0 - 0,25|0,0 - 0,25|0,0 - 0,25|0 - -0,25|0,0 - 0,25|2
WTCUSDT|01010|True|0,0 - 0,25|0,0 - 0,25|0,0 - 0,25|0,0 - 0,25|0 - -0,25|1
WTCUSDT|10010|False|0,0 - 0,25|0,0 - 0,25|0,0 - 0,25|0,0 - 0,25|0,0 - 0,25|4
WTCUSDT|01001|True|0,0 - 0,25|0,0 - 0,25|0,0 - 0,25|0,0 - 0,25|0,0 - 0,25|3
WTCUSDT|10100|False|0,0 - 0,25|0,0 - 0,25|0,0 - 0,25|0,0 - 0,25|0,0 - 0,25|1
WTCUSDT|00101|False|0,0 - 0,25|0,0 - 0,25|0,0 - 0,25|0,0 - 0,25|0,0 - 0,25|2
WTCUSDT|01110|True|0,0 - 0,25|0,0 - 0,25|0,25 - 0,5|0,0 - 0,25|0,0 - 0,25|2
WTCUSDT|10111|True|0,0 - 0,25|0,0 - 0,25|0,0 - 0,25|0,25 - 0,5|0,0 - 0,25|2
WTCUSDT|11011|False|0,0 - 0,25|0,0 - 0,25|0,0 - 0,25|0,0 - 0,25|0,25 - 0,5|3
WTCUSDT|01101|False|0,0 - 0,25|0,0 - 0,25|0,0 - 0,25|0,0 - 0,25|0,0 - 0,25|1
WTCUSDT|00110|False|0,25 - 0,5|0,0 - 0,25|0,0 - 0,25|0,0 - 0,25|0,0 - 0,25|1
WTCUSDT|00011|False|0,0 - 0,25|0,25 - 0,5|0,0 - 0,25|0,0 - 0,25|0,0 - 0,25|1
WTCUSDT|00001|False|0,0 - 0,25|0,0 - 0,25|0,25 - 0,5|0,0 - 0,25|0,0 - 0,25|2
WTCUSDT|00000|False|0,0 - 0,25|0,0 - 0,25|0,0 - 0,25|0,25 - 0,5|0,0 - 0,25|1
WTCUSDT|00000|True|0,25 - 0,5|0,0 - 0,25|0,0 - 0,25|0,0 - 0,25|0,25 - 0,5|1
WTCUSDT|10000|False|0,0 - 0,25|0,25 - 0,5|0,0 - 0,25|0,0 - 0,25|0,0 - 0,25|1
WTCUSDT|01000|False|0 - -0,25|0,0 - 0,25|0,25 - 0,5|0,0 - 0,25|0,0 - 0,25|1
WTCUSDT|00100|True|0,0 - 0,25|0 - -0,25|0,0 - 0,25|0,25 - 0,5|0,0 - 0,25|1
WTCUSDT|10010|False|0,0 - 0,25|0,0 - 0,25|0 - -0,25|0,0 - 0,25|0,25 - 0,5|1
WTCUSDT|01001|False|0 - -0,25|0,0 - 0,25|0,0 - 0,25|0 - -0,25|0,0 - 0,25|1
WTCUSDT|00100|False|0,0 - 0,25|0 - -0,25|0,0 - 0,25|0,0 - 0,25|0 - -0,25|1
WTCUSDT|00010|False|0 - -0,25|0,0 - 0,25|0 - -0,25|0,0 - 0,25|0,0 - 0,25|1
WTCUSDT|00001|True|0 - -0,25|0 - -0,25|0,0 - 0,25|0 - -0,25|0,0 - 0,25|1
WTCUSDT|10000|True|0,5 - 1|0 - -0,25|0 - -0,25|0,0 - 0,25|0 - -0,25|1
WTCUSDT|11000|True|0,25 - 0,5|0,5 - 1|0 - -0,25|0 - -0,25|0,0 - 0,25|1
WTCUSDT|11100|False|0,0 - 0,25|0,25 - 0,5|0,5 - 1|0 - -0,25|0 - -0,25|1
WTCUSDT|01110|False|0,0 - 0,25|0,0 - 0,25|0,25 - 0,5|0,5 - 1|0 - -0,25|1
WTCUSDT|00111|True|0,0 - 0,25|0,0 - 0,25|0,0 - 0,25|0,25 - 0,5|0,5 - 1|1
WTCUSDT|10011|True|0,25 - 0,5|0,0 - 0,25|0,0 - 0,25|0,0 - 0,25|0,25 - 0,5|2
WTCUSDT|11001|True|0,0 - 0,25|0,25 - 0,5|0,0 - 0,25|0,0 - 0,25|0,0 - 0,25|1
WTCUSDT|11100|True|0,5 - 1|0,0 - 0,25|0,25 - 0,5|0,0 - 0,25|0,0 - 0,25|2
WTCUSDT|11110|True|0,5 - 1|0,5 - 1|0,0 - 0,25|0,25 - 0,5|0,0 - 0,25|1
WTCUSDT|11111|True|0,0 - 0,25|0,5 - 1|0,5 - 1|0,0 - 0,25|0,25 - 0,5|1
WTCUSDT|11111|True|0,25 - 0,5|0,0 - 0,25|0,5 - 1|0,5 - 1|0,0 - 0,25|1
WTCUSDT|11111|True|0,25 - 0,5|0,25 - 0,5|0,0 - 0,25|0,5 - 1|0,5 - 1|1
WTCUSDT|11111|True|0,0 - 0,25|0,25 - 0,5|0,25 - 0,5|0,0 - 0,25|0,5 - 1|1
WTCUSDT|11111|False|0,0 - 0,25|0,0 - 0,25|0,25 - 0,5|0,25 - 0,5|0,0 - 0,25|1
WTCUSDT|01111|False|0,0 - 0,25|0,0 - 0,25|0,0 - 0,25|0,25 - 0,5|0,25 - 0,5|1
WTCUSDT|00111|False|0,0 - 0,25|0,0 - 0,25|0,0 - 0,25|0,0 - 0,25|0,25 - 0,5|1
WTCUSDT|00011|True|0,25 - 0,5|0,0 - 0,25|0,0 - 0,25|0,0 - 0,25|0,0 - 0,25|2
WTCUSDT|10001|False|0,25 - 0,5|0,25 - 0,5|0,0 - 0,25|0,0 - 0,25|0,0 - 0,25|1
WTCUSDT|01000|True|0 - -0,25|0,25 - 0,5|0,25 - 0,5|0,0 - 0,25|0,0 - 0,25|1
WTCUSDT|10100|True|0,0 - 0,25|0 - -0,25|0,25 - 0,5|0,25 - 0,5|0,0 - 0,25|1
WTCUSDT|11010|False|0,0 - 0,25|0,0 - 0,25|0 - -0,25|0,25 - 0,5|0,25 - 0,5|1
WTCUSDT|01101|False|0,25 - 0,5|0,0 - 0,25|0,0 - 0,25|0 - -0,25|0,25 - 0,5|1
WTCUSDT|00110|True|0,0 - 0,25|0,25 - 0,5|0,0 - 0,25|0,0 - 0,25|0 - -0,25|1
WTCUSDT|10011|False|0,0 - 0,25|0,0 - 0,25|0,25 - 0,5|0,0 - 0,25|0,0 - 0,25|1
WTCUSDT|00100|False|0,0 - 0,25|0,0 - 0,25|0,0 - 0,25|0,0 - 0,25|0,25 - 0,5|1
WTCUSDT|10001|True|0,0 - 0,25|0,0 - 0,25|0,0 - 0,25|0,0 - 0,25|0,0 - 0,25|1
WTCUSDT|11000|False|0,0 - 0,25|0,0 - 0,25|0,0 - 0,25|0,0 - 0,25|0,0 - 0,25|3
WTCUSDT|01100|True|0,0 - 0,25|0,0 - 0,25|0,0 - 0,25|0,0 - 0,25|0,0 - 0,25|2
WTCUSDT|10110|False|0,0 - 0,25|0,0 - 0,25|0,0 - 0,25|0,0 - 0,25|0,0 - 0,25|3
WTCUSDT|01011|True|0,0 - 0,25|0,0 - 0,25|0,0 - 0,25|0,0 - 0,25|0,0 - 0,25|3
WTCUSDT|10101|True|0,25 - 0,5|0,0 - 0,25|0,0 - 0,25|0,0 - 0,25|0,0 - 0,25|3
WTCUSDT|11010|False|0,0 - 0,25|0,25 - 0,5|0,0 - 0,25|0,0 - 0,25|0,0 - 0,25|3
WTCUSDT|01101|False|0,0 - 0,25|0,0 - 0,25|0,25 - 0,5|0,0 - 0,25|0,0 - 0,25|1
WTCUSDT|01001|False|0,0 - 0,25|0,0 - 0,25|0,0 - 0,25|0,0 - 0,25|0,0 - 0,25|6
WTCUSDT|00010|False|0 - -0,25|0,0 - 0,25|0,0 - 0,25|0,0 - 0,25|0,0 - 0,25|1
WTCUSDT|00001|True|0,0 - 0,25|0 - -0,25|0,0 - 0,25|0,0 - 0,25|0,0 - 0,25|1
WTCUSDT|10000|False|0,0 - 0,25|0,0 - 0,25|0 - -0,25|0,0 - 0,25|0,0 - 0,25|1
WTCUSDT|01000|False|0 - -0,25|0,0 - 0,25|0,0 - 0,25|0 - -0,25|0,0 - 0,25|1
WTCUSDT|00100|True|0,0 - 0,25|0 - -0,25|0,0 - 0,25|0,0 - 0,25|0 - -0,25|2
WTCUSDT|10010|True|0,0 - 0,25|0,0 - 0,25|0 - -0,25|0,0 - 0,25|0,0 - 0,25|2
WTCUSDT|11001|True|0,0 - 0,25|0,0 - 0,25|0,0 - 0,25|0 - -0,25|0,0 - 0,25|1
WTCUSDT|11100|True|0,0 - 0,25|0,0 - 0,25|0,0 - 0,25|0,0 - 0,25|0 - -0,25|1
WTCUSDT|11110|True|0,0 - 0,25|0,0 - 0,25|0,0 - 0,25|0,0 - 0,25|0,0 - 0,25|1
WTCUSDT|11111|False|0,0 - 0,25|0,0 - 0,25|0,0 - 0,25|0,0 - 0,25|0,0 - 0,25|1
WTCUSDT|01111|False|0,0 - 0,25|0,0 - 0,25|0,0 - 0,25|0,0 - 0,25|0,0 - 0,25|2
WTCUSDT|00111|False|0 - -0,25|0,0 - 0,25|0,0 - 0,25|0,0 - 0,25|0,0 - 0,25|3
WTCUSDT|00011|False|0,0 - 0,25|0 - -0,25|0,0 - 0,25|0,0 - 0,25|0,0 - 0,25|1
WTCUSDT|00001|True|0,0 - 0,25|0,0 - 0,25|0 - -0,25|0,0 - 0,25|0,0 - 0,25|2
WTCUSDT|10000|False|0,0 - 0,25|0,0 - 0,25|0,0 - 0,25|0 - -0,25|0,0 - 0,25|1
WTCUSDT|01000|False|0,0 - 0,25|0,0 - 0,25|0,0 - 0,25|0,0 - 0,25|0 - -0,25|1
WTCUSDT|00010|False|0,25 - 0,5|0,0 - 0,25|0,0 - 0,25|0,0 - 0,25|0,0 - 0,25|1
WTCUSDT|00001|False|0,0 - 0,25|0,25 - 0,5|0,0 - 0,25|0,0 - 0,25|0,0 - 0,25|1
WTCUSDT|00000|True|0,0 - 0,25|0,0 - 0,25|0,25 - 0,5|0,0 - 0,25|0,0 - 0,25|2
WTCUSDT|10000|True|0,0 - 0,25|0,0 - 0,25|0,0 - 0,25|0,25 - 0,5|0,0 - 0,25|1
WTCUSDT|11000|True|0,0 - 0,25|0,0 - 0,25|0,0 - 0,25|0,0 - 0,25|0,25 - 0,5|1
WTCUSDT|11100|False|0,0 - 0,25|0,0 - 0,25|0,0 - 0,25|0,0 - 0,25|0,0 - 0,25|1
WTCUSDT|01110|False|0 - -0,25|0,0 - 0,25|0,0 - 0,25|0,0 - 0,25|0,0 - 0,25|3
WTCUSDT|00111|True|0,0 - 0,25|0 - -0,25|0,0 - 0,25|0,0 - 0,25|0,0 - 0,25|2
WTCUSDT|10011|True|0,25 - 0,5|0,0 - 0,25|0 - -0,25|0,0 - 0,25|0,0 - 0,25|1
WTCUSDT|11001|False|0,25 - 0,5|0,25 - 0,5|0,0 - 0,25|0 - -0,25|0,0 - 0,25|1
WTCUSDT|01100|True|0,0 - 0,25|0,25 - 0,5|0,25 - 0,5|0,0 - 0,25|0 - -0,25|1
WTCUSDT|10110|False|0,0 - 0,25|0,0 - 0,25|0,25 - 0,5|0,25 - 0,5|0,0 - 0,25|1
WTCUSDT|01011|False|0,25 - 0,5|0,0 - 0,25|0,0 - 0,25|0,25 - 0,5|0,25 - 0,5|1
WTCUSDT|00101|False|0,0 - 0,25|0,25 - 0,5|0,0 - 0,25|0,0 - 0,25|0,25 - 0,5|1
WTCUSDT|00010|True|0,0 - 0,25|0,0 - 0,25|0,25 - 0,5|0,0 - 0,25|0,0 - 0,25|1
WTCUSDT|10001|False|0,0 - 0,25|0,0 - 0,25|0,0 - 0,25|0,25 - 0,5|0,0 - 0,25|1
WTCUSDT|01000|True|0,0 - 0,25|0,0 - 0,25|0,0 - 0,25|0,0 - 0,25|0,25 - 0,5|1
WTCUSDT|01101|True|0 - -0,25|0,0 - 0,25|0,0 - 0,25|0,0 - 0,25|0,0 - 0,25|1
WTCUSDT|10110|False|0,0 - 0,25|0 - -0,25|0,0 - 0,25|0,0 - 0,25|0,0 - 0,25|2
WTCUSDT|01010|True|0,25 - 0,5|0,0 - 0,25|0,0 - 0,25|0,0 - 0,25|0 - -0,25|1
WTCUSDT|10101|False|0,0 - 0,25|0,25 - 0,5|0,0 - 0,25|0,0 - 0,25|0,0 - 0,25|1
WTCUSDT|01010|False|0 - -0,25|0,0 - 0,25|0,25 - 0,5|0,0 - 0,25|0,0 - 0,25|1
WTCUSDT|00101|False|0,0 - 0,25|0 - -0,25|0,0 - 0,25|0,25 - 0,5|0,0 - 0,25|1
WTCUSDT|00010|False|0,0 - 0,25|0,0 - 0,25|0 - -0,25|0,0 - 0,25|0,25 - 0,5|1
WTCUSDT|00001|False|0,25 - 0,5|0,0 - 0,25|0,0 - 0,25|0 - -0,25|0,0 - 0,25|1
WTCUSDT|00000|False|0,25 - 0,5|0,25 - 0,5|0,0 - 0,25|0,0 - 0,25|0 - -0,25|1
WTCUSDT|00000|True|0,0 - 0,25|0,25 - 0,5|0,25 - 0,5|0,0 - 0,25|0,0 - 0,25|1
WTCUSDT|10000|True|0,0 - 0,25|0,0 - 0,25|0,25 - 0,5|0,25 - 0,5|0,0 - 0,25|1
WTCUSDT|11000|False|0,0 - 0,25|0,0 - 0,25|0,0 - 0,25|0,25 - 0,5|0,25 - 0,5|1
WTCUSDT|01100|True|0,25 - 0,5|0,0 - 0,25|0,0 - 0,25|0,0 - 0,25|0,25 - 0,5|1
WTCUSDT|10110|False|0,0 - 0,25|0,25 - 0,5|0,0 - 0,25|0,0 - 0,25|0,0 - 0,25|2
WTCUSDT|01011|True|0,25 - 0,5|0,0 - 0,25|0,25 - 0,5|0,0 - 0,25|0,0 - 0,25|1
WTCUSDT|10101|True|0,0 - 0,25|0,25 - 0,5|0,0 - 0,25|0,25 - 0,5|0,0 - 0,25|1
WTCUSDT|11010|False|0,0 - 0,25|0,0 - 0,25|0,25 - 0,5|0,0 - 0,25|0,25 - 0,5|1
WTCUSDT|01101|True|0,0 - 0,25|0,0 - 0,25|0,0 - 0,25|0,25 - 0,5|0,0 - 0,25|1
WTCUSDT|10110|True|0,0 - 0,25|0,0 - 0,25|0,0 - 0,25|0,0 - 0,25|0,25 - 0,5|1
WTCUSDT|11011|False|0,0 - 0,25|0,0 - 0,25|0,0 - 0,25|0,0 - 0,25|0,0 - 0,25|1
WTCUSDT|00110|True|0 - -0,25|0,25 - 0,5|0,0 - 0,25|0,0 - 0,25|0,0 - 0,25|1
WTCUSDT|10011|False|0,0 - 0,25|0 - -0,25|0,25 - 0,5|0,0 - 0,25|0,0 - 0,25|1
WTCUSDT|01001|True|0,0 - 0,25|0,0 - 0,25|0 - -0,25|0,25 - 0,5|0,0 - 0,25|1
WTCUSDT|10100|True|0,0 - 0,25|0,0 - 0,25|0,0 - 0,25|0 - -0,25|0,25 - 0,5|1
WTCUSDT|00011|False|1 - 2|0 - -0,25|0,0 - 0,25|0,0 - 0,25|0,0 - 0,25|1
WTCUSDT|00001|False|0,25 - 0,5|1 - 2|0 - -0,25|0,0 - 0,25|0,0 - 0,25|1
WTCUSDT|00000|False|0,25 - 0,5|0,25 - 0,5|1 - 2|0 - -0,25|0,0 - 0,25|1
WTCUSDT|00000|True|0,5 - 1|0,25 - 0,5|0,25 - 0,5|1 - 2|0 - -0,25|1
WTCUSDT|10000|True|0,25 - 0,5|0,5 - 1|0,25 - 0,5|0,25 - 0,5|1 - 2|1
WTCUSDT|11000|False|0,0 - 0,25|0,25 - 0,5|0,5 - 1|0,25 - 0,5|0,25 - 0,5|1
WTCUSDT|01100|True|0,0 - 0,25|0,0 - 0,25|0,25 - 0,5|0,5 - 1|0,25 - 0,5|1
WTCUSDT|10110|False|0,0 - 0,25|0,0 - 0,25|0,0 - 0,25|0,25 - 0,5|0,5 - 1|1
WTCUSDT|10101|True|0,0 - 0,25|0,0 - 0,25|0,0 - 0,25|0,0 - 0,25|0,0 - 0,25|1
WTCUSDT|11010|True|0,25 - 0,5|0,0 - 0,25|0,0 - 0,25|0,0 - 0,25|0,0 - 0,25|1
WTCUSDT|11110|False|0,5 - 1|0,0 - 0,25|0,25 - 0,5|0,0 - 0,25|0,0 - 0,25|1
WTCUSDT|01111|True|0,25 - 0,5|0,5 - 1|0,0 - 0,25|0,25 - 0,5|0,0 - 0,25|1
WTCUSDT|10111|False|0,0 - 0,25|0,25 - 0,5|0,5 - 1|0,0 - 0,25|0,25 - 0,5|1
WTCUSDT|01011|False|0,0 - 0,25|0,0 - 0,25|0,25 - 0,5|0,5 - 1|0,0 - 0,25|1
WTCUSDT|00101|True|0,25 - 0,5|0,0 - 0,25|0,0 - 0,25|0,25 - 0,5|0,5 - 1|1
WTCUSDT|10010|False|0,0 - 0,25|0,25 - 0,5|0,0 - 0,25|0,0 - 0,25|0,25 - 0,5|1
WTCUSDT|01001|False|0,0 - 0,25|0,0 - 0,25|0,25 - 0,5|0,0 - 0,25|0,0 - 0,25|1
WTCUSDT|00100|True|0,25 - 0,5|0,0 - 0,25|0,0 - 0,25|0,25 - 0,5|0,0 - 0,25|1
WTCUSDT|10010|True|0,0 - 0,25|0,25 - 0,5|0,0 - 0,25|0,0 - 0,25|0,25 - 0,5|1
WTCUSDT|11001|False|0,0 - 0,25|0,0 - 0,25|0,25 - 0,5|0,0 - 0,25|0,0 - 0,25|2
WTCUSDT|01100|False|0,0 - 0,25|0,0 - 0,25|0,0 - 0,25|0,25 - 0,5|0,0 - 0,25|2
WTCUSDT|00110|True|0,0 - 0,25|0,0 - 0,25|0,0 - 0,25|0,0 - 0,25|0,25 - 0,5|1
WTCUSDT|10011|False|0,0 - 0,25|0,0 - 0,25|0,0 - 0,25|0,0 - 0,25|0,0 - 0,25|2
WTCUSDT|10100|True|0,25 - 0,5|0,0 - 0,25|0,0 - 0,25|0,0 - 0,25|0,0 - 0,25|3
WTCUSDT|11010|True|0,25 - 0,5|0,25 - 0,5|0,0 - 0,25|0,0 - 0,25|0,0 - 0,25|3
WTCUSDT|11101|True|0,0 - 0,25|0,25 - 0,5|0,25 - 0,5|0,0 - 0,25|0,0 - 0,25|2
WTCUSDT|11110|False|0,0 - 0,25|0,0 - 0,25|0,25 - 0,5|0,25 - 0,5|0,0 - 0,25|1
WTCUSDT|01111|True|0,0 - 0,25|0,0 - 0,25|0,0 - 0,25|0,25 - 0,5|0,25 - 0,5|1
WTCUSDT|10111|False|0,25 - 0,5|0,0 - 0,25|0,0 - 0,25|0,0 - 0,25|0,25 - 0,5|1
WTCUSDT|01011|False|0,0 - 0,25|0,25 - 0,5|0,0 - 0,25|0,0 - 0,25|0,0 - 0,25|1
WTCUSDT|00101|False|0,0 - 0,25|0,0 - 0,25|0,25 - 0,5|0,0 - 0,25|0,0 - 0,25|1
WTCUSDT|00010|True|0,0 - 0,25|0,0 - 0,25|0,0 - 0,25|0,25 - 0,5|0,0 - 0,25|1
WTCUSDT|01100|True|0 - -0,25|0,0 - 0,25|0,0 - 0,25|0,0 - 0,25|0,0 - 0,25|1
WTCUSDT|10110|True|0,0 - 0,25|0 - -0,25|0,0 - 0,25|0,0 - 0,25|0,0 - 0,25|1
WTCUSDT|11011|True|0,25 - 0,5|0,0 - 0,25|0 - -0,25|0,0 - 0,25|0,0 - 0,25|1
WTCUSDT|11101|False|0,25 - 0,5|0,25 - 0,5|0,0 - 0,25|0 - -0,25|0,0 - 0,25|1
WTCUSDT|01110|False|0,5 - 1|0,25 - 0,5|0,25 - 0,5|0,0 - 0,25|0 - -0,25|1
WTCUSDT|00111|True|1 - 2|0,5 - 1|0,25 - 0,5|0,25 - 0,5|0,0 - 0,25|1
WTCUSDT|10011|False|0,0 - 0,25|1 - 2|0,5 - 1|0,25 - 0,5|0,25 - 0,5|1
WTCUSDT|01001|True|0,25 - 0,5|0,0 - 0,25|1 - 2|0,5 - 1|0,25 - 0,5|1
WTCUSDT|10100|False|0,25 - 0,5|0,25 - 0,5|0,0 - 0,25|1 - 2|0,5 - 1|1
WTCUSDT|01010|True|0,0 - 0,25|0,25 - 0,5|0,25 - 0,5|0,0 - 0,25|1 - 2|1
WTCUSDT|10101|True|0,25 - 0,5|0,0 - 0,25|0,25 - 0,5|0,25 - 0,5|0,0 - 0,25|1
WTCUSDT|11010|True|0,5 - 1|0,25 - 0,5|0,0 - 0,25|0,25 - 0,5|0,25 - 0,5|1
WTCUSDT|11101|True|0,0 - 0,25|0,5 - 1|0,25 - 0,5|0,0 - 0,25|0,25 - 0,5|1
WTCUSDT|11110|False|0,5 - 1|0,0 - 0,25|0,5 - 1|0,25 - 0,5|0,0 - 0,25|1
WTCUSDT|01111|False|0,5 - 1|0,5 - 1|0,0 - 0,25|0,5 - 1|0,25 - 0,5|1
WTCUSDT|00111|False|0,5 - 1|0,5 - 1|0,5 - 1|0,0 - 0,25|0,5 - 1|1
WTCUSDT|00011|False|0,5 - 1|0,5 - 1|0,5 - 1|0,5 - 1|0,0 - 0,25|1
WTCUSDT|00001|False|0,25 - 0,5|0,5 - 1|0,5 - 1|0,5 - 1|0,5 - 1|1
WTCUSDT|00000|False|0,0 - 0,25|0,25 - 0,5|0,5 - 1|0,5 - 1|0,5 - 1|1
WTCUSDT|00000|False|0,5 - 1|0,0 - 0,25|0,25 - 0,5|0,5 - 1|0,5 - 1|1
WTCUSDT|00000|True|0,25 - 0,5|0,5 - 1|0,0 - 0,25|0,25 - 0,5|0,5 - 1|1
WTCUSDT|10000|True|0,25 - 0,5|0,25 - 0,5|0,5 - 1|0,0 - 0,25|0,25 - 0,5|1
WTCUSDT|11000|True|0,5 - 1|0,25 - 0,5|0,25 - 0,5|0,5 - 1|0,0 - 0,25|1
WTCUSDT|11100|True|0,0 - 0,25|0,5 - 1|0,25 - 0,5|0,25 - 0,5|0,5 - 1|1
WTCUSDT|11110|True|0,0 - 0,25|0,0 - 0,25|0,5 - 1|0,25 - 0,5|0,25 - 0,5|1
WTCUSDT|11111|False|0,0 - 0,25|0,0 - 0,25|0,0 - 0,25|0,5 - 1|0,25 - 0,5|1
WTCUSDT|01111|False|0,0 - 0,25|0,0 - 0,25|0,0 - 0,25|0,0 - 0,25|0,5 - 1|2
WTCUSDT|00111|False|0,5 - 1|0,0 - 0,25|0,0 - 0,25|0,0 - 0,25|0,0 - 0,25|1
WTCUSDT|00011|True|0,25 - 0,5|0,5 - 1|0,0 - 0,25|0,0 - 0,25|0,0 - 0,25|1
WTCUSDT|10001|False|0,0 - 0,25|0,25 - 0,5|0,5 - 1|0,0 - 0,25|0,0 - 0,25|1
WTCUSDT|01000|False|0,25 - 0,5|0,0 - 0,25|0,25 - 0,5|0,5 - 1|0,0 - 0,25|1
WTCUSDT|00100|False|0,25 - 0,5|0,25 - 0,5|0,0 - 0,25|0,25 - 0,5|0,5 - 1|1
WTCUSDT|00010|True|0,25 - 0,5|0,25 - 0,5|0,25 - 0,5|0,0 - 0,25|0,25 - 0,5|1
WTCUSDT|10001|False|0,0 - 0,25|0,25 - 0,5|0,25 - 0,5|0,25 - 0,5|0,0 - 0,25|1
WTCUSDT|01000|True|0,0 - 0,25|0,0 - 0,25|0,25 - 0,5|0,25 - 0,5|0,25 - 0,5|1
WTCUSDT|10100|True|0,5 - 1|0,0 - 0,25|0,0 - 0,25|0,25 - 0,5|0,25 - 0,5|1
WTCUSDT|11010|False|0,25 - 0,5|0,5 - 1|0,0 - 0,25|0,0 - 0,25|0,25 - 0,5|1
WTCUSDT|01101|False|0,25 - 0,5|0,25 - 0,5|0,5 - 1|0,0 - 0,25|0,0 - 0,25|1
WTCUSDT|00110|False|0,5 - 1|0,25 - 0,5|0,25 - 0,5|0,5 - 1|0,0 - 0,25|1
WTCUSDT|00011|True|0,0 - 0,25|0,5 - 1|0,25 - 0,5|0,25 - 0,5|0,5 - 1|1
WTCUSDT|10001|False|0,0 - 0,25|0,0 - 0,25|0,5 - 1|0,25 - 0,5|0,25 - 0,5|1
WTCUSDT|01000|False|0,5 - 1|0,0 - 0,25|0,0 - 0,25|0,5 - 1|0,25 - 0,5|1
WTCUSDT|00100|True|0,25 - 0,5|0,5 - 1|0,0 - 0,25|0,0 - 0,25|0,5 - 1|1
WTCUSDT|10010|True|0,25 - 0,5|0,25 - 0,5|0,5 - 1|0,0 - 0,25|0,0 - 0,25|1
WTCUSDT|11001|True|0,25 - 0,5|0,25 - 0,5|0,25 - 0,5|0,5 - 1|0,0 - 0,25|1
WTCUSDT|11100|False|0,25 - 0,5|0,25 - 0,5|0,25 - 0,5|0,25 - 0,5|0,5 - 1|1
WTCUSDT|01110|True|0,25 - 0,5|0,25 - 0,5|0,25 - 0,5|0,25 - 0,5|0,25 - 0,5|1
WTCUSDT|10111|True|0,0 - 0,25|0,25 - 0,5|0,25 - 0,5|0,25 - 0,5|0,25 - 0,5|1
WTCUSDT|11011|False|0,0 - 0,25|0,0 - 0,25|0,25 - 0,5|0,25 - 0,5|0,25 - 0,5|1
WTCUSDT|01101|True|0,5 - 1|0,0 - 0,25|0,0 - 0,25|0,25 - 0,5|0,25 - 0,5|1
WTCUSDT|10110|True|0,0 - 0,25|0,5 - 1|0,0 - 0,25|0,0 - 0,25|0,25 - 0,5|1
WTCUSDT|11011|False|0,0 - 0,25|0,0 - 0,25|0,5 - 1|0,0 - 0,25|0,0 - 0,25|1
WTCUSDT|01101|True|0 - -0,25|0,0 - 0,25|0,0 - 0,25|0,5 - 1|0,0 - 0,25|1
WTCUSDT|10110|False|0,25 - 0,5|0 - -0,25|0,0 - 0,25|0,0 - 0,25|0,5 - 1|1
WTCUSDT|01011|False|0,0 - 0,25|0,25 - 0,5|0 - -0,25|0,0 - 0,25|0,0 - 0,25|1
WTCUSDT|00101|True|0,25 - 0,5|0,0 - 0,25|0,25 - 0,5|0 - -0,25|0,0 - 0,25|1
WTCUSDT|10010|True|0,25 - 0,5|0,25 - 0,5|0,0 - 0,25|0,25 - 0,5|0 - -0,25|1
WTCUSDT|11001|True|0,0 - 0,25|0,25 - 0,5|0,25 - 0,5|0,0 - 0,25|0,25 - 0,5|1
WTCUSDT|11100|False|0,25 - 0,5|0,0 - 0,25|0,25 - 0,5|0,25 - 0,5|0,0 - 0,25|1
WTCUSDT|01110|False|0,0 - 0,25|0,25 - 0,5|0,0 - 0,25|0,25 - 0,5|0,25 - 0,5|1
WTCUSDT|00111|True|0,0 - 0,25|0,0 - 0,25|0,25 - 0,5|0,0 - 0,25|0,25 - 0,5|1
WTCUSDT|11001|False|0,0 - 0,25|0,0 - 0,25|0,0 - 0,25|0,0 - 0,25|0,25 - 0,5|1
WTCUSDT|01100|True|0,25 - 0,5|0,0 - 0,25|0,0 - 0,25|0,0 - 0,25|0,0 - 0,25|1
WTCUSDT|01011|False|0,25 - 0,5|0,0 - 0,25|0,25 - 0,5|0,0 - 0,25|0,0 - 0,25|1
WTCUSDT|00101|False|0,25 - 0,5|0,25 - 0,5|0,0 - 0,25|0,25 - 0,5|0,0 - 0,25|1
WTCUSDT|00010|True|0,0 - 0,25|0,25 - 0,5|0,25 - 0,5|0,0 - 0,25|0,25 - 0,5|1
WTCUSDT|10001|False|0,25 - 0,5|0,0 - 0,25|0,25 - 0,5|0,25 - 0,5|0,0 - 0,25|1
WTCUSDT|01000|True|0,0 - 0,25|0,25 - 0,5|0,0 - 0,25|0,25 - 0,5|0,25 - 0,5|1
WTCUSDT|10100|True|0,0 - 0,25|0,0 - 0,25|0,25 - 0,5|0,0 - 0,25|0,25 - 0,5|1
WTCUSDT|11010|False|0,25 - 0,5|0,0 - 0,25|0,0 - 0,25|0,25 - 0,5|0,0 - 0,25|1
WTCUSDT|01101|False|0,25 - 0,5|0,25 - 0,5|0,0 - 0,25|0,0 - 0,25|0,25 - 0,5|1
WTCUSDT|00110|False|0,0 - 0,25|0,25 - 0,5|0,25 - 0,5|0,0 - 0,25|0,0 - 0,25|2
WTCUSDT|00011|True|0,25 - 0,5|0,0 - 0,25|0,25 - 0,5|0,25 - 0,5|0,0 - 0,25|1
WTCUSDT|10001|True|0,0 - 0,25|0,25 - 0,5|0,0 - 0,25|0,25 - 0,5|0,25 - 0,5|1
WTCUSDT|11000|True|0,25 - 0,5|0,0 - 0,25|0,25 - 0,5|0,0 - 0,25|0,25 - 0,5|1
WTCUSDT|11100|False|0,0 - 0,25|0,25 - 0,5|0,0 - 0,25|0,25 - 0,5|0,0 - 0,25|1
WTCUSDT|01110|False|0 - -0,25|0,0 - 0,25|0,25 - 0,5|0,0 - 0,25|0,25 - 0,5|1
WTCUSDT|00111|True|0,25 - 0,5|0 - -0,25|0,0 - 0,25|0,25 - 0,5|0,0 - 0,25|1
WTCUSDT|10011|True|0,0 - 0,25|0,25 - 0,5|0 - -0,25|0,0 - 0,25|0,25 - 0,5|1
WTCUSDT|11001|True|0,0 - 0,25|0,0 - 0,25|0,25 - 0,5|0 - -0,25|0,0 - 0,25|1
WTCUSDT|11100|False|0,25 - 0,5|0,0 - 0,25|0,0 - 0,25|0,25 - 0,5|0 - -0,25|1
WTCUSDT|01110|False|0,0 - 0,25|0,25 - 0,5|0,0 - 0,25|0,0 - 0,25|0,25 - 0,5|1
WTCUSDT|00111|True|0,0 - 0,25|0,0 - 0,25|0,25 - 0,5|0,0 - 0,25|0,0 - 0,25|1
WTCUSDT|10011|False|0,0 - 0,25|0,0 - 0,25|0,0 - 0,25|0,25 - 0,5|0,0 - 0,25|1
WTCUSDT|01001|True|0,0 - 0,25|0,0 - 0,25|0,0 - 0,25|0,0 - 0,25|0,25 - 0,5|1
WTCUSDT|11101|False|0,25 - 0,5|0,25 - 0,5|0,25 - 0,5|0,0 - 0,25|0,0 - 0,25|1
WTCUSDT|01110|True|0,0 - 0,25|0,25 - 0,5|0,25 - 0,5|0,25 - 0,5|0,0 - 0,25|1
WTCUSDT|10111|False|0,0 - 0,25|0,0 - 0,25|0,25 - 0,5|0,25 - 0,5|0,25 - 0,5|1
WTCUSDT|01011|True|0 - -0,25|0,0 - 0,25|0,0 - 0,25|0,25 - 0,5|0,25 - 0,5|1
WTCUSDT|10101|False|0,5 - 1|0 - -0,25|0,0 - 0,25|0,0 - 0,25|0,25 - 0,5|1
WTCUSDT|01010|False|0 - -0,25|0,5 - 1|0 - -0,25|0,0 - 0,25|0,0 - 0,25|1
WTCUSDT|00101|True|0,0 - 0,25|0 - -0,25|0,5 - 1|0 - -0,25|0,0 - 0,25|1
WTCUSDT|10010|True|0,0 - 0,25|0,0 - 0,25|0 - -0,25|0,5 - 1|0 - -0,25|1
WTCUSDT|11001|True|0,0 - 0,25|0,0 - 0,25|0,0 - 0,25|0 - -0,25|0,5 - 1|1
WTCUSDT|11100|False|0,0 - 0,25|0,0 - 0,25|0,0 - 0,25|0,0 - 0,25|0 - -0,25|2
WTCUSDT|10011|True|0,0 - 0,25|0,0 - 0,25|0 - -0,25|0,0 - 0,25|0,0 - 0,25|1
WTCUSDT|11001|False|0,0 - 0,25|0,0 - 0,25|0,0 - 0,25|0 - -0,25|0,0 - 0,25|1
WTCUSDT|01100|True|0 - -0,25|0,0 - 0,25|0,0 - 0,25|0,0 - 0,25|0 - -0,25|1
WTCUSDT|01011|True|0 - -0,25|0,0 - 0,25|0 - -0,25|0,0 - 0,25|0,0 - 0,25|1
WTCUSDT|10101|False|0,0 - 0,25|0 - -0,25|0,0 - 0,25|0 - -0,25|0,0 - 0,25|1
WTCUSDT|01010|False|0,0 - 0,25|0,0 - 0,25|0 - -0,25|0,0 - 0,25|0 - -0,25|1
WTCUSDT|00101|False|0,0 - 0,25|0,0 - 0,25|0,0 - 0,25|0 - -0,25|0,0 - 0,25|1
WTCUSDT|00010|False|0,0 - 0,25|0,0 - 0,25|0,0 - 0,25|0,0 - 0,25|0 - -0,25|1
WTCUSDT|00001|False|0 - -0,25|0,0 - 0,25|0,0 - 0,25|0,0 - 0,25|0,0 - 0,25|1
WTCUSDT|00000|False|0,25 - 0,5|0,0 - 0,25|0 - -0,25|0,0 - 0,25|0,0 - 0,25|1
WTCUSDT|00000|False|0,0 - 0,25|0,25 - 0,5|0,0 - 0,25|0 - -0,25|0,0 - 0,25|1
WTCUSDT|00000|False|0 - -0,25|0,0 - 0,25|0,25 - 0,5|0,0 - 0,25|0 - -0,25|1
WTCUSDT|00000|False|0,0 - 0,25|0 - -0,25|0,0 - 0,25|0,25 - 0,5|0,0 - 0,25|1
WTCUSDT|00000|False|0,0 - 0,25|0,0 - 0,25|0 - -0,25|0,0 - 0,25|0,25 - 0,5|1
WTCUSDT|00000|False|0,25 - 0,5|0,0 - 0,25|0,0 - 0,25|0,0 - 0,25|0 - -0,25|1
WTCUSDT|10000|True|0,25 - 0,5|0,0 - 0,25|0,25 - 0,5|0,0 - 0,25|0,0 - 0,25|1
WTCUSDT|11000|False|0,25 - 0,5|0,25 - 0,5|0,0 - 0,25|0,25 - 0,5|0,0 - 0,25|1
WTCUSDT|01100|False|0,0 - 0,25|0,25 - 0,5|0,25 - 0,5|0,0 - 0,25|0,25 - 0,5|2
WTCUSDT|00110|False|0,0 - 0,25|0,0 - 0,25|0,25 - 0,5|0,25 - 0,5|0,0 - 0,25|2
WTCUSDT|00011|True|0 - -0,25|0,0 - 0,25|0,0 - 0,25|0,25 - 0,5|0,25 - 0,5|1
WTCUSDT|10001|True|0,0 - 0,25|0 - -0,25|0,0 - 0,25|0,0 - 0,25|0,25 - 0,5|1
WTCUSDT|11000|False|0,0 - 0,25|0,0 - 0,25|0 - -0,25|0,0 - 0,25|0,0 - 0,25|2
WTCUSDT|01100|True|0,0 - 0,25|0,0 - 0,25|0,0 - 0,25|0 - -0,25|0,0 - 0,25|1
WTCUSDT|10110|False|0,0 - 0,25|0,0 - 0,25|0,0 - 0,25|0,0 - 0,25|0 - -0,25|1
WTCUSDT|01011|False|0,0 - 0,25|0,0 - 0,25|0,0 - 0,25|0,0 - 0,25|0,0 - 0,25|2
WTCUSDT|10010|True|0,0 - 0,25|0,0 - 0,25|0,0 - 0,25|0,0 - 0,25|0,0 - 0,25|1
WTCUSDT|01100|False|0 - -0,25|0,25 - 0,5|0,0 - 0,25|0,0 - 0,25|0,0 - 0,25|1
WTCUSDT|00110|False|0 - -0,25|0 - -0,25|0,25 - 0,5|0,0 - 0,25|0,0 - 0,25|1
WTCUSDT|00011|False|0,25 - 0,5|0 - -0,25|0 - -0,25|0,25 - 0,5|0,0 - 0,25|1
WTCUSDT|00001|True|0,25 - 0,5|0,25 - 0,5|0 - -0,25|0 - -0,25|0,25 - 0,5|1
WTCUSDT|10000|False|0,0 - 0,25|0,25 - 0,5|0,25 - 0,5|0 - -0,25|0 - -0,25|1
WTCUSDT|01000|True|0,0 - 0,25|0,0 - 0,25|0,25 - 0,5|0,25 - 0,5|0 - -0,25|1
WTCUSDT|10100|True|0,0 - 0,25|0,0 - 0,25|0,0 - 0,25|0,25 - 0,5|0,25 - 0,5|1
WTCUSDT|11010|False|0,0 - 0,25|0,0 - 0,25|0,0 - 0,25|0,0 - 0,25|0,25 - 0,5|1
WTCUSDT|10110|False|1 - 2|0,0 - 0,25|0,0 - 0,25|0,0 - 0,25|0,0 - 0,25|1
WTCUSDT|01011|True|0,0 - 0,25|1 - 2|0,0 - 0,25|0,0 - 0,25|0,0 - 0,25|1
WTCUSDT|10101|True|0,0 - 0,25|0,0 - 0,25|1 - 2|0,0 - 0,25|0,0 - 0,25|1
WTCUSDT|11010|True|0,25 - 0,5|0,0 - 0,25|0,0 - 0,25|1 - 2|0,0 - 0,25|1
WTCUSDT|11101|False|0,0 - 0,25|0,25 - 0,5|0,0 - 0,25|0,0 - 0,25|1 - 2|1
WTCUSDT|01011|False|0,25 - 0,5|0,0 - 0,25|0,0 - 0,25|0,0 - 0,25|0,25 - 0,5|1
WTCUSDT|00101|True|0,0 - 0,25|0,25 - 0,5|0,0 - 0,25|0,0 - 0,25|0,0 - 0,25|1
WTCUSDT|10010|False|0,0 - 0,25|0,0 - 0,25|0,25 - 0,5|0,0 - 0,25|0,0 - 0,25|1
WTCUSDT|01001|False|0,25 - 0,5|0,0 - 0,25|0,0 - 0,25|0,25 - 0,5|0,0 - 0,25|1
WTCUSDT|00100|False|0,25 - 0,5|0,25 - 0,5|0,0 - 0,25|0,0 - 0,25|0,25 - 0,5|1
WTCUSDT|00010|False|0,0 - 0,25|0,25 - 0,5|0,25 - 0,5|0,0 - 0,25|0,0 - 0,25|1
WTCUSDT|00001|True|0,0 - 0,25|0,0 - 0,25|0,25 - 0,5|0,25 - 0,5|0,0 - 0,25|1
WTCUSDT|10000|True|0,25 - 0,5|0,0 - 0,25|0,0 - 0,25|0,25 - 0,5|0,25 - 0,5|1
WTCUSDT|11000|False|0,0 - 0,25|0,25 - 0,5|0,0 - 0,25|0,0 - 0,25|0,25 - 0,5|1
WTCUSDT|01100|False|0,25 - 0,5|0,0 - 0,25|0,25 - 0,5|0,0 - 0,25|0,0 - 0,25|1
WTCUSDT|00110|True|0,25 - 0,5|0,25 - 0,5|0,0 - 0,25|0,25 - 0,5|0,0 - 0,25|1
WTCUSDT|10011|True|0,0 - 0,25|0,25 - 0,5|0,25 - 0,5|0,0 - 0,25|0,25 - 0,5|1
WTCUSDT|11001|False|0,0 - 0,25|0,0 - 0,25|0,25 - 0,5|0,25 - 0,5|0,0 - 0,25|1
WTCUSDT|01100|True|0,25 - 0,5|0,0 - 0,25|0,0 - 0,25|0,25 - 0,5|0,25 - 0,5|1
WTCUSDT|10110|True|0,0 - 0,25|0,25 - 0,5|0,0 - 0,25|0,0 - 0,25|0,25 - 0,5|1
WTCUSDT|11011|True|0,0 - 0,25|0,0 - 0,25|0,25 - 0,5|0,0 - 0,25|0,0 - 0,25|1
WTCUSDT|11101|True|0,0 - 0,25|0,0 - 0,25|0,0 - 0,25|0,25 - 0,5|0,0 - 0,25|2
WTCUSDT|11110|True|0,0 - 0,25|0,0 - 0,25|0,0 - 0,25|0,0 - 0,25|0,25 - 0,5|1
WTCUSDT|11111|False|0,25 - 0,5|0,0 - 0,25|0,0 - 0,25|0,0 - 0,25|0,0 - 0,25|1
WTCUSDT|01111|False|0,0 - 0,25|0,25 - 0,5|0,0 - 0,25|0,0 - 0,25|0,0 - 0,25|2
WTCUSDT|00111|False|0,25 - 0,5|0,0 - 0,25|0,25 - 0,5|0,0 - 0,25|0,0 - 0,25|1
WTCUSDT|00011|True|0,0 - 0,25|0,25 - 0,5|0,0 - 0,25|0,25 - 0,5|0,0 - 0,25|1
WTCUSDT|10001|False|0,0 - 0,25|0,0 - 0,25|0,25 - 0,5|0,0 - 0,25|0,25 - 0,5|1
WTCUSDT|01000|True|0,0 - 0,25|0,0 - 0,25|0,0 - 0,25|0,25 - 0,5|0,0 - 0,25|1
WTCUSDT|10100|False|0,0 - 0,25|0,0 - 0,25|0,0 - 0,25|0,0 - 0,25|0,25 - 0,5|2
WTCUSDT|01010|False|0,5 - 1|0,0 - 0,25|0,0 - 0,25|0,0 - 0,25|0,0 - 0,25|1
WTCUSDT|00101|True|0,0 - 0,25|0,5 - 1|0,0 - 0,25|0,0 - 0,25|0,0 - 0,25|1
WTCUSDT|10010|True|0,25 - 0,5|0,0 - 0,25|0,5 - 1|0,0 - 0,25|0,0 - 0,25|1
WTCUSDT|11001|False|0,25 - 0,5|0,25 - 0,5|0,0 - 0,25|0,5 - 1|0,0 - 0,25|1
WTCUSDT|01100|True|0,0 - 0,25|0,25 - 0,5|0,25 - 0,5|0,0 - 0,25|0,5 - 1|1
WTCUSDT|10110|True|0,25 - 0,5|0,0 - 0,25|0,25 - 0,5|0,25 - 0,5|0,0 - 0,25|1
WTCUSDT|11011|True|0,0 - 0,25|0,25 - 0,5|0,0 - 0,25|0,25 - 0,5|0,25 - 0,5|1
WTCUSDT|11101|False|0,25 - 0,5|0,0 - 0,25|0,25 - 0,5|0,0 - 0,25|0,25 - 0,5|1
WTCUSDT|01110|False|0,25 - 0,5|0,25 - 0,5|0,0 - 0,25|0,25 - 0,5|0,0 - 0,25|1
WTCUSDT|00111|False|0,0 - 0,25|0,25 - 0,5|0,25 - 0,5|0,0 - 0,25|0,25 - 0,5|1
WTCUSDT|00011|False|0,0 - 0,25|0,0 - 0,25|0,25 - 0,5|0,25 - 0,5|0,0 - 0,25|1
WTCUSDT|01100|False|0 - -0,25|0,0 - 0,25|0,0 - 0,25|0,0 - 0,25|0,0 - 0,25|1
WTCUSDT|00110|False|0,25 - 0,5|0 - -0,25|0,0 - 0,25|0,0 - 0,25|0,0 - 0,25|1
WTCUSDT|00011|False|0,25 - 0,5|0,25 - 0,5|0 - -0,25|0,0 - 0,25|0,0 - 0,25|1
WTCUSDT|00001|True|0,25 - 0,5|0,25 - 0,5|0,25 - 0,5|0 - -0,25|0,0 - 0,25|1
WTCUSDT|10000|False|0,5 - 1|0,25 - 0,5|0,25 - 0,5|0,25 - 0,5|0 - -0,25|1
WTCUSDT|01000|False|0,5 - 1|0,5 - 1|0,25 - 0,5|0,25 - 0,5|0,25 - 0,5|1
WTCUSDT|00100|True|0,0 - 0,25|0,5 - 1|0,5 - 1|0,25 - 0,5|0,25 - 0,5|1
WTCUSDT|10010|False|0,0 - 0,25|0,0 - 0,25|0,5 - 1|0,5 - 1|0,25 - 0,5|1
WTCUSDT|01001|False|0,0 - 0,25|0,0 - 0,25|0,0 - 0,25|0,5 - 1|0,5 - 1|1
WTCUSDT|00100|False|0,0 - 0,25|0,0 - 0,25|0,0 - 0,25|0,0 - 0,25|0,5 - 1|1
WTCUSDT|00001|False|0,25 - 0,5|0,0 - 0,25|0,0 - 0,25|0,0 - 0,25|0,0 - 0,25|2
WTCUSDT|10100|True|0,0 - 0,25|0,25 - 0,5|0,25 - 0,5|0,0 - 0,25|0,25 - 0,5|1
WTCUSDT|11010|True|0,0 - 0,25|0,0 - 0,25|0,25 - 0,5|0,25 - 0,5|0,0 - 0,25|1
WTCUSDT|11101|False|0,0 - 0,25|0,0 - 0,25|0,0 - 0,25|0,25 - 0,5|0,25 - 0,5|1
WTCUSDT|01110|True|0,0 - 0,25|0,0 - 0,25|0,0 - 0,25|0,0 - 0,25|0,25 - 0,5|1
WTCUSDT|10111|False|0,0 - 0,25|0,0 - 0,25|0,0 - 0,25|0,0 - 0,25|0,0 - 0,25|1
WTCUSDT|01010|True|0,0 - 0,25|0,0 - 0,25|0,0 - 0,25|0,0 - 0,25|0,0 - 0,25|3
WTCUSDT|11010|True|0,0 - 0,25|0,25 - 0,5|0,0 - 0,25|0,0 - 0,25|0,0 - 0,25|1
WTCUSDT|11101|False|0,0 - 0,25|0,0 - 0,25|0,25 - 0,5|0,0 - 0,25|0,0 - 0,25|2
WTCUSDT|01110|False|0,0 - 0,25|0,0 - 0,25|0,0 - 0,25|0,25 - 0,5|0,0 - 0,25|2
WTCUSDT|00111|True|0,0 - 0,25|0,0 - 0,25|0,0 - 0,25|0,0 - 0,25|0,25 - 0,5|2
WTCUSDT|10011|True|0,0 - 0,25|0,0 - 0,25|0,0 - 0,25|0,0 - 0,25|0,0 - 0,25|2
WTCUSDT|11001|False|0,0 - 0,25|0,0 - 0,25|0,0 - 0,25|0,0 - 0,25|0,0 - 0,25|1
WTCUSDT|11011|True|0,5 - 1|0,0 - 0,25|0,0 - 0,25|0,0 - 0,25|0,0 - 0,25|1
WTCUSDT|11101|False|0,25 - 0,5|0,5 - 1|0,0 - 0,25|0,0 - 0,25|0,0 - 0,25|1
WTCUSDT|01110|False|0,0 - 0,25|0,25 - 0,5|0,5 - 1|0,0 - 0,25|0,0 - 0,25|1
WTCUSDT|00111|False|1 - 2|0,0 - 0,25|0,25 - 0,5|0,5 - 1|0,0 - 0,25|1
WTCUSDT|00011|False|0,5 - 1|1 - 2|0,0 - 0,25|0,25 - 0,5|0,5 - 1|1
WTCUSDT|00001|True|0,25 - 0,5|0,5 - 1|1 - 2|0,0 - 0,25|0,25 - 0,5|1
WTCUSDT|10000|False|0,5 - 1|0,25 - 0,5|0,5 - 1|1 - 2|0,0 - 0,25|1
WTCUSDT|01000|True|0,0 - 0,25|0,5 - 1|0,25 - 0,5|0,5 - 1|1 - 2|1
WTCUSDT|10100|False|0,5 - 1|0,0 - 0,25|0,5 - 1|0,25 - 0,5|0,5 - 1|1
WTCUSDT|01010|True|0,25 - 0,5|0,5 - 1|0,0 - 0,25|0,5 - 1|0,25 - 0,5|1
WTCUSDT|10101|True|0,0 - 0,25|0,25 - 0,5|0,5 - 1|0,0 - 0,25|0,5 - 1|1
WTCUSDT|11010|True|0,0 - 0,25|0,0 - 0,25|0,25 - 0,5|0,5 - 1|0,0 - 0,25|1
WTCUSDT|11101|True|0,0 - 0,25|0,0 - 0,25|0,0 - 0,25|0,25 - 0,5|0,5 - 1|1
WTCUSDT|11110|False|0,25 - 0,5|0,0 - 0,25|0,0 - 0,25|0,0 - 0,25|0,25 - 0,5|1
WTCUSDT|00111|True|0,25 - 0,5|0,0 - 0,25|0,25 - 0,5|0,0 - 0,25|0,0 - 0,25|1
WTCUSDT|10011|True|0,25 - 0,5|0,25 - 0,5|0,0 - 0,25|0,25 - 0,5|0,0 - 0,25|1
WTCUSDT|11001|True|0,25 - 0,5|0,25 - 0,5|0,25 - 0,5|0,0 - 0,25|0,25 - 0,5|1
WTCUSDT|11100|True|0,25 - 0,5|0,25 - 0,5|0,25 - 0,5|0,25 - 0,5|0,0 - 0,25|1
WTCUSDT|11110|False|0,25 - 0,5|0,25 - 0,5|0,25 - 0,5|0,25 - 0,5|0,25 - 0,5|1
WTCUSDT|01111|False|0,25 - 0,5|0,25 - 0,5|0,25 - 0,5|0,25 - 0,5|0,25 - 0,5|1
WTCUSDT|00111|False|0,0 - 0,25|0,25 - 0,5|0,25 - 0,5|0,25 - 0,5|0,25 - 0,5|1
WTCUSDT|00011|True|0,0 - 0,25|0,0 - 0,25|0,25 - 0,5|0,25 - 0,5|0,25 - 0,5|1
WTCUSDT|10001|True|0,25 - 0,5|0,0 - 0,25|0,0 - 0,25|0,25 - 0,5|0,25 - 0,5|1
WTCUSDT|11000|True|0,25 - 0,5|0,25 - 0,5|0,0 - 0,25|0,0 - 0,25|0,25 - 0,5|1
WTCUSDT|11100|False|0,0 - 0,25|0,25 - 0,5|0,25 - 0,5|0,0 - 0,25|0,0 - 0,25|2
WTCUSDT|01110|False|0,0 - 0,25|0,0 - 0,25|0,25 - 0,5|0,25 - 0,5|0,0 - 0,25|2
WTCUSDT|00111|True|0,0 - 0,25|0,0 - 0,25|0,0 - 0,25|0,25 - 0,5|0,25 - 0,5|2
WTCUSDT|11110|False|0,25 - 0,5|0,0 - 0,25|0,25 - 0,5|0,25 - 0,5|0,0 - 0,25|1
WTCUSDT|01111|True|0,0 - 0,25|0,25 - 0,5|0,0 - 0,25|0,25 - 0,5|0,25 - 0,5|1
WTCUSDT|10111|True|0,0 - 0,25|0,0 - 0,25|0,25 - 0,5|0,0 - 0,25|0,25 - 0,5|1
WTCUSDT|11011|True|0,0 - 0,25|0,0 - 0,25|0,0 - 0,25|0,25 - 0,5|0,0 - 0,25|2
WTCUSDT|11101|True|0,25 - 0,5|0,0 - 0,25|0,0 - 0,25|0,0 - 0,25|0,25 - 0,5|2
WTCUSDT|11110|False|0,25 - 0,5|0,25 - 0,5|0,0 - 0,25|0,0 - 0,25|0,0 - 0,25|1
WTCUSDT|01111|True|0,0 - 0,25|0,25 - 0,5|0,25 - 0,5|0,0 - 0,25|0,0 - 0,25|1
WTCUSDT|10111|False|0,25 - 0,5|0,0 - 0,25|0,25 - 0,5|0,25 - 0,5|0,0 - 0,25|2
WTCUSDT|01011|False|0,0 - 0,25|0,25 - 0,5|0,0 - 0,25|0,25 - 0,5|0,25 - 0,5|1
WTCUSDT|00101|False|0,25 - 0,5|0,0 - 0,25|0,25 - 0,5|0,0 - 0,25|0,25 - 0,5|1
WTCUSDT|00010|False|0,0 - 0,25|0,25 - 0,5|0,0 - 0,25|0,25 - 0,5|0,0 - 0,25|1
WTCUSDT|00001|True|1 - 2|0,0 - 0,25|0,25 - 0,5|0,0 - 0,25|0,25 - 0,5|1
WTCUSDT|10000|False|0,25 - 0,5|1 - 2|0,0 - 0,25|0,25 - 0,5|0,0 - 0,25|1
WTCUSDT|01000|False|0,5 - 1|0,25 - 0,5|1 - 2|0,0 - 0,25|0,25 - 0,5|1
WTCUSDT|00100|False|0,25 - 0,5|0,5 - 1|0,25 - 0,5|1 - 2|0,0 - 0,25|1
WTCUSDT|00010|True|1 - 2|0,25 - 0,5|0,5 - 1|0,25 - 0,5|1 - 2|1
WTCUSDT|10001|False|0,5 - 1|1 - 2|0,25 - 0,5|0,5 - 1|0,25 - 0,5|1
WTCUSDT|01000|True|0,5 - 1|0,5 - 1|1 - 2|0,25 - 0,5|0,5 - 1|1
WTCUSDT|10100|False|1 - 2|0,5 - 1|0,5 - 1|1 - 2|0,25 - 0,5|1
WTCUSDT|01010|False|0,5 - 1|1 - 2|0,5 - 1|0,5 - 1|1 - 2|1
WTCUSDT|00101|False|0,5 - 1|0,5 - 1|1 - 2|0,5 - 1|0,5 - 1|1
WTCUSDT|00010|True|0,5 - 1|0,5 - 1|0,5 - 1|1 - 2|0,5 - 1|1
WTCUSDT|10001|False|0,25 - 0,5|0,5 - 1|0,5 - 1|0,5 - 1|1 - 2|1
WTCUSDT|01000|True|0,25 - 0,5|0,25 - 0,5|0,5 - 1|0,5 - 1|0,5 - 1|1
WTCUSDT|10100|False|0,25 - 0,5|0,25 - 0,5|0,25 - 0,5|0,5 - 1|0,5 - 1|1
WTCUSDT|01010|False|0,25 - 0,5|0,25 - 0,5|0,25 - 0,5|0,25 - 0,5|0,5 - 1|1
WTCUSDT|00101|True|0,0 - 0,25|0,25 - 0,5|0,25 - 0,5|0,25 - 0,5|0,25 - 0,5|1
WTCUSDT|10010|True|0,25 - 0,5|0,0 - 0,25|0,25 - 0,5|0,25 - 0,5|0,25 - 0,5|1
WTCUSDT|11001|False|0,25 - 0,5|0,25 - 0,5|0,0 - 0,25|0,25 - 0,5|0,25 - 0,5|1
WTCUSDT|00011|True|0,25 - 0,5|0,0 - 0,25|0,0 - 0,25|0,25 - 0,5|0,25 - 0,5|1
WTCUSDT|10001|False|0,5 - 1|0,25 - 0,5|0,0 - 0,25|0,0 - 0,25|0,25 - 0,5|1
WTCUSDT|01000|True|0,0 - 0,25|0,5 - 1|0,25 - 0,5|0,0 - 0,25|0,0 - 0,25|1
WTCUSDT|10100|False|0,5 - 1|0,0 - 0,25|0,5 - 1|0,25 - 0,5|0,0 - 0,25|1
WTCUSDT|01010|True|1 - 2|0,5 - 1|0,0 - 0,25|0,5 - 1|0,25 - 0,5|1
WTCUSDT|10101|False|0,0 - 0,25|1 - 2|0,5 - 1|0,0 - 0,25|0,5 - 1|1
WTCUSDT|01010|True|0,25 - 0,5|0,0 - 0,25|1 - 2|0,5 - 1|0,0 - 0,25|1
WTCUSDT|10101|True|0,0 - 0,25|0,25 - 0,5|0,0 - 0,25|1 - 2|0,5 - 1|1
WTCUSDT|11010|False|0,25 - 0,5|0,0 - 0,25|0,25 - 0,5|0,0 - 0,25|1 - 2|1
WTCUSDT|01101|False|0,25 - 0,5|0,25 - 0,5|0,0 - 0,25|0,25 - 0,5|0,0 - 0,25|1
WTCUSDT|00110|True|0,25 - 0,5|0,25 - 0,5|0,25 - 0,5|0,0 - 0,25|0,25 - 0,5|1
WTCUSDT|10011|False|0,5 - 1|0,25 - 0,5|0,25 - 0,5|0,25 - 0,5|0,0 - 0,25|1
WTCUSDT|01001|False|0,25 - 0,5|0,5 - 1|0,25 - 0,5|0,25 - 0,5|0,25 - 0,5|1
WTCUSDT|00100|True|0,5 - 1|0,25 - 0,5|0,5 - 1|0,25 - 0,5|0,25 - 0,5|1
WTCUSDT|10010|False|0,25 - 0,5|0,5 - 1|0,25 - 0,5|0,5 - 1|0,25 - 0,5|1
WTCUSDT|01001|True|0,25 - 0,5|0,25 - 0,5|0,5 - 1|0,25 - 0,5|0,5 - 1|1
WTCUSDT|10100|True|0,0 - 0,25|0,25 - 0,5|0,25 - 0,5|0,5 - 1|0,25 - 0,5|1
WTCUSDT|11010|True|0,5 - 1|0,0 - 0,25|0,25 - 0,5|0,25 - 0,5|0,5 - 1|1
WTCUSDT|11101|False|0,5 - 1|0,5 - 1|0,0 - 0,25|0,25 - 0,5|0,25 - 0,5|1
WTCUSDT|01110|False|0,25 - 0,5|0,5 - 1|0,5 - 1|0,0 - 0,25|0,25 - 0,5|1
WTCUSDT|00111|False|0,25 - 0,5|0,25 - 0,5|0,5 - 1|0,5 - 1|0,0 - 0,25|1
WTCUSDT|00011|False|0 - -0,25|0,25 - 0,5|0,25 - 0,5|0,5 - 1|0,5 - 1|1
WTCUSDT|00001|False|0,0 - 0,25|0 - -0,25|0,25 - 0,5|0,25 - 0,5|0,5 - 1|1
WTCUSDT|00000|True|1 - 2|0,0 - 0,25|0 - -0,25|0,25 - 0,5|0,25 - 0,5|1
WTCUSDT|10000|False|0,25 - 0,5|1 - 2|0,0 - 0,25|0 - -0,25|0,25 - 0,5|1
WTCUSDT|01000|True|0,5 - 1|0,25 - 0,5|1 - 2|0,0 - 0,25|0 - -0,25|1
WTCUSDT|10100|True|0,25 - 0,5|0,5 - 1|0,25 - 0,5|1 - 2|0,0 - 0,25|1
WTCUSDT|11010|True|0,5 - 1|0,25 - 0,5|0,5 - 1|0,25 - 0,5|1 - 2|1
WTCUSDT|11101|True|0,25 - 0,5|0,5 - 1|0,25 - 0,5|0,5 - 1|0,25 - 0,5|1
WTCUSDT|11110|True|0,0 - 0,25|0,25 - 0,5|0,5 - 1|0,25 - 0,5|0,5 - 1|1
WTCUSDT|11111|True|0,25 - 0,5|0,0 - 0,25|0,25 - 0,5|0,5 - 1|0,25 - 0,5|1
WTCUSDT|11111|False|0,5 - 1|0,25 - 0,5|0,0 - 0,25|0,25 - 0,5|0,5 - 1|1
WTCUSDT|01111|False|0,25 - 0,5|0,5 - 1|0,25 - 0,5|0,0 - 0,25|0,25 - 0,5|1
WTCUSDT|00111|False|0,25 - 0,5|0,25 - 0,5|0,5 - 1|0,25 - 0,5|0,0 - 0,25|1
WTCUSDT|00011|True|0,25 - 0,5|0,25 - 0,5|0,25 - 0,5|0,5 - 1|0,25 - 0,5|1
WTCUSDT|10001|False|0,0 - 0,25|0,25 - 0,5|0,25 - 0,5|0,25 - 0,5|0,5 - 1|1
WTCUSDT|01000|False|0,0 - 0,25|0,0 - 0,25|0,25 - 0,5|0,25 - 0,5|0,25 - 0,5|1
WTCUSDT|00100|False|0,0 - 0,25|0,0 - 0,25|0,0 - 0,25|0,25 - 0,5|0,25 - 0,5|1
WTCUSDT|00010|False|0,25 - 0,5|0,0 - 0,25|0,0 - 0,25|0,0 - 0,25|0,25 - 0,5|1
WTCUSDT|00000|True|0,5 - 1|0,5 - 1|0,25 - 0,5|0,0 - 0,25|0,0 - 0,25|1
WTCUSDT|10000|False|0,0 - 0,25|0,5 - 1|0,5 - 1|0,25 - 0,5|0,0 - 0,25|1
WTCUSDT|01000|True|0,5 - 1|0,0 - 0,25|0,5 - 1|0,5 - 1|0,25 - 0,5|1
WTCUSDT|10100|False|0,25 - 0,5|0,5 - 1|0,0 - 0,25|0,5 - 1|0,5 - 1|1
WTCUSDT|01010|False|0,5 - 1|0,25 - 0,5|0,5 - 1|0,0 - 0,25|0,5 - 1|1
WTCUSDT|00101|False|0,0 - 0,25|0,5 - 1|0,25 - 0,5|0,5 - 1|0,0 - 0,25|1
WTCUSDT|00010|True|0,0 - 0,25|0,0 - 0,25|0,5 - 1|0,25 - 0,5|0,5 - 1|1
WTCUSDT|10001|True|0,25 - 0,5|0,0 - 0,25|0,0 - 0,25|0,5 - 1|0,25 - 0,5|1
WTCUSDT|11000|False|0,0 - 0,25|0,25 - 0,5|0,0 - 0,25|0,0 - 0,25|0,5 - 1|1
WTCUSDT|01100|False|0,0 - 0,25|0,0 - 0,25|0,25 - 0,5|0,0 - 0,25|0,0 - 0,25|1
WTCUSDT|00110|False|0,5 - 1|0,0 - 0,25|0,0 - 0,25|0,25 - 0,5|0,0 - 0,25|1
WTCUSDT|00011|False|0,25 - 0,5|0,5 - 1|0,0 - 0,25|0,0 - 0,25|0,25 - 0,5|1
WTCUSDT|00001|True|0,25 - 0,5|0,25 - 0,5|0,5 - 1|0,0 - 0,25|0,0 - 0,25|1
WTCUSDT|10000|False|0,25 - 0,5|0,25 - 0,5|0,25 - 0,5|0,5 - 1|0,0 - 0,25|1
WTCUSDT|01000|False|0,25 - 0,5|0,25 - 0,5|0,25 - 0,5|0,25 - 0,5|0,5 - 1|1
WTCUSDT|00100|True|0,5 - 1|0,25 - 0,5|0,25 - 0,5|0,25 - 0,5|0,25 - 0,5|1
WTCUSDT|10010|True|0,25 - 0,5|0,5 - 1|0,25 - 0,5|0,25 - 0,5|0,25 - 0,5|1
WTCUSDT|11001|True|0,25 - 0,5|0,25 - 0,5|0,5 - 1|0,25 - 0,5|0,25 - 0,5|1
WTCUSDT|11100|True|0,25 - 0,5|0,25 - 0,5|0,25 - 0,5|0,5 - 1|0,25 - 0,5|1
WTCUSDT|11110|False|0,0 - 0,25|0,25 - 0,5|0,25 - 0,5|0,25 - 0,5|0,5 - 1|1
WTCUSDT|01111|False|0,0 - 0,25|0,0 - 0,25|0,25 - 0,5|0,25 - 0,5|0,25 - 0,5|1
WTCUSDT|00111|True|0,25 - 0,5|0,0 - 0,25|0,0 - 0,25|0,25 - 0,5|0,25 - 0,5|1
WTCUSDT|10011|True|0,25 - 0,5|0,25 - 0,5|0,0 - 0,25|0,0 - 0,25|0,25 - 0,5|1
WTCUSDT|11001|True|0,25 - 0,5|0,25 - 0,5|0,0 - 0,25|0,0 - 0,25|0,0 - 0,25|1
WTCUSDT|11001|True|0,25 - 0,5|0,0 - 0,25|0,0 - 0,25|0,0 - 0,25|0,0 - 0,25|1
WTCUSDT|11100|False|0,25 - 0,5|0,25 - 0,5|0,0 - 0,25|0,0 - 0,25|0,0 - 0,25|1
WTCUSDT|01110|True|0,25 - 0,5|0,25 - 0,5|0,25 - 0,5|0,0 - 0,25|0,0 - 0,25|1
WTCUSDT|10111|True|0,25 - 0,5|0,25 - 0,5|0,25 - 0,5|0,25 - 0,5|0,0 - 0,25|1
WTCUSDT|11011|False|0,0 - 0,25|0,25 - 0,5|0,25 - 0,5|0,25 - 0,5|0,25 - 0,5|1
WTCUSDT|01101|True|0,25 - 0,5|0,0 - 0,25|0,25 - 0,5|0,25 - 0,5|0,25 - 0,5|1
WTCUSDT|10110|False|0,0 - 0,25|0,25 - 0,5|0,0 - 0,25|0,25 - 0,5|0,25 - 0,5|1
WTCUSDT|01011|False|0,0 - 0,25|0,0 - 0,25|0,25 - 0,5|0,0 - 0,25|0,25 - 0,5|1
WTCUSDT|00101|False|0,0 - 0,25|0,0 - 0,25|0,0 - 0,25|0,25 - 0,5|0,0 - 0,25|1
WTCUSDT|00010|False|0,0 - 0,25|0,0 - 0,25|0,0 - 0,25|0,0 - 0,25|0,25 - 0,5|1
WTCUSDT|00001|True|0,25 - 0,5|0,0 - 0,25|0,0 - 0,25|0,0 - 0,25|0,0 - 0,25|2
WTCUSDT|10000|True|0,25 - 0,5|0,25 - 0,5|0,0 - 0,25|0,0 - 0,25|0,0 - 0,25|1
WTCUSDT|11000|False|0,0 - 0,25|0,25 - 0,5|0,25 - 0,5|0,0 - 0,25|0,0 - 0,25|1
WTCUSDT|01100|True|0,0 - 0,25|0,0 - 0,25|0,25 - 0,5|0,25 - 0,5|0,0 - 0,25|1
WTCUSDT|10110|True|0,0 - 0,25|0,0 - 0,25|0,0 - 0,25|0,25 - 0,5|0,25 - 0,5|1
WTCUSDT|10010|False|0,0 - 0,25|0,25 - 0,5|0,0 - 0,25|0,0 - 0,25|0,0 - 0,25|1
WTCUSDT|01001|False|0,25 - 0,5|0,0 - 0,25|0,25 - 0,5|0,0 - 0,25|0,0 - 0,25|1
WTCUSDT|00100|True|0,0 - 0,25|0,25 - 0,5|0,0 - 0,25|0,25 - 0,5|0,0 - 0,25|1
WTCUSDT|10010|False|0,0 - 0,25|0,0 - 0,25|0,25 - 0,5|0,0 - 0,25|0,25 - 0,5|1
WTCUSDT|01001|True|0,0 - 0,25|0,0 - 0,25|0,0 - 0,25|0,25 - 0,5|0,0 - 0,25|1
WTCUSDT|01010|True|0 - -0,25|0,0 - 0,25|0,0 - 0,25|0,0 - 0,25|0,0 - 0,25|1
WTCUSDT|10101|False|0,0 - 0,25|0 - -0,25|0,0 - 0,25|0,0 - 0,25|0,0 - 0,25|1
WTCUSDT|01010|False|0,0 - 0,25|0,0 - 0,25|0 - -0,25|0,0 - 0,25|0,0 - 0,25|1
WTCUSDT|00101|False|0 - -0,25|0,0 - 0,25|0,0 - 0,25|0 - -0,25|0,0 - 0,25|2
WTCUSDT|00010|False|0,0 - 0,25|0 - -0,25|0,0 - 0,25|0,0 - 0,25|0 - -0,25|1
WTCUSDT|10000|True|0,0 - 0,25|0,0 - 0,25|0,0 - 0,25|0 - -0,25|0,0 - 0,25|1
WTCUSDT|11000|False|0,25 - 0,5|0,0 - 0,25|0,0 - 0,25|0,0 - 0,25|0 - -0,25|1
WTCUSDT|01100|True|0,0 - 0,25|0,25 - 0,5|0,0 - 0,25|0,0 - 0,25|0,0 - 0,25|1
WTCUSDT|10110|True|0,0 - 0,25|0,0 - 0,25|0,25 - 0,5|0,0 - 0,25|0,0 - 0,25|2
WTCUSDT|00110|True|0,0 - 0,25|0,0 - 0,25|0,0 - 0,25|0,0 - 0,25|0,0 - 0,25|1
WTCUSDT|01100|False|0,25 - 0,5|0,25 - 0,5|0,0 - 0,25|0,0 - 0,25|0,0 - 0,25|1
WTCUSDT|00011|False|0 - -0,25|0,0 - 0,25|0,25 - 0,5|0,25 - 0,5|0,0 - 0,25|1
WTCUSDT|00001|False|0,0 - 0,25|0 - -0,25|0,0 - 0,25|0,25 - 0,5|0,25 - 0,5|1
WTCUSDT|00000|True|0,0 - 0,25|0,0 - 0,25|0 - -0,25|0,0 - 0,25|0,25 - 0,5|1
WTCUSDT|10000|False|0,25 - 0,5|0,0 - 0,25|0,0 - 0,25|0 - -0,25|0,0 - 0,25|1
WTCUSDT|01000|False|0 - -0,25|0,25 - 0,5|0,0 - 0,25|0,0 - 0,25|0 - -0,25|1
WTCUSDT|00100|True|0,0 - 0,25|0 - -0,25|0,25 - 0,5|0,0 - 0,25|0,0 - 0,25|1
WTCUSDT|10010|False|0,0 - 0,25|0,0 - 0,25|0 - -0,25|0,25 - 0,5|0,0 - 0,25|1
WTCUSDT|01001|True|0,0 - 0,25|0,0 - 0,25|0,0 - 0,25|0 - -0,25|0,25 - 0,5|1
WTCUSDT|10100|True|0,25 - 0,5|0,0 - 0,25|0,0 - 0,25|0,0 - 0,25|0 - -0,25|1
WTCUSDT|01101|True|0,0 - 0,25|0,0 - 0,25|0,25 - 0,5|0,0 - 0,25|0,0 - 0,25|2
WTCUSDT|10110|False|0,0 - 0,25|0,0 - 0,25|0,0 - 0,25|0,25 - 0,5|0,0 - 0,25|2
WTCUSDT|01011|True|0,5 - 1|0,0 - 0,25|0,0 - 0,25|0,0 - 0,25|0,25 - 0,5|1
WTCUSDT|10101|True|0,0 - 0,25|0,5 - 1|0,0 - 0,25|0,0 - 0,25|0,0 - 0,25|1
WTCUSDT|11010|True|0,0 - 0,25|0,0 - 0,25|0,5 - 1|0,0 - 0,25|0,0 - 0,25|1
WTCUSDT|11101|False|0,25 - 0,5|0,0 - 0,25|0,0 - 0,25|0,5 - 1|0,0 - 0,25|1
WTCUSDT|01110|True|0,0 - 0,25|0,25 - 0,5|0,0 - 0,25|0,0 - 0,25|0,5 - 1|1
WTCUSDT|01011|True|0,5 - 1|0,0 - 0,25|0,0 - 0,25|0,25 - 0,5|0,0 - 0,25|1
WTCUSDT|10101|False|0,5 - 1|0,5 - 1|0,0 - 0,25|0,0 - 0,25|0,25 - 0,5|1
WTCUSDT|01010|True|0,0 - 0,25|0,5 - 1|0,5 - 1|0,0 - 0,25|0,0 - 0,25|1
WTCUSDT|10101|True|0,5 - 1|0,0 - 0,25|0,5 - 1|0,5 - 1|0,0 - 0,25|1
WTCUSDT|11010|False|0,0 - 0,25|0,5 - 1|0,0 - 0,25|0,5 - 1|0,5 - 1|1
WTCUSDT|01101|False|0,0 - 0,25|0,0 - 0,25|0,5 - 1|0,0 - 0,25|0,5 - 1|1
WTCUSDT|00110|True|0,25 - 0,5|0,0 - 0,25|0,0 - 0,25|0,5 - 1|0,0 - 0,25|1
WTCUSDT|10011|False|0,0 - 0,25|0,25 - 0,5|0,0 - 0,25|0,0 - 0,25|0,5 - 1|1
WTCUSDT|01001|True|0,25 - 0,5|0,0 - 0,25|0,25 - 0,5|0,0 - 0,25|0,0 - 0,25|1
WTCUSDT|10100|False|0,25 - 0,5|0,25 - 0,5|0,0 - 0,25|0,25 - 0,5|0,0 - 0,25|1
WTCUSDT|01010|True|0,0 - 0,25|0,25 - 0,5|0,25 - 0,5|0,0 - 0,25|0,25 - 0,5|1
WTCUSDT|10101|False|0,0 - 0,25|0,0 - 0,25|0,25 - 0,5|0,25 - 0,5|0,0 - 0,25|1
WTCUSDT|01010|False|0,5 - 1|0,0 - 0,25|0,0 - 0,25|0,25 - 0,5|0,25 - 0,5|1
WTCUSDT|00101|True|0,0 - 0,25|0,5 - 1|0,0 - 0,25|0,0 - 0,25|0,25 - 0,5|1
WTCUSDT|10010|False|0,0 - 0,25|0,0 - 0,25|0,5 - 1|0,0 - 0,25|0,0 - 0,25|1
WTCUSDT|01001|False|0,0 - 0,25|0,0 - 0,25|0,0 - 0,25|0,5 - 1|0,0 - 0,25|1
WTCUSDT|00100|False|0 - -0,25|0,0 - 0,25|0,0 - 0,25|0,0 - 0,25|0,5 - 1|1
WTCUSDT|00010|True|0 - -0,25|0 - -0,25|0,0 - 0,25|0,0 - 0,25|0,0 - 0,25|1
WTCUSDT|10001|True|0,0 - 0,25|0 - -0,25|0 - -0,25|0,0 - 0,25|0,0 - 0,25|1
WTCUSDT|11000|False|0,0 - 0,25|0,0 - 0,25|0 - -0,25|0 - -0,25|0,0 - 0,25|1
WTCUSDT|01100|False|0,0 - 0,25|0,0 - 0,25|0,0 - 0,25|0 - -0,25|0 - -0,25|1
WTCUSDT|00110|False|0,0 - 0,25|0,0 - 0,25|0,0 - 0,25|0,0 - 0,25|0 - -0,25|2
WTCUSDT|10001|True|0,25 - 0,5|0,25 - 0,5|0,0 - 0,25|0,0 - 0,25|0,0 - 0,25|1
WTCUSDT|11000|True|0,0 - 0,25|0,25 - 0,5|0,25 - 0,5|0,0 - 0,25|0,0 - 0,25|1
WTCUSDT|00000|False|0,0 - 0,25|0,25 - 0,5|0,0 - 0,25|0,0 - 0,25|0,0 - 0,25|1
WTCUSDT|10000|True|0,25 - 0,5|0,0 - 0,25|0,0 - 0,25|0,25 - 0,5|0,0 - 0,25|1
WTCUSDT|11000|True|0,0 - 0,25|0,25 - 0,5|0,0 - 0,25|0,0 - 0,25|0,25 - 0,5|1
WTCUSDT|11100|True|0,25 - 0,5|0,0 - 0,25|0,25 - 0,5|0,0 - 0,25|0,0 - 0,25|1
WTCUSDT|11110|True|0,0 - 0,25|0,25 - 0,5|0,0 - 0,25|0,25 - 0,5|0,0 - 0,25|1
WTCUSDT|11111|True|0,0 - 0,25|0,0 - 0,25|0,25 - 0,5|0,0 - 0,25|0,25 - 0,5|1
WTCUSDT|11111|False|0,0 - 0,25|0,0 - 0,25|0,0 - 0,25|0,25 - 0,5|0,0 - 0,25|1
WTCUSDT|01111|False|0,0 - 0,25|0,0 - 0,25|0,0 - 0,25|0,0 - 0,25|0,25 - 0,5|1
WTCUSDT|00011|False|0,0 - 0,25|0,0 - 0,25|0,0 - 0,25|0,0 - 0,25|0,0 - 0,25|2
WTCUSDT|00000|False|0 - -0,25|0,0 - 0,25|0,0 - 0,25|0,0 - 0,25|0,0 - 0,25|1
WTCUSDT|00000|True|0,25 - 0,5|0 - -0,25|0,0 - 0,25|0,0 - 0,25|0,0 - 0,25|1
WTCUSDT|10000|True|0,0 - 0,25|0,25 - 0,5|0 - -0,25|0,0 - 0,25|0,0 - 0,25|1
WTCUSDT|11000|True|0,0 - 0,25|0,0 - 0,25|0,25 - 0,5|0 - -0,25|0,0 - 0,25|1
WTCUSDT|11100|False|0,0 - 0,25|0,0 - 0,25|0,0 - 0,25|0,25 - 0,5|0 - -0,25|1
WTCUSDT|01110|False|0,0 - 0,25|0,0 - 0,25|0,0 - 0,25|0,0 - 0,25|0,25 - 0,5|1
WTCUSDT|00011|True|0,0 - 0,25|0,0 - 0,25|0,0 - 0,25|0,0 - 0,25|0,0 - 0,25|1
WTCUSDT|00100|False|0 - -0,25|0,0 - 0,25|0,0 - 0,25|0,0 - 0,25|0,0 - 0,25|1
WTCUSDT|00010|False|0,0 - 0,25|0 - -0,25|0,0 - 0,25|0,0 - 0,25|0,0 - 0,25|1
WTCUSDT|00001|False|0,0 - 0,25|0,0 - 0,25|0 - -0,25|0,0 - 0,25|0,0 - 0,25|1
WTCUSDT|00000|True|0,0 - 0,25|0,0 - 0,25|0,0 - 0,25|0 - -0,25|0,0 - 0,25|1
WTCUSDT|10000|True|0,25 - 0,5|0,0 - 0,25|0,0 - 0,25|0,0 - 0,25|0 - -0,25|1
WTCUSDT|11000|False|0,0 - 0,25|0,25 - 0,5|0,0 - 0,25|0,0 - 0,25|0,0 - 0,25|1
WTCUSDT|01100|True|0,25 - 0,5|0,0 - 0,25|0,25 - 0,5|0,0 - 0,25|0,0 - 0,25|1
WTCUSDT|10110|True|0,0 - 0,25|0,25 - 0,5|0,0 - 0,25|0,25 - 0,5|0,0 - 0,25|1
WTCUSDT|11011|True|0,0 - 0,25|0,0 - 0,25|0,25 - 0,5|0,0 - 0,25|0,25 - 0,5|1
WTCUSDT|11110|False|0,0 - 0,25|0,0 - 0,25|0,0 - 0,25|0,0 - 0,25|0,25 - 0,5|1
WTCUSDT|00111|True|0 - -0,25|0,0 - 0,25|0,0 - 0,25|0,0 - 0,25|0,0 - 0,25|1
WTCUSDT|10011|True|0,0 - 0,25|0 - -0,25|0,0 - 0,25|0,0 - 0,25|0,0 - 0,25|2
WTCUSDT|11001|False|0,0 - 0,25|0,0 - 0,25|0 - -0,25|0,0 - 0,25|0,0 - 0,25|2
WTCUSDT|01100|True|0 - -0,25|0,0 - 0,25|0,0 - 0,25|0 - -0,25|0,0 - 0,25|1
WTCUSDT|01011|False|0,0 - 0,25|0,0 - 0,25|0 - -0,25|0,0 - 0,25|0,0 - 0,25|1
WTCUSDT|00010|True|0,0 - 0,25|0 - -0,25|0,0 - 0,25|0,0 - 0,25|0 - -0,25|1
WTCUSDT|10001|True|0,0 - 0,25|0,0 - 0,25|0 - -0,25|0,0 - 0,25|0,0 - 0,25|1
WTCUSDT|11000|True|0,0 - 0,25|0,0 - 0,25|0,0 - 0,25|0 - -0,25|0,0 - 0,25|1
WTCUSDT|10000|False|0,0 - 0,25|0 - -0,25|0,0 - 0,25|0 - -0,25|0 - -0,25|2
WTCUSDT|10100|False|0,0 - 0,25|0,0 - 0,25|0,0 - 0,25|0 - -0,25|0,0 - 0,25|1
WTCUSDT|01010|False|0,0 - 0,25|0,0 - 0,25|0,0 - 0,25|0,0 - 0,25|0 - -0,25|2
WTCUSDT|01001|False|0,0 - 0,25|0,0 - 0,25|0 - -0,25|0,0 - 0,25|0,0 - 0,25|1
WTCUSDT|00100|False|0 - -0,25|0,0 - 0,25|0,0 - 0,25|0 - -0,25|0,0 - 0,25|1
WTCUSDT|00010|True|0 - -0,25|0 - -0,25|0,0 - 0,25|0,0 - 0,25|0 - -0,25|1
WTCUSDT|10001|False|0,0 - 0,25|0 - -0,25|0 - -0,25|0,0 - 0,25|0,0 - 0,25|1
WTCUSDT|01000|False|0 - -0,25|0,0 - 0,25|0 - -0,25|0 - -0,25|0,0 - 0,25|1
WTCUSDT|00100|True|0,0 - 0,25|0 - -0,25|0,0 - 0,25|0 - -0,25|0 - -0,25|1
WTCUSDT|01001|True|0,0 - 0,25|0,0 - 0,25|0,0 - 0,25|0 - -0,25|0,0 - 0,25|1
WTCUSDT|10100|False|0,0 - 0,25|0,0 - 0,25|0,0 - 0,25|0,0 - 0,25|0 - -0,25|2
WTCUSDT|01011|False|0,0 - 0,25|0,0 - 0,25|0,0 - 0,25|0,0 - 0,25|0,25 - 0,5|1
WTCUSDT|00101|False|0,5 - 1|0,0 - 0,25|0,0 - 0,25|0,0 - 0,25|0,0 - 0,25|1
WTCUSDT|00010|False|0,0 - 0,25|0,5 - 1|0,0 - 0,25|0,0 - 0,25|0,0 - 0,25|1
WTCUSDT|00001|False|0,0 - 0,25|0,0 - 0,25|0,5 - 1|0,0 - 0,25|0,0 - 0,25|1
WTCUSDT|00000|False|0,5 - 1|0,0 - 0,25|0,0 - 0,25|0,5 - 1|0,0 - 0,25|1
WTCUSDT|00000|True|0,0 - 0,25|0,5 - 1|0,0 - 0,25|0,0 - 0,25|0,5 - 1|1
WTCUSDT|10000|True|0,0 - 0,25|0,0 - 0,25|0,5 - 1|0,0 - 0,25|0,0 - 0,25|1
WTCUSDT|11000|False|0,0 - 0,25|0,0 - 0,25|0,0 - 0,25|0,5 - 1|0,0 - 0,25|1
WTCUSDT|01100|True|0,0 - 0,25|0,0 - 0,25|0,0 - 0,25|0,0 - 0,25|0,5 - 1|1
WTCUSDT|10110|False|0,25 - 0,5|0,0 - 0,25|0,0 - 0,25|0,0 - 0,25|0,0 - 0,25|1
WTCUSDT|01011|False|0,25 - 0,5|0,25 - 0,5|0,0 - 0,25|0,0 - 0,25|0,0 - 0,25|1
WTCUSDT|00101|True|0,25 - 0,5|0,25 - 0,5|0,25 - 0,5|0,0 - 0,25|0,0 - 0,25|1
WTCUSDT|10010|False|0,0 - 0,25|0,25 - 0,5|0,25 - 0,5|0,25 - 0,5|0,0 - 0,25|1
WTCUSDT|01001|True|0,25 - 0,5|0,0 - 0,25|0,25 - 0,5|0,25 - 0,5|0,25 - 0,5|1
WTCUSDT|10100|False|0,0 - 0,25|0,25 - 0,5|0,0 - 0,25|0,25 - 0,5|0,25 - 0,5|1
WTCUSDT|01010|False|0,25 - 0,5|0,0 - 0,25|0,25 - 0,5|0,0 - 0,25|0,25 - 0,5|1
WTCUSDT|00101|False|0,5 - 1|0,25 - 0,5|0,0 - 0,25|0,25 - 0,5|0,0 - 0,25|1
WTCUSDT|00010|False|0,5 - 1|0,5 - 1|0,25 - 0,5|0,0 - 0,25|0,25 - 0,5|1
WTCUSDT|00001|True|1 - 2|0,5 - 1|0,5 - 1|0,25 - 0,5|0,0 - 0,25|1
WTCUSDT|10000|True|0,5 - 1|1 - 2|0,5 - 1|0,5 - 1|0,25 - 0,5|1
WTCUSDT|11000|True|1 - 2|0,5 - 1|1 - 2|0,5 - 1|0,5 - 1|1
WTCUSDT|11100|False|0,25 - 0,5|1 - 2|0,5 - 1|1 - 2|0,5 - 1|1
WTCUSDT|01110|True|0,25 - 0,5|0,25 - 0,5|1 - 2|0,5 - 1|1 - 2|1
WTCUSDT|10111|False|0,25 - 0,5|0,25 - 0,5|0,25 - 0,5|1 - 2|0,5 - 1|1
WTCUSDT|01011|True|0,25 - 0,5|0,25 - 0,5|0,25 - 0,5|0,25 - 0,5|1 - 2|1
WTCUSDT|10101|False|0,5 - 1|0,25 - 0,5|0,25 - 0,5|0,25 - 0,5|0,25 - 0,5|1
WTCUSDT|01010|False|0,5 - 1|0,5 - 1|0,25 - 0,5|0,25 - 0,5|0,25 - 0,5|1
WTCUSDT|00101|False|0,5 - 1|0,5 - 1|0,5 - 1|0,25 - 0,5|0,25 - 0,5|1
WTCUSDT|00010|True|0,5 - 1|0,5 - 1|0,5 - 1|0,5 - 1|0,25 - 0,5|1
WTCUSDT|10001|False|0,5 - 1|0,5 - 1|0,5 - 1|0,5 - 1|0,5 - 1|1
WTCUSDT|01000|False|1 - 2|0,5 - 1|0,5 - 1|0,5 - 1|0,5 - 1|1
WTCUSDT|00100|True|0,5 - 1|1 - 2|0,5 - 1|0,5 - 1|0,5 - 1|1
WTCUSDT|10010|True|0,25 - 0,5|0,5 - 1|1 - 2|0,5 - 1|0,5 - 1|1
WTCUSDT|11001|False|0,5 - 1|0,25 - 0,5|0,5 - 1|1 - 2|0,5 - 1|1
WTCUSDT|01100|True|0,25 - 0,5|0,5 - 1|0,25 - 0,5|0,5 - 1|1 - 2|1
WTCUSDT|10110|True|0,25 - 0,5|0,25 - 0,5|0,5 - 1|0,25 - 0,5|0,5 - 1|1
WTCUSDT|11011|True|0,0 - 0,25|0,25 - 0,5|0,25 - 0,5|0,5 - 1|0,25 - 0,5|1
WTCUSDT|11101|True|0,25 - 0,5|0,0 - 0,25|0,25 - 0,5|0,25 - 0,5|0,5 - 1|1
WTCUSDT|11110|False|0,25 - 0,5|0,25 - 0,5|0,0 - 0,25|0,25 - 0,5|0,25 - 0,5|1
WTCUSDT|01111|True|0,0 - 0,25|0,25 - 0,5|0,25 - 0,5|0,0 - 0,25|0,25 - 0,5|1
WTCUSDT|01011|False|0,25 - 0,5|0,25 - 0,5|0,0 - 0,25|0,25 - 0,5|0,25 - 0,5|1
WTCUSDT|00101|True|0,25 - 0,5|0,25 - 0,5|0,25 - 0,5|0,0 - 0,25|0,25 - 0,5|1
WTCUSDT|10010|True|0,25 - 0,5|0,25 - 0,5|0,25 - 0,5|0,25 - 0,5|0,0 - 0,25|1
WTCUSDT|11001|False|0,25 - 0,5|0,25 - 0,5|0,25 - 0,5|0,25 - 0,5|0,25 - 0,5|1
WTCUSDT|01100|True|0,0 - 0,25|0,25 - 0,5|0,25 - 0,5|0,25 - 0,5|0,25 - 0,5|1
WTCUSDT|01101|True|0,0 - 0,25|0,0 - 0,25|0,25 - 0,5|0,25 - 0,5|0,25 - 0,5|1
WTCUSDT|10110|False|0,25 - 0,5|0,0 - 0,25|0,0 - 0,25|0,25 - 0,5|0,25 - 0,5|1
WTCUSDT|01011|True|0,25 - 0,5|0,25 - 0,5|0,0 - 0,25|0,0 - 0,25|0,25 - 0,5|1
WTCUSDT|10101|True|0,0 - 0,25|0,25 - 0,5|0,25 - 0,5|0,0 - 0,25|0,0 - 0,25|1
WTCUSDT|11010|False|0,5 - 1|0,0 - 0,25|0,25 - 0,5|0,25 - 0,5|0,0 - 0,25|1
WTCUSDT|01101|True|0,5 - 1|0,5 - 1|0,0 - 0,25|0,25 - 0,5|0,25 - 0,5|1
WTCUSDT|10110|True|0,5 - 1|0,5 - 1|0,5 - 1|0,0 - 0,25|0,25 - 0,5|1
WTCUSDT|11011|False|0,25 - 0,5|0,5 - 1|0,5 - 1|0,5 - 1|0,0 - 0,25|1
WTCUSDT|01101|True|0,25 - 0,5|0,25 - 0,5|0,5 - 1|0,5 - 1|0,5 - 1|1
WTCUSDT|10110|False|0,25 - 0,5|0,25 - 0,5|0,25 - 0,5|0,5 - 1|0,5 - 1|1
WTCUSDT|01011|False|0,0 - 0,25|0,25 - 0,5|0,25 - 0,5|0,25 - 0,5|0,5 - 1|1
WTCUSDT|00101|True|0,25 - 0,5|0,0 - 0,25|0,25 - 0,5|0,25 - 0,5|0,25 - 0,5|1
WTCUSDT|10010|True|0,5 - 1|0,25 - 0,5|0,0 - 0,25|0,25 - 0,5|0,25 - 0,5|1
WTCUSDT|11001|True|0,5 - 1|0,5 - 1|0,25 - 0,5|0,0 - 0,25|0,25 - 0,5|1
WTCUSDT|11100|False|0,25 - 0,5|0,5 - 1|0,5 - 1|0,25 - 0,5|0,0 - 0,25|1
WTCUSDT|01110|True|0,25 - 0,5|0,25 - 0,5|0,5 - 1|0,5 - 1|0,25 - 0,5|1
WTCUSDT|10111|False|0,25 - 0,5|0,25 - 0,5|0,25 - 0,5|0,5 - 1|0,5 - 1|1
WTCUSDT|01011|False|0,5 - 1|0,25 - 0,5|0,25 - 0,5|0,25 - 0,5|0,5 - 1|1
WTCUSDT|00101|False|0,25 - 0,5|0,5 - 1|0,25 - 0,5|0,25 - 0,5|0,25 - 0,5|1
WTCUSDT|00010|False|0,25 - 0,5|0,25 - 0,5|0,5 - 1|0,25 - 0,5|0,25 - 0,5|1
WTCUSDT|00001|True|0,0 - 0,25|0,25 - 0,5|0,25 - 0,5|0,5 - 1|0,25 - 0,5|1
WTCUSDT|10000|True|0,0 - 0,25|0,0 - 0,25|0,25 - 0,5|0,25 - 0,5|0,5 - 1|1
WTCUSDT|11000|False|0,25 - 0,5|0,0 - 0,25|0,0 - 0,25|0,25 - 0,5|0,25 - 0,5|1
WTCUSDT|01100|False|0,0 - 0,25|0,25 - 0,5|0,0 - 0,25|0,0 - 0,25|0,25 - 0,5|1
WTCUSDT|00110|False|0,25 - 0,5|0,0 - 0,25|0,25 - 0,5|0,0 - 0,25|0,0 - 0,25|1
WTCUSDT|00011|False|0,25 - 0,5|0,25 - 0,5|0,0 - 0,25|0,25 - 0,5|0,0 - 0,25|1
WTCUSDT|00001|True|0,5 - 1|0,25 - 0,5|0,25 - 0,5|0,0 - 0,25|0,25 - 0,5|1
WTCUSDT|10000|False|0,25 - 0,5|0,5 - 1|0,25 - 0,5|0,25 - 0,5|0,0 - 0,25|1
WTCUSDT|01000|True|0,0 - 0,25|0,25 - 0,5|0,5 - 1|0,25 - 0,5|0,25 - 0,5|1
WTCUSDT|10100|True|0,0 - 0,25|0,0 - 0,25|0,25 - 0,5|0,5 - 1|0,25 - 0,5|1
WTCUSDT|11010|True|0,0 - 0,25|0,0 - 0,25|0,0 - 0,25|0,25 - 0,5|0,5 - 1|1
WTCUSDT|11110|False|0,0 - 0,25|0,25 - 0,5|0,0 - 0,25|0,0 - 0,25|0,0 - 0,25|1
WTCUSDT|01111|True|0,0 - 0,25|0,0 - 0,25|0,25 - 0,5|0,0 - 0,25|0,0 - 0,25|1
WTCUSDT|00101|False|0,25 - 0,5|0,0 - 0,25|0,0 - 0,25|0,0 - 0,25|0,0 - 0,25|1
WTCUSDT|00010|True|0,0 - 0,25|0,25 - 0,5|0,0 - 0,25|0,0 - 0,25|0,0 - 0,25|1
WTCUSDT|10001|True|0,0 - 0,25|0,0 - 0,25|0,25 - 0,5|0,0 - 0,25|0,0 - 0,25|1
WTCUSDT|11000|True|0,0 - 0,25|0,0 - 0,25|0,0 - 0,25|0,25 - 0,5|0,0 - 0,25|1
WTCUSDT|11100|True|0,0 - 0,25|0,0 - 0,25|0,0 - 0,25|0,0 - 0,25|0,25 - 0,5|1
WTCUSDT|01111|False|0 - -0,25|0,0 - 0,25|0,0 - 0,25|0,0 - 0,25|0,0 - 0,25|1
WTCUSDT|00111|True|0 - -0,25|0 - -0,25|0,0 - 0,25|0,0 - 0,25|0,0 - 0,25|1
WTCUSDT|10011|False|0,0 - 0,25|0 - -0,25|0 - -0,25|0,0 - 0,25|0,0 - 0,25|1
WTCUSDT|01001|True|0,0 - 0,25|0,0 - 0,25|0 - -0,25|0 - -0,25|0,0 - 0,25|1
WTCUSDT|10100|False|0,0 - 0,25|0,0 - 0,25|0,0 - 0,25|0 - -0,25|0 - -0,25|1
WTCUSDT|00101|True|0 - -0,25|0,0 - 0,25|0,0 - 0,25|0,0 - 0,25|0,0 - 0,25|1
WTCUSDT|01001|False|0 - -0,25|0,0 - 0,25|0 - -0,25|0,0 - 0,25|0,0 - 0,25|1
WTCUSDT|00100|False|0,0 - 0,25|0 - -0,25|0,0 - 0,25|0 - -0,25|0,0 - 0,25|2
WTCUSDT|00010|True|0,0 - 0,25|0,0 - 0,25|0 - -0,25|0,0 - 0,25|0 - -0,25|1
WTCUSDT|10001|True|0,25 - 0,5|0,0 - 0,25|0,0 - 0,25|0 - -0,25|0,0 - 0,25|1
WTCUSDT|11000|True|0,0 - 0,25|0,25 - 0,5|0,0 - 0,25|0,0 - 0,25|0 - -0,25|1
WTCUSDT|11110|True|0,25 - 0,5|0,5 - 1|0,0 - 0,25|0,25 - 0,5|0,0 - 0,25|1
WTCUSDT|11111|True|0,25 - 0,5|0,25 - 0,5|0,5 - 1|0,0 - 0,25|0,25 - 0,5|1
WTCUSDT|11111|False|0,25 - 0,5|0,25 - 0,5|0,25 - 0,5|0,5 - 1|0,0 - 0,25|1
WTCUSDT|01111|False|0,25 - 0,5|0,25 - 0,5|0,25 - 0,5|0,25 - 0,5|0,5 - 1|1
WTCUSDT|10011|True|0,25 - 0,5|0,25 - 0,5|0,25 - 0,5|0,25 - 0,5|0,25 - 0,5|1
WTCUSDT|11001|True|0,5 - 1|0,25 - 0,5|0,25 - 0,5|0,25 - 0,5|0,25 - 0,5|1
WTCUSDT|11100|False|0,0 - 0,25|0,5 - 1|0,25 - 0,5|0,25 - 0,5|0,25 - 0,5|1
WTCUSDT|01110|False|0,25 - 0,5|0,0 - 0,25|0,5 - 1|0,25 - 0,5|0,25 - 0,5|1
WTCUSDT|00111|True|0,25 - 0,5|0,25 - 0,5|0,0 - 0,25|0,5 - 1|0,25 - 0,5|1
WTCUSDT|10011|False|0,0 - 0,25|0,25 - 0,5|0,25 - 0,5|0,0 - 0,25|0,5 - 1|1
WTCUSDT|01001|False|0,0 - 0,25|0,0 - 0,25|0,25 - 0,5|0,25 - 0,5|0,0 - 0,25|1
WTCUSDT|00100|True|0,0 - 0,25|0,0 - 0,25|0,0 - 0,25|0,25 - 0,5|0,25 - 0,5|1
WTCUSDT|10010|False|0,0 - 0,25|0,0 - 0,25|0,0 - 0,25|0,0 - 0,25|0,25 - 0,5|1
WTCUSDT|00100|True|0,0 - 0,25|0,0 - 0,25|0,0 - 0,25|0,0 - 0,25|0,0 - 0,25|1
WTCUSDT|10000|True|0,0 - 0,25|0,25 - 0,5|0,0 - 0,25|0,0 - 0,25|0,0 - 0,25|1
WTCUSDT|11000|False|0,0 - 0,25|0,0 - 0,25|0,25 - 0,5|0,0 - 0,25|0,0 - 0,25|1
WTCUSDT|00110|False|0,0 - 0,25|0,0 - 0,25|0,0 - 0,25|0,0 - 0,25|0,25 - 0,5|1
WTCUSDT|10000|False|0,5 - 1|0,25 - 0,5|0,0 - 0,25|0,0 - 0,25|0,0 - 0,25|1
WTCUSDT|01000|False|0,25 - 0,5|0,5 - 1|0,25 - 0,5|0,0 - 0,25|0,0 - 0,25|1
WTCUSDT|00100|True|0,25 - 0,5|0,25 - 0,5|0,5 - 1|0,25 - 0,5|0,0 - 0,25|1
WTCUSDT|10010|False|0,0 - 0,25|0,25 - 0,5|0,25 - 0,5|0,5 - 1|0,25 - 0,5|1
WTCUSDT|01001|True|0,5 - 1|0,0 - 0,25|0,25 - 0,5|0,25 - 0,5|0,5 - 1|1
WTCUSDT|10100|True|0,25 - 0,5|0,5 - 1|0,0 - 0,25|0,25 - 0,5|0,25 - 0,5|1
WTCUSDT|11010|True|0,25 - 0,5|0,25 - 0,5|0,5 - 1|0,0 - 0,25|0,25 - 0,5|1
WTCUSDT|11101|False|0,0 - 0,25|0,25 - 0,5|0,25 - 0,5|0,5 - 1|0,0 - 0,25|1
WTCUSDT|01110|True|0 - -0,25|0,0 - 0,25|0,25 - 0,5|0,25 - 0,5|0,5 - 1|1
WTCUSDT|10111|False|0,0 - 0,25|0 - -0,25|0,0 - 0,25|0,25 - 0,5|0,25 - 0,5|1
WTCUSDT|01011|False|0,25 - 0,5|0,0 - 0,25|0 - -0,25|0,0 - 0,25|0,25 - 0,5|1
WTCUSDT|00101|True|0,0 - 0,25|0,25 - 0,5|0,0 - 0,25|0 - -0,25|0,0 - 0,25|1
WTCUSDT|10010|True|0,0 - 0,25|0,0 - 0,25|0,25 - 0,5|0,0 - 0,25|0 - -0,25|1
WTCUSDT|11001|False|0,0 - 0,25|0,0 - 0,25|0,0 - 0,25|0,25 - 0,5|0,0 - 0,25|1
WTCUSDT|01100|False|0,25 - 0,5|0,0 - 0,25|0,0 - 0,25|0,0 - 0,25|0,25 - 0,5|1
WTCUSDT|00110|False|0,25 - 0,5|0,25 - 0,5|0,0 - 0,25|0,0 - 0,25|0,0 - 0,25|1
WTCUSDT|00011|True|0 - -0,25|0,25 - 0,5|0,25 - 0,5|0,0 - 0,25|0,0 - 0,25|1
WTCUSDT|10001|True|0,0 - 0,25|0 - -0,25|0,25 - 0,5|0,25 - 0,5|0,0 - 0,25|1
WTCUSDT|11000|True|0,0 - 0,25|0,0 - 0,25|0 - -0,25|0,25 - 0,5|0,25 - 0,5|1
WTCUSDT|11100|True|0,0 - 0,25|0,0 - 0,25|0,0 - 0,25|0 - -0,25|0,25 - 0,5|1
WTCUSDT|11110|False|0,25 - 0,5|0,0 - 0,25|0,0 - 0,25|0,0 - 0,25|0 - -0,25|1
WTCUSDT|01111|True|0,5 - 1|0,25 - 0,5|0,0 - 0,25|0,0 - 0,25|0,0 - 0,25|1
WTCUSDT|10111|True|0,25 - 0,5|0,5 - 1|0,25 - 0,5|0,0 - 0,25|0,0 - 0,25|1
WTCUSDT|11011|False|0,25 - 0,5|0,25 - 0,5|0,5 - 1|0,25 - 0,5|0,0 - 0,25|1
WTCUSDT|01101|False|0,0 - 0,25|0,25 - 0,5|0,25 - 0,5|0,5 - 1|0,25 - 0,5|1
WTCUSDT|00110|False|0,25 - 0,5|0,0 - 0,25|0,25 - 0,5|0,25 - 0,5|0,5 - 1|1
WTCUSDT|00011|False|0,5 - 1|0,25 - 0,5|0,0 - 0,25|0,25 - 0,5|0,25 - 0,5|1
WTCUSDT|00001|False|0,5 - 1|0,5 - 1|0,25 - 0,5|0,0 - 0,25|0,25 - 0,5|1
WTCUSDT|00000|True|0,5 - 1|0,5 - 1|0,5 - 1|0,25 - 0,5|0,0 - 0,25|1
WTCUSDT|10000|False|0,5 - 1|0,5 - 1|0,5 - 1|0,5 - 1|0,25 - 0,5|1
WTCUSDT|01000|True|0,25 - 0,5|0,5 - 1|0,5 - 1|0,5 - 1|0,5 - 1|1
WTCUSDT|10100|False|0,0 - 0,25|0,25 - 0,5|0,5 - 1|0,5 - 1|0,5 - 1|1
WTCUSDT|01010|False|0 - -0,25|0,0 - 0,25|0,25 - 0,5|0,5 - 1|0,5 - 1|1
WTCUSDT|00101|True|0 - -0,25|0 - -0,25|0,0 - 0,25|0,25 - 0,5|0,5 - 1|1
WTCUSDT|10010|True|0,0 - 0,25|0 - -0,25|0 - -0,25|0,0 - 0,25|0,25 - 0,5|1
WTCUSDT|11001|False|0,25 - 0,5|0,0 - 0,25|0 - -0,25|0 - -0,25|0,0 - 0,25|1
WTCUSDT|01100|False|0,0 - 0,25|0,25 - 0,5|0,0 - 0,25|0 - -0,25|0 - -0,25|1
WTCUSDT|00110|True|0,0 - 0,25|0,0 - 0,25|0,25 - 0,5|0,0 - 0,25|0 - -0,25|1
WTCUSDT|11100|False|0,25 - 0,5|0,0 - 0,25|0,0 - 0,25|0,0 - 0,25|0,0 - 0,25|1
WTCUSDT|01110|False|0 - -0,25|0,25 - 0,5|0,0 - 0,25|0,0 - 0,25|0,0 - 0,25|1
WTCUSDT|00111|False|0 - -0,25|0 - -0,25|0,25 - 0,5|0,0 - 0,25|0,0 - 0,25|1
WTCUSDT|00011|False|0 - -0,25|0 - -0,25|0 - -0,25|0,25 - 0,5|0,0 - 0,25|1
WTCUSDT|00001|False|0,0 - 0,25|0 - -0,25|0 - -0,25|0 - -0,25|0,25 - 0,5|1
WTCUSDT|00000|False|0 - -0,25|0,0 - 0,25|0 - -0,25|0 - -0,25|0 - -0,25|1
WTCUSDT|00000|True|0 - -0,25|0 - -0,25|0,0 - 0,25|0 - -0,25|0 - -0,25|1
WTCUSDT|10000|False|0,0 - 0,25|0 - -0,25|0 - -0,25|0,0 - 0,25|0 - -0,25|1
WTCUSDT|01000|False|0,0 - 0,25|0,0 - 0,25|0 - -0,25|0 - -0,25|0,0 - 0,25|1
WTCUSDT|00100|False|0,25 - 0,5|0,0 - 0,25|0,0 - 0,25|0 - -0,25|0 - -0,25|1
WTCUSDT|00010|False|0,0 - 0,25|0,25 - 0,5|0,0 - 0,25|0,0 - 0,25|0 - -0,25|1
WTCUSDT|00000|False|0 - -0,25|0,0 - 0,25|0,0 - 0,25|0,25 - 0,5|0,0 - 0,25|1
WTCUSDT|00000|False|0 - -0,25|0 - -0,25|0,0 - 0,25|0,0 - 0,25|0,25 - 0,5|1
WTCUSDT|00000|True|0,0 - 0,25|0 - -0,25|0 - -0,25|0,0 - 0,25|0,0 - 0,25|1
WTCUSDT|10000|False|0,0 - 0,25|0,0 - 0,25|0 - -0,25|0 - -0,25|0,0 - 0,25|3
WTCUSDT|01000|True|0,0 - 0,25|0,0 - 0,25|0,0 - 0,25|0 - -0,25|0 - -0,25|1
WTCUSDT|01010|True|0,5 - 1|0,0 - 0,25|0,0 - 0,25|0,0 - 0,25|0,0 - 0,25|1
WTCUSDT|10101|True|0,25 - 0,5|0,5 - 1|0,0 - 0,25|0,0 - 0,25|0,0 - 0,25|1
WTCUSDT|11010|False|0,0 - 0,25|0,25 - 0,5|0,5 - 1|0,0 - 0,25|0,0 - 0,25|1
WTCUSDT|01101|False|0,0 - 0,25|0,0 - 0,25|0,25 - 0,5|0,5 - 1|0,0 - 0,25|1
WTCUSDT|00110|False|0 - -0,25|0,0 - 0,25|0,0 - 0,25|0,25 - 0,5|0,5 - 1|1
WTCUSDT|00011|False|0 - -0,25|0 - -0,25|0,0 - 0,25|0,0 - 0,25|0,25 - 0,5|2
WTCUSDT|00001|True|0,0 - 0,25|0 - -0,25|0 - -0,25|0,0 - 0,25|0,0 - 0,25|1
WTCUSDT|01000|False|0,0 - 0,25|0,0 - 0,25|0,0 - 0,25|0 - -0,25|0 - -0,25|1
WTCUSDT|00100|True|0,0 - 0,25|0,0 - 0,25|0,0 - 0,25|0,0 - 0,25|0 - -0,25|1
WTCUSDT|10010|True|0,0 - 0,25|0,25 - 0,5|0,0 - 0,25|0,0 - 0,25|0,0 - 0,25|1
WTCUSDT|01100|False|0 - -0,25|0,0 - 0,25|0,0 - 0,25|0,25 - 0,5|0,0 - 0,25|1
WTCUSDT|00110|True|0,25 - 0,5|0 - -0,25|0,0 - 0,25|0,0 - 0,25|0,25 - 0,5|1
WTCUSDT|10011|False|0,0 - 0,25|0,25 - 0,5|0 - -0,25|0,0 - 0,25|0,0 - 0,25|1
WTCUSDT|01001|False|0,0 - 0,25|0,0 - 0,25|0,25 - 0,5|0 - -0,25|0,0 - 0,25|1
WTCUSDT|00100|True|0 - -0,25|0,0 - 0,25|0,0 - 0,25|0,25 - 0,5|0 - -0,25|1
WTCUSDT|10010|True|0,0 - 0,25|0 - -0,25|0,0 - 0,25|0,0 - 0,25|0,25 - 0,5|1
WTCUSDT|01100|False|0,0 - 0,25|0,0 - 0,25|0,0 - 0,25|0 - -0,25|0,0 - 0,25|2
WTCUSDT|00011|True|0 - -0,25|0,0 - 0,25|0,0 - 0,25|0,0 - 0,25|0,0 - 0,25|1
WTCUSDT|10001|True|0,0 - 0,25|0 - -0,25|0,0 - 0,25|0,0 - 0,25|0,0 - 0,25|1
WTCUSDT|00110|True|0 - -0,25|0,0 - 0,25|0,0 - 0,25|0,0 - 0,25|0 - -0,25|1
WTCUSDT|11001|True|0,0 - 0,25|0,0 - 0,25|0 - -0,25|0,0 - 0,25|0,0 - 0,25|1
WTCUSDT|11100|False|0,0 - 0,25|0,0 - 0,25|0,0 - 0,25|0 - -0,25|0,0 - 0,25|1
WTCUSDT|00011|True|0 - -0,25|0 - -0,25|0 - -0,25|0,0 - 0,25|0,0 - 0,25|1
WTCUSDT|10001|True|0,0 - 0,25|0 - -0,25|0 - -0,25|0 - -0,25|0,0 - 0,25|1
WTCUSDT|11000|False|0,0 - 0,25|0,0 - 0,25|0 - -0,25|0 - -0,25|0 - -0,25|1
WTCUSDT|01100|True|0 - -0,25|0,0 - 0,25|0,0 - 0,25|0 - -0,25|0 - -0,25|1
WTCUSDT|10110|True|0,0 - 0,25|0 - -0,25|0,0 - 0,25|0,0 - 0,25|0 - -0,25|1
WTCUSDT|11011|False|0,0 - 0,25|0,0 - 0,25|0 - -0,25|0,0 - 0,25|0,0 - 0,25|1
WTCUSDT|01101|False|0 - -0,25|0,0 - 0,25|0,0 - 0,25|0 - -0,25|0,0 - 0,25|1
WTCUSDT|00110|False|0,0 - 0,25|0 - -0,25|0,0 - 0,25|0,0 - 0,25|0 - -0,25|1
WTCUSDT|00011|True|0,25 - 0,5|0,0 - 0,25|0 - -0,25|0,0 - 0,25|0,0 - 0,25|1
WTCUSDT|10001|True|0,0 - 0,25|0,25 - 0,5|0,0 - 0,25|0 - -0,25|0,0 - 0,25|1
WTCUSDT|11000|False|0,0 - 0,25|0,0 - 0,25|0,25 - 0,5|0,0 - 0,25|0 - -0,25|1
WTCUSDT|01100|True|0,0 - 0,25|0,0 - 0,25|0,0 - 0,25|0,25 - 0,5|0,0 - 0,25|1
WTCUSDT|10110|True|0,25 - 0,5|0,0 - 0,25|0,0 - 0,25|0,0 - 0,25|0,25 - 0,5|1
WTCUSDT|11011|True|0,0 - 0,25|0,25 - 0,5|0,0 - 0,25|0,0 - 0,25|0,0 - 0,25|1
WTCUSDT|00111|True|0,25 - 0,5|0,0 - 0,25|0,0 - 0,25|0,0 - 0,25|0,25 - 0,5|1
WTCUSDT|01001|False|0,0 - 0,25|0,25 - 0,5|0,25 - 0,5|0,0 - 0,25|0,0 - 0,25|1
WTCUSDT|00100|False|0 - -0,25|0,0 - 0,25|0,25 - 0,5|0,25 - 0,5|0,0 - 0,25|1
WTCUSDT|00010|False|0 - -0,25|0 - -0,25|0,0 - 0,25|0,25 - 0,5|0,25 - 0,5|1
WTCUSDT|00001|True|0,0 - 0,25|0 - -0,25|0 - -0,25|0,0 - 0,25|0,25 - 0,5|1
WTCUSDT|01000|False|0 - -0,25|0,0 - 0,25|0,0 - 0,25|0 - -0,25|0 - -0,25|1
WTCUSDT|11001|False|0,25 - 0,5|0,0 - 0,25|0,0 - 0,25|0 - -0,25|0,0 - 0,25|1
WTCUSDT|01100|True|0,0 - 0,25|0,25 - 0,5|0,0 - 0,25|0,0 - 0,25|0 - -0,25|1
WTCUSDT|11101|False|0,0 - 0,25|0,0 - 0,25|0,0 - 0,25|0,0 - 0,25|0,25 - 0,5|1
WTCUSDT|01110|False|0,25 - 0,5|0,0 - 0,25|0,0 - 0,25|0,0 - 0,25|0,0 - 0,25|1
WTCUSDT|00111|False|0,5 - 1|0,25 - 0,5|0,0 - 0,25|0,0 - 0,25|0,0 - 0,25|1
WTCUSDT|00011|False|0 - -0,25|0,5 - 1|0,25 - 0,5|0,0 - 0,25|0,0 - 0,25|1
WTCUSDT|00001|False|0,25 - 0,5|0 - -0,25|0,5 - 1|0,25 - 0,5|0,0 - 0,25|1
WTCUSDT|00000|False|0,25 - 0,5|0,25 - 0,5|0 - -0,25|0,5 - 1|0,25 - 0,5|1
WTCUSDT|00000|True|0,0 - 0,25|0,25 - 0,5|0,25 - 0,5|0 - -0,25|0,5 - 1|1
WTCUSDT|10000|True|0,25 - 0,5|0,0 - 0,25|0,25 - 0,5|0,25 - 0,5|0 - -0,25|1
WTCUSDT|00110|False|0 - -0,25|0,0 - 0,25|0,0 - 0,25|0,25 - 0,5|0,0 - 0,25|1
WTCUSDT|00001|False|0,0 - 0,25|0 - -0,25|0 - -0,25|0,0 - 0,25|0,0 - 0,25|1
WTCUSDT|00000|False|0 - -0,25|0,0 - 0,25|0 - -0,25|0 - -0,25|0,0 - 0,25|1
WTCUSDT|00000|False|0 - -0,25|0 - -0,25|0,0 - 0,25|0 - -0,25|0 - -0,25|1
WTCUSDT|00000|False|0,0 - 0,25|0 - -0,25|0 - -0,25|0,0 - 0,25|0 - -0,25|1
WTCUSDT|00000|True|0 - -0,25|0,0 - 0,25|0 - -0,25|0 - -0,25|0,0 - 0,25|1
WTCUSDT|01000|False|0 - -0,25|0,0 - 0,25|0 - -0,25|0,0 - 0,25|0 - -0,25|1
WTCUSDT|00010|False|0 - -0,25|0,0 - 0,25|0 - -0,25|0,0 - 0,25|0 - -0,25|1
WTCUSDT|00001|False|0 - -0,25|0 - -0,25|0,0 - 0,25|0 - -0,25|0,0 - 0,25|1
WTCUSDT|00000|True|0 - -0,25|0 - -0,25|0 - -0,25|0,0 - 0,25|0 - -0,25|1
WTCUSDT|10000|False|0,0 - 0,25|0 - -0,25|0 - -0,25|0 - -0,25|0,0 - 0,25|1
WTCUSDT|01000|True|0 - -0,25|0,0 - 0,25|0 - -0,25|0 - -0,25|0 - -0,25|1
WTCUSDT|10100|True|0,0 - 0,25|0 - -0,25|0,0 - 0,25|0 - -0,25|0 - -0,25|1
WTCUSDT|11010|True|0,5 - 1|0,0 - 0,25|0 - -0,25|0,0 - 0,25|0 - -0,25|1
WTCUSDT|11101|True|0,0 - 0,25|0,5 - 1|0,0 - 0,25|0 - -0,25|0,0 - 0,25|1
WTCUSDT|11110|True|0,0 - 0,25|0,0 - 0,25|0,5 - 1|0,0 - 0,25|0 - -0,25|1
WTCUSDT|11111|False|0,0 - 0,25|0,0 - 0,25|0,0 - 0,25|0,5 - 1|0,0 - 0,25|1
WTCUSDT|00011|False|0,5 - 1|0 - -0,25|0,0 - 0,25|0,0 - 0,25|0,0 - 0,25|1
WTCUSDT|00001|False|0,5 - 1|0,5 - 1|0 - -0,25|0,0 - 0,25|0,0 - 0,25|1
WTCUSDT|00000|True|0 - -0,25|0,5 - 1|0,5 - 1|0 - -0,25|0,0 - 0,25|1
WTCUSDT|10000|True|0,5 - 1|0 - -0,25|0,5 - 1|0,5 - 1|0 - -0,25|1
WTCUSDT|11000|False|0,0 - 0,25|0,5 - 1|0 - -0,25|0,5 - 1|0,5 - 1|1
WTCUSDT|01100|False|0 - -0,25|0,0 - 0,25|0,5 - 1|0 - -0,25|0,5 - 1|1
WTCUSDT|00110|False|0 - -0,25|0 - -0,25|0,0 - 0,25|0,5 - 1|0 - -0,25|1
WTCUSDT|00011|True|0,0 - 0,25|0 - -0,25|0 - -0,25|0,0 - 0,25|0,5 - 1|1
WTCUSDT|10001|False|0,5 - 1|0,0 - 0,25|0 - -0,25|0 - -0,25|0,0 - 0,25|1
WTCUSDT|01000|True|0 - -0,25|0,5 - 1|0,0 - 0,25|0 - -0,25|0 - -0,25|1
